# Blender 4.0.0
# www.blender.org
o Microwave052_Disc001
v 0.053601 0.011083 -0.140517
v 0.049810 0.039873 -0.140517
v 0.038698 0.066701 -0.140517
v 0.021020 0.089738 -0.140517
v -0.002017 0.107416 -0.140517
v -0.028845 0.118528 -0.140517
v -0.057635 0.122319 -0.140517
v -0.086425 0.118528 -0.140517
v -0.113253 0.107416 -0.140517
v -0.136291 0.089738 -0.140517
v -0.153969 0.066701 -0.140517
v -0.165081 0.039873 -0.140517
v -0.168871 0.011083 -0.140517
v -0.165081 -0.017707 -0.140517
v -0.153969 -0.044535 -0.140517
v -0.136291 -0.067573 -0.140517
v -0.113253 -0.085250 -0.140517
v -0.086425 -0.096363 -0.140517
v -0.057635 -0.100153 -0.140517
v -0.028845 -0.096363 -0.140517
v -0.002017 -0.085250 -0.140517
v 0.021020 -0.067573 -0.140517
v 0.038698 -0.044535 -0.140517
v 0.049810 -0.017707 -0.140517
v 0.053601 0.011083 -0.138996
v 0.049810 0.039873 -0.138996
v 0.038698 0.066701 -0.138996
v 0.021020 0.089738 -0.138996
v -0.002017 0.107416 -0.138996
v -0.028845 0.118528 -0.138996
v -0.057635 0.122319 -0.138996
v -0.086425 0.118528 -0.138996
v -0.113253 0.107416 -0.138996
v -0.136291 0.089738 -0.138996
v -0.153969 0.066701 -0.138996
v -0.165081 0.039873 -0.138996
v -0.168871 0.011083 -0.138996
v -0.165081 -0.017707 -0.138996
v -0.153969 -0.044535 -0.138996
v -0.136291 -0.067573 -0.138996
v -0.113253 -0.085250 -0.138996
v -0.086425 -0.096363 -0.138996
v -0.057635 -0.100153 -0.138996
v -0.028845 -0.096363 -0.138996
v -0.002017 -0.085250 -0.138996
v 0.021020 -0.067573 -0.138996
v 0.038698 -0.044535 -0.138996
v 0.049810 -0.017707 -0.138996
v 0.045613 0.038748 -0.141397
v 0.049255 0.011083 -0.141397
v 0.045613 -0.016583 -0.141397
v 0.034935 -0.042363 -0.141397
v 0.017948 -0.064500 -0.141397
v -0.004190 -0.081487 -0.141397
v -0.029970 -0.092166 -0.141397
v -0.057635 -0.095808 -0.141397
v -0.085301 -0.092166 -0.141397
v -0.111081 -0.081487 -0.141397
v -0.133219 -0.064501 -0.141397
v -0.150206 -0.042363 -0.141397
v -0.160884 -0.016583 -0.141397
v -0.164526 0.011083 -0.141397
v -0.160884 0.038748 -0.141397
v -0.150206 0.064528 -0.141397
v -0.133219 0.086666 -0.141397
v -0.111081 0.103653 -0.141397
v -0.085301 0.114331 -0.141397
v -0.057635 0.117974 -0.141397
v -0.029970 0.114331 -0.141397
v -0.004190 0.103653 -0.141397
v 0.017948 0.086666 -0.141397
v 0.034935 0.064528 -0.141397
v 0.049255 0.011083 -0.139369
v 0.045613 0.038748 -0.139369
v 0.034935 0.064528 -0.139369
v 0.017948 0.086666 -0.139369
v -0.004190 0.103653 -0.139369
v -0.029970 0.114331 -0.139369
v -0.057635 0.117974 -0.139369
v -0.085301 0.114331 -0.139369
v -0.111081 0.103653 -0.139369
v -0.133219 0.086666 -0.139369
v -0.150206 0.064528 -0.139369
v -0.160884 0.038748 -0.139369
v -0.164526 0.011083 -0.139369
v -0.160884 -0.016583 -0.139369
v -0.150206 -0.042363 -0.139369
v -0.133219 -0.064500 -0.139369
v -0.111081 -0.081487 -0.139369
v -0.085301 -0.092166 -0.139369
v -0.057635 -0.095808 -0.139369
v -0.029970 -0.092166 -0.139369
v -0.004190 -0.081487 -0.139369
v 0.017948 -0.064500 -0.139369
v 0.034935 -0.042363 -0.139369
v 0.045613 -0.016583 -0.139369
v 0.027693 0.033946 -0.145154
v 0.030703 0.011083 -0.145154
v 0.027693 -0.011781 -0.145154
v 0.018868 -0.033087 -0.145154
v 0.004829 -0.051382 -0.145154
v -0.013466 -0.065421 -0.145154
v -0.034772 -0.074246 -0.145154
v -0.057635 -0.077256 -0.145154
v -0.080499 -0.074246 -0.145154
v -0.101805 -0.065421 -0.145154
v -0.120100 -0.051382 -0.145154
v -0.134139 -0.033087 -0.145154
v -0.142964 -0.011781 -0.145154
v -0.145974 0.011083 -0.145154
v -0.142964 0.033946 -0.145154
v -0.134139 0.055252 -0.145154
v -0.120100 0.073548 -0.145154
v -0.101805 0.087586 -0.145154
v -0.080499 0.096411 -0.145154
v -0.057635 0.099421 -0.145154
v -0.034772 0.096411 -0.145154
v -0.013466 0.087586 -0.145154
v 0.004829 0.073548 -0.145154
v 0.018868 0.055252 -0.145154
v 0.030703 0.011083 -0.143126
v 0.027693 0.033946 -0.143126
v 0.018868 0.055252 -0.143126
v 0.004829 0.073548 -0.143126
v -0.013466 0.087586 -0.143126
v -0.034772 0.096411 -0.143126
v -0.057635 0.099421 -0.143126
v -0.080499 0.096411 -0.143126
v -0.101805 0.087586 -0.143126
v -0.120100 0.073548 -0.143126
v -0.134139 0.055252 -0.143126
v -0.142964 0.033946 -0.143126
v -0.145974 0.011083 -0.143126
v -0.142964 -0.011781 -0.143126
v -0.134139 -0.033087 -0.143126
v -0.120100 -0.051382 -0.143126
v -0.101805 -0.065421 -0.143126
v -0.080499 -0.074246 -0.143126
v -0.057635 -0.077256 -0.143126
v -0.034772 -0.074246 -0.143126
v -0.013466 -0.065421 -0.143126
v 0.004829 -0.051382 -0.143126
v 0.018868 -0.033087 -0.143126
v 0.027693 -0.011781 -0.143126
v 0.052863 0.025630 -0.139757
v 0.045333 0.053734 -0.139757
v 0.030785 0.078930 -0.139757
v 0.010212 0.099503 -0.139757
v -0.014985 0.114051 -0.139757
v -0.043088 0.121581 -0.139757
v -0.072183 0.121581 -0.139757
v -0.100286 0.114051 -0.139757
v -0.125483 0.099503 -0.139757
v -0.146056 0.078930 -0.139757
v -0.160604 0.053734 -0.139757
v -0.168134 0.025630 -0.139757
v -0.168134 -0.003465 -0.139757
v -0.160604 -0.031568 -0.139757
v -0.146056 -0.056765 -0.139757
v -0.125483 -0.077338 -0.139757
v -0.100286 -0.091885 -0.139757
v -0.072183 -0.099416 -0.139757
v -0.043088 -0.099416 -0.139757
v -0.014985 -0.091885 -0.139757
v 0.010212 -0.077338 -0.139757
v 0.030785 -0.056765 -0.139757
v 0.045333 -0.031568 -0.139757
v 0.052863 -0.003465 -0.139757
v 0.051990 0.025515 -0.140771
v 0.051990 -0.003350 -0.140771
v 0.044520 -0.031231 -0.140771
v 0.030087 -0.056229 -0.140771
v 0.009676 -0.076640 -0.140771
v -0.015321 -0.091072 -0.140771
v -0.043203 -0.098543 -0.140771
v -0.072068 -0.098543 -0.140771
v -0.099949 -0.091072 -0.140771
v -0.124947 -0.076640 -0.140771
v -0.145358 -0.056229 -0.140771
v -0.159791 -0.031231 -0.140771
v -0.167261 -0.003350 -0.140771
v -0.167261 0.025515 -0.140771
v -0.159791 0.053397 -0.140771
v -0.145358 0.078395 -0.140771
v -0.124947 0.098805 -0.140771
v -0.099949 0.113238 -0.140771
v -0.072068 0.120709 -0.140771
v -0.043203 0.120709 -0.140771
v -0.015321 0.113238 -0.140771
v 0.009676 0.098805 -0.140771
v 0.030087 0.078395 -0.140771
v 0.044520 0.053397 -0.140771
v 0.051990 0.025515 -0.138743
v 0.044520 0.053397 -0.138743
v 0.030087 0.078395 -0.138743
v 0.009676 0.098805 -0.138743
v -0.015321 0.113238 -0.138743
v -0.043203 0.120709 -0.138743
v -0.072068 0.120709 -0.138743
v -0.099949 0.113238 -0.138743
v -0.124947 0.098805 -0.138743
v -0.145358 0.078395 -0.138743
v -0.159791 0.053397 -0.138743
v -0.167261 0.025515 -0.138743
v -0.167261 -0.003350 -0.138743
v -0.159791 -0.031231 -0.138743
v -0.145358 -0.056229 -0.138743
v -0.124947 -0.076640 -0.138743
v -0.099949 -0.091072 -0.138743
v -0.072068 -0.098543 -0.138743
v -0.043203 -0.098543 -0.138743
v -0.015321 -0.091072 -0.138743
v 0.009676 -0.076640 -0.138743
v 0.030087 -0.056229 -0.138743
v 0.044520 -0.031231 -0.138743
v 0.051990 -0.003350 -0.138743
v 0.039122 0.023821 -0.143275
v 0.039122 -0.001656 -0.143275
v 0.032528 -0.026264 -0.143275
v 0.019789 -0.048327 -0.143275
v 0.001775 -0.066342 -0.143275
v -0.020289 -0.079080 -0.143275
v -0.044897 -0.085674 -0.143275
v -0.070374 -0.085674 -0.143275
v -0.094982 -0.079080 -0.143275
v -0.117046 -0.066342 -0.143275
v -0.135060 -0.048327 -0.143275
v -0.147799 -0.026264 -0.143275
v -0.154392 -0.001656 -0.143275
v -0.154392 0.023821 -0.143275
v -0.147799 0.048430 -0.143275
v -0.135060 0.070493 -0.143275
v -0.117046 0.088508 -0.143275
v -0.094982 0.101246 -0.143275
v -0.070374 0.107840 -0.143275
v -0.044897 0.107840 -0.143275
v -0.020289 0.101246 -0.143275
v 0.001775 0.088508 -0.143275
v 0.019789 0.070493 -0.143275
v 0.032528 0.048430 -0.143275
v 0.039122 0.023821 -0.141248
v 0.032528 0.048430 -0.141248
v 0.019789 0.070493 -0.141248
v 0.001775 0.088508 -0.141248
v -0.020289 0.101246 -0.141248
v -0.044897 0.107840 -0.141248
v -0.070374 0.107840 -0.141248
v -0.094982 0.101246 -0.141248
v -0.117046 0.088508 -0.141248
v -0.135060 0.070493 -0.141248
v -0.147799 0.048430 -0.141248
v -0.154392 0.023821 -0.141248
v -0.154392 -0.001656 -0.141248
v -0.147799 -0.026264 -0.141248
v -0.135060 -0.048327 -0.141248
v -0.117046 -0.066342 -0.141248
v -0.094982 -0.079080 -0.141248
v -0.070374 -0.085674 -0.141248
v -0.044897 -0.085674 -0.141248
v -0.020289 -0.079080 -0.141248
v 0.001775 -0.066342 -0.141248
v 0.019789 -0.048327 -0.141248
v 0.032528 -0.026264 -0.141248
v 0.039122 -0.001656 -0.141248
v 0.026405 0.022147 -0.145780
v 0.026405 0.000019 -0.145780
v 0.020678 -0.021356 -0.145780
v 0.009614 -0.040519 -0.145780
v -0.006033 -0.056167 -0.145780
v -0.025197 -0.067231 -0.145780
v -0.046571 -0.072958 -0.145780
v -0.068700 -0.072958 -0.145780
v -0.090074 -0.067231 -0.145780
v -0.109238 -0.056167 -0.145780
v -0.124885 -0.040519 -0.145780
v -0.135949 -0.021356 -0.145780
v -0.141676 0.000019 -0.145780
v -0.141676 0.022147 -0.145780
v -0.135949 0.043521 -0.145780
v -0.124885 0.062685 -0.145780
v -0.109238 0.078332 -0.145780
v -0.090074 0.089396 -0.145780
v -0.068700 0.095123 -0.145780
v -0.046571 0.095123 -0.145780
v -0.025197 0.089396 -0.145780
v -0.006033 0.078332 -0.145780
v 0.009614 0.062685 -0.145780
v 0.020678 0.043521 -0.145780
v 0.026405 0.022147 -0.143752
v 0.020678 0.043521 -0.143752
v 0.009614 0.062685 -0.143752
v -0.006033 0.078332 -0.143752
v -0.025197 0.089396 -0.143752
v -0.046571 0.095123 -0.143752
v -0.068700 0.095123 -0.143752
v -0.090074 0.089396 -0.143752
v -0.109238 0.078332 -0.143752
v -0.124885 0.062685 -0.143752
v -0.135949 0.043521 -0.143752
v -0.141676 0.022147 -0.143752
v -0.141676 0.000019 -0.143752
v -0.135949 -0.021356 -0.143752
v -0.124885 -0.040519 -0.143752
v -0.109238 -0.056167 -0.143752
v -0.090074 -0.067231 -0.143752
v -0.068700 -0.072958 -0.143752
v -0.046571 -0.072958 -0.143752
v -0.025197 -0.067231 -0.143752
v -0.006033 -0.056167 -0.143752
v 0.009614 -0.040519 -0.143752
v 0.020678 -0.021356 -0.143752
v 0.026405 0.000019 -0.143752
v 0.052645 0.025601 -0.140517
v 0.050023 0.039930 -0.139757
v 0.052645 0.025601 -0.138996
v 0.053821 0.011083 -0.139757
v 0.045129 0.053649 -0.140517
v 0.038888 0.066811 -0.139757
v 0.045129 0.053649 -0.138996
v 0.030611 0.078796 -0.140517
v 0.021176 0.089894 -0.139757
v 0.030611 0.078796 -0.138996
v 0.010078 0.099329 -0.140517
v -0.001907 0.107606 -0.139757
v 0.010078 0.099329 -0.138996
v -0.015069 0.113848 -0.140517
v -0.028789 0.118741 -0.139757
v -0.015069 0.113848 -0.138996
v -0.043117 0.121363 -0.140517
v -0.057635 0.122539 -0.139757
v -0.043117 0.121363 -0.138996
v -0.072154 0.121363 -0.140517
v -0.086482 0.118741 -0.139757
v -0.072154 0.121363 -0.138996
v -0.100202 0.113848 -0.140517
v -0.113363 0.107606 -0.139757
v -0.100202 0.113848 -0.138996
v -0.125349 0.099329 -0.140517
v -0.136447 0.089894 -0.139757
v -0.125349 0.099329 -0.138996
v -0.145882 0.078796 -0.140517
v -0.154159 0.066811 -0.139757
v -0.145882 0.078796 -0.138996
v -0.160400 0.053649 -0.140517
v -0.165294 0.039930 -0.139757
v -0.160400 0.053649 -0.138996
v -0.167916 0.025601 -0.140517
v -0.169091 0.011083 -0.139757
v -0.167916 0.025601 -0.138996
v -0.167916 -0.003436 -0.140517
v -0.165294 -0.017764 -0.139757
v -0.167916 -0.003436 -0.138996
v -0.160400 -0.031484 -0.140517
v -0.154159 -0.044645 -0.139757
v -0.160400 -0.031484 -0.138996
v -0.145882 -0.056631 -0.140517
v -0.136447 -0.067729 -0.139757
v -0.145882 -0.056631 -0.138996
v -0.125349 -0.077163 -0.140517
v -0.113363 -0.085441 -0.139757
v -0.125349 -0.077163 -0.138996
v -0.100202 -0.091682 -0.140517
v -0.086482 -0.096575 -0.139757
v -0.100202 -0.091682 -0.138996
v -0.072154 -0.099198 -0.140517
v -0.057635 -0.100373 -0.139757
v -0.072154 -0.099198 -0.138996
v -0.043117 -0.099198 -0.140517
v -0.028788 -0.096575 -0.139757
v -0.043117 -0.099198 -0.138996
v -0.015069 -0.091682 -0.140517
v -0.001907 -0.085441 -0.139757
v -0.015069 -0.091682 -0.138996
v 0.010078 -0.077163 -0.140517
v 0.021176 -0.067729 -0.139757
v 0.010078 -0.077163 -0.138996
v 0.030611 -0.056631 -0.140517
v 0.038888 -0.044645 -0.139757
v 0.030611 -0.056631 -0.138996
v 0.045129 -0.031484 -0.140517
v 0.050023 -0.017764 -0.139757
v 0.045129 -0.031484 -0.138996
v 0.052645 -0.003436 -0.140517
v 0.052645 -0.003436 -0.138996
v 0.048337 0.025034 -0.141397
v 0.048337 -0.002869 -0.141397
v 0.041115 -0.029821 -0.141397
v 0.027164 -0.053986 -0.141397
v 0.007433 -0.073716 -0.141397
v -0.016732 -0.087668 -0.141397
v -0.043684 -0.094890 -0.141397
v -0.071587 -0.094890 -0.141397
v -0.098539 -0.087668 -0.141397
v -0.122704 -0.073716 -0.141397
v -0.142434 -0.053986 -0.141397
v -0.156386 -0.029821 -0.141397
v -0.163608 -0.002869 -0.141397
v -0.163608 0.025034 -0.141397
v -0.156386 0.051987 -0.141397
v -0.142434 0.076151 -0.141397
v -0.122704 0.095882 -0.141397
v -0.098539 0.109833 -0.141397
v -0.071587 0.117055 -0.141397
v -0.043684 0.117055 -0.141397
v -0.016732 0.109833 -0.141397
v 0.007433 0.095882 -0.141397
v 0.027164 0.076151 -0.141397
v 0.041115 0.051987 -0.141397
v 0.049173 0.039702 -0.140771
v 0.052940 0.011083 -0.140771
v 0.049173 -0.017536 -0.140771
v 0.038126 -0.044205 -0.140771
v 0.020554 -0.067106 -0.140771
v -0.002347 -0.084679 -0.140771
v -0.029016 -0.095725 -0.140771
v -0.057635 -0.099493 -0.140771
v -0.086255 -0.095725 -0.140771
v -0.112923 -0.084679 -0.140771
v -0.135824 -0.067106 -0.140771
v -0.153397 -0.044205 -0.140771
v -0.164444 -0.017536 -0.140771
v -0.168211 0.011083 -0.140771
v -0.164444 0.039702 -0.140771
v -0.153397 0.066371 -0.140771
v -0.135824 0.089272 -0.140771
v -0.112923 0.106844 -0.140771
v -0.086255 0.117891 -0.140771
v -0.057635 0.121659 -0.140771
v -0.029016 0.117891 -0.140771
v -0.002347 0.106844 -0.140771
v 0.020554 0.089272 -0.140771
v 0.038126 0.066371 -0.140771
v 0.048337 0.025034 -0.139369
v 0.041115 0.051987 -0.139369
v 0.027164 0.076151 -0.139369
v 0.007433 0.095882 -0.139369
v -0.016732 0.109833 -0.139369
v -0.043684 0.117055 -0.139369
v -0.071587 0.117055 -0.139369
v -0.098539 0.109833 -0.139369
v -0.122704 0.095882 -0.139369
v -0.142434 0.076151 -0.139369
v -0.156386 0.051987 -0.139369
v -0.163608 0.025034 -0.139369
v -0.163608 -0.002869 -0.139369
v -0.156386 -0.029821 -0.139369
v -0.142434 -0.053986 -0.139369
v -0.122704 -0.073716 -0.139369
v -0.098539 -0.087668 -0.139369
v -0.071587 -0.094890 -0.139369
v -0.043684 -0.094890 -0.139369
v -0.016732 -0.087668 -0.139369
v 0.007433 -0.073716 -0.139369
v 0.027164 -0.053986 -0.139369
v 0.041115 -0.029821 -0.139369
v 0.048337 -0.002869 -0.139369
v 0.052940 0.011083 -0.138743
v 0.049173 0.039702 -0.138743
v 0.038126 0.066371 -0.138743
v 0.020554 0.089272 -0.138743
v -0.002347 0.106844 -0.138743
v -0.029016 0.117891 -0.138743
v -0.057635 0.121659 -0.138743
v -0.086255 0.117891 -0.138743
v -0.112923 0.106844 -0.138743
v -0.135824 0.089272 -0.138743
v -0.153397 0.066371 -0.138743
v -0.164444 0.039702 -0.138743
v -0.168211 0.011083 -0.138743
v -0.164444 -0.017536 -0.138743
v -0.153397 -0.044205 -0.138743
v -0.135824 -0.067106 -0.138743
v -0.112923 -0.084679 -0.138743
v -0.086255 -0.095725 -0.138743
v -0.057635 -0.099493 -0.138743
v -0.029016 -0.095725 -0.138743
v -0.002347 -0.084679 -0.138743
v 0.020554 -0.067106 -0.138743
v 0.038126 -0.044205 -0.138743
v 0.049173 -0.017536 -0.138743
v 0.029944 0.022613 -0.145154
v 0.029944 -0.000447 -0.145154
v 0.023976 -0.022722 -0.145154
v 0.012446 -0.042692 -0.145154
v -0.003860 -0.058998 -0.145154
v -0.023831 -0.070528 -0.145154
v -0.046105 -0.076497 -0.145154
v -0.069166 -0.076497 -0.145154
v -0.091440 -0.070528 -0.145154
v -0.111411 -0.058998 -0.145154
v -0.127717 -0.042692 -0.145154
v -0.139247 -0.022722 -0.145154
v -0.145215 -0.000447 -0.145154
v -0.145215 0.022613 -0.145154
v -0.139247 0.044887 -0.145154
v -0.127717 0.064858 -0.145154
v -0.111411 0.081164 -0.145154
v -0.091440 0.092694 -0.145154
v -0.069166 0.098662 -0.145154
v -0.046105 0.098662 -0.145154
v -0.023831 0.092694 -0.145154
v -0.003860 0.081164 -0.145154
v 0.012446 0.064858 -0.145154
v 0.023976 0.044887 -0.145154
v 0.036635 0.036342 -0.143275
v 0.039960 0.011083 -0.143275
v 0.036635 -0.014177 -0.143275
v 0.026885 -0.037715 -0.143275
v 0.011375 -0.057928 -0.143275
v -0.008838 -0.073437 -0.143275
v -0.032376 -0.083187 -0.143275
v -0.057635 -0.086513 -0.143275
v -0.082895 -0.083187 -0.143275
v -0.106433 -0.073437 -0.143275
v -0.126646 -0.057928 -0.143275
v -0.142156 -0.037715 -0.143275
v -0.151905 -0.014177 -0.143275
v -0.155231 0.011083 -0.143275
v -0.151905 0.036342 -0.143275
v -0.142156 0.059880 -0.143275
v -0.126646 0.080093 -0.143275
v -0.106433 0.095603 -0.143275
v -0.082895 0.105353 -0.143275
v -0.057635 0.108678 -0.143275
v -0.032376 0.105353 -0.143275
v -0.008838 0.095603 -0.143275
v 0.011375 0.080093 -0.143275
v 0.026885 0.059880 -0.143275
v 0.029944 0.022613 -0.143126
v 0.023976 0.044887 -0.143126
v 0.012446 0.064858 -0.143126
v -0.003860 0.081164 -0.143126
v -0.023831 0.092694 -0.143126
v -0.046105 0.098662 -0.143126
v -0.069166 0.098662 -0.143126
v -0.091440 0.092694 -0.143126
v -0.111411 0.081164 -0.143126
v -0.127717 0.064858 -0.143126
v -0.139247 0.044887 -0.143126
v -0.145215 0.022613 -0.143126
v -0.145215 -0.000447 -0.143126
v -0.139247 -0.022722 -0.143126
v -0.127717 -0.042692 -0.143126
v -0.111411 -0.058998 -0.143126
v -0.091440 -0.070528 -0.143126
v -0.069166 -0.076497 -0.143126
v -0.046105 -0.076497 -0.143126
v -0.023831 -0.070528 -0.143126
v -0.003860 -0.058998 -0.143126
v 0.012446 -0.042692 -0.143126
v 0.023976 -0.022722 -0.143126
v 0.029944 -0.000447 -0.143126
v 0.039960 0.011083 -0.141248
v 0.036635 0.036342 -0.141248
v 0.026885 0.059880 -0.141248
v 0.011375 0.080093 -0.141248
v -0.008838 0.095603 -0.141248
v -0.032376 0.105353 -0.141248
v -0.057635 0.108678 -0.141248
v -0.082895 0.105353 -0.141248
v -0.106433 0.095603 -0.141248
v -0.126646 0.080093 -0.141248
v -0.142156 0.059880 -0.141248
v -0.151905 0.036342 -0.141248
v -0.155231 0.011083 -0.141248
v -0.151905 -0.014177 -0.141248
v -0.142156 -0.037715 -0.141248
v -0.126646 -0.057928 -0.141248
v -0.106433 -0.073437 -0.141248
v -0.082895 -0.083187 -0.141248
v -0.057635 -0.086513 -0.141248
v -0.032376 -0.083187 -0.141248
v -0.008838 -0.073437 -0.141248
v 0.011375 -0.057928 -0.141248
v 0.026885 -0.037715 -0.141248
v 0.036635 -0.014177 -0.141248
v 0.024245 0.033023 -0.145780
v 0.027134 0.011083 -0.145780
v 0.024245 -0.010857 -0.145780
v 0.015777 -0.031302 -0.145780
v 0.002305 -0.048858 -0.145780
v -0.015251 -0.062329 -0.145780
v -0.035696 -0.070798 -0.145780
v -0.057635 -0.073686 -0.145780
v -0.079575 -0.070798 -0.145780
v -0.100020 -0.062329 -0.145780
v -0.117576 -0.048858 -0.145780
v -0.131048 -0.031302 -0.145780
v -0.139516 -0.010857 -0.145780
v -0.142404 0.011083 -0.145780
v -0.139516 0.033023 -0.145780
v -0.131048 0.053467 -0.145780
v -0.117576 0.071023 -0.145780
v -0.100020 0.084495 -0.145780
v -0.079575 0.092963 -0.145780
v -0.057635 0.095852 -0.145780
v -0.035696 0.092963 -0.145780
v -0.015251 0.084495 -0.145780
v 0.002305 0.071023 -0.145780
v 0.015777 0.053467 -0.145780
v 0.027134 0.011083 -0.143752
v 0.024245 0.033023 -0.143752
v 0.015777 0.053467 -0.143752
v 0.002305 0.071023 -0.143752
v -0.015251 0.084495 -0.143752
v -0.035696 0.092963 -0.143752
v -0.057635 0.095852 -0.143752
v -0.079575 0.092963 -0.143752
v -0.100020 0.084495 -0.143752
v -0.117576 0.071023 -0.143752
v -0.131048 0.053467 -0.143752
v -0.139516 0.033023 -0.143752
v -0.142404 0.011083 -0.143752
v -0.139516 -0.010857 -0.143752
v -0.131048 -0.031302 -0.143752
v -0.117576 -0.048858 -0.143752
v -0.100020 -0.062329 -0.143752
v -0.079575 -0.070798 -0.143752
v -0.057635 -0.073686 -0.143752
v -0.035696 -0.070798 -0.143752
v -0.015251 -0.062329 -0.143752
v 0.002305 -0.048858 -0.143752
v 0.015777 -0.031302 -0.143752
v 0.024245 -0.010857 -0.143752
v 0.017663 0.020996 -0.143752
v 0.012532 0.040147 -0.143752
v 0.002618 0.057317 -0.143752
v -0.011401 0.071337 -0.143752
v -0.028571 0.081250 -0.143752
v -0.047722 0.086381 -0.143752
v -0.067549 0.086381 -0.143752
v -0.086700 0.081250 -0.143752
v -0.103870 0.071337 -0.143752
v -0.117889 0.057317 -0.143752
v -0.127802 0.040147 -0.143752
v -0.132934 0.020996 -0.143752
v -0.132934 0.001169 -0.143752
v -0.127802 -0.017981 -0.143752
v -0.117889 -0.035152 -0.143752
v -0.103870 -0.049171 -0.143752
v -0.086700 -0.059084 -0.143752
v -0.067549 -0.064216 -0.143752
v -0.047722 -0.064216 -0.143752
v -0.028571 -0.059084 -0.143752
v -0.011401 -0.049171 -0.143752
v 0.002618 -0.035152 -0.143752
v 0.012532 -0.017981 -0.143752
v 0.017663 0.001170 -0.143752
v 0.018316 0.011083 -0.143752
v 0.015728 0.030740 -0.143752
v 0.008140 0.049058 -0.143752
v -0.003930 0.064788 -0.143752
v -0.019660 0.076858 -0.143752
v -0.037978 0.084446 -0.143752
v -0.057635 0.087034 -0.143752
v -0.077293 0.084446 -0.143752
v -0.095611 0.076858 -0.143752
v -0.111341 0.064788 -0.143752
v -0.123411 0.049058 -0.143752
v -0.130999 0.030740 -0.143752
v -0.133586 0.011083 -0.143752
v -0.130999 -0.008575 -0.143752
v -0.123411 -0.026893 -0.143752
v -0.111341 -0.042623 -0.143752
v -0.095611 -0.054693 -0.143752
v -0.077293 -0.062280 -0.143752
v -0.057635 -0.064868 -0.143752
v -0.037978 -0.062280 -0.143752
v -0.019660 -0.054693 -0.143752
v -0.003930 -0.042623 -0.143752
v 0.008140 -0.026893 -0.143752
v 0.015728 -0.008575 -0.143752
v -0.057635 0.011083 -0.143752
v 0.019828 0.021281 -0.145780
v 0.019828 0.000884 -0.145780
v 0.014549 -0.018817 -0.145780
v 0.004351 -0.036481 -0.145780
v -0.010072 -0.050904 -0.145780
v -0.027736 -0.061102 -0.145780
v -0.047437 -0.066381 -0.145780
v -0.067834 -0.066381 -0.145780
v -0.087535 -0.061102 -0.145780
v -0.105199 -0.050904 -0.145780
v -0.119622 -0.036481 -0.145780
v -0.129820 -0.018817 -0.145780
v -0.135099 0.000884 -0.145780
v -0.135099 0.021281 -0.145780
v -0.129820 0.040983 -0.145780
v -0.119622 0.058646 -0.145780
v -0.105199 0.073069 -0.145780
v -0.087535 0.083267 -0.145780
v -0.067834 0.088546 -0.145780
v -0.047437 0.088546 -0.145780
v -0.027736 0.083267 -0.145780
v -0.010072 0.073069 -0.145780
v 0.004351 0.058646 -0.145780
v 0.014549 0.040983 -0.145780
v 0.017837 0.031306 -0.145780
v 0.020499 0.011083 -0.145780
v 0.017837 -0.009140 -0.145780
v 0.010031 -0.027985 -0.145780
v -0.002386 -0.044167 -0.145780
v -0.018568 -0.056584 -0.145780
v -0.037413 -0.064390 -0.145780
v -0.057635 -0.067052 -0.145780
v -0.077858 -0.064390 -0.145780
v -0.096703 -0.056584 -0.145780
v -0.112885 -0.044167 -0.145780
v -0.125302 -0.027985 -0.145780
v -0.133108 -0.009140 -0.145780
v -0.135770 0.011083 -0.145780
v -0.133108 0.031306 -0.145780
v -0.125302 0.050150 -0.145780
v -0.112885 0.066332 -0.145780
v -0.096703 0.078750 -0.145780
v -0.077858 0.086555 -0.145780
v -0.057635 0.089218 -0.145780
v -0.037413 0.086555 -0.145780
v -0.018568 0.078750 -0.145780
v -0.002386 0.066332 -0.145780
v 0.010031 0.050150 -0.145780
v -0.057635 0.011083 -0.145780
vn 0.7448 -0.0000 -0.6673
vn 0.9914 0.1305 -0.0000
vn 1.0000 -0.0000 -0.0000
vn 0.7194 0.1928 -0.6673
vn 0.7384 0.0972 -0.6673
vn 0.7194 0.1928 0.6673
vn 0.9659 0.2588 -0.0000
vn 0.7448 -0.0000 0.6673
vn 0.7384 0.0972 0.6673
vn 0.9239 0.3827 -0.0000
vn 0.6450 0.3724 -0.6673
vn 0.6881 0.2850 -0.6673
vn 0.6450 0.3724 0.6673
vn 0.8660 0.5000 -0.0000
vn 0.6881 0.2850 0.6673
vn 0.7934 0.6088 -0.0000
vn 0.5267 0.5267 -0.6673
vn 0.5909 0.4534 -0.6673
vn 0.5267 0.5267 0.6673
vn 0.7071 0.7071 -0.0000
vn 0.5909 0.4534 0.6673
vn 0.6088 0.7934 -0.0000
vn 0.3724 0.6450 -0.6673
vn 0.4534 0.5909 -0.6673
vn 0.3724 0.6450 0.6673
vn 0.5000 0.8660 -0.0000
vn 0.4534 0.5909 0.6673
vn 0.3827 0.9239 -0.0000
vn 0.1928 0.7194 -0.6673
vn 0.2850 0.6881 -0.6673
vn 0.1928 0.7194 0.6673
vn 0.2588 0.9659 -0.0000
vn 0.2850 0.6881 0.6673
vn 0.1305 0.9914 -0.0000
vn -0.0000 0.7448 -0.6673
vn 0.0972 0.7384 -0.6673
vn -0.0000 0.7448 0.6673
vn -0.0000 1.0000 -0.0000
vn 0.0972 0.7384 0.6673
vn -0.1305 0.9914 -0.0000
vn -0.1928 0.7194 -0.6673
vn -0.0972 0.7384 -0.6673
vn -0.1928 0.7194 0.6673
vn -0.2588 0.9659 -0.0000
vn -0.0972 0.7384 0.6673
vn -0.3827 0.9239 -0.0000
vn -0.3724 0.6450 -0.6673
vn -0.2850 0.6881 -0.6673
vn -0.3724 0.6450 0.6673
vn -0.5000 0.8660 -0.0000
vn -0.2850 0.6881 0.6673
vn -0.6088 0.7934 -0.0000
vn -0.5267 0.5267 -0.6673
vn -0.4534 0.5909 -0.6673
vn -0.5267 0.5267 0.6673
vn -0.7071 0.7071 -0.0000
vn -0.4534 0.5909 0.6673
vn -0.7934 0.6088 -0.0000
vn -0.6450 0.3724 -0.6673
vn -0.5909 0.4534 -0.6673
vn -0.6450 0.3724 0.6673
vn -0.8660 0.5000 -0.0000
vn -0.5909 0.4534 0.6673
vn -0.9239 0.3827 -0.0000
vn -0.7194 0.1928 -0.6673
vn -0.6881 0.2850 -0.6673
vn -0.7194 0.1928 0.6673
vn -0.9659 0.2588 -0.0000
vn -0.6881 0.2850 0.6673
vn -0.9914 0.1305 -0.0000
vn -0.7448 -0.0000 -0.6673
vn -0.7384 0.0972 -0.6673
vn -0.7448 -0.0000 0.6673
vn -1.0000 -0.0000 -0.0000
vn -0.7384 0.0972 0.6673
vn -0.9914 -0.1305 -0.0000
vn -0.7194 -0.1928 -0.6673
vn -0.7384 -0.0972 -0.6673
vn -0.7194 -0.1928 0.6673
vn -0.9659 -0.2588 -0.0000
vn -0.7384 -0.0972 0.6673
vn -0.9239 -0.3827 -0.0000
vn -0.6450 -0.3724 -0.6673
vn -0.6881 -0.2850 -0.6673
vn -0.6450 -0.3724 0.6673
vn -0.8660 -0.5000 -0.0000
vn -0.6881 -0.2850 0.6673
vn -0.7934 -0.6088 -0.0000
vn -0.5267 -0.5267 -0.6673
vn -0.5909 -0.4534 -0.6673
vn -0.5267 -0.5267 0.6673
vn -0.7071 -0.7071 -0.0000
vn -0.5909 -0.4534 0.6673
vn -0.6088 -0.7934 -0.0000
vn -0.3724 -0.6450 -0.6673
vn -0.4534 -0.5909 -0.6673
vn -0.3724 -0.6450 0.6673
vn -0.5000 -0.8660 -0.0000
vn -0.4534 -0.5909 0.6673
vn -0.3827 -0.9239 -0.0000
vn -0.1928 -0.7194 -0.6673
vn -0.2850 -0.6881 -0.6673
vn -0.1928 -0.7194 0.6673
vn -0.2588 -0.9659 -0.0000
vn -0.2850 -0.6881 0.6673
vn -0.1305 -0.9914 -0.0000
vn -0.0000 -0.7448 -0.6673
vn -0.0972 -0.7384 -0.6673
vn -0.0000 -0.7448 0.6673
vn -0.0000 -1.0000 -0.0000
vn -0.0972 -0.7384 0.6673
vn 0.1305 -0.9914 -0.0000
vn 0.1928 -0.7195 -0.6672
vn 0.0972 -0.7384 -0.6673
vn 0.1928 -0.7195 0.6672
vn 0.2588 -0.9659 -0.0000
vn 0.0972 -0.7384 0.6673
vn 0.3827 -0.9239 -0.0000
vn 0.3724 -0.6450 -0.6673
vn 0.2850 -0.6881 -0.6673
vn 0.3724 -0.6450 0.6673
vn 0.5000 -0.8660 -0.0000
vn 0.2850 -0.6881 0.6673
vn 0.6088 -0.7934 -0.0000
vn 0.5267 -0.5267 -0.6673
vn 0.4534 -0.5909 -0.6673
vn 0.5267 -0.5267 0.6673
vn 0.7071 -0.7071 -0.0000
vn 0.4534 -0.5909 0.6673
vn 0.7934 -0.6088 -0.0000
vn 0.6450 -0.3724 -0.6673
vn 0.5909 -0.4534 -0.6673
vn 0.6450 -0.3724 0.6673
vn 0.8660 -0.5000 -0.0000
vn 0.5909 -0.4534 0.6673
vn 0.9239 -0.3827 -0.0000
vn 0.7194 -0.1928 -0.6673
vn 0.6881 -0.2850 -0.6673
vn 0.7194 -0.1928 0.6673
vn 0.9659 -0.2588 -0.0000
vn 0.6881 -0.2850 0.6673
vn 0.9914 -0.1305 -0.0000
vn 0.7384 -0.0972 -0.6673
vn 0.7384 -0.0972 0.6673
vn 0.2590 0.0694 -0.9634
vn 0.2682 -0.0000 -0.9634
vn 0.2658 0.0350 -0.9634
vn 0.1822 -0.0000 -0.9833
vn 0.1760 0.0472 -0.9833
vn 0.1806 0.0238 -0.9833
vn 0.2590 -0.0694 -0.9634
vn 0.2658 -0.0350 -0.9634
vn 0.1760 -0.0472 -0.9833
vn 0.1806 -0.0238 -0.9833
vn 0.2322 -0.1341 -0.9634
vn 0.2477 -0.1026 -0.9634
vn 0.1578 -0.0911 -0.9833
vn 0.1683 -0.0697 -0.9833
vn 0.1896 -0.1896 -0.9634
vn 0.2127 -0.1632 -0.9634
vn 0.1288 -0.1288 -0.9833
vn 0.1446 -0.1109 -0.9833
vn 0.1341 -0.2322 -0.9634
vn 0.1632 -0.2127 -0.9634
vn 0.0911 -0.1578 -0.9833
vn 0.1109 -0.1446 -0.9833
vn 0.0694 -0.2590 -0.9634
vn 0.1026 -0.2477 -0.9634
vn 0.0472 -0.1760 -0.9833
vn 0.0697 -0.1683 -0.9833
vn -0.0000 -0.2682 -0.9634
vn 0.0350 -0.2658 -0.9634
vn -0.0000 -0.1822 -0.9833
vn 0.0238 -0.1806 -0.9833
vn -0.0694 -0.2590 -0.9634
vn -0.0350 -0.2658 -0.9634
vn -0.0472 -0.1760 -0.9833
vn -0.0238 -0.1806 -0.9833
vn -0.1341 -0.2322 -0.9634
vn -0.1026 -0.2477 -0.9634
vn -0.0911 -0.1578 -0.9833
vn -0.0697 -0.1683 -0.9833
vn -0.1896 -0.1896 -0.9634
vn -0.1632 -0.2127 -0.9634
vn -0.1288 -0.1288 -0.9833
vn -0.1109 -0.1446 -0.9833
vn -0.2322 -0.1341 -0.9634
vn -0.2127 -0.1632 -0.9634
vn -0.1578 -0.0911 -0.9833
vn -0.1446 -0.1109 -0.9833
vn -0.2590 -0.0694 -0.9634
vn -0.2477 -0.1026 -0.9634
vn -0.1760 -0.0472 -0.9833
vn -0.1683 -0.0697 -0.9833
vn -0.2682 -0.0000 -0.9634
vn -0.2658 -0.0350 -0.9634
vn -0.1822 -0.0000 -0.9833
vn -0.1806 -0.0238 -0.9833
vn -0.2590 0.0694 -0.9634
vn -0.2658 0.0350 -0.9634
vn -0.1760 0.0472 -0.9833
vn -0.1806 0.0238 -0.9833
vn -0.2322 0.1341 -0.9634
vn -0.2477 0.1026 -0.9634
vn -0.1578 0.0911 -0.9833
vn -0.1683 0.0697 -0.9833
vn -0.1896 0.1896 -0.9634
vn -0.2127 0.1632 -0.9634
vn -0.1288 0.1288 -0.9833
vn -0.1446 0.1109 -0.9833
vn -0.1341 0.2322 -0.9634
vn -0.1632 0.2127 -0.9634
vn -0.0911 0.1578 -0.9833
vn -0.1109 0.1446 -0.9833
vn -0.0694 0.2590 -0.9634
vn -0.1026 0.2477 -0.9634
vn -0.0472 0.1760 -0.9833
vn -0.0697 0.1683 -0.9833
vn -0.0000 0.2682 -0.9634
vn -0.0350 0.2658 -0.9634
vn -0.0000 0.1822 -0.9833
vn -0.0238 0.1806 -0.9833
vn 0.0694 0.2590 -0.9634
vn 0.0350 0.2658 -0.9634
vn 0.0472 0.1760 -0.9833
vn 0.0238 0.1806 -0.9833
vn 0.1341 0.2322 -0.9634
vn 0.1026 0.2477 -0.9634
vn 0.0911 0.1578 -0.9833
vn 0.0697 0.1683 -0.9833
vn 0.1896 0.1896 -0.9634
vn 0.1632 0.2127 -0.9634
vn 0.1288 0.1288 -0.9833
vn 0.1109 0.1446 -0.9833
vn 0.2322 0.1341 -0.9634
vn 0.2127 0.1632 -0.9634
vn 0.1578 0.0911 -0.9833
vn 0.1446 0.1109 -0.9833
vn 0.2477 0.1026 -0.9634
vn 0.1683 0.0697 -0.9833
vn 0.3585 -0.0000 0.9335
vn 0.3463 0.0928 0.9335
vn 0.3555 0.0468 0.9335
vn -0.1760 -0.0472 0.9833
vn -0.1661 -0.0219 0.9859
vn -0.1618 -0.0434 0.9859
vn -0.1822 -0.0000 0.9833
vn -0.1806 -0.0238 0.9833
vn 0.3105 0.1793 0.9335
vn 0.3312 0.1372 0.9335
vn -0.1578 -0.0911 0.9833
vn -0.1548 -0.0641 0.9859
vn -0.1451 -0.0838 0.9859
vn -0.1683 -0.0697 0.9833
vn 0.2535 0.2535 0.9335
vn 0.2844 0.2183 0.9335
vn -0.1288 -0.1288 0.9833
vn -0.1329 -0.1020 0.9859
vn -0.1185 -0.1185 0.9859
vn -0.1446 -0.1109 0.9833
vn 0.1793 0.3105 0.9335
vn 0.2183 0.2844 0.9335
vn -0.0911 -0.1578 0.9833
vn -0.1020 -0.1329 0.9859
vn -0.0838 -0.1451 0.9859
vn -0.1109 -0.1446 0.9833
vn 0.0928 0.3463 0.9335
vn 0.1372 0.3313 0.9335
vn -0.0472 -0.1760 0.9833
vn -0.0641 -0.1548 0.9859
vn -0.0434 -0.1618 0.9859
vn -0.0697 -0.1683 0.9833
vn -0.0000 0.3585 0.9335
vn 0.0468 0.3555 0.9335
vn -0.0000 -0.1822 0.9833
vn -0.0219 -0.1661 0.9859
vn -0.0000 -0.1675 0.9859
vn -0.0238 -0.1806 0.9833
vn -0.0928 0.3463 0.9335
vn -0.0468 0.3555 0.9335
vn 0.0472 -0.1760 0.9833
vn 0.0219 -0.1661 0.9859
vn 0.0434 -0.1618 0.9859
vn 0.0238 -0.1806 0.9833
vn -0.1793 0.3105 0.9335
vn -0.1372 0.3313 0.9335
vn 0.0911 -0.1578 0.9833
vn 0.0641 -0.1548 0.9859
vn 0.0838 -0.1451 0.9859
vn 0.0697 -0.1683 0.9833
vn -0.2535 0.2535 0.9335
vn -0.2183 0.2845 0.9335
vn 0.1288 -0.1288 0.9833
vn 0.1020 -0.1329 0.9859
vn 0.1185 -0.1185 0.9859
vn 0.1109 -0.1446 0.9833
vn -0.3105 0.1793 0.9335
vn -0.2845 0.2183 0.9335
vn 0.1578 -0.0911 0.9833
vn 0.1329 -0.1020 0.9859
vn 0.1451 -0.0838 0.9859
vn 0.1446 -0.1109 0.9833
vn -0.3463 0.0928 0.9335
vn -0.3312 0.1372 0.9335
vn 0.1760 -0.0472 0.9833
vn 0.1548 -0.0641 0.9859
vn 0.1618 -0.0434 0.9859
vn 0.1683 -0.0697 0.9833
vn -0.3585 -0.0000 0.9335
vn -0.3555 0.0468 0.9335
vn 0.1822 -0.0000 0.9833
vn 0.1661 -0.0219 0.9859
vn 0.1675 -0.0000 0.9859
vn 0.1806 -0.0238 0.9833
vn -0.3463 -0.0928 0.9335
vn -0.3555 -0.0468 0.9335
vn 0.1760 0.0472 0.9833
vn 0.1661 0.0219 0.9859
vn 0.1618 0.0434 0.9859
vn 0.1806 0.0238 0.9833
vn -0.3105 -0.1793 0.9335
vn -0.3312 -0.1372 0.9335
vn 0.1578 0.0911 0.9833
vn 0.1548 0.0641 0.9859
vn 0.1451 0.0838 0.9859
vn 0.1683 0.0697 0.9833
vn -0.2535 -0.2535 0.9335
vn -0.2844 -0.2183 0.9335
vn 0.1288 0.1288 0.9833
vn 0.1329 0.1020 0.9859
vn 0.1185 0.1185 0.9859
vn 0.1446 0.1109 0.9833
vn -0.1793 -0.3105 0.9335
vn -0.2183 -0.2845 0.9335
vn 0.0911 0.1578 0.9833
vn 0.1020 0.1329 0.9859
vn 0.0838 0.1451 0.9859
vn 0.1109 0.1446 0.9833
vn -0.0928 -0.3463 0.9335
vn -0.1372 -0.3312 0.9335
vn 0.0472 0.1760 0.9833
vn 0.0641 0.1548 0.9859
vn 0.0434 0.1618 0.9859
vn 0.0697 0.1683 0.9833
vn -0.0000 -0.3585 0.9335
vn -0.0468 -0.3555 0.9335
vn -0.0000 0.1822 0.9833
vn 0.0219 0.1661 0.9859
vn -0.0000 0.1675 0.9859
vn 0.0238 0.1806 0.9833
vn 0.0928 -0.3463 0.9335
vn 0.0468 -0.3555 0.9335
vn -0.0472 0.1760 0.9833
vn -0.0219 0.1661 0.9859
vn -0.0434 0.1618 0.9859
vn -0.0238 0.1806 0.9833
vn 0.1793 -0.3105 0.9335
vn 0.1372 -0.3312 0.9335
vn -0.0911 0.1578 0.9833
vn -0.0641 0.1548 0.9859
vn -0.0838 0.1451 0.9859
vn -0.0697 0.1683 0.9833
vn 0.2535 -0.2535 0.9335
vn 0.2183 -0.2844 0.9335
vn -0.1288 0.1288 0.9833
vn -0.1020 0.1329 0.9859
vn -0.1185 0.1185 0.9859
vn -0.1109 0.1446 0.9833
vn 0.3105 -0.1793 0.9335
vn 0.2845 -0.2183 0.9335
vn -0.1578 0.0911 0.9833
vn -0.1329 0.1020 0.9859
vn -0.1451 0.0838 0.9859
vn -0.1446 0.1109 0.9833
vn 0.3463 -0.0928 0.9335
vn 0.3312 -0.1372 0.9335
vn -0.1760 0.0472 0.9833
vn -0.1548 0.0641 0.9859
vn -0.1618 0.0434 0.9859
vn -0.1683 0.0697 0.9833
vn 0.3555 -0.0468 0.9335
vn -0.1661 0.0219 0.9859
vn -0.1675 -0.0000 0.9859
vn -0.1806 0.0238 0.9833
vn 0.1917 0.0514 -0.9801
vn 0.1985 -0.0000 -0.9801
vn 0.1968 0.0259 -0.9801
vn 0.1864 -0.0000 -0.9825
vn 0.1800 0.0482 -0.9825
vn 0.1848 0.0243 -0.9825
vn 0.1917 -0.0514 -0.9801
vn 0.1968 -0.0259 -0.9801
vn 0.1800 -0.0482 -0.9825
vn 0.1848 -0.0243 -0.9825
vn 0.1719 -0.0992 -0.9801
vn 0.1834 -0.0760 -0.9801
vn 0.1614 -0.0932 -0.9825
vn 0.1722 -0.0713 -0.9825
vn 0.1403 -0.1403 -0.9801
vn 0.1575 -0.1208 -0.9801
vn 0.1318 -0.1318 -0.9825
vn 0.1479 -0.1135 -0.9825
vn 0.0992 -0.1719 -0.9801
vn 0.1208 -0.1575 -0.9801
vn 0.0932 -0.1614 -0.9825
vn 0.1135 -0.1479 -0.9825
vn 0.0514 -0.1917 -0.9801
vn 0.0760 -0.1834 -0.9801
vn 0.0482 -0.1800 -0.9825
vn 0.0713 -0.1722 -0.9825
vn -0.0000 -0.1985 -0.9801
vn 0.0259 -0.1968 -0.9801
vn -0.0000 -0.1864 -0.9825
vn 0.0243 -0.1848 -0.9825
vn -0.0514 -0.1917 -0.9801
vn -0.0259 -0.1968 -0.9801
vn -0.0482 -0.1800 -0.9825
vn -0.0243 -0.1848 -0.9825
vn -0.0992 -0.1719 -0.9801
vn -0.0760 -0.1834 -0.9801
vn -0.0932 -0.1614 -0.9825
vn -0.0713 -0.1722 -0.9825
vn -0.1403 -0.1403 -0.9801
vn -0.1208 -0.1575 -0.9801
vn -0.1318 -0.1318 -0.9825
vn -0.1135 -0.1479 -0.9825
vn -0.1719 -0.0992 -0.9801
vn -0.1575 -0.1208 -0.9801
vn -0.1614 -0.0932 -0.9825
vn -0.1479 -0.1135 -0.9825
vn -0.1917 -0.0514 -0.9801
vn -0.1834 -0.0760 -0.9801
vn -0.1800 -0.0482 -0.9825
vn -0.1722 -0.0713 -0.9825
vn -0.1985 -0.0000 -0.9801
vn -0.1968 -0.0259 -0.9801
vn -0.1864 -0.0000 -0.9825
vn -0.1848 -0.0243 -0.9825
vn -0.1917 0.0514 -0.9801
vn -0.1968 0.0259 -0.9801
vn -0.1800 0.0482 -0.9825
vn -0.1848 0.0243 -0.9825
vn -0.1719 0.0992 -0.9801
vn -0.1834 0.0760 -0.9801
vn -0.1614 0.0932 -0.9825
vn -0.1722 0.0713 -0.9825
vn -0.1403 0.1403 -0.9801
vn -0.1575 0.1208 -0.9801
vn -0.1318 0.1318 -0.9825
vn -0.1479 0.1135 -0.9825
vn -0.0992 0.1719 -0.9801
vn -0.1208 0.1575 -0.9801
vn -0.0932 0.1614 -0.9825
vn -0.1135 0.1479 -0.9825
vn -0.0514 0.1917 -0.9801
vn -0.0760 0.1834 -0.9801
vn -0.0482 0.1800 -0.9825
vn -0.0713 0.1722 -0.9825
vn -0.0000 0.1985 -0.9801
vn -0.0259 0.1968 -0.9801
vn -0.0000 0.1864 -0.9825
vn -0.0243 0.1848 -0.9825
vn 0.0514 0.1917 -0.9801
vn 0.0259 0.1968 -0.9801
vn 0.0482 0.1800 -0.9825
vn 0.0243 0.1848 -0.9825
vn 0.0992 0.1719 -0.9801
vn 0.0760 0.1834 -0.9801
vn 0.0932 0.1614 -0.9825
vn 0.0713 0.1722 -0.9825
vn 0.1403 0.1403 -0.9801
vn 0.1208 0.1575 -0.9801
vn 0.1318 0.1318 -0.9825
vn 0.1135 0.1479 -0.9825
vn 0.1719 0.0992 -0.9801
vn 0.1575 0.1208 -0.9801
vn 0.1614 0.0932 -0.9825
vn 0.1479 0.1135 -0.9825
vn 0.1834 0.0760 -0.9801
vn 0.1722 0.0713 -0.9825
vn -0.1985 -0.0000 0.9801
vn -0.1917 -0.0514 0.9801
vn -0.1968 -0.0259 0.9801
vn -0.1800 -0.0482 0.9825
vn -0.1864 -0.0000 0.9825
vn -0.1848 -0.0243 0.9825
vn -0.1719 -0.0992 0.9801
vn -0.1834 -0.0760 0.9801
vn -0.1614 -0.0932 0.9825
vn -0.1722 -0.0713 0.9825
vn -0.1403 -0.1403 0.9801
vn -0.1575 -0.1208 0.9801
vn -0.1318 -0.1318 0.9825
vn -0.1479 -0.1135 0.9825
vn -0.0992 -0.1719 0.9801
vn -0.1208 -0.1575 0.9801
vn -0.0932 -0.1614 0.9825
vn -0.1135 -0.1479 0.9825
vn -0.0514 -0.1917 0.9801
vn -0.0760 -0.1834 0.9801
vn -0.0482 -0.1800 0.9825
vn -0.0713 -0.1722 0.9825
vn -0.0000 -0.1985 0.9801
vn -0.0259 -0.1968 0.9801
vn -0.0000 -0.1864 0.9825
vn -0.0243 -0.1848 0.9825
vn 0.0514 -0.1917 0.9801
vn 0.0259 -0.1968 0.9801
vn 0.0482 -0.1800 0.9825
vn 0.0243 -0.1848 0.9825
vn 0.0992 -0.1719 0.9801
vn 0.0760 -0.1834 0.9801
vn 0.0932 -0.1614 0.9825
vn 0.0713 -0.1722 0.9825
vn 0.1403 -0.1403 0.9801
vn 0.1208 -0.1575 0.9801
vn 0.1318 -0.1318 0.9825
vn 0.1135 -0.1479 0.9825
vn 0.1719 -0.0992 0.9801
vn 0.1575 -0.1208 0.9801
vn 0.1614 -0.0932 0.9825
vn 0.1479 -0.1135 0.9825
vn 0.1917 -0.0514 0.9801
vn 0.1834 -0.0760 0.9801
vn 0.1800 -0.0482 0.9825
vn 0.1722 -0.0713 0.9825
vn 0.1985 -0.0000 0.9801
vn 0.1968 -0.0259 0.9801
vn 0.1864 -0.0000 0.9825
vn 0.1848 -0.0243 0.9825
vn 0.1917 0.0514 0.9801
vn 0.1968 0.0259 0.9801
vn 0.1800 0.0482 0.9825
vn 0.1848 0.0243 0.9825
vn 0.1719 0.0992 0.9801
vn 0.1834 0.0760 0.9801
vn 0.1614 0.0932 0.9825
vn 0.1722 0.0713 0.9825
vn 0.1403 0.1403 0.9801
vn 0.1575 0.1208 0.9801
vn 0.1318 0.1318 0.9825
vn 0.1479 0.1135 0.9825
vn 0.0992 0.1719 0.9801
vn 0.1208 0.1575 0.9801
vn 0.0932 0.1614 0.9825
vn 0.1135 0.1479 0.9825
vn 0.0514 0.1917 0.9801
vn 0.0760 0.1834 0.9801
vn 0.0482 0.1800 0.9825
vn 0.0713 0.1722 0.9825
vn -0.0000 0.1985 0.9801
vn 0.0259 0.1968 0.9801
vn -0.0000 0.1864 0.9825
vn 0.0243 0.1848 0.9825
vn -0.0514 0.1917 0.9801
vn -0.0259 0.1968 0.9801
vn -0.0482 0.1800 0.9825
vn -0.0243 0.1848 0.9825
vn -0.0992 0.1719 0.9801
vn -0.0760 0.1834 0.9801
vn -0.0932 0.1614 0.9825
vn -0.0713 0.1722 0.9825
vn -0.1403 0.1403 0.9801
vn -0.1208 0.1575 0.9801
vn -0.1318 0.1318 0.9825
vn -0.1135 0.1479 0.9825
vn -0.1719 0.0992 0.9801
vn -0.1575 0.1208 0.9801
vn -0.1614 0.0932 0.9825
vn -0.1479 0.1135 0.9825
vn -0.1917 0.0514 0.9801
vn -0.1834 0.0760 0.9801
vn -0.1800 0.0482 0.9825
vn -0.1722 0.0713 0.9825
vn -0.1968 0.0259 0.9801
vn -0.1848 0.0243 0.9825
vn 0.0872 0.0234 -0.9959
vn 0.0903 -0.0000 -0.9959
vn 0.0895 0.0118 -0.9959
vn 0.0872 -0.0234 -0.9959
vn 0.0895 -0.0118 -0.9959
vn 0.0782 -0.0452 -0.9959
vn 0.0834 -0.0346 -0.9959
vn 0.0639 -0.0639 -0.9959
vn 0.0716 -0.0550 -0.9959
vn 0.0452 -0.0782 -0.9959
vn 0.0550 -0.0716 -0.9959
vn 0.0234 -0.0872 -0.9959
vn 0.0346 -0.0834 -0.9959
vn -0.0000 -0.0903 -0.9959
vn 0.0118 -0.0895 -0.9959
vn -0.0234 -0.0872 -0.9959
vn -0.0118 -0.0895 -0.9959
vn -0.0452 -0.0782 -0.9959
vn -0.0346 -0.0834 -0.9959
vn -0.0639 -0.0639 -0.9959
vn -0.0550 -0.0716 -0.9959
vn -0.0782 -0.0452 -0.9959
vn -0.0716 -0.0550 -0.9959
vn -0.0872 -0.0234 -0.9959
vn -0.0834 -0.0346 -0.9959
vn -0.0903 -0.0000 -0.9959
vn -0.0895 -0.0118 -0.9959
vn -0.0872 0.0234 -0.9959
vn -0.0895 0.0118 -0.9959
vn -0.0782 0.0452 -0.9959
vn -0.0834 0.0346 -0.9959
vn -0.0639 0.0639 -0.9959
vn -0.0716 0.0550 -0.9959
vn -0.0452 0.0782 -0.9959
vn -0.0550 0.0716 -0.9959
vn -0.0234 0.0872 -0.9959
vn -0.0346 0.0834 -0.9959
vn -0.0000 0.0903 -0.9959
vn -0.0118 0.0895 -0.9959
vn 0.0234 0.0872 -0.9959
vn 0.0118 0.0895 -0.9959
vn 0.0452 0.0782 -0.9959
vn 0.0346 0.0834 -0.9959
vn 0.0639 0.0639 -0.9959
vn 0.0550 0.0716 -0.9959
vn 0.0782 0.0452 -0.9959
vn 0.0716 0.0550 -0.9959
vn 0.0834 0.0346 -0.9959
vn -0.0903 -0.0000 0.9959
vn -0.0872 -0.0234 0.9959
vn -0.0895 -0.0118 0.9959
vn -0.0782 -0.0452 0.9959
vn -0.0834 -0.0346 0.9959
vn -0.0639 -0.0639 0.9959
vn -0.0716 -0.0550 0.9959
vn -0.0452 -0.0782 0.9959
vn -0.0550 -0.0716 0.9959
vn -0.0234 -0.0872 0.9959
vn -0.0346 -0.0834 0.9959
vn -0.0000 -0.0903 0.9959
vn -0.0118 -0.0895 0.9959
vn 0.0234 -0.0872 0.9959
vn 0.0118 -0.0895 0.9959
vn 0.0452 -0.0782 0.9959
vn 0.0346 -0.0834 0.9959
vn 0.0639 -0.0639 0.9959
vn 0.0550 -0.0716 0.9959
vn 0.0782 -0.0452 0.9959
vn 0.0716 -0.0550 0.9959
vn 0.0872 -0.0234 0.9959
vn 0.0834 -0.0346 0.9959
vn 0.0903 -0.0000 0.9959
vn 0.0895 -0.0118 0.9959
vn 0.0872 0.0234 0.9959
vn 0.0895 0.0118 0.9959
vn 0.0782 0.0452 0.9959
vn 0.0834 0.0346 0.9959
vn 0.0639 0.0639 0.9959
vn 0.0716 0.0550 0.9959
vn 0.0452 0.0782 0.9959
vn 0.0550 0.0716 0.9959
vn 0.0234 0.0872 0.9959
vn 0.0346 0.0834 0.9959
vn -0.0000 0.0903 0.9959
vn 0.0118 0.0895 0.9959
vn -0.0234 0.0872 0.9959
vn -0.0118 0.0895 0.9959
vn -0.0452 0.0782 0.9959
vn -0.0346 0.0834 0.9959
vn -0.0639 0.0639 0.9959
vn -0.0550 0.0716 0.9959
vn -0.0782 0.0452 0.9959
vn -0.0716 0.0550 0.9959
vn -0.0872 0.0234 0.9959
vn -0.0834 0.0346 0.9959
vn -0.0895 0.0118 0.9959
vn -0.0000 -0.0000 1.0000
vn -0.0000 -0.0000 -1.0000
vt 0.850543 0.024635
vt 0.850486 0.025063
vt 0.850486 0.024635
vt 0.850543 0.025480
vt 0.850543 0.025062
vt 0.850429 0.025480
vt 0.850486 0.025482
vt 0.850429 0.024635
vt 0.850429 0.025062
vt 0.850487 0.025885
vt 0.850544 0.026261
vt 0.850544 0.025882
vt 0.850430 0.026261
vt 0.850487 0.026265
vt 0.850430 0.025882
vt 0.850488 0.026615
vt 0.850546 0.026925
vt 0.850545 0.026611
vt 0.850432 0.026925
vt 0.850489 0.026929
vt 0.850431 0.026611
vt 0.831280 0.012982
vt 0.831225 0.013301
vt 0.831223 0.012977
vt 0.831284 0.013661
vt 0.831282 0.013305
vt 0.831170 0.013661
vt 0.831227 0.013658
vt 0.831166 0.012982
vt 0.831168 0.013305
vt 0.831228 0.014043
vt 0.831286 0.014452
vt 0.831285 0.014046
vt 0.831172 0.014452
vt 0.831229 0.014450
vt 0.831171 0.014046
vt 0.831230 0.014872
vt 0.831287 0.015301
vt 0.831287 0.014873
vt 0.831173 0.015301
vt 0.831230 0.015301
vt 0.831173 0.014873
vt 0.831230 0.015729
vt 0.831286 0.016149
vt 0.831287 0.015729
vt 0.831172 0.016149
vt 0.831229 0.016151
vt 0.831173 0.015729
vt 0.831228 0.016558
vt 0.831284 0.016940
vt 0.831285 0.016555
vt 0.831170 0.016940
vt 0.831227 0.016943
vt 0.831171 0.016555
vt 0.831225 0.017301
vt 0.831280 0.017619
vt 0.831282 0.017297
vt 0.831166 0.017619
vt 0.831223 0.017624
vt 0.831168 0.017297
vt 0.831162 0.026925
vt 0.831220 0.026614
vt 0.831219 0.026930
vt 0.831164 0.026261
vt 0.831163 0.026610
vt 0.831278 0.026261
vt 0.831221 0.026264
vt 0.831276 0.026925
vt 0.831277 0.026610
vt 0.831222 0.025884
vt 0.831165 0.025479
vt 0.831165 0.025881
vt 0.831279 0.025479
vt 0.831222 0.025481
vt 0.831279 0.025881
vt 0.831222 0.025062
vt 0.831165 0.024634
vt 0.831165 0.025061
vt 0.831280 0.024634
vt 0.831223 0.024634
vt 0.831279 0.025061
vt 0.831223 0.024205
vt 0.831165 0.023783
vt 0.831165 0.024206
vt 0.831279 0.023783
vt 0.831222 0.023781
vt 0.831280 0.024206
vt 0.831222 0.023371
vt 0.831164 0.022983
vt 0.831165 0.023373
vt 0.831278 0.022983
vt 0.831221 0.022980
vt 0.831279 0.023373
vt 0.831220 0.022616
vt 0.831163 0.022289
vt 0.831163 0.022620
vt 0.831277 0.022289
vt 0.831220 0.022285
vt 0.831277 0.022620
vt 0.831267 0.017628
vt 0.831210 0.017947
vt 0.831210 0.017624
vt 0.831267 0.018307
vt 0.831267 0.017951
vt 0.831153 0.018307
vt 0.831210 0.018304
vt 0.831153 0.017628
vt 0.831153 0.017951
vt 0.831210 0.018690
vt 0.831267 0.019098
vt 0.831267 0.018692
vt 0.831153 0.019098
vt 0.831210 0.019097
vt 0.831153 0.018692
vt 0.831210 0.019518
vt 0.831267 0.019947
vt 0.831267 0.019519
vt 0.831153 0.019947
vt 0.831210 0.019947
vt 0.831153 0.019519
vt 0.831210 0.020376
vt 0.831267 0.020796
vt 0.831267 0.020375
vt 0.831153 0.020796
vt 0.831210 0.020797
vt 0.831153 0.020375
vt 0.831210 0.021204
vt 0.831267 0.021586
vt 0.831267 0.021202
vt 0.831153 0.021586
vt 0.831210 0.021590
vt 0.831153 0.021202
vt 0.831210 0.021947
vt 0.831267 0.022266
vt 0.831267 0.021943
vt 0.831153 0.022266
vt 0.831210 0.022270
vt 0.831153 0.021943
vt 0.850545 0.022289
vt 0.850488 0.022616
vt 0.850488 0.022285
vt 0.850544 0.022984
vt 0.850545 0.022620
vt 0.850430 0.022984
vt 0.850487 0.022980
vt 0.850431 0.022289
vt 0.850431 0.022620
vt 0.850487 0.023371
vt 0.850543 0.023784
vt 0.850544 0.023374
vt 0.850429 0.023784
vt 0.850486 0.023782
vt 0.850430 0.023374
vt 0.850486 0.024206
vt 0.850543 0.024207
vt 0.850429 0.024207
vt 0.825629 0.038772
vt 0.825221 0.038901
vt 0.825215 0.038883
vt 0.826055 0.038735
vt 0.825632 0.038791
vt 0.826060 0.038844
vt 0.825254 0.039004
vt 0.825652 0.038898
vt 0.826483 0.038716
vt 0.826054 0.038716
vt 0.826903 0.038791
vt 0.826481 0.038735
vt 0.826881 0.038897
vt 0.826472 0.038844
vt 0.827322 0.038882
vt 0.826908 0.038771
vt 0.827709 0.039064
vt 0.827315 0.038901
vt 0.827659 0.039161
vt 0.827279 0.039004
vt 0.828089 0.039261
vt 0.827718 0.039046
vt 0.828416 0.039536
vt 0.828078 0.039277
vt 0.828343 0.039618
vt 0.828016 0.039367
vt 0.828733 0.039825
vt 0.828430 0.039522
vt 0.828977 0.040176
vt 0.828717 0.039838
vt 0.828885 0.040236
vt 0.828634 0.039910
vt 0.829208 0.040537
vt 0.828994 0.040165
vt 0.829353 0.040939
vt 0.829190 0.040545
vt 0.829249 0.040974
vt 0.829091 0.040593
vt 0.829483 0.041347
vt 0.829372 0.040933
vt 0.829520 0.041774
vt 0.829464 0.041351
vt 0.829410 0.041781
vt 0.829356 0.041372
vt 0.829540 0.042201
vt 0.829540 0.041772
vt 0.829464 0.042623
vt 0.829520 0.042200
vt 0.829356 0.042602
vt 0.829410 0.042193
vt 0.829373 0.043041
vt 0.829484 0.042626
vt 0.829191 0.043428
vt 0.829354 0.043034
vt 0.829092 0.043381
vt 0.829250 0.043000
vt 0.828995 0.043809
vt 0.829209 0.043437
vt 0.828719 0.044136
vt 0.828978 0.043798
vt 0.828636 0.044065
vt 0.828886 0.043737
vt 0.828431 0.044452
vt 0.828734 0.044149
vt 0.828080 0.044697
vt 0.828417 0.044438
vt 0.828018 0.044607
vt 0.828344 0.044356
vt 0.827720 0.044928
vt 0.828091 0.044714
vt 0.827317 0.045074
vt 0.827710 0.044910
vt 0.827280 0.044971
vt 0.827661 0.044813
vt 0.826910 0.045203
vt 0.827324 0.045092
vt 0.826483 0.045240
vt 0.826905 0.045184
vt 0.826474 0.045132
vt 0.826882 0.045078
vt 0.826056 0.045260
vt 0.826485 0.045260
vt 0.825634 0.045185
vt 0.826057 0.045240
vt 0.825654 0.045078
vt 0.826062 0.045132
vt 0.825217 0.045093
vt 0.825631 0.045204
vt 0.824829 0.044911
vt 0.825222 0.045074
vt 0.824875 0.044814
vt 0.825256 0.044972
vt 0.824449 0.044714
vt 0.824821 0.044929
vt 0.824121 0.044439
vt 0.824460 0.044698
vt 0.824191 0.044357
vt 0.824518 0.044608
vt 0.823806 0.044150
vt 0.824109 0.044453
vt 0.823560 0.043799
vt 0.823820 0.044137
vt 0.823649 0.043739
vt 0.823900 0.044066
vt 0.823331 0.043439
vt 0.823545 0.043810
vt 0.823184 0.043036
vt 0.823347 0.043430
vt 0.823285 0.043001
vt 0.823443 0.043382
vt 0.823055 0.042628
vt 0.823166 0.043042
vt 0.831306 0.015301
vt 0.831306 0.015726
vt 0.823125 0.042195
vt 0.823074 0.042624
vt 0.823018 0.042202
vt 0.823179 0.042603
vt 0.822999 0.041774
vt 0.823073 0.041353
vt 0.823018 0.041775
vt 0.823178 0.041374
vt 0.823125 0.041782
vt 0.823166 0.040934
vt 0.823055 0.041349
vt 0.823346 0.040547
vt 0.823184 0.040941
vt 0.823442 0.040595
vt 0.823285 0.040976
vt 0.823544 0.040167
vt 0.823330 0.040538
vt 0.823819 0.039839
vt 0.823560 0.040178
vt 0.823899 0.039911
vt 0.823648 0.040238
vt 0.824108 0.039523
vt 0.823805 0.039826
vt 0.824458 0.039278
vt 0.824120 0.039538
vt 0.824517 0.039368
vt 0.824190 0.039619
vt 0.824819 0.039047
vt 0.824448 0.039262
vt 0.824827 0.039065
vt 0.824874 0.039162
vt 0.844167 0.039308
vt 0.843741 0.039328
vt 0.843739 0.039308
vt 0.844589 0.039383
vt 0.844167 0.039328
vt 0.844566 0.039490
vt 0.843746 0.039436
vt 0.844158 0.039436
vt 0.845006 0.039475
vt 0.844592 0.039364
vt 0.845395 0.039656
vt 0.845001 0.039493
vt 0.845345 0.039754
vt 0.844964 0.039596
vt 0.845774 0.039854
vt 0.845402 0.039639
vt 0.846102 0.040129
vt 0.845764 0.039870
vt 0.846029 0.040211
vt 0.845702 0.039960
vt 0.846417 0.040418
vt 0.846114 0.040114
vt 0.846663 0.040769
vt 0.846403 0.040431
vt 0.846571 0.040829
vt 0.846320 0.040502
vt 0.846892 0.041129
vt 0.846678 0.040758
vt 0.847039 0.041532
vt 0.846876 0.041138
vt 0.846934 0.041567
vt 0.846777 0.041186
vt 0.831153 0.014457
vt 0.831154 0.015301
vt 0.831153 0.014875
vt 0.847095 0.042374
vt 0.847149 0.041944
vt 0.847205 0.042366
vt 0.847041 0.041965
vt 0.831153 0.016144
vt 0.831153 0.015726
vt 0.847041 0.043194
vt 0.847205 0.042793
vt 0.847150 0.043215
vt 0.847095 0.042786
vt 0.847057 0.043634
vt 0.847168 0.043219
vt 0.846877 0.044021
vt 0.847039 0.043627
vt 0.846777 0.043973
vt 0.846935 0.043592
vt 0.846679 0.044401
vt 0.846893 0.044030
vt 0.846404 0.044729
vt 0.846664 0.044390
vt 0.846321 0.044657
vt 0.846572 0.044330
vt 0.846115 0.045045
vt 0.846418 0.044742
vt 0.845765 0.045290
vt 0.846103 0.045030
vt 0.845703 0.045200
vt 0.846030 0.044949
vt 0.845404 0.045521
vt 0.845775 0.045306
vt 0.845003 0.045667
vt 0.845396 0.045503
vt 0.844966 0.045564
vt 0.845346 0.045406
vt 0.844594 0.045796
vt 0.845008 0.045685
vt 0.844169 0.045833
vt 0.844591 0.045777
vt 0.844160 0.045724
vt 0.844568 0.045670
vt 0.843741 0.045852
vt 0.844169 0.045852
vt 0.843320 0.045777
vt 0.843743 0.045833
vt 0.843340 0.045671
vt 0.843748 0.045724
vt 0.842902 0.045685
vt 0.843316 0.045796
vt 0.842515 0.045504
vt 0.842909 0.045667
vt 0.842561 0.045407
vt 0.842942 0.045564
vt 0.842134 0.045307
vt 0.842505 0.045521
vt 0.841808 0.045031
vt 0.842146 0.045291
vt 0.841877 0.044950
vt 0.842204 0.045200
vt 0.841491 0.044743
vt 0.841794 0.045046
vt 0.841247 0.044392
vt 0.841506 0.044730
vt 0.841335 0.044331
vt 0.841586 0.044658
vt 0.841016 0.044031
vt 0.841230 0.044403
vt 0.840870 0.043628
vt 0.841034 0.044022
vt 0.840971 0.043594
vt 0.841129 0.043974
vt 0.840740 0.043221
vt 0.840851 0.043635
vt 0.840704 0.042794
vt 0.840760 0.043217
vt 0.840811 0.042787
vt 0.840865 0.043196
vt 0.840684 0.042366
vt 0.840684 0.042795
vt 0.840760 0.041945
vt 0.840704 0.042368
vt 0.840864 0.041966
vt 0.840811 0.042375
vt 0.840851 0.041527
vt 0.840740 0.041941
vt 0.841033 0.041139
vt 0.840870 0.041533
vt 0.841128 0.041187
vt 0.840971 0.041568
vt 0.841229 0.040759
vt 0.841015 0.041131
vt 0.841505 0.040432
vt 0.841246 0.040770
vt 0.841585 0.040503
vt 0.841334 0.040830
vt 0.841793 0.040116
vt 0.841490 0.040419
vt 0.842144 0.039870
vt 0.841806 0.040130
vt 0.842203 0.039961
vt 0.841876 0.040212
vt 0.842504 0.039640
vt 0.842133 0.039854
vt 0.842907 0.039494
vt 0.842513 0.039657
vt 0.842940 0.039597
vt 0.842560 0.039755
vt 0.843314 0.039365
vt 0.842900 0.039475
vt 0.843318 0.039384
vt 0.843338 0.039490
vt 0.825338 0.039264
vt 0.826074 0.039117
vt 0.825701 0.039166
vt 0.826087 0.039389
vt 0.825421 0.039522
vt 0.825750 0.039434
vt 0.826823 0.039166
vt 0.826450 0.039117
vt 0.826765 0.039434
vt 0.826428 0.039389
vt 0.827534 0.039407
vt 0.827186 0.039263
vt 0.827409 0.039652
vt 0.827094 0.039522
vt 0.828158 0.039824
vt 0.827860 0.039595
vt 0.827974 0.040030
vt 0.827704 0.039822
vt 0.828653 0.040389
vt 0.828424 0.040090
vt 0.828422 0.040541
vt 0.828214 0.040270
vt 0.828985 0.041062
vt 0.828841 0.040715
vt 0.828723 0.041150
vt 0.828592 0.040836
vt 0.829132 0.041799
vt 0.829083 0.041426
vt 0.828855 0.041817
vt 0.828811 0.041479
vt 0.829083 0.042548
vt 0.829132 0.042175
vt 0.828811 0.042495
vt 0.828855 0.042157
vt 0.828842 0.043259
vt 0.828986 0.042912
vt 0.828593 0.043139
vt 0.828723 0.042824
vt 0.828425 0.043884
vt 0.828654 0.043585
vt 0.828216 0.043704
vt 0.828423 0.043434
vt 0.827861 0.044379
vt 0.828159 0.044150
vt 0.827705 0.044153
vt 0.827975 0.043945
vt 0.827188 0.044712
vt 0.827535 0.044568
vt 0.827096 0.044453
vt 0.827410 0.044323
vt 0.826452 0.044858
vt 0.826824 0.044809
vt 0.826429 0.044586
vt 0.826767 0.044542
vt 0.825703 0.044810
vt 0.826075 0.044858
vt 0.825751 0.044542
vt 0.826089 0.044586
vt 0.824992 0.044568
vt 0.825339 0.044712
vt 0.825108 0.044324
vt 0.825422 0.044454
vt 0.824367 0.044151
vt 0.824666 0.044380
vt 0.824543 0.043946
vt 0.824813 0.044153
vt 0.823872 0.043587
vt 0.824102 0.043885
vt 0.824095 0.043435
vt 0.824302 0.043705
vt 0.823540 0.042913
vt 0.823684 0.043261
vt 0.823794 0.042826
vt 0.823924 0.043140
vt 0.823394 0.042177
vt 0.823443 0.042550
vt 0.823661 0.042159
vt 0.823706 0.042496
vt 0.823442 0.041427
vt 0.823394 0.041800
vt 0.823705 0.041480
vt 0.823661 0.041818
vt 0.823684 0.040716
vt 0.823540 0.041064
vt 0.823924 0.040837
vt 0.823793 0.041151
vt 0.824100 0.040091
vt 0.823872 0.040390
vt 0.824301 0.040271
vt 0.824094 0.040542
vt 0.824665 0.039596
vt 0.824366 0.039825
vt 0.824812 0.039823
vt 0.824542 0.040031
vt 0.824990 0.039408
vt 0.825106 0.039653
vt 0.843759 0.039710
vt 0.844508 0.039759
vt 0.844135 0.039710
vt 0.844450 0.040027
vt 0.843772 0.039982
vt 0.844112 0.039982
vt 0.845219 0.040000
vt 0.844871 0.039856
vt 0.845093 0.040245
vt 0.844779 0.040115
vt 0.845843 0.040417
vt 0.845544 0.040188
vt 0.845658 0.040623
vt 0.845388 0.040415
vt 0.846338 0.040982
vt 0.846109 0.040683
vt 0.846106 0.041134
vt 0.845899 0.040864
vt 0.846670 0.041655
vt 0.846526 0.041308
vt 0.846407 0.041743
vt 0.846276 0.041429
vt 0.846817 0.042392
vt 0.846767 0.042019
vt 0.846540 0.042410
vt 0.846495 0.042072
vt 0.846768 0.043141
vt 0.846817 0.042768
vt 0.846495 0.043088
vt 0.846540 0.042751
vt 0.846527 0.043852
vt 0.846671 0.043505
vt 0.846277 0.043732
vt 0.846407 0.043417
vt 0.846110 0.044477
vt 0.846339 0.044178
vt 0.845900 0.044298
vt 0.846107 0.044027
vt 0.845546 0.044972
vt 0.845844 0.044743
vt 0.845389 0.044746
vt 0.845659 0.044538
vt 0.844873 0.045305
vt 0.845220 0.045160
vt 0.844780 0.045047
vt 0.845094 0.044916
vt 0.844137 0.045451
vt 0.844510 0.045402
vt 0.844114 0.045179
vt 0.844451 0.045135
vt 0.843388 0.045402
vt 0.843761 0.045451
vt 0.843436 0.045135
vt 0.843773 0.045179
vt 0.842677 0.045161
vt 0.843025 0.045305
vt 0.842792 0.044917
vt 0.843107 0.045047
vt 0.842053 0.044744
vt 0.842351 0.044973
vt 0.842228 0.044539
vt 0.842498 0.044746
vt 0.841558 0.044179
vt 0.841787 0.044478
vt 0.841779 0.044028
vt 0.841987 0.044298
vt 0.841226 0.043506
vt 0.841370 0.043853
vt 0.841479 0.043418
vt 0.841609 0.043733
vt 0.841079 0.042769
vt 0.841128 0.043142
vt 0.841346 0.042752
vt 0.841391 0.043089
vt 0.841128 0.042020
vt 0.841079 0.042393
vt 0.841390 0.042073
vt 0.841346 0.042411
vt 0.841369 0.041309
vt 0.841225 0.041656
vt 0.841609 0.041430
vt 0.841478 0.041744
vt 0.841786 0.040684
vt 0.841557 0.040983
vt 0.841986 0.040864
vt 0.841779 0.041135
vt 0.842350 0.040189
vt 0.842052 0.040418
vt 0.842496 0.040416
vt 0.842226 0.040623
vt 0.843023 0.039857
vt 0.842676 0.040001
vt 0.843106 0.040115
vt 0.842791 0.040246
vt 0.843386 0.039759
vt 0.843434 0.040027
vt 0.825453 0.039622
vt 0.826093 0.039494
vt 0.825769 0.039537
vt 0.826743 0.039537
vt 0.826419 0.039494
vt 0.827361 0.039746
vt 0.827059 0.039622
vt 0.827903 0.040109
vt 0.827644 0.039910
vt 0.828333 0.040599
vt 0.828134 0.040340
vt 0.828621 0.041184
vt 0.828496 0.040882
vt 0.828749 0.041824
vt 0.828706 0.041500
vt 0.828706 0.042475
vt 0.828749 0.042151
vt 0.828497 0.043092
vt 0.828622 0.042790
vt 0.828135 0.043635
vt 0.828334 0.043376
vt 0.827645 0.044065
vt 0.827904 0.043866
vt 0.827060 0.044354
vt 0.827362 0.044229
vt 0.826421 0.044481
vt 0.826745 0.044438
vt 0.825770 0.044439
vt 0.826094 0.044481
vt 0.825153 0.044229
vt 0.825455 0.044354
vt 0.824611 0.043867
vt 0.824870 0.044066
vt 0.824180 0.043377
vt 0.824380 0.043636
vt 0.823892 0.042792
vt 0.824017 0.043094
vt 0.823765 0.042152
vt 0.823807 0.042476
vt 0.823807 0.041501
vt 0.823765 0.041825
vt 0.824016 0.040883
vt 0.823892 0.041185
vt 0.824378 0.040341
vt 0.824180 0.040600
vt 0.824869 0.039910
vt 0.824610 0.040110
vt 0.825152 0.039747
vt 0.843777 0.040088
vt 0.844428 0.040130
vt 0.844104 0.040088
vt 0.845045 0.040340
vt 0.844743 0.040215
vt 0.845587 0.040702
vt 0.845328 0.040503
vt 0.846017 0.041192
vt 0.845818 0.040933
vt 0.846306 0.041777
vt 0.846180 0.041475
vt 0.846433 0.042417
vt 0.846390 0.042093
vt 0.846390 0.043068
vt 0.846433 0.042744
vt 0.846181 0.043686
vt 0.846306 0.043384
vt 0.845819 0.044228
vt 0.846018 0.043969
vt 0.845329 0.044658
vt 0.845588 0.044459
vt 0.844744 0.044947
vt 0.845046 0.044822
vt 0.844105 0.045074
vt 0.844429 0.045032
vt 0.843455 0.045032
vt 0.843778 0.045074
vt 0.842837 0.044822
vt 0.843139 0.044947
vt 0.842295 0.044460
vt 0.842554 0.044659
vt 0.841865 0.043970
vt 0.842064 0.044229
vt 0.841577 0.043385
vt 0.841702 0.043687
vt 0.841449 0.042745
vt 0.841492 0.043069
vt 0.841492 0.042094
vt 0.841449 0.042418
vt 0.841701 0.041476
vt 0.841576 0.041778
vt 0.842063 0.040934
vt 0.841864 0.041193
vt 0.842553 0.040504
vt 0.842294 0.040703
vt 0.843138 0.040215
vt 0.842836 0.040340
vt 0.843453 0.040130
vt 0.843794 0.040347
vt 0.844377 0.040385
vt 0.844087 0.040347
vt 0.844930 0.040573
vt 0.844660 0.040461
vt 0.845416 0.040897
vt 0.845184 0.040719
vt 0.845801 0.041337
vt 0.845623 0.041104
vt 0.846060 0.041861
vt 0.845947 0.041590
vt 0.846174 0.042434
vt 0.846135 0.042144
vt 0.846136 0.043017
vt 0.846174 0.042727
vt 0.845948 0.043571
vt 0.846060 0.043300
vt 0.845624 0.044057
vt 0.845802 0.043824
vt 0.845185 0.044442
vt 0.845417 0.044264
vt 0.844661 0.044701
vt 0.844931 0.044589
vt 0.844088 0.044815
vt 0.844378 0.044777
vt 0.843505 0.044777
vt 0.843795 0.044815
vt 0.842952 0.044589
vt 0.843223 0.044701
vt 0.842466 0.044265
vt 0.842699 0.044443
vt 0.842081 0.043825
vt 0.842259 0.044057
vt 0.841823 0.043301
vt 0.841935 0.043572
vt 0.841709 0.042728
vt 0.841747 0.043018
vt 0.841747 0.042145
vt 0.841709 0.042435
vt 0.841934 0.041591
vt 0.841822 0.041862
vt 0.842259 0.041105
vt 0.842080 0.041338
vt 0.842698 0.040720
vt 0.842465 0.040898
vt 0.843221 0.040461
vt 0.842951 0.040573
vt 0.843504 0.040385
vt 0.843941 0.042581
vt 0.825516 0.039807
vt 0.826105 0.039690
vt 0.825807 0.039729
vt 0.826705 0.039729
vt 0.826407 0.039690
vt 0.827274 0.039922
vt 0.826996 0.039807
vt 0.827774 0.040256
vt 0.827535 0.040072
vt 0.828170 0.040708
vt 0.827987 0.040469
vt 0.828436 0.041247
vt 0.828321 0.040969
vt 0.828554 0.041837
vt 0.828514 0.041538
vt 0.828515 0.042437
vt 0.828554 0.042138
vt 0.828322 0.043006
vt 0.828437 0.042728
vt 0.827988 0.043506
vt 0.828171 0.043267
vt 0.827536 0.043903
vt 0.827775 0.043719
vt 0.826997 0.044169
vt 0.827275 0.044053
vt 0.826408 0.044286
vt 0.826706 0.044247
vt 0.825808 0.044247
vt 0.826107 0.044286
vt 0.825239 0.044054
vt 0.825517 0.044169
vt 0.824739 0.043720
vt 0.824978 0.043903
vt 0.824343 0.043268
vt 0.824526 0.043507
vt 0.824077 0.042729
vt 0.824192 0.043007
vt 0.823960 0.042139
vt 0.823999 0.042438
vt 0.823999 0.041539
vt 0.823960 0.041838
vt 0.824192 0.040970
vt 0.824077 0.041248
vt 0.824525 0.040470
vt 0.824342 0.040709
vt 0.824977 0.040073
vt 0.824738 0.040257
vt 0.825238 0.039923
vt 0.826257 0.041988
vt 0.831306 0.014875
vt 0.847057 0.041526
s 1
f 1/1/1 145/2/2 316/3/3
f 2/4/4 145/2/2 313/5/5
f 26/6/6 145/2/2 314/7/7
f 25/8/8 145/2/2 315/9/9
f 2/4/4 146/10/10 314/7/7
f 3/11/11 146/10/10 317/12/12
f 27/13/13 146/10/10 318/14/14
f 26/6/6 146/10/10 319/15/15
f 3/11/11 147/16/16 318/14/14
f 4/17/17 147/16/16 320/18/18
f 28/19/19 147/16/16 321/20/20
f 27/13/13 147/16/16 322/21/21
f 4/22/17 148/23/22 321/24/20
f 5/25/23 148/23/22 323/26/24
f 29/27/25 148/23/22 324/28/26
f 28/29/19 148/23/22 325/30/27
f 5/25/23 149/31/28 324/28/26
f 6/32/29 149/31/28 326/33/30
f 30/34/31 149/31/28 327/35/32
f 29/27/25 149/31/28 328/36/33
f 6/32/29 150/37/34 327/35/32
f 7/38/35 150/37/34 329/39/36
f 31/40/37 150/37/34 330/41/38
f 30/34/31 150/37/34 331/42/39
f 7/38/35 151/43/40 330/41/38
f 8/44/41 151/43/40 332/45/42
f 32/46/43 151/43/40 333/47/44
f 31/40/37 151/43/40 334/48/45
f 8/44/41 152/49/46 333/47/44
f 9/50/47 152/49/46 335/51/48
f 33/52/49 152/49/46 336/53/50
f 32/46/43 152/49/46 337/54/51
f 9/50/47 153/55/52 336/53/50
f 10/56/53 153/55/52 338/57/54
f 34/58/55 153/55/52 339/59/56
f 33/52/49 153/55/52 340/60/57
f 10/61/53 154/62/58 339/63/56
f 11/64/59 154/62/58 341/65/60
f 35/66/61 154/62/58 342/67/62
f 34/68/55 154/62/58 343/69/63
f 11/64/59 155/70/64 342/67/62
f 12/71/65 155/70/64 344/72/66
f 36/73/67 155/70/64 345/74/68
f 35/66/61 155/70/64 346/75/69
f 12/71/65 156/76/70 345/74/68
f 13/77/71 156/76/70 347/78/72
f 37/79/73 156/76/70 348/80/74
f 36/73/67 156/76/70 349/81/75
f 13/77/71 157/82/76 348/80/74
f 14/83/77 157/82/76 350/84/78
f 38/85/79 157/82/76 351/86/80
f 37/79/73 157/82/76 352/87/81
f 14/83/77 158/88/82 351/86/80
f 15/89/83 158/88/82 353/90/84
f 39/91/85 158/88/82 354/92/86
f 38/85/79 158/88/82 355/93/87
f 15/89/83 159/94/88 354/92/86
f 16/95/89 159/94/88 356/96/90
f 40/97/91 159/94/88 357/98/92
f 39/91/85 159/94/88 358/99/93
f 16/100/89 160/101/94 357/102/92
f 17/103/95 160/101/94 359/104/96
f 41/105/97 160/101/94 360/106/98
f 40/107/91 160/101/94 361/108/99
f 17/103/95 161/109/100 360/106/98
f 18/110/101 161/109/100 362/111/102
f 42/112/103 161/109/100 363/113/104
f 41/105/97 161/109/100 364/114/105
f 18/110/101 162/115/106 363/113/104
f 19/116/107 162/115/106 365/117/108
f 43/118/109 162/115/106 366/119/110
f 42/112/103 162/115/106 367/120/111
f 19/116/107 163/121/112 366/119/110
f 20/122/113 163/121/112 368/123/114
f 44/124/115 163/121/112 369/125/116
f 43/118/109 163/121/112 370/126/117
f 20/122/113 164/127/118 369/125/116
f 21/128/119 164/127/118 371/129/120
f 45/130/121 164/127/118 372/131/122
f 44/124/115 164/127/118 373/132/123
f 21/128/119 165/133/124 372/131/122
f 22/134/125 165/133/124 374/135/126
f 46/136/127 165/133/124 375/137/128
f 45/130/121 165/133/124 376/138/129
f 22/139/125 166/140/130 375/141/128
f 23/142/131 166/140/130 377/143/132
f 47/144/133 166/140/130 378/145/134
f 46/146/127 166/140/130 379/147/135
f 23/142/131 167/148/136 378/145/134
f 24/149/137 167/148/136 380/150/138
f 48/151/139 167/148/136 381/152/140
f 47/144/133 167/148/136 382/153/141
f 24/149/137 168/154/142 381/152/140
f 1/1/1 168/154/142 383/155/143
f 25/8/8 168/154/142 316/3/3
f 48/151/139 168/154/142 384/156/144
f 313/157/5 409/158/145 2/159/4
f 313/157/5 410/160/146 169/161/147
f 50/162/148 169/161/147 410/160/146
f 49/163/149 169/161/147 385/164/150
f 383/165/143 410/160/146 1/166/1
f 383/165/143 411/167/151 170/168/152
f 51/169/153 170/168/152 411/167/151
f 50/162/148 170/168/152 386/170/154
f 380/171/138 411/167/151 24/172/137
f 380/171/138 412/173/155 171/174/156
f 52/175/157 171/174/156 412/173/155
f 51/169/153 171/174/156 387/176/158
f 377/177/132 412/173/155 23/178/131
f 377/177/132 413/179/159 172/180/160
f 53/181/161 172/180/160 413/179/159
f 52/175/157 172/180/160 388/182/162
f 374/183/126 413/179/159 22/184/125
f 374/183/126 414/185/163 173/186/164
f 54/187/165 173/186/164 414/185/163
f 53/181/161 173/186/164 389/188/166
f 371/189/120 414/185/163 21/190/119
f 371/189/120 415/191/167 174/192/168
f 55/193/169 174/192/168 415/191/167
f 54/187/165 174/192/168 390/194/170
f 368/195/114 415/191/167 20/196/113
f 368/195/114 416/197/171 175/198/172
f 56/199/173 175/198/172 416/197/171
f 55/193/169 175/198/172 391/200/174
f 365/201/108 416/197/171 19/202/107
f 365/201/108 417/203/175 176/204/176
f 57/205/177 176/204/176 417/203/175
f 56/199/173 176/204/176 392/206/178
f 362/207/102 417/203/175 18/208/101
f 362/207/102 418/209/179 177/210/180
f 58/211/181 177/210/180 418/209/179
f 57/205/177 177/210/180 393/212/182
f 359/213/96 418/209/179 17/214/95
f 359/213/96 419/215/183 178/216/184
f 59/217/185 178/216/184 419/215/183
f 58/211/181 178/216/184 394/218/186
f 356/219/90 419/215/183 16/220/89
f 356/219/90 420/221/187 179/222/188
f 60/223/189 179/222/188 420/221/187
f 59/217/185 179/222/188 395/224/190
f 353/225/84 420/221/187 15/226/83
f 353/225/84 421/227/191 180/228/192
f 61/229/193 180/228/192 421/227/191
f 60/223/189 180/228/192 396/230/194
f 350/231/78 421/227/191 14/232/77
f 350/231/78 422/233/195 181/234/196
f 62/235/197 181/234/196 422/233/195
f 61/229/193 181/234/196 397/236/198
f 347/237/72 422/233/195 13/238/71
f 347/237/72 423/239/199 182/240/200
f 63/241/201 182/240/200 423/239/199
f 62/235/197 182/240/200 398/242/202
f 344/243/66 423/239/199 12/244/65
f 344/243/66 424/245/203 183/246/204
f 64/247/205 183/246/204 424/245/203
f 63/241/201 183/246/204 399/248/206
f 341/249/60 424/245/203 11/250/59
f 341/249/60 425/251/207 184/252/208
f 65/253/209 184/252/208 425/251/207
f 64/247/205 184/252/208 400/254/210
f 338/255/54 425/251/207 10/256/53
f 338/255/54 426/257/211 185/258/212
f 66/259/213 185/258/212 426/257/211
f 65/253/209 185/258/212 401/260/214
f 335/261/48 426/257/211 9/262/47
f 335/261/48 427/263/215 186/264/216
f 67/265/217 186/264/216 427/263/215
f 66/259/213 186/264/216 402/266/218
f 332/267/42 427/263/215 8/268/41
f 332/45/42 428/269/219 187/270/220
f 68/271/221 187/272/220 428/273/219
f 67/265/217 187/272/220 403/274/222
f 329/39/36 428/269/219 7/38/35
f 329/275/36 429/276/223 188/277/224
f 69/278/225 188/277/224 429/276/223
f 68/271/221 188/277/224 404/279/226
f 326/280/30 429/276/223 6/281/29
f 326/280/30 430/282/227 189/283/228
f 70/284/229 189/283/228 430/282/227
f 69/278/225 189/283/228 405/285/230
f 323/286/24 430/282/227 5/287/23
f 323/286/24 431/288/231 190/289/232
f 71/290/233 190/289/232 431/288/231
f 70/284/229 190/289/232 406/291/234
f 320/292/18 431/288/231 4/293/17
f 320/292/18 432/294/235 191/295/236
f 72/296/237 191/295/236 432/294/235
f 71/290/233 191/295/236 407/297/238
f 317/298/12 432/294/235 3/299/11
f 317/298/12 409/158/145 192/300/239
f 49/163/149 192/300/239 409/158/145
f 72/296/237 192/300/239 408/301/240
f 315/302/9 457/303/241 25/304/8
f 315/302/9 458/305/242 193/306/243
f 74/307/244 193/306/245 458/305/246
f 73/308/247 193/306/245 433/309/248
f 319/310/15 458/305/242 26/311/6
f 319/310/15 459/312/249 194/313/250
f 75/314/251 194/313/252 459/312/253
f 74/307/244 194/313/252 434/315/254
f 322/316/21 459/312/249 27/317/13
f 322/316/21 460/318/255 195/319/256
f 76/320/257 195/319/258 460/318/259
f 75/314/251 195/319/258 435/321/260
f 325/322/27 460/318/255 28/323/19
f 325/322/27 461/324/261 196/325/262
f 77/326/263 196/325/264 461/324/265
f 76/320/257 196/325/264 436/327/266
f 328/328/33 461/324/261 29/329/25
f 328/328/33 462/330/267 197/331/268
f 78/332/269 197/331/270 462/330/271
f 77/326/263 197/331/270 437/333/272
f 331/42/39 462/334/267 30/34/31
f 331/42/39 463/335/273 198/336/274
f 79/337/275 198/338/276 463/339/277
f 78/332/269 198/338/276 438/340/278
f 334/48/45 463/335/273 31/40/37
f 334/48/45 464/341/279 199/342/280
f 80/343/281 199/344/282 464/345/283
f 79/337/275 199/344/282 439/346/284
f 337/347/51 464/345/279 32/348/43
f 337/347/51 465/349/285 200/350/286
f 81/351/287 200/350/288 465/349/289
f 80/343/281 200/350/288 440/352/290
f 340/353/57 465/349/285 33/354/49
f 340/353/57 466/355/291 201/356/292
f 82/357/293 201/356/294 466/355/295
f 81/351/287 201/356/294 441/358/296
f 343/359/63 466/355/291 34/360/55
f 343/359/63 467/361/297 202/362/298
f 83/363/299 202/362/300 467/361/301
f 82/357/293 202/362/300 442/364/302
f 346/365/69 467/361/297 35/366/61
f 346/365/69 468/367/303 203/368/304
f 84/369/305 203/368/306 468/367/307
f 83/363/299 203/368/306 443/370/308
f 349/371/75 468/367/303 36/372/67
f 349/371/75 469/373/309 204/374/310
f 85/375/311 204/374/312 469/373/313
f 84/369/305 204/374/312 444/376/314
f 352/377/81 469/373/309 37/378/73
f 352/377/81 470/379/315 205/380/316
f 86/381/317 205/380/318 470/379/319
f 85/375/311 205/380/318 445/382/320
f 355/383/87 470/379/315 38/384/79
f 355/383/87 471/385/321 206/386/322
f 87/387/323 206/386/324 471/385/325
f 86/381/317 206/386/324 446/388/326
f 358/389/93 471/385/321 39/390/85
f 358/389/93 472/391/327 207/392/328
f 88/393/329 207/392/330 472/391/331
f 87/387/323 207/392/330 447/394/332
f 361/395/99 472/391/327 40/396/91
f 361/395/99 473/397/333 208/398/334
f 89/399/335 208/398/336 473/397/337
f 88/393/329 208/398/336 448/400/338
f 364/401/105 473/397/333 41/402/97
f 364/401/105 474/403/339 209/404/340
f 90/405/341 209/404/342 474/403/343
f 89/399/335 209/404/342 449/406/344
f 367/407/111 474/403/339 42/408/103
f 367/407/111 475/409/345 210/410/346
f 91/411/347 210/410/348 475/409/349
f 90/405/341 210/410/348 450/412/350
f 370/413/117 475/409/345 43/414/109
f 370/413/117 476/415/351 211/416/352
f 92/417/353 211/416/354 476/415/355
f 91/411/347 211/416/354 451/418/356
f 373/419/123 476/415/351 44/420/115
f 373/419/123 477/421/357 212/422/358
f 93/423/359 212/422/360 477/421/361
f 92/417/353 212/422/360 452/424/362
f 376/425/129 477/421/357 45/426/121
f 376/425/129 478/427/363 213/428/364
f 94/429/365 213/428/366 478/427/367
f 93/423/359 213/428/366 453/430/368
f 379/431/135 478/427/363 46/432/127
f 379/431/135 479/433/369 214/434/370
f 95/435/371 214/434/372 479/433/373
f 94/429/365 214/434/372 454/436/374
f 382/437/141 479/433/369 47/438/133
f 382/437/141 480/439/375 215/440/376
f 96/441/377 215/440/378 480/439/379
f 95/435/371 215/440/378 455/442/380
f 384/443/144 480/439/375 48/444/139
f 384/443/144 457/303/241 216/445/381
f 73/308/247 216/445/382 457/303/383
f 96/441/377 216/445/382 456/446/384
f 385/164/150 505/447/385 49/163/149
f 385/164/150 506/448/386 217/449/387
f 98/450/388 217/449/387 506/448/386
f 97/451/389 217/449/387 481/452/390
f 386/170/154 506/448/386 50/162/148
f 386/170/154 507/453/391 218/454/392
f 99/455/393 218/454/392 507/453/391
f 98/450/388 218/454/392 482/456/394
f 387/176/158 507/453/391 51/169/153
f 387/176/158 508/457/395 219/458/396
f 100/459/397 219/458/396 508/457/395
f 99/455/393 219/458/396 483/460/398
f 388/182/162 508/457/395 52/175/157
f 388/182/162 509/461/399 220/462/400
f 101/463/401 220/462/400 509/461/399
f 100/459/397 220/462/400 484/464/402
f 389/188/166 509/461/399 53/181/161
f 389/188/166 510/465/403 221/466/404
f 102/467/405 221/466/404 510/465/403
f 101/463/401 221/466/404 485/468/406
f 390/194/170 510/465/403 54/187/165
f 390/194/170 511/469/407 222/470/408
f 103/471/409 222/470/408 511/469/407
f 102/467/405 222/470/408 486/472/410
f 391/200/174 511/469/407 55/193/169
f 391/200/174 512/473/411 223/474/412
f 104/475/413 223/474/412 512/473/411
f 103/471/409 223/474/412 487/476/414
f 392/206/178 512/473/411 56/199/173
f 392/206/178 513/477/415 224/478/416
f 105/479/417 224/478/416 513/477/415
f 104/475/413 224/478/416 488/480/418
f 393/212/182 513/477/415 57/205/177
f 393/212/182 514/481/419 225/482/420
f 106/483/421 225/482/420 514/481/419
f 105/479/417 225/482/420 489/484/422
f 394/218/186 514/481/419 58/211/181
f 394/218/186 515/485/423 226/486/424
f 107/487/425 226/486/424 515/485/423
f 106/483/421 226/486/424 490/488/426
f 395/224/190 515/485/423 59/217/185
f 395/224/190 516/489/427 227/490/428
f 108/491/429 227/490/428 516/489/427
f 107/487/425 227/490/428 491/492/430
f 396/230/194 516/489/427 60/223/189
f 396/230/194 517/493/431 228/494/432
f 109/495/433 228/494/432 517/493/431
f 108/491/429 228/494/432 492/496/434
f 397/236/198 517/493/431 61/229/193
f 397/236/198 518/497/435 229/498/436
f 110/499/437 229/498/436 518/497/435
f 109/495/433 229/498/436 493/500/438
f 398/242/202 518/497/435 62/235/197
f 398/242/202 519/501/439 230/502/440
f 111/503/441 230/502/440 519/501/439
f 110/499/437 230/502/440 494/504/442
f 399/248/206 519/501/439 63/241/201
f 399/248/206 520/505/443 231/506/444
f 112/507/445 231/506/444 520/505/443
f 111/503/441 231/506/444 495/508/446
f 400/254/210 520/505/443 64/247/205
f 400/254/210 521/509/447 232/510/448
f 113/511/449 232/510/448 521/509/447
f 112/507/445 232/510/448 496/512/450
f 401/260/214 521/509/447 65/253/209
f 401/260/214 522/513/451 233/514/452
f 114/515/453 233/514/452 522/513/451
f 113/511/449 233/514/452 497/516/454
f 402/266/218 522/513/451 66/259/213
f 402/266/218 523/517/455 234/518/456
f 115/519/457 234/518/456 523/517/455
f 114/515/453 234/518/456 498/520/458
f 403/274/222 523/517/455 67/265/217
f 403/274/222 524/521/459 235/522/460
f 116/523/461 235/522/460 524/521/459
f 115/519/457 235/522/460 499/524/462
f 404/279/226 524/521/459 68/271/221
f 404/279/226 525/525/463 236/526/464
f 117/527/465 236/526/464 525/525/463
f 116/523/461 236/526/464 500/528/466
f 405/285/230 525/525/463 69/278/225
f 405/285/230 526/529/467 237/530/468
f 118/531/469 237/530/468 526/529/467
f 117/527/465 237/530/468 501/532/470
f 406/291/234 526/529/467 70/284/229
f 406/291/234 527/533/471 238/534/472
f 119/535/473 238/534/472 527/533/471
f 118/531/469 238/534/472 502/536/474
f 407/297/238 527/533/471 71/290/233
f 407/297/238 528/537/475 239/538/476
f 120/539/477 239/538/476 528/537/475
f 119/535/473 239/538/476 503/540/478
f 408/301/240 528/537/475 72/296/237
f 408/301/240 505/447/385 240/541/479
f 97/451/389 240/541/479 505/447/385
f 120/539/477 240/541/479 504/542/480
f 433/309/248 553/543/481 73/308/247
f 433/309/248 554/544/482 241/545/483
f 122/546/484 241/545/483 554/544/482
f 121/547/485 241/545/483 529/548/486
f 434/315/254 554/544/482 74/307/244
f 434/315/254 555/549/487 242/550/488
f 123/551/489 242/550/488 555/549/487
f 122/546/484 242/550/488 530/552/490
f 435/321/260 555/549/487 75/314/251
f 435/321/260 556/553/491 243/554/492
f 124/555/493 243/554/492 556/553/491
f 123/551/489 243/554/492 531/556/494
f 436/327/266 556/553/491 76/320/257
f 436/327/266 557/557/495 244/558/496
f 125/559/497 244/558/496 557/557/495
f 124/555/493 244/558/496 532/560/498
f 437/333/272 557/557/495 77/326/263
f 437/333/272 558/561/499 245/562/500
f 126/563/501 245/562/500 558/561/499
f 125/559/497 245/562/500 533/564/502
f 438/340/278 558/561/499 78/332/269
f 438/340/278 559/565/503 246/566/504
f 127/567/505 246/566/504 559/565/503
f 126/563/501 246/566/504 534/568/506
f 439/346/284 559/565/503 79/337/275
f 439/346/284 560/569/507 247/570/508
f 128/571/509 247/570/508 560/569/507
f 127/567/505 247/570/508 535/572/510
f 440/352/290 560/569/507 80/343/281
f 440/352/290 561/573/511 248/574/512
f 129/575/513 248/574/512 561/573/511
f 128/571/509 248/574/512 536/576/514
f 441/358/296 561/573/511 81/351/287
f 441/358/296 562/577/515 249/578/516
f 130/579/517 249/578/516 562/577/515
f 129/575/513 249/578/516 537/580/518
f 442/364/302 562/577/515 82/357/293
f 442/364/302 563/581/519 250/582/520
f 131/583/521 250/582/520 563/581/519
f 130/579/517 250/582/520 538/584/522
f 443/370/308 563/581/519 83/363/299
f 443/370/308 564/585/523 251/586/524
f 132/587/525 251/586/524 564/585/523
f 131/583/521 251/586/524 539/588/526
f 444/376/314 564/585/523 84/369/305
f 444/376/314 565/589/527 252/590/528
f 133/591/529 252/590/528 565/589/527
f 132/587/525 252/590/528 540/592/530
f 445/382/320 565/589/527 85/375/311
f 445/382/320 566/593/531 253/594/532
f 134/595/533 253/594/532 566/593/531
f 133/591/529 253/594/532 541/596/534
f 446/388/326 566/593/531 86/381/317
f 446/388/326 567/597/535 254/598/536
f 135/599/537 254/598/536 567/597/535
f 134/595/533 254/598/536 542/600/538
f 447/394/332 567/597/535 87/387/323
f 447/394/332 568/601/539 255/602/540
f 136/603/541 255/602/540 568/601/539
f 135/599/537 255/602/540 543/604/542
f 448/400/338 568/601/539 88/393/329
f 448/400/338 569/605/543 256/606/544
f 137/607/545 256/606/544 569/605/543
f 136/603/541 256/606/544 544/608/546
f 449/406/344 569/605/543 89/399/335
f 449/406/344 570/609/547 257/610/548
f 138/611/549 257/610/548 570/609/547
f 137/607/545 257/610/548 545/612/550
f 450/412/350 570/609/547 90/405/341
f 450/412/350 571/613/551 258/614/552
f 139/615/553 258/614/552 571/613/551
f 138/611/549 258/614/552 546/616/554
f 451/418/356 571/613/551 91/411/347
f 451/418/356 572/617/555 259/618/556
f 140/619/557 259/618/556 572/617/555
f 139/615/553 259/618/556 547/620/558
f 452/424/362 572/617/555 92/417/353
f 452/424/362 573/621/559 260/622/560
f 141/623/561 260/622/560 573/621/559
f 140/619/557 260/622/560 548/624/562
f 453/430/368 573/621/559 93/423/359
f 453/430/368 574/625/563 261/626/564
f 142/627/565 261/626/564 574/625/563
f 141/623/561 261/626/564 549/628/566
f 454/436/374 574/625/563 94/429/365
f 454/436/374 575/629/567 262/630/568
f 143/631/569 262/630/568 575/629/567
f 142/627/565 262/630/568 550/632/570
f 455/442/380 575/629/567 95/435/371
f 455/442/380 576/633/571 263/634/572
f 144/635/573 263/634/572 576/633/571
f 143/631/569 263/634/572 551/636/574
f 456/446/384 576/633/571 96/441/377
f 456/446/384 553/543/481 264/637/575
f 121/547/485 264/637/575 553/543/481
f 144/635/573 264/637/575 552/638/576
f 481/452/390 577/639/577 97/451/389
f 481/452/390 578/640/578 265/641/579
f 482/456/394 578/640/578 98/450/388
f 482/456/394 579/642/580 266/643/581
f 483/460/398 579/642/580 99/455/393
f 483/460/398 580/644/582 267/645/583
f 484/464/402 580/644/582 100/459/397
f 484/464/402 581/646/584 268/647/585
f 485/468/406 581/646/584 101/463/401
f 485/468/406 582/648/586 269/649/587
f 486/472/410 582/648/586 102/467/405
f 486/472/410 583/650/588 270/651/589
f 487/476/414 583/650/588 103/471/409
f 487/476/414 584/652/590 271/653/591
f 488/480/418 584/652/590 104/475/413
f 488/480/418 585/654/592 272/655/593
f 489/484/422 585/654/592 105/479/417
f 489/484/422 586/656/594 273/657/595
f 490/488/426 586/656/594 106/483/421
f 490/488/426 587/658/596 274/659/597
f 491/492/430 587/658/596 107/487/425
f 491/492/430 588/660/598 275/661/599
f 492/496/434 588/660/598 108/491/429
f 492/496/434 589/662/600 276/663/601
f 493/500/438 589/662/600 109/495/433
f 493/500/438 590/664/602 277/665/603
f 494/504/442 590/664/602 110/499/437
f 494/504/442 591/666/604 278/667/605
f 495/508/446 591/666/604 111/503/441
f 495/508/446 592/668/606 279/669/607
f 496/512/450 592/668/606 112/507/445
f 496/512/450 593/670/608 280/671/609
f 497/516/454 593/670/608 113/511/449
f 497/516/454 594/672/610 281/673/611
f 498/520/458 594/672/610 114/515/453
f 498/520/458 595/674/612 282/675/613
f 499/524/462 595/674/612 115/519/457
f 499/524/462 596/676/614 283/677/615
f 500/528/466 596/676/614 116/523/461
f 500/528/466 597/678/616 284/679/617
f 501/532/470 597/678/616 117/527/465
f 501/532/470 598/680/618 285/681/619
f 502/536/474 598/680/618 118/531/469
f 502/536/474 599/682/620 286/683/621
f 503/540/478 599/682/620 119/535/473
f 503/540/478 600/684/622 287/685/623
f 504/542/480 600/684/622 120/539/477
f 504/542/480 577/639/577 288/686/624
f 529/548/486 601/687/625 121/547/485
f 529/548/486 602/688/626 289/689/627
f 530/552/490 602/688/626 122/546/484
f 530/552/490 603/690/628 290/691/629
f 531/556/494 603/690/628 123/551/489
f 531/556/494 604/692/630 291/693/631
f 532/560/498 604/692/630 124/555/493
f 532/560/498 605/694/632 292/695/633
f 533/564/502 605/694/632 125/559/497
f 533/564/502 606/696/634 293/697/635
f 534/568/506 606/696/634 126/563/501
f 534/568/506 607/698/636 294/699/637
f 535/572/510 607/698/636 127/567/505
f 535/572/510 608/700/638 295/701/639
f 536/576/514 608/700/638 128/571/509
f 536/576/514 609/702/640 296/703/641
f 537/580/518 609/702/640 129/575/513
f 537/580/518 610/704/642 297/705/643
f 538/584/522 610/704/642 130/579/517
f 538/584/522 611/706/644 298/707/645
f 539/588/526 611/706/644 131/583/521
f 539/588/526 612/708/646 299/709/647
f 540/592/530 612/708/646 132/587/525
f 540/592/530 613/710/648 300/711/649
f 541/596/534 613/710/648 133/591/529
f 541/596/534 614/712/650 301/713/651
f 542/600/538 614/712/650 134/595/533
f 542/600/538 615/714/652 302/715/653
f 543/604/542 615/714/652 135/599/537
f 543/604/542 616/716/654 303/717/655
f 544/608/546 616/716/654 136/603/541
f 544/608/546 617/718/656 304/719/657
f 545/612/550 617/718/656 137/607/545
f 545/612/550 618/720/658 305/721/659
f 546/616/554 618/720/658 138/611/549
f 546/616/554 619/722/660 306/723/661
f 547/620/558 619/722/660 139/615/553
f 547/620/558 620/724/662 307/725/663
f 548/624/562 620/724/662 140/619/557
f 548/624/562 621/726/664 308/727/665
f 549/628/566 621/726/664 141/623/561
f 549/628/566 622/728/666 309/729/667
f 550/632/570 622/728/666 142/627/565
f 550/632/570 623/730/668 310/731/669
f 551/636/574 623/730/668 143/631/569
f 551/636/574 624/732/670 311/733/671
f 552/638/576 624/732/670 144/635/573
f 552/638/576 601/687/625 312/734/672
f 289/689/627 649/735/673 601/687/625
f 289/689/627 650/736/673 625/737/673
f 290/691/629 650/736/673 602/688/626
f 290/691/629 651/738/673 626/739/673
f 291/693/631 651/738/673 603/690/628
f 291/693/631 652/740/673 627/741/673
f 292/695/633 652/740/673 604/692/630
f 292/695/633 653/742/673 628/743/673
f 293/697/635 653/742/673 605/694/632
f 293/697/635 654/744/673 629/745/673
f 294/699/637 654/744/673 606/696/634
f 294/699/637 655/746/673 630/747/673
f 295/701/639 655/746/673 607/698/636
f 295/701/639 656/748/673 631/749/673
f 296/703/641 656/748/673 608/700/638
f 296/703/641 657/750/673 632/751/673
f 297/705/643 657/750/673 609/702/640
f 297/705/643 658/752/673 633/753/673
f 298/707/645 658/752/673 610/704/642
f 298/707/645 659/754/673 634/755/673
f 299/709/647 659/754/673 611/706/644
f 299/709/647 660/756/673 635/757/673
f 300/711/649 660/756/673 612/708/646
f 300/711/649 661/758/673 636/759/673
f 301/713/651 661/758/673 613/710/648
f 301/713/651 662/760/673 637/761/673
f 302/715/653 662/760/673 614/712/650
f 302/715/653 663/762/673 638/763/673
f 303/717/655 663/762/673 615/714/652
f 303/717/655 664/764/673 639/765/673
f 304/719/657 664/764/673 616/716/654
f 304/719/657 665/766/673 640/767/673
f 305/721/659 665/766/673 617/718/656
f 305/721/659 666/768/673 641/769/673
f 306/723/661 666/768/673 618/720/658
f 306/723/661 667/770/673 642/771/673
f 307/725/663 667/770/673 619/722/660
f 307/725/663 668/772/673 643/773/673
f 308/727/665 668/772/673 620/724/662
f 308/727/665 669/774/673 644/775/673
f 309/729/667 669/774/673 621/726/664
f 309/729/667 670/776/673 645/777/673
f 310/731/669 670/776/673 622/728/666
f 310/731/669 671/778/673 646/779/673
f 311/733/671 671/778/673 623/730/668
f 311/733/671 672/780/673 647/781/673
f 312/734/672 672/780/673 624/732/670
f 312/734/672 649/735/673 648/782/673
f 649/735/673 625/737/673 673/783/673
f 625/737/673 650/736/673 673/783/673
f 650/736/673 626/739/673 673/783/673
f 626/739/673 651/738/673 673/783/673
f 651/738/673 627/741/673 673/783/673
f 627/741/673 652/740/673 673/783/673
f 652/740/673 628/743/673 673/783/673
f 628/743/673 653/742/673 673/783/673
f 653/742/673 629/745/673 673/783/673
f 629/745/673 654/744/673 673/783/673
f 654/744/673 630/747/673 673/783/673
f 630/747/673 655/746/673 673/783/673
f 655/746/673 631/749/673 673/783/673
f 631/749/673 656/748/673 673/783/673
f 656/748/673 632/751/673 673/783/673
f 632/751/673 657/750/673 673/783/673
f 657/750/673 633/753/673 673/783/673
f 633/753/673 658/752/673 673/783/673
f 658/752/673 634/755/673 673/783/673
f 634/755/673 659/754/673 673/783/673
f 659/754/673 635/757/673 673/783/673
f 635/757/673 660/756/673 673/783/673
f 660/756/673 636/759/673 673/783/673
f 636/759/673 661/758/673 673/783/673
f 661/758/673 637/761/673 673/783/673
f 637/761/673 662/760/673 673/783/673
f 662/760/673 638/763/673 673/783/673
f 638/763/673 663/762/673 673/783/673
f 663/762/673 639/765/673 673/783/673
f 639/765/673 664/764/673 673/783/673
f 664/764/673 640/767/673 673/783/673
f 640/767/673 665/766/673 673/783/673
f 665/766/673 641/769/673 673/783/673
f 641/769/673 666/768/673 673/783/673
f 666/768/673 642/771/673 673/783/673
f 642/771/673 667/770/673 673/783/673
f 667/770/673 643/773/673 673/783/673
f 643/773/673 668/772/673 673/783/673
f 668/772/673 644/775/673 673/783/673
f 644/775/673 669/774/673 673/783/673
f 669/774/673 645/777/673 673/783/673
f 645/777/673 670/776/673 673/783/673
f 670/776/673 646/779/673 673/783/673
f 646/779/673 671/778/673 673/783/673
f 671/778/673 647/781/673 673/783/673
f 647/781/673 672/780/673 673/783/673
f 672/780/673 648/782/673 673/783/673
f 648/782/673 649/735/673 673/783/673
f 265/641/579 698/784/674 577/639/577
f 265/641/579 699/785/674 674/786/674
f 266/643/581 699/785/674 578/640/578
f 266/643/581 700/787/674 675/788/674
f 267/645/583 700/787/674 579/642/580
f 267/645/583 701/789/674 676/790/674
f 268/647/585 701/789/674 580/644/582
f 268/647/585 702/791/674 677/792/674
f 269/649/587 702/791/674 581/646/584
f 269/649/587 703/793/674 678/794/674
f 270/651/589 703/793/674 582/648/586
f 270/651/589 704/795/674 679/796/674
f 271/653/591 704/795/674 583/650/588
f 271/653/591 705/797/674 680/798/674
f 272/655/593 705/797/674 584/652/590
f 272/655/593 706/799/674 681/800/674
f 273/657/595 706/799/674 585/654/592
f 273/657/595 707/801/674 682/802/674
f 274/659/597 707/801/674 586/656/594
f 274/659/597 708/803/674 683/804/674
f 275/661/599 708/803/674 587/658/596
f 275/661/599 709/805/674 684/806/674
f 276/663/601 709/805/674 588/660/598
f 276/663/601 710/807/674 685/808/674
f 277/665/603 710/807/674 589/662/600
f 277/665/603 711/809/674 686/810/674
f 278/667/605 711/809/674 590/664/602
f 278/667/605 712/811/674 687/812/674
f 279/669/607 712/811/674 591/666/604
f 279/669/607 713/813/674 688/814/674
f 280/671/609 713/813/674 592/668/606
f 280/671/609 714/815/674 689/816/674
f 281/673/611 714/815/674 593/670/608
f 281/673/611 715/817/674 690/818/674
f 282/675/613 715/817/674 594/672/610
f 282/675/613 716/819/674 691/820/674
f 283/677/615 716/819/674 595/674/612
f 283/677/615 717/821/674 692/822/674
f 284/679/617 717/821/674 596/676/614
f 284/679/617 718/823/674 693/824/674
f 285/681/619 718/823/674 597/678/616
f 285/681/619 719/825/674 694/826/674
f 286/683/621 719/825/674 598/680/618
f 286/683/621 720/827/674 695/828/674
f 287/685/623 720/827/674 599/682/620
f 287/685/623 721/829/674 696/830/674
f 288/686/624 721/829/674 600/684/622
f 288/686/624 698/784/674 697/831/674
f 698/784/674 674/786/674 722/832/674
f 674/786/674 699/785/674 722/832/674
f 699/785/674 675/788/674 722/832/674
f 675/788/674 700/787/674 722/832/674
f 700/787/674 676/790/674 722/832/674
f 676/790/674 701/789/674 722/832/674
f 701/789/674 677/792/674 722/832/674
f 677/792/674 702/791/674 722/832/674
f 702/791/674 678/794/674 722/832/674
f 678/794/674 703/793/674 722/832/674
f 703/793/674 679/796/674 722/832/674
f 679/796/674 704/795/674 722/832/674
f 704/795/674 680/798/674 722/832/674
f 680/798/674 705/797/674 722/832/674
f 705/797/674 681/800/674 722/832/674
f 681/800/674 706/799/674 722/832/674
f 706/799/674 682/802/674 722/832/674
f 682/802/674 707/801/674 722/832/674
f 707/801/674 683/804/674 722/832/674
f 683/804/674 708/803/674 722/832/674
f 708/803/674 684/806/674 722/832/674
f 684/806/674 709/805/674 722/832/674
f 709/805/674 685/808/674 722/832/674
f 685/808/674 710/807/674 722/832/674
f 710/807/674 686/810/674 722/832/674
f 686/810/674 711/809/674 722/832/674
f 711/809/674 687/812/674 722/832/674
f 687/812/674 712/811/674 722/832/674
f 712/811/674 688/814/674 722/832/674
f 688/814/674 713/813/674 722/832/674
f 713/813/674 689/816/674 722/832/674
f 689/816/674 714/815/674 722/832/674
f 714/815/674 690/818/674 722/832/674
f 690/818/674 715/817/674 722/832/674
f 715/817/674 691/820/674 722/832/674
f 691/820/674 716/819/674 722/832/674
f 716/819/674 692/822/674 722/832/674
f 692/822/674 717/821/674 722/832/674
f 717/821/674 693/824/674 722/832/674
f 693/824/674 718/823/674 722/832/674
f 718/823/674 694/826/674 722/832/674
f 694/826/674 719/825/674 722/832/674
f 719/825/674 695/828/674 722/832/674
f 695/828/674 720/827/674 722/832/674
f 720/827/674 696/830/674 722/832/674
f 696/830/674 721/829/674 722/832/674
f 721/829/674 697/831/674 722/832/674
f 697/831/674 698/784/674 722/832/674
f 1/1/1 313/5/5 145/2/2
f 2/4/4 314/7/7 145/2/2
f 26/6/6 315/9/9 145/2/2
f 25/8/8 316/3/3 145/2/2
f 2/4/4 317/12/12 146/10/10
f 3/11/11 318/14/14 146/10/10
f 27/13/13 319/15/15 146/10/10
f 26/6/6 314/7/7 146/10/10
f 3/11/11 320/18/18 147/16/16
f 4/17/17 321/20/20 147/16/16
f 28/19/19 322/21/21 147/16/16
f 27/13/13 318/14/14 147/16/16
f 4/22/17 323/26/24 148/23/22
f 5/25/23 324/28/26 148/23/22
f 29/27/25 325/30/27 148/23/22
f 28/29/19 321/24/20 148/23/22
f 5/25/23 326/33/30 149/31/28
f 6/32/29 327/35/32 149/31/28
f 30/34/31 328/36/33 149/31/28
f 29/27/25 324/28/26 149/31/28
f 6/32/29 329/39/36 150/37/34
f 7/38/35 330/41/38 150/37/34
f 31/40/37 331/42/39 150/37/34
f 30/34/31 327/35/32 150/37/34
f 7/38/35 332/45/42 151/43/40
f 8/44/41 333/47/44 151/43/40
f 32/46/43 334/48/45 151/43/40
f 31/40/37 330/41/38 151/43/40
f 8/44/41 335/51/48 152/49/46
f 9/50/47 336/53/50 152/49/46
f 33/52/49 337/54/51 152/49/46
f 32/46/43 333/47/44 152/49/46
f 9/50/47 338/57/54 153/55/52
f 10/56/53 339/59/56 153/55/52
f 34/58/55 340/60/57 153/55/52
f 33/52/49 336/53/50 153/55/52
f 10/61/53 341/65/60 154/62/58
f 11/64/59 342/67/62 154/62/58
f 35/66/61 343/69/63 154/62/58
f 34/68/55 339/63/56 154/62/58
f 11/64/59 344/72/66 155/70/64
f 12/71/65 345/74/68 155/70/64
f 36/73/67 346/75/69 155/70/64
f 35/66/61 342/67/62 155/70/64
f 12/71/65 347/78/72 156/76/70
f 13/77/71 348/80/74 156/76/70
f 37/79/73 349/81/75 156/76/70
f 36/73/67 345/74/68 156/76/70
f 13/77/71 350/84/78 157/82/76
f 14/83/77 351/86/80 157/82/76
f 38/85/79 352/87/81 157/82/76
f 37/79/73 348/80/74 157/82/76
f 14/83/77 353/90/84 158/88/82
f 15/89/83 354/92/86 158/88/82
f 39/91/85 355/93/87 158/88/82
f 38/85/79 351/86/80 158/88/82
f 15/89/83 356/96/90 159/94/88
f 16/95/89 357/98/92 159/94/88
f 40/97/91 358/99/93 159/94/88
f 39/91/85 354/92/86 159/94/88
f 16/100/89 359/104/96 160/101/94
f 17/103/95 360/106/98 160/101/94
f 41/105/97 361/108/99 160/101/94
f 40/107/91 357/102/92 160/101/94
f 17/103/95 362/111/102 161/109/100
f 18/110/101 363/113/104 161/109/100
f 42/112/103 364/114/105 161/109/100
f 41/105/97 360/106/98 161/109/100
f 18/110/101 365/117/108 162/115/106
f 19/116/107 366/119/110 162/115/106
f 43/118/109 367/120/111 162/115/106
f 42/112/103 363/113/104 162/115/106
f 19/116/107 368/123/114 163/121/112
f 20/122/113 369/125/116 163/121/112
f 44/124/115 370/126/117 163/121/112
f 43/118/109 366/119/110 163/121/112
f 20/122/113 371/129/120 164/127/118
f 21/128/119 372/131/122 164/127/118
f 45/130/121 373/132/123 164/127/118
f 44/124/115 369/125/116 164/127/118
f 21/128/119 374/135/126 165/133/124
f 22/134/125 375/137/128 165/133/124
f 46/136/127 376/138/129 165/133/124
f 45/130/121 372/131/122 165/133/124
f 22/139/125 377/143/132 166/140/130
f 23/142/131 378/145/134 166/140/130
f 47/144/133 379/147/135 166/140/130
f 46/146/127 375/141/128 166/140/130
f 23/142/131 380/150/138 167/148/136
f 24/149/137 381/152/140 167/148/136
f 48/151/139 382/153/141 167/148/136
f 47/144/133 378/145/134 167/148/136
f 24/149/137 383/155/143 168/154/142
f 1/1/1 316/3/3 168/154/142
f 25/8/8 384/156/144 168/154/142
f 48/151/139 381/152/140 168/154/142
f 313/157/5 169/161/147 409/158/145
f 313/157/5 1/166/1 410/160/146
f 50/162/148 385/164/150 169/161/147
f 49/163/149 409/158/145 169/161/147
f 383/165/143 170/168/152 410/160/146
f 383/165/143 24/172/137 411/167/151
f 51/169/153 386/170/154 170/168/152
f 50/162/148 410/160/146 170/168/152
f 380/171/138 171/174/156 411/167/151
f 380/171/138 23/178/131 412/173/155
f 52/175/157 387/176/158 171/174/156
f 51/169/153 411/167/151 171/174/156
f 377/177/132 172/180/160 412/173/155
f 377/177/132 22/184/125 413/179/159
f 53/181/161 388/182/162 172/180/160
f 52/175/157 412/173/155 172/180/160
f 374/183/126 173/186/164 413/179/159
f 374/183/126 21/190/119 414/185/163
f 54/187/165 389/188/166 173/186/164
f 53/181/161 413/179/159 173/186/164
f 371/189/120 174/192/168 414/185/163
f 371/189/120 20/196/113 415/191/167
f 55/193/169 390/194/170 174/192/168
f 54/187/165 414/185/163 174/192/168
f 368/195/114 175/198/172 415/191/167
f 368/195/114 19/202/107 416/197/171
f 56/199/173 391/200/174 175/198/172
f 55/193/169 415/191/167 175/198/172
f 365/201/108 176/204/176 416/197/171
f 365/201/108 18/208/101 417/203/175
f 57/205/177 392/206/178 176/204/176
f 56/199/173 416/197/171 176/204/176
f 362/207/102 177/210/180 417/203/175
f 362/207/102 17/214/95 418/209/179
f 58/211/181 393/212/182 177/210/180
f 57/205/177 417/203/175 177/210/180
f 359/213/96 178/216/184 418/209/179
f 359/213/96 16/220/89 419/215/183
f 59/217/185 394/218/186 178/216/184
f 58/211/181 418/209/179 178/216/184
f 356/219/90 179/222/188 419/215/183
f 356/219/90 15/226/83 420/221/187
f 60/223/189 395/224/190 179/222/188
f 59/217/185 419/215/183 179/222/188
f 353/225/84 180/228/192 420/221/187
f 353/225/84 14/232/77 421/227/191
f 61/229/193 396/230/194 180/228/192
f 60/223/189 420/221/187 180/228/192
f 350/231/78 181/234/196 421/227/191
f 350/231/78 13/238/71 422/233/195
f 62/235/197 397/236/198 181/234/196
f 61/229/193 421/227/191 181/234/196
f 347/237/72 182/240/200 422/233/195
f 347/237/72 12/244/65 423/239/199
f 63/241/201 398/242/202 182/240/200
f 62/235/197 422/233/195 182/240/200
f 344/243/66 183/246/204 423/239/199
f 344/243/66 11/250/59 424/245/203
f 64/247/205 399/248/206 183/246/204
f 63/241/201 423/239/199 183/246/204
f 341/249/60 184/252/208 424/245/203
f 341/249/60 10/256/53 425/251/207
f 65/253/209 400/254/210 184/252/208
f 64/247/205 424/245/203 184/252/208
f 338/255/54 185/258/212 425/251/207
f 338/255/54 9/262/47 426/257/211
f 66/259/213 401/260/214 185/258/212
f 65/253/209 425/251/207 185/258/212
f 335/261/48 186/264/216 426/257/211
f 335/261/48 8/268/41 427/263/215
f 67/265/217 402/266/218 186/264/216
f 66/259/213 426/257/211 186/264/216
f 332/267/42 187/272/220 427/263/215
f 332/45/42 7/38/35 428/269/219
f 68/271/221 403/274/222 187/272/220
f 67/265/217 427/263/215 187/272/220
f 329/39/36 188/833/224 428/269/219
f 329/275/36 6/281/29 429/276/223
f 69/278/225 404/279/226 188/277/224
f 68/271/221 428/273/219 188/277/224
f 326/280/30 189/283/228 429/276/223
f 326/280/30 5/287/23 430/282/227
f 70/284/229 405/285/230 189/283/228
f 69/278/225 429/276/223 189/283/228
f 323/286/24 190/289/232 430/282/227
f 323/286/24 4/293/17 431/288/231
f 71/290/233 406/291/234 190/289/232
f 70/284/229 430/282/227 190/289/232
f 320/292/18 191/295/236 431/288/231
f 320/292/18 3/299/11 432/294/235
f 72/296/237 407/297/238 191/295/236
f 71/290/233 431/288/231 191/295/236
f 317/298/12 192/300/239 432/294/235
f 317/298/12 2/159/4 409/158/145
f 49/163/149 408/301/240 192/300/239
f 72/296/237 432/294/235 192/300/239
f 315/302/9 193/306/243 457/303/241
f 315/302/9 26/311/6 458/305/242
f 74/307/244 433/309/248 193/306/245
f 73/308/247 457/303/383 193/306/245
f 319/310/15 194/313/250 458/305/242
f 319/310/15 27/317/13 459/312/249
f 75/314/251 434/315/254 194/313/252
f 74/307/244 458/305/246 194/313/252
f 322/316/21 195/319/256 459/312/249
f 322/316/21 28/323/19 460/318/255
f 76/320/257 435/321/260 195/319/258
f 75/314/251 459/312/253 195/319/258
f 325/322/27 196/325/262 460/318/255
f 325/322/27 29/329/25 461/324/261
f 77/326/263 436/327/266 196/325/264
f 76/320/257 460/318/259 196/325/264
f 328/328/33 197/331/268 461/324/261
f 328/328/33 30/834/31 462/330/267
f 78/332/269 437/333/272 197/331/270
f 77/326/263 461/324/265 197/331/270
f 331/42/39 198/336/274 462/334/267
f 331/42/39 31/40/37 463/335/273
f 79/337/275 438/340/278 198/338/276
f 78/332/269 462/330/271 198/338/276
f 334/48/45 199/342/280 463/335/273
f 334/48/45 32/46/43 464/341/279
f 80/343/281 439/346/284 199/344/282
f 79/337/275 463/339/277 199/344/282
f 337/347/51 200/350/286 464/345/279
f 337/347/51 33/354/49 465/349/285
f 81/351/287 440/352/290 200/350/288
f 80/343/281 464/345/283 200/350/288
f 340/353/57 201/356/292 465/349/285
f 340/353/57 34/360/55 466/355/291
f 82/357/293 441/358/296 201/356/294
f 81/351/287 465/349/289 201/356/294
f 343/359/63 202/362/298 466/355/291
f 343/359/63 35/366/61 467/361/297
f 83/363/299 442/364/302 202/362/300
f 82/357/293 466/355/295 202/362/300
f 346/365/69 203/368/304 467/361/297
f 346/365/69 36/372/67 468/367/303
f 84/369/305 443/370/308 203/368/306
f 83/363/299 467/361/301 203/368/306
f 349/371/75 204/374/310 468/367/303
f 349/371/75 37/378/73 469/373/309
f 85/375/311 444/376/314 204/374/312
f 84/369/305 468/367/307 204/374/312
f 352/377/81 205/380/316 469/373/309
f 352/377/81 38/384/79 470/379/315
f 86/381/317 445/382/320 205/380/318
f 85/375/311 469/373/313 205/380/318
f 355/383/87 206/386/322 470/379/315
f 355/383/87 39/390/85 471/385/321
f 87/387/323 446/388/326 206/386/324
f 86/381/317 470/379/319 206/386/324
f 358/389/93 207/392/328 471/385/321
f 358/389/93 40/396/91 472/391/327
f 88/393/329 447/394/332 207/392/330
f 87/387/323 471/385/325 207/392/330
f 361/395/99 208/398/334 472/391/327
f 361/395/99 41/402/97 473/397/333
f 89/399/335 448/400/338 208/398/336
f 88/393/329 472/391/331 208/398/336
f 364/401/105 209/404/340 473/397/333
f 364/401/105 42/408/103 474/403/339
f 90/405/341 449/406/344 209/404/342
f 89/399/335 473/397/337 209/404/342
f 367/407/111 210/410/346 474/403/339
f 367/407/111 43/414/109 475/409/345
f 91/411/347 450/412/350 210/410/348
f 90/405/341 474/403/343 210/410/348
f 370/413/117 211/416/352 475/409/345
f 370/413/117 44/420/115 476/415/351
f 92/417/353 451/418/356 211/416/354
f 91/411/347 475/409/349 211/416/354
f 373/419/123 212/422/358 476/415/351
f 373/419/123 45/426/121 477/421/357
f 93/423/359 452/424/362 212/422/360
f 92/417/353 476/415/355 212/422/360
f 376/425/129 213/428/364 477/421/357
f 376/425/129 46/432/127 478/427/363
f 94/429/365 453/430/368 213/428/366
f 93/423/359 477/421/361 213/428/366
f 379/431/135 214/434/370 478/427/363
f 379/431/135 47/438/133 479/433/369
f 95/435/371 454/436/374 214/434/372
f 94/429/365 478/427/367 214/434/372
f 382/437/141 215/440/376 479/433/369
f 382/437/141 48/444/139 480/439/375
f 96/441/377 455/442/380 215/440/378
f 95/435/371 479/433/373 215/440/378
f 384/443/144 216/445/381 480/439/375
f 384/443/144 25/304/8 457/303/241
f 73/308/247 456/446/384 216/445/382
f 96/441/377 480/439/379 216/445/382
f 385/164/150 217/449/387 505/447/385
f 385/164/150 50/162/148 506/448/386
f 98/450/388 481/452/390 217/449/387
f 97/451/389 505/447/385 217/449/387
f 386/170/154 218/454/392 506/448/386
f 386/170/154 51/169/153 507/453/391
f 99/455/393 482/456/394 218/454/392
f 98/450/388 506/448/386 218/454/392
f 387/176/158 219/458/396 507/453/391
f 387/176/158 52/175/157 508/457/395
f 100/459/397 483/460/398 219/458/396
f 99/455/393 507/453/391 219/458/396
f 388/182/162 220/462/400 508/457/395
f 388/182/162 53/181/161 509/461/399
f 101/463/401 484/464/402 220/462/400
f 100/459/397 508/457/395 220/462/400
f 389/188/166 221/466/404 509/461/399
f 389/188/166 54/187/165 510/465/403
f 102/467/405 485/468/406 221/466/404
f 101/463/401 509/461/399 221/466/404
f 390/194/170 222/470/408 510/465/403
f 390/194/170 55/193/169 511/469/407
f 103/471/409 486/472/410 222/470/408
f 102/467/405 510/465/403 222/470/408
f 391/200/174 223/474/412 511/469/407
f 391/200/174 56/199/173 512/473/411
f 104/475/413 487/476/414 223/474/412
f 103/471/409 511/469/407 223/474/412
f 392/206/178 224/478/416 512/473/411
f 392/206/178 57/205/177 513/477/415
f 105/479/417 488/480/418 224/478/416
f 104/475/413 512/473/411 224/478/416
f 393/212/182 225/482/420 513/477/415
f 393/212/182 58/211/181 514/481/419
f 106/483/421 489/484/422 225/482/420
f 105/479/417 513/477/415 225/482/420
f 394/218/186 226/486/424 514/481/419
f 394/218/186 59/217/185 515/485/423
f 107/487/425 490/488/426 226/486/424
f 106/483/421 514/481/419 226/486/424
f 395/224/190 227/490/428 515/485/423
f 395/224/190 60/223/189 516/489/427
f 108/491/429 491/492/430 227/490/428
f 107/487/425 515/485/423 227/490/428
f 396/230/194 228/494/432 516/489/427
f 396/230/194 61/229/193 517/493/431
f 109/495/433 492/496/434 228/494/432
f 108/491/429 516/489/427 228/494/432
f 397/236/198 229/498/436 517/493/431
f 397/236/198 62/235/197 518/497/435
f 110/499/437 493/500/438 229/498/436
f 109/495/433 517/493/431 229/498/436
f 398/242/202 230/502/440 518/497/435
f 398/242/202 63/241/201 519/501/439
f 111/503/441 494/504/442 230/502/440
f 110/499/437 518/497/435 230/502/440
f 399/248/206 231/506/444 519/501/439
f 399/248/206 64/247/205 520/505/443
f 112/507/445 495/508/446 231/506/444
f 111/503/441 519/501/439 231/506/444
f 400/254/210 232/510/448 520/505/443
f 400/254/210 65/253/209 521/509/447
f 113/511/449 496/512/450 232/510/448
f 112/507/445 520/505/443 232/510/448
f 401/260/214 233/514/452 521/509/447
f 401/260/214 66/259/213 522/513/451
f 114/515/453 497/516/454 233/514/452
f 113/511/449 521/509/447 233/514/452
f 402/266/218 234/518/456 522/513/451
f 402/266/218 67/265/217 523/517/455
f 115/519/457 498/520/458 234/518/456
f 114/515/453 522/513/451 234/518/456
f 403/274/222 235/522/460 523/517/455
f 403/274/222 68/271/221 524/521/459
f 116/523/461 499/524/462 235/522/460
f 115/519/457 523/517/455 235/522/460
f 404/279/226 236/526/464 524/521/459
f 404/279/226 69/278/225 525/525/463
f 117/527/465 500/528/466 236/526/464
f 116/523/461 524/521/459 236/526/464
f 405/285/230 237/530/468 525/525/463
f 405/285/230 70/284/229 526/529/467
f 118/531/469 501/532/470 237/530/468
f 117/527/465 525/525/463 237/530/468
f 406/291/234 238/534/472 526/529/467
f 406/291/234 71/290/233 527/533/471
f 119/535/473 502/536/474 238/534/472
f 118/531/469 526/529/467 238/534/472
f 407/297/238 239/538/476 527/533/471
f 407/297/238 72/296/237 528/537/475
f 120/539/477 503/540/478 239/538/476
f 119/535/473 527/533/471 239/538/476
f 408/301/240 240/541/479 528/537/475
f 408/301/240 49/163/149 505/447/385
f 97/451/389 504/542/480 240/541/479
f 120/539/477 528/537/475 240/541/479
f 433/309/248 241/545/483 553/543/481
f 433/309/248 74/307/244 554/544/482
f 122/546/484 529/548/486 241/545/483
f 121/547/485 553/543/481 241/545/483
f 434/315/254 242/550/488 554/544/482
f 434/315/254 75/314/251 555/549/487
f 123/551/489 530/552/490 242/550/488
f 122/546/484 554/544/482 242/550/488
f 435/321/260 243/554/492 555/549/487
f 435/321/260 76/320/257 556/553/491
f 124/555/493 531/556/494 243/554/492
f 123/551/489 555/549/487 243/554/492
f 436/327/266 244/558/496 556/553/491
f 436/327/266 77/326/263 557/557/495
f 125/559/497 532/560/498 244/558/496
f 124/555/493 556/553/491 244/558/496
f 437/333/272 245/562/500 557/557/495
f 437/333/272 78/332/269 558/561/499
f 126/563/501 533/564/502 245/562/500
f 125/559/497 557/557/495 245/562/500
f 438/340/278 246/566/504 558/561/499
f 438/340/278 79/337/275 559/565/503
f 127/567/505 534/568/506 246/566/504
f 126/563/501 558/561/499 246/566/504
f 439/346/284 247/570/508 559/565/503
f 439/346/284 80/343/281 560/569/507
f 128/571/509 535/572/510 247/570/508
f 127/567/505 559/565/503 247/570/508
f 440/352/290 248/574/512 560/569/507
f 440/352/290 81/351/287 561/573/511
f 129/575/513 536/576/514 248/574/512
f 128/571/509 560/569/507 248/574/512
f 441/358/296 249/578/516 561/573/511
f 441/358/296 82/357/293 562/577/515
f 130/579/517 537/580/518 249/578/516
f 129/575/513 561/573/511 249/578/516
f 442/364/302 250/582/520 562/577/515
f 442/364/302 83/363/299 563/581/519
f 131/583/521 538/584/522 250/582/520
f 130/579/517 562/577/515 250/582/520
f 443/370/308 251/586/524 563/581/519
f 443/370/308 84/369/305 564/585/523
f 132/587/525 539/588/526 251/586/524
f 131/583/521 563/581/519 251/586/524
f 444/376/314 252/590/528 564/585/523
f 444/376/314 85/375/311 565/589/527
f 133/591/529 540/592/530 252/590/528
f 132/587/525 564/585/523 252/590/528
f 445/382/320 253/594/532 565/589/527
f 445/382/320 86/381/317 566/593/531
f 134/595/533 541/596/534 253/594/532
f 133/591/529 565/589/527 253/594/532
f 446/388/326 254/598/536 566/593/531
f 446/388/326 87/387/323 567/597/535
f 135/599/537 542/600/538 254/598/536
f 134/595/533 566/593/531 254/598/536
f 447/394/332 255/602/540 567/597/535
f 447/394/332 88/393/329 568/601/539
f 136/603/541 543/604/542 255/602/540
f 135/599/537 567/597/535 255/602/540
f 448/400/338 256/606/544 568/601/539
f 448/400/338 89/399/335 569/605/543
f 137/607/545 544/608/546 256/606/544
f 136/603/541 568/601/539 256/606/544
f 449/406/344 257/610/548 569/605/543
f 449/406/344 90/405/341 570/609/547
f 138/611/549 545/612/550 257/610/548
f 137/607/545 569/605/543 257/610/548
f 450/412/350 258/614/552 570/609/547
f 450/412/350 91/411/347 571/613/551
f 139/615/553 546/616/554 258/614/552
f 138/611/549 570/609/547 258/614/552
f 451/418/356 259/618/556 571/613/551
f 451/418/356 92/417/353 572/617/555
f 140/619/557 547/620/558 259/618/556
f 139/615/553 571/613/551 259/618/556
f 452/424/362 260/622/560 572/617/555
f 452/424/362 93/423/359 573/621/559
f 141/623/561 548/624/562 260/622/560
f 140/619/557 572/617/555 260/622/560
f 453/430/368 261/626/564 573/621/559
f 453/430/368 94/429/365 574/625/563
f 142/627/565 549/628/566 261/626/564
f 141/623/561 573/621/559 261/626/564
f 454/436/374 262/630/568 574/625/563
f 454/436/374 95/435/371 575/629/567
f 143/631/569 550/632/570 262/630/568
f 142/627/565 574/625/563 262/630/568
f 455/442/380 263/634/572 575/629/567
f 455/442/380 96/441/377 576/633/571
f 144/635/573 551/636/574 263/634/572
f 143/631/569 575/629/567 263/634/572
f 456/446/384 264/637/575 576/633/571
f 456/446/384 73/308/247 553/543/481
f 121/547/485 552/638/576 264/637/575
f 144/635/573 576/633/571 264/637/575
f 481/452/390 265/641/579 577/639/577
f 481/452/390 98/450/388 578/640/578
f 482/456/394 266/643/581 578/640/578
f 482/456/394 99/455/393 579/642/580
f 483/460/398 267/645/583 579/642/580
f 483/460/398 100/459/397 580/644/582
f 484/464/402 268/647/585 580/644/582
f 484/464/402 101/463/401 581/646/584
f 485/468/406 269/649/587 581/646/584
f 485/468/406 102/467/405 582/648/586
f 486/472/410 270/651/589 582/648/586
f 486/472/410 103/471/409 583/650/588
f 487/476/414 271/653/591 583/650/588
f 487/476/414 104/475/413 584/652/590
f 488/480/418 272/655/593 584/652/590
f 488/480/418 105/479/417 585/654/592
f 489/484/422 273/657/595 585/654/592
f 489/484/422 106/483/421 586/656/594
f 490/488/426 274/659/597 586/656/594
f 490/488/426 107/487/425 587/658/596
f 491/492/430 275/661/599 587/658/596
f 491/492/430 108/491/429 588/660/598
f 492/496/434 276/663/601 588/660/598
f 492/496/434 109/495/433 589/662/600
f 493/500/438 277/665/603 589/662/600
f 493/500/438 110/499/437 590/664/602
f 494/504/442 278/667/605 590/664/602
f 494/504/442 111/503/441 591/666/604
f 495/508/446 279/669/607 591/666/604
f 495/508/446 112/507/445 592/668/606
f 496/512/450 280/671/609 592/668/606
f 496/512/450 113/511/449 593/670/608
f 497/516/454 281/673/611 593/670/608
f 497/516/454 114/515/453 594/672/610
f 498/520/458 282/675/613 594/672/610
f 498/520/458 115/519/457 595/674/612
f 499/524/462 283/677/615 595/674/612
f 499/524/462 116/523/461 596/676/614
f 500/528/466 284/679/617 596/676/614
f 500/528/466 117/527/465 597/678/616
f 501/532/470 285/681/619 597/678/616
f 501/532/470 118/531/469 598/680/618
f 502/536/474 286/683/621 598/680/618
f 502/536/474 119/535/473 599/682/620
f 503/540/478 287/685/623 599/682/620
f 503/540/478 120/539/477 600/684/622
f 504/542/480 288/686/624 600/684/622
f 504/542/480 97/451/389 577/639/577
f 529/548/486 289/689/627 601/687/625
f 529/548/486 122/546/484 602/688/626
f 530/552/490 290/691/629 602/688/626
f 530/552/490 123/551/489 603/690/628
f 531/556/494 291/693/631 603/690/628
f 531/556/494 124/555/493 604/692/630
f 532/560/498 292/695/633 604/692/630
f 532/560/498 125/559/497 605/694/632
f 533/564/502 293/697/635 605/694/632
f 533/564/502 126/563/501 606/696/634
f 534/568/506 294/699/637 606/696/634
f 534/568/506 127/567/505 607/698/636
f 535/572/510 295/701/639 607/698/636
f 535/572/510 128/571/509 608/700/638
f 536/576/514 296/703/641 608/700/638
f 536/576/514 129/575/513 609/702/640
f 537/580/518 297/705/643 609/702/640
f 537/580/518 130/579/517 610/704/642
f 538/584/522 298/707/645 610/704/642
f 538/584/522 131/583/521 611/706/644
f 539/588/526 299/709/647 611/706/644
f 539/588/526 132/587/525 612/708/646
f 540/592/530 300/711/649 612/708/646
f 540/592/530 133/591/529 613/710/648
f 541/596/534 301/713/651 613/710/648
f 541/596/534 134/595/533 614/712/650
f 542/600/538 302/715/653 614/712/650
f 542/600/538 135/599/537 615/714/652
f 543/604/542 303/717/655 615/714/652
f 543/604/542 136/603/541 616/716/654
f 544/608/546 304/719/657 616/716/654
f 544/608/546 137/607/545 617/718/656
f 545/612/550 305/721/659 617/718/656
f 545/612/550 138/611/549 618/720/658
f 546/616/554 306/723/661 618/720/658
f 546/616/554 139/615/553 619/722/660
f 547/620/558 307/725/663 619/722/660
f 547/620/558 140/619/557 620/724/662
f 548/624/562 308/727/665 620/724/662
f 548/624/562 141/623/561 621/726/664
f 549/628/566 309/729/667 621/726/664
f 549/628/566 142/627/565 622/728/666
f 550/632/570 310/731/669 622/728/666
f 550/632/570 143/631/569 623/730/668
f 551/636/574 311/733/671 623/730/668
f 551/636/574 144/635/573 624/732/670
f 552/638/576 312/734/672 624/732/670
f 552/638/576 121/547/485 601/687/625
f 289/689/627 625/737/673 649/735/673
f 289/689/627 602/688/626 650/736/673
f 290/691/629 626/739/673 650/736/673
f 290/691/629 603/690/628 651/738/673
f 291/693/631 627/741/673 651/738/673
f 291/693/631 604/692/630 652/740/673
f 292/695/633 628/743/673 652/740/673
f 292/695/633 605/694/632 653/742/673
f 293/697/635 629/745/673 653/742/673
f 293/697/635 606/696/634 654/744/673
f 294/699/637 630/747/673 654/744/673
f 294/699/637 607/698/636 655/746/673
f 295/701/639 631/749/673 655/746/673
f 295/701/639 608/700/638 656/748/673
f 296/703/641 632/751/673 656/748/673
f 296/703/641 609/702/640 657/750/673
f 297/705/643 633/753/673 657/750/673
f 297/705/643 610/704/642 658/752/673
f 298/707/645 634/755/673 658/752/673
f 298/707/645 611/706/644 659/754/673
f 299/709/647 635/757/673 659/754/673
f 299/709/647 612/708/646 660/756/673
f 300/711/649 636/759/673 660/756/673
f 300/711/649 613/710/648 661/758/673
f 301/713/651 637/761/673 661/758/673
f 301/713/651 614/712/650 662/760/673
f 302/715/653 638/763/673 662/760/673
f 302/715/653 615/714/652 663/762/673
f 303/717/655 639/765/673 663/762/673
f 303/717/655 616/716/654 664/764/673
f 304/719/657 640/767/673 664/764/673
f 304/719/657 617/718/656 665/766/673
f 305/721/659 641/769/673 665/766/673
f 305/721/659 618/720/658 666/768/673
f 306/723/661 642/771/673 666/768/673
f 306/723/661 619/722/660 667/770/673
f 307/725/663 643/773/673 667/770/673
f 307/725/663 620/724/662 668/772/673
f 308/727/665 644/775/673 668/772/673
f 308/727/665 621/726/664 669/774/673
f 309/729/667 645/777/673 669/774/673
f 309/729/667 622/728/666 670/776/673
f 310/731/669 646/779/673 670/776/673
f 310/731/669 623/730/668 671/778/673
f 311/733/671 647/781/673 671/778/673
f 311/733/671 624/732/670 672/780/673
f 312/734/672 648/782/673 672/780/673
f 312/734/672 601/687/625 649/735/673
f 265/641/579 674/786/674 698/784/674
f 265/641/579 578/640/578 699/785/674
f 266/643/581 675/788/674 699/785/674
f 266/643/581 579/642/580 700/787/674
f 267/645/583 676/790/674 700/787/674
f 267/645/583 580/644/582 701/789/674
f 268/647/585 677/792/674 701/789/674
f 268/647/585 581/646/584 702/791/674
f 269/649/587 678/794/674 702/791/674
f 269/649/587 582/648/586 703/793/674
f 270/651/589 679/796/674 703/793/674
f 270/651/589 583/650/588 704/795/674
f 271/653/591 680/798/674 704/795/674
f 271/653/591 584/652/590 705/797/674
f 272/655/593 681/800/674 705/797/674
f 272/655/593 585/654/592 706/799/674
f 273/657/595 682/802/674 706/799/674
f 273/657/595 586/656/594 707/801/674
f 274/659/597 683/804/674 707/801/674
f 274/659/597 587/658/596 708/803/674
f 275/661/599 684/806/674 708/803/674
f 275/661/599 588/660/598 709/805/674
f 276/663/601 685/808/674 709/805/674
f 276/663/601 589/662/600 710/807/674
f 277/665/603 686/810/674 710/807/674
f 277/665/603 590/664/602 711/809/674
f 278/667/605 687/812/674 711/809/674
f 278/667/605 591/666/604 712/811/674
f 279/669/607 688/814/674 712/811/674
f 279/669/607 592/668/606 713/813/674
f 280/671/609 689/816/674 713/813/674
f 280/671/609 593/670/608 714/815/674
f 281/673/611 690/818/674 714/815/674
f 281/673/611 594/672/610 715/817/674
f 282/675/613 691/820/674 715/817/674
f 282/675/613 595/674/612 716/819/674
f 283/677/615 692/822/674 716/819/674
f 283/677/615 596/676/614 717/821/674
f 284/679/617 693/824/674 717/821/674
f 284/679/617 597/678/616 718/823/674
f 285/681/619 694/826/674 718/823/674
f 285/681/619 598/680/618 719/825/674
f 286/683/621 695/828/674 719/825/674
f 286/683/621 599/682/620 720/827/674
f 287/685/623 696/830/674 720/827/674
f 287/685/623 600/684/622 721/829/674
f 288/686/624 697/831/674 721/829/674
f 288/686/624 577/639/577 698/784/674
