# Blender 4.0.0
# www.blender.org
o Microwave052_Body001
v 0.264287 0.163724 0.177397
v -0.259120 0.168116 0.175042
v -0.261297 0.168116 0.175042
v -0.263296 0.168116 0.175026
v -0.264930 0.168116 0.174657
v -0.266278 0.168116 0.174009
v -0.267370 0.168116 0.173132
v -0.268207 0.168116 0.172062
v -0.268775 0.168116 0.170827
v -0.269050 0.168116 0.169448
v -0.269057 0.168116 0.167972
v -0.268575 0.168116 -0.155042
v 0.268593 0.168116 -0.155042
v 0.269075 0.168116 0.167972
v 0.269068 0.168116 0.169448
v 0.268794 0.168116 0.170827
v 0.268225 0.168116 0.172062
v 0.267388 0.168116 0.173132
v 0.266297 0.168116 0.174009
v 0.264949 0.168116 0.174657
v 0.263314 0.168116 0.175026
v 0.265696 0.163724 0.177268
v 0.264287 -0.119029 0.177397
v -0.264268 -0.119029 0.177397
v -0.265678 -0.119029 0.177268
v -0.267005 -0.119029 0.176896
v -0.268227 -0.119029 0.176304
v -0.269323 -0.119029 0.175515
v -0.270269 -0.119029 0.174551
v -0.271044 -0.119029 0.173435
v -0.271624 -0.119029 0.172190
v -0.271989 -0.119029 0.170837
v -0.272116 -0.119029 0.169401
v -0.272116 -0.119029 -0.157643
v 0.272134 -0.119029 -0.157643
v 0.272134 -0.119029 0.169401
v 0.272008 -0.119029 0.170837
v 0.271643 -0.119029 0.172190
v 0.271062 -0.119029 0.173435
v 0.270287 -0.119029 0.174551
v 0.269341 -0.119029 0.175515
v 0.268246 -0.119029 0.176304
v 0.267023 -0.119029 0.176896
v 0.265696 -0.119029 0.177268
v 0.228950 0.168116 0.154644
v -0.228932 0.168116 0.154644
v -0.231538 0.168116 -0.145462
v 0.231556 0.168116 -0.127836
v 0.000009 0.179481 0.127668
v 0.259138 0.168116 0.175042
v -0.264268 0.163724 0.177397
v -0.265678 0.163724 0.177268
v -0.267005 0.163724 0.176896
v -0.268227 0.163724 0.176304
v -0.269323 0.163724 0.175515
v -0.270269 0.163724 0.174551
v -0.271044 0.163724 0.173435
v -0.271624 0.163724 0.172190
v -0.271989 0.163724 0.170837
v -0.272116 0.163724 0.169401
v -0.272116 0.163724 -0.157643
v 0.272134 0.163724 -0.157643
v 0.272134 0.163724 0.169401
v 0.272008 0.163724 0.170837
v 0.271643 0.163724 0.172190
v 0.271062 0.163724 0.173435
v 0.270287 0.163724 0.174551
v 0.269341 0.163724 0.175515
v 0.268246 0.163724 0.176304
v 0.267023 0.163724 0.176896
v 0.261316 0.168116 0.175042
v 0.222187 0.179481 0.151869
v -0.222168 0.179481 0.151869
v -0.224929 0.179481 -0.139458
v 0.224948 0.179481 -0.121832
v 0.130038 -0.119029 0.128272
v -0.251012 -0.119029 0.128272
v -0.252028 -0.119029 0.128172
v -0.252985 -0.119029 0.127884
v -0.253866 -0.119029 0.127425
v -0.254656 -0.119029 0.126812
v -0.255338 -0.119029 0.126065
v -0.255897 -0.119029 0.125199
v -0.256315 -0.119029 0.124233
v -0.256578 -0.119029 0.123184
v -0.256670 -0.119029 0.122070
v -0.256670 -0.119029 -0.149223
v 0.135695 -0.119029 -0.149223
v 0.135695 -0.119029 0.122070
v 0.135604 -0.119029 0.123184
v 0.135341 -0.119029 0.124233
v 0.134922 -0.119029 0.125199
v 0.134364 -0.119029 0.126065
v 0.133682 -0.119029 0.126812
v 0.132892 -0.119029 0.127425
v 0.132011 -0.119029 0.127884
v 0.131054 -0.119029 0.128172
v 0.130038 0.137275 0.128272
v -0.251012 0.137275 0.128272
v -0.252028 0.137275 0.128172
v -0.252985 0.137275 0.127884
v -0.253866 0.137275 0.127425
v -0.254656 0.137275 0.126812
v -0.255338 0.137275 0.126065
v -0.255897 0.137275 0.125199
v -0.256315 0.137275 0.124233
v -0.256578 0.137275 0.123184
v -0.256670 0.137275 0.122070
v -0.256670 0.137275 -0.149223
v 0.135695 0.137275 -0.149223
v 0.135695 0.137275 0.122070
v 0.135604 0.137275 0.123184
v 0.135341 0.137275 0.124233
v 0.134922 0.137275 0.125199
v 0.134364 0.137275 0.126065
v 0.133682 0.137275 0.126812
v 0.132892 0.137275 0.127425
v 0.132011 0.137275 0.127884
v 0.131054 0.137275 0.128172
v -0.239620 -0.101980 -0.145485
v 0.118646 -0.101980 -0.145485
v 0.118646 0.120226 -0.145485
v -0.239620 0.120226 -0.145485
v 0.264287 -0.119189 0.177397
v -0.264268 -0.119189 0.177397
v -0.265678 -0.119189 0.177268
v -0.267005 -0.119189 0.176896
v -0.268227 -0.119189 0.176304
v -0.269323 -0.119189 0.175515
v -0.270269 -0.119189 0.174551
v -0.271044 -0.119189 0.173435
v -0.271624 -0.119189 0.172189
v -0.271989 -0.119189 0.170837
v -0.272116 -0.119189 0.169401
v -0.272116 -0.119189 0.159405
v 0.272134 -0.119189 0.159405
v 0.272134 -0.119189 0.169401
v 0.272008 -0.119189 0.170837
v 0.271643 -0.119189 0.172189
v 0.271062 -0.119189 0.173435
v 0.270287 -0.119189 0.174551
v 0.269341 -0.119189 0.175515
v 0.268246 -0.119189 0.176304
v 0.267023 -0.119189 0.176896
v 0.265696 -0.119189 0.177268
v 0.207415 -0.136886 0.166140
v -0.203052 -0.136886 0.166140
v -0.203052 -0.136886 0.170651
v 0.207415 -0.136886 0.170651
v 0.221366 -0.145629 0.170651
v 0.221366 -0.145629 0.166140
v -0.217003 -0.145629 0.166140
v -0.217003 -0.145629 0.170651
v 0.264287 -0.145629 0.177397
v -0.264268 -0.145629 0.177397
v -0.265678 -0.145629 0.177268
v -0.267005 -0.145629 0.176896
v -0.268227 -0.145629 0.176304
v -0.269323 -0.145629 0.175515
v -0.270269 -0.145629 0.174551
v -0.271044 -0.145629 0.173435
v -0.271624 -0.145629 0.172189
v -0.271989 -0.145629 0.170837
v -0.272116 -0.145629 0.169401
v -0.272116 -0.145629 0.159405
v 0.272134 -0.145629 0.159405
v 0.272134 -0.145629 0.169401
v 0.272008 -0.145629 0.170837
v 0.271643 -0.145629 0.172189
v 0.271062 -0.145629 0.173435
v 0.270287 -0.145629 0.174551
v 0.269341 -0.145629 0.175515
v 0.268246 -0.145629 0.176304
v 0.267023 -0.145629 0.176896
v 0.265696 -0.145629 0.177268
v 0.221716 -0.146241 0.171001
v 0.221716 -0.146241 0.165791
v -0.217353 -0.146241 0.171001
v 0.264271 -0.146241 0.177047
v -0.264252 -0.146241 0.177047
v -0.265614 -0.146241 0.176922
v -0.266881 -0.146241 0.176568
v -0.268048 -0.146241 0.176003
v -0.269094 -0.146241 0.175249
v -0.269999 -0.146241 0.174327
v -0.270739 -0.146241 0.173260
v -0.271295 -0.146241 0.172069
v -0.271644 -0.146241 0.170776
v -0.271766 -0.146241 0.169386
v -0.271766 -0.146241 0.159755
v 0.271784 -0.146241 0.159755
v 0.271784 -0.146241 0.169386
v 0.271662 -0.146241 0.170776
v 0.271313 -0.146241 0.172069
v 0.270758 -0.146241 0.173260
v 0.270017 -0.146241 0.174327
v 0.269112 -0.146241 0.175249
v 0.268066 -0.146241 0.176003
v 0.266899 -0.146241 0.176568
v 0.265633 -0.146241 0.176922
v 0.222241 -0.146853 0.171525
v 0.222241 -0.146853 0.165266
v -0.217877 -0.146853 0.165266
v -0.217877 -0.146853 0.171525
v 0.264247 -0.146853 0.176523
v -0.264228 -0.146853 0.176523
v -0.265519 -0.146853 0.176404
v -0.266694 -0.146853 0.176075
v -0.267778 -0.146853 0.175550
v -0.268751 -0.146853 0.174849
v -0.269593 -0.146853 0.173992
v -0.270283 -0.146853 0.172998
v -0.270800 -0.146853 0.171889
v -0.271125 -0.146853 0.170684
v -0.271242 -0.146853 0.169363
v -0.271242 -0.146853 0.160279
v 0.271260 -0.146853 0.160279
v 0.271260 -0.146853 0.169363
v 0.271143 -0.146853 0.170684
v 0.270818 -0.146853 0.171889
v 0.270301 -0.146853 0.172998
v 0.269611 -0.146853 0.173992
v 0.268769 -0.146853 0.174849
v 0.267796 -0.146853 0.175550
v 0.266712 -0.146853 0.176075
v 0.265537 -0.146853 0.176404
v 0.207415 -0.135680 0.166140
v -0.203052 -0.135680 0.166140
v -0.203052 -0.135680 0.170651
v 0.207415 -0.135680 0.170651
v 0.149247 -0.136886 0.166140
v 0.077332 -0.136886 0.166140
v 0.005417 -0.136886 0.166140
v -0.066499 -0.136886 0.166140
v -0.144884 -0.136886 0.166140
v 0.149281 -0.145629 0.166140
v 0.070879 -0.145629 0.166140
v -0.001053 -0.145629 0.166140
v -0.072986 -0.145629 0.166140
v -0.144918 -0.145629 0.166140
v 0.070879 -0.146241 0.165791
v 0.142777 -0.136886 0.166140
v 0.070862 -0.136886 0.166140
v -0.001053 -0.136886 0.166140
v -0.072969 -0.136886 0.166140
v -0.138414 -0.136886 0.166140
v 0.142811 -0.145629 0.166140
v 0.077349 -0.145629 0.166140
v 0.005417 -0.145629 0.166140
v -0.066516 -0.145629 0.166140
v -0.138448 -0.145629 0.166140
v 0.142812 -0.146241 0.165791
v 0.077349 -0.146241 0.165791
v -0.217353 -0.146241 0.165791
v 0.070862 -0.136886 0.164479
v 0.005417 -0.136886 0.164479
v 0.005417 -0.145629 0.164479
v 0.070879 -0.145629 0.164479
v -0.203052 -0.136886 0.164479
v -0.217003 -0.145629 0.164479
v -0.144918 -0.145629 0.164479
v -0.144884 -0.136886 0.164479
v -0.072969 -0.136886 0.164479
v -0.138414 -0.136886 0.164479
v -0.138448 -0.145629 0.164479
v -0.072986 -0.145629 0.164479
v -0.001053 -0.136886 0.164479
v -0.066499 -0.136886 0.164479
v -0.066516 -0.145629 0.164479
v -0.001053 -0.145629 0.164479
v 0.207415 -0.136886 0.164479
v 0.149247 -0.136886 0.164479
v 0.149281 -0.145629 0.164479
v 0.221366 -0.145629 0.164479
v 0.142777 -0.136886 0.164479
v 0.077332 -0.136886 0.164479
v 0.077349 -0.145629 0.164479
v 0.142811 -0.145629 0.164479
v -0.203052 -0.136886 0.166140
v -0.203052 -0.136886 0.170651
v 0.207415 -0.136577 0.170651
v 0.207415 -0.136577 0.166140
v -0.203052 -0.136577 0.166140
v -0.203052 -0.136577 0.170651
v 0.207415 -0.136886 0.170651
v 0.207415 -0.136886 0.166140
v -0.203052 -0.136886 0.170651
v -0.203052 -0.136886 0.166140
v 0.207415 -0.136886 0.166140
v 0.207415 -0.136886 0.170651
v -0.001577 -0.087207 -0.177111
v -0.001577 -0.081235 -0.174764
v -0.245236 -0.087196 -0.153732
v 0.241001 -0.110606 -0.174747
v -0.245236 -0.110625 -0.153732
v 0.242083 -0.110625 -0.153732
v -0.244154 -0.087215 -0.174747
v 0.241001 -0.087215 -0.174747
v -0.001577 -0.081075 -0.153732
v 0.242083 -0.087196 -0.153732
v -0.001577 -0.116586 -0.174764
v -0.244154 -0.110606 -0.174747
v -0.001577 -0.110614 -0.177111
v -0.001577 -0.116746 -0.153732
v 0.243045 -0.098911 -0.161291
v -0.246198 -0.098911 -0.161291
v -0.227647 -0.082678 -0.175842
v 0.224493 -0.082678 -0.175842
v -0.227647 -0.115143 -0.175842
v 0.224493 -0.115143 -0.175842
v -0.234797 -0.082082 -0.161257
v 0.231644 -0.082082 -0.161257
v 0.231644 -0.115739 -0.161257
v -0.234797 -0.115739 -0.161257
v 0.231594 -0.098911 -0.176304
v -0.234747 -0.098911 -0.176304
v -0.001577 -0.081091 -0.161286
v -0.001577 -0.116730 -0.161286
v -0.001577 -0.098911 -0.177397
v 0.243176 -0.098911 -0.153732
v -0.246329 -0.098911 -0.153732
v -0.234349 -0.087245 -0.176185
v -0.234349 -0.082142 -0.174678
v -0.001577 -0.082115 -0.176244
v 0.231195 -0.082142 -0.174678
v 0.231195 -0.087245 -0.176185
v -0.234847 -0.082075 -0.153732
v 0.231693 -0.082075 -0.153732
v -0.234349 -0.115679 -0.174678
v -0.234349 -0.110576 -0.176185
v 0.231195 -0.115679 -0.174678
v -0.001577 -0.115706 -0.176244
v 0.231195 -0.110576 -0.176185
v -0.234847 -0.115746 -0.153732
v 0.231693 -0.115746 -0.153732
v -0.245128 -0.087198 -0.161280
v 0.241975 -0.087198 -0.161280
v 0.241975 -0.110624 -0.161280
v -0.245128 -0.110624 -0.161280
v 0.241866 -0.098911 -0.174781
v -0.245020 -0.098911 -0.174781
v 0.242401 -0.092550 -0.164795
v 0.242902 -0.092547 -0.157565
v 0.242902 -0.105274 -0.157565
v 0.242401 -0.105271 -0.164795
v -0.246056 -0.092547 -0.157565
v -0.245555 -0.092550 -0.164795
v -0.245555 -0.105271 -0.164795
v -0.246056 -0.105274 -0.157565
v -0.210487 -0.083944 -0.176419
v -0.242276 -0.083944 -0.175458
v -0.210487 -0.081545 -0.175458
v 0.207333 -0.081545 -0.175458
v 0.239123 -0.083944 -0.175458
v 0.207333 -0.083944 -0.176419
v -0.210487 -0.113877 -0.176419
v -0.210487 -0.116276 -0.175458
v -0.242276 -0.113877 -0.175458
v 0.239123 -0.113877 -0.175458
v 0.207333 -0.116276 -0.175458
v 0.207333 -0.113877 -0.176419
v -0.210942 -0.081374 -0.164704
v -0.243551 -0.083883 -0.164704
v -0.243870 -0.083867 -0.157565
v -0.211056 -0.081331 -0.157565
v 0.207903 -0.081331 -0.157565
v 0.240717 -0.083867 -0.157565
v 0.240398 -0.083883 -0.164704
v 0.207789 -0.081374 -0.164704
v 0.207789 -0.116447 -0.164704
v 0.240398 -0.113938 -0.164704
v 0.240717 -0.113954 -0.157565
v 0.207903 -0.116490 -0.157565
v -0.211056 -0.116490 -0.157565
v -0.243870 -0.113954 -0.157565
v -0.243551 -0.113938 -0.164704
v -0.210942 -0.116447 -0.164704
v 0.207789 -0.092563 -0.176801
v 0.240398 -0.092563 -0.175594
v 0.240398 -0.105259 -0.175594
v 0.207789 -0.105259 -0.176801
v -0.210942 -0.105259 -0.176801
v -0.243551 -0.105259 -0.175594
v -0.243551 -0.092563 -0.175594
v -0.210942 -0.092563 -0.176801
v -0.001577 -0.081139 -0.164784
v -0.001577 -0.081075 -0.157565
v -0.001577 -0.116682 -0.164784
v -0.001577 -0.116746 -0.157565
v -0.001577 -0.092552 -0.177325
v -0.001577 -0.105269 -0.177325
v 0.241650 -0.087203 -0.164761
v 0.242777 -0.092548 -0.161288
v 0.242652 -0.098911 -0.164806
v 0.241650 -0.092555 -0.174772
v 0.242083 -0.087196 -0.157565
v 0.242902 -0.092547 -0.153732
v 0.243176 -0.098911 -0.157565
v 0.242083 -0.110625 -0.157565
v 0.242777 -0.105273 -0.161288
v 0.242902 -0.105274 -0.153732
v 0.241650 -0.110618 -0.164761
v 0.241650 -0.105266 -0.174772
v -0.245236 -0.087196 -0.157565
v -0.245930 -0.092548 -0.161288
v -0.246329 -0.098911 -0.157565
v -0.246056 -0.092547 -0.153732
v -0.244803 -0.087203 -0.164761
v -0.244803 -0.092555 -0.174772
v -0.245805 -0.098911 -0.164806
v -0.244803 -0.110618 -0.164761
v -0.245930 -0.105273 -0.161288
v -0.244803 -0.105266 -0.174772
v -0.245236 -0.110625 -0.157565
v -0.246056 -0.105274 -0.153732
v -0.210771 -0.087234 -0.176658
v -0.233851 -0.083967 -0.176036
v -0.210316 -0.082209 -0.176036
v -0.243073 -0.087234 -0.175543
v -0.243073 -0.083906 -0.174704
v -0.233851 -0.082209 -0.175407
v -0.210771 -0.081438 -0.174704
v 0.207618 -0.081438 -0.174704
v 0.230697 -0.082209 -0.175407
v 0.207163 -0.082209 -0.176036
v 0.239920 -0.083906 -0.174704
v 0.239920 -0.087234 -0.175543
v 0.230697 -0.083967 -0.176036
v 0.207618 -0.087234 -0.176658
v -0.210316 -0.115612 -0.176036
v -0.233851 -0.113854 -0.176036
v -0.210771 -0.110587 -0.176658
v -0.210771 -0.116383 -0.174704
v -0.233851 -0.115612 -0.175407
v -0.243073 -0.110587 -0.175543
v -0.243073 -0.113915 -0.174704
v 0.239920 -0.113915 -0.174704
v 0.230697 -0.115612 -0.175407
v 0.230697 -0.113854 -0.176036
v 0.239920 -0.110587 -0.175543
v 0.207618 -0.116383 -0.174704
v 0.207163 -0.115612 -0.176036
v 0.207618 -0.110587 -0.176658
v -0.234647 -0.082102 -0.164670
v -0.211027 -0.081342 -0.161266
v -0.243790 -0.083871 -0.161266
v -0.243870 -0.083867 -0.153732
v -0.234847 -0.082075 -0.157565
v -0.211056 -0.081331 -0.153732
v 0.207903 -0.081331 -0.153732
v 0.231693 -0.082075 -0.157565
v 0.207874 -0.081342 -0.161266
v 0.240717 -0.083867 -0.153732
v 0.240637 -0.083871 -0.161266
v 0.231494 -0.082102 -0.164670
v -0.001577 -0.081395 -0.175577
v -0.001577 -0.083890 -0.176753
v -0.001577 -0.116426 -0.175577
v -0.001577 -0.113931 -0.176753
v 0.231494 -0.115719 -0.164670
v 0.207874 -0.116479 -0.161266
v 0.240637 -0.113950 -0.161266
v 0.240717 -0.113954 -0.153732
v 0.231693 -0.115746 -0.157565
v 0.207903 -0.116490 -0.153732
v -0.211056 -0.116490 -0.153732
v -0.234847 -0.115746 -0.157565
v -0.211027 -0.116479 -0.161266
v -0.243870 -0.113954 -0.153732
v -0.243790 -0.113950 -0.161266
v -0.234647 -0.115719 -0.164670
v 0.231494 -0.092567 -0.176274
v 0.207846 -0.098911 -0.176848
v 0.240557 -0.098911 -0.175611
v 0.231494 -0.105254 -0.176274
v -0.234647 -0.105254 -0.176274
v -0.210999 -0.098911 -0.176848
v -0.243710 -0.098911 -0.175611
v -0.234647 -0.092567 -0.176274
v -0.001577 0.143994 -0.164784
v -0.001577 0.144058 -0.153732
v -0.001577 0.144058 -0.157565
v -0.001577 0.144042 -0.161286
v -0.001577 0.143897 -0.174764
v -0.001577 0.108546 -0.174764
v -0.001577 0.108450 -0.164784
v -0.001577 0.108402 -0.161286
v -0.001577 0.108386 -0.153732
v -0.001577 0.108386 -0.157565
v -0.001577 0.137925 -0.177111
v -0.001577 0.132581 -0.177325
v -0.001577 0.126222 -0.177397
v -0.001577 0.114519 -0.177111
v -0.001577 0.119863 -0.177325
v 0.241001 0.137918 -0.174747
v 0.241650 0.137929 -0.164761
v 0.242401 0.132582 -0.164795
v 0.241650 0.132578 -0.174772
v 0.241975 0.137935 -0.161280
v 0.242777 0.132584 -0.161288
v 0.243045 0.126222 -0.161291
v 0.242652 0.126222 -0.164806
v 0.241866 0.126222 -0.174781
v 0.242083 0.137937 -0.157565
v 0.242902 0.132585 -0.157565
v 0.242083 0.137937 -0.153732
v 0.242902 0.132585 -0.153732
v 0.243176 0.126222 -0.153732
v 0.243176 0.126222 -0.157565
v 0.242083 0.114507 -0.153732
v 0.242083 0.114507 -0.157565
v 0.242902 0.119859 -0.157565
v 0.242902 0.119859 -0.153732
v 0.241975 0.114509 -0.161280
v 0.242777 0.119859 -0.161288
v 0.241650 0.114515 -0.164761
v 0.242401 0.119862 -0.164795
v 0.241001 0.114526 -0.174747
v 0.241650 0.119866 -0.174772
v -0.245236 0.137937 -0.153732
v -0.245236 0.137937 -0.157565
v -0.246056 0.132585 -0.157565
v -0.246056 0.132585 -0.153732
v -0.245128 0.137935 -0.161280
v -0.245930 0.132584 -0.161288
v -0.246198 0.126222 -0.161291
v -0.246329 0.126222 -0.157565
v -0.246329 0.126222 -0.153732
v -0.244803 0.137929 -0.164761
v -0.245555 0.132582 -0.164795
v -0.244154 0.137918 -0.174747
v -0.244803 0.132578 -0.174772
v -0.245020 0.126222 -0.174781
v -0.245805 0.126222 -0.164806
v -0.244154 0.114526 -0.174747
v -0.244803 0.114515 -0.164761
v -0.245555 0.119862 -0.164795
v -0.244803 0.119866 -0.174772
v -0.245128 0.114509 -0.161280
v -0.245930 0.119859 -0.161288
v -0.245236 0.114507 -0.157565
v -0.246056 0.119859 -0.157565
v -0.245236 0.114507 -0.153732
v -0.246056 0.119859 -0.153732
v -0.210771 0.137899 -0.176658
v -0.210487 0.141189 -0.176419
v -0.234349 0.137887 -0.176185
v -0.233851 0.141166 -0.176036
v -0.227647 0.142454 -0.175842
v -0.210316 0.142924 -0.176036
v -0.001577 0.143017 -0.176244
v -0.243073 0.137899 -0.175543
v -0.242276 0.141189 -0.175458
v -0.243073 0.141227 -0.174704
v -0.234349 0.142991 -0.174678
v -0.233851 0.142924 -0.175407
v -0.210487 0.143588 -0.175458
v -0.210771 0.143694 -0.174704
v 0.207618 0.143694 -0.174704
v 0.207333 0.143588 -0.175458
v 0.231195 0.142991 -0.174678
v 0.230697 0.142924 -0.175407
v 0.224493 0.142454 -0.175842
v 0.207163 0.142924 -0.176036
v 0.239920 0.141227 -0.174704
v 0.239123 0.141189 -0.175458
v 0.239920 0.137899 -0.175543
v 0.231195 0.137887 -0.176185
v 0.230697 0.141166 -0.176036
v 0.207333 0.141189 -0.176419
v 0.207618 0.137899 -0.176658
v -0.210487 0.111255 -0.176419
v -0.210771 0.114545 -0.176658
v -0.210316 0.109520 -0.176036
v -0.227647 0.109990 -0.175842
v -0.233851 0.111278 -0.176036
v -0.234349 0.114557 -0.176185
v -0.210487 0.108856 -0.175458
v -0.210771 0.108749 -0.174704
v -0.234349 0.109453 -0.174678
v -0.233851 0.109520 -0.175407
v -0.243073 0.114545 -0.175543
v -0.242276 0.111255 -0.175458
v -0.243073 0.111217 -0.174704
v 0.239920 0.111217 -0.174704
v 0.239123 0.111255 -0.175458
v 0.239920 0.114545 -0.175543
v 0.231195 0.109453 -0.174678
v 0.230697 0.109520 -0.175407
v 0.224493 0.109990 -0.175842
v 0.230697 0.111278 -0.176036
v 0.231195 0.114557 -0.176185
v 0.207618 0.108749 -0.174704
v 0.207333 0.108856 -0.175458
v -0.001577 0.109427 -0.176244
v 0.207163 0.109520 -0.176036
v 0.207618 0.114545 -0.176658
v 0.207333 0.111255 -0.176419
v -0.210942 0.143759 -0.164704
v -0.234647 0.143031 -0.164670
v -0.234797 0.143051 -0.161257
v -0.211027 0.143791 -0.161266
v -0.243551 0.141250 -0.164704
v -0.243790 0.141261 -0.161266
v -0.243870 0.141265 -0.153732
v -0.243870 0.141265 -0.157565
v -0.234847 0.143057 -0.153732
v -0.234847 0.143057 -0.157565
v -0.211056 0.143801 -0.153732
v -0.211056 0.143801 -0.157565
v 0.207903 0.143801 -0.153732
v 0.207903 0.143801 -0.157565
v 0.231693 0.143057 -0.153732
v 0.231693 0.143057 -0.157565
v 0.231644 0.143051 -0.161257
v 0.207874 0.143791 -0.161266
v 0.240717 0.141265 -0.153732
v 0.240717 0.141265 -0.157565
v 0.240637 0.141261 -0.161266
v 0.240398 0.141250 -0.164704
v 0.231494 0.143031 -0.164670
v 0.207789 0.143759 -0.164704
v -0.001577 0.143737 -0.175577
v -0.001577 0.141242 -0.176753
v -0.001577 0.108707 -0.175577
v -0.001577 0.111202 -0.176753
v 0.207789 0.108685 -0.164704
v 0.231494 0.109413 -0.164670
v 0.231644 0.109393 -0.161257
v 0.207874 0.108653 -0.161266
v 0.240398 0.111194 -0.164704
v 0.240637 0.111183 -0.161266
v 0.240717 0.111179 -0.153732
v 0.240717 0.111179 -0.157565
v 0.231693 0.109387 -0.153732
v 0.231693 0.109387 -0.157565
v 0.207903 0.108643 -0.153732
v 0.207903 0.108643 -0.157565
v -0.211056 0.108643 -0.153732
v -0.211056 0.108643 -0.157565
v -0.234847 0.109387 -0.153732
v -0.234847 0.109387 -0.157565
v -0.234797 0.109393 -0.161257
v -0.211027 0.108653 -0.161266
v -0.243870 0.111179 -0.153732
v -0.243870 0.111179 -0.157565
v -0.243790 0.111183 -0.161266
v -0.243551 0.111194 -0.164704
v -0.234647 0.109413 -0.164670
v -0.210942 0.108685 -0.164704
v 0.207789 0.132570 -0.176801
v 0.231494 0.132565 -0.176274
v 0.231594 0.126222 -0.176304
v 0.207846 0.126222 -0.176848
v 0.240398 0.132570 -0.175594
v 0.240557 0.126222 -0.175611
v 0.240398 0.119874 -0.175594
v 0.231494 0.119878 -0.176274
v 0.207789 0.119874 -0.176801
v -0.210942 0.119874 -0.176801
v -0.234647 0.119878 -0.176274
v -0.234747 0.126222 -0.176304
v -0.210999 0.126222 -0.176848
v -0.243551 0.119874 -0.175594
v -0.243710 0.126222 -0.175611
v -0.243551 0.132570 -0.175594
v -0.234647 0.132565 -0.176274
v -0.210942 0.132570 -0.176801
v 0.214601 -0.146151 0.129872
v 0.216276 -0.146151 0.129872
v 0.216276 -0.146151 0.128468
v 0.214601 -0.146151 0.128468
v 0.214601 -0.146608 0.129872
v 0.214601 -0.146608 0.128468
v 0.216276 -0.146608 0.128468
v 0.216276 -0.146608 0.129872
v 0.214601 -0.146151 0.124340
v 0.216276 -0.146151 0.124340
v 0.216276 -0.146151 0.122937
v 0.214601 -0.146151 0.122937
v 0.214601 -0.146608 0.124340
v 0.214601 -0.146608 0.122937
v 0.216276 -0.146608 0.122937
v 0.216276 -0.146608 0.124340
v 0.248455 -0.146398 0.140776
v 0.182428 -0.146398 0.140776
v 0.182035 -0.146398 0.140730
v 0.181674 -0.146398 0.140601
v 0.181355 -0.146398 0.140398
v 0.181089 -0.146398 0.140132
v 0.180886 -0.146398 0.139813
v 0.180756 -0.146398 0.139452
v 0.180711 -0.146398 0.139058
v 0.180711 -0.146398 0.113964
v 0.180756 -0.146398 0.113571
v 0.180886 -0.146398 0.113210
v 0.181089 -0.146398 0.112891
v 0.181355 -0.146398 0.112625
v 0.181674 -0.146398 0.112422
v 0.182035 -0.146398 0.112292
v 0.182428 -0.146398 0.112247
v 0.248455 -0.146398 0.112247
v 0.248848 -0.146398 0.112292
v 0.249210 -0.146398 0.112422
v 0.249529 -0.146398 0.112625
v 0.249795 -0.146398 0.112891
v 0.249998 -0.146398 0.113210
v 0.250127 -0.146398 0.113571
v 0.250172 -0.146398 0.113964
v 0.250172 -0.146398 0.139058
v 0.250127 -0.146398 0.139452
v 0.249998 -0.146398 0.139813
v 0.249795 -0.146398 0.140132
v 0.249529 -0.146398 0.140398
v 0.249210 -0.146398 0.140601
v 0.248848 -0.146398 0.140730
v 0.248455 -0.146577 0.140776
v 0.182428 -0.146577 0.140776
v 0.182035 -0.146577 0.140730
v 0.181674 -0.146577 0.140601
v 0.181355 -0.146577 0.140398
v 0.181089 -0.146577 0.140132
v 0.180886 -0.146577 0.139813
v 0.180756 -0.146577 0.139452
v 0.180711 -0.146577 0.139058
v 0.180711 -0.146577 0.113964
v 0.180756 -0.146577 0.113571
v 0.180886 -0.146577 0.113210
v 0.181089 -0.146577 0.112891
v 0.181355 -0.146577 0.112625
v 0.181674 -0.146577 0.112422
v 0.182035 -0.146577 0.112292
v 0.182428 -0.146577 0.112247
v 0.248455 -0.146577 0.112247
v 0.248848 -0.146577 0.112292
v 0.249210 -0.146577 0.112422
v 0.249529 -0.146577 0.112625
v 0.249795 -0.146577 0.112891
v 0.249998 -0.146577 0.113210
v 0.250127 -0.146577 0.113571
v 0.250172 -0.146577 0.113964
v 0.250172 -0.146577 0.139058
v 0.250127 -0.146577 0.139452
v 0.249998 -0.146577 0.139813
v 0.249795 -0.146577 0.140132
v 0.249529 -0.146577 0.140398
v 0.249210 -0.146577 0.140601
v 0.248848 -0.146577 0.140730
v 0.272298 -0.120242 0.157801
v 0.159399 -0.120242 0.157801
v 0.159399 -0.120242 -0.157893
v 0.272298 -0.120242 -0.157893
v 0.262556 -0.120242 0.152049
v 0.263519 -0.120242 0.151704
v 0.264369 -0.120242 0.151163
v 0.265079 -0.120242 0.150454
v 0.265620 -0.120242 0.149604
v 0.265964 -0.120242 0.148640
v 0.266085 -0.120242 0.147591
v 0.266085 -0.120242 -0.147683
v 0.265964 -0.120242 -0.148732
v 0.265620 -0.120242 -0.149695
v 0.265079 -0.120242 -0.150545
v 0.264369 -0.120242 -0.151255
v 0.263519 -0.120242 -0.151795
v 0.262556 -0.120242 -0.152140
v 0.261507 -0.120242 -0.152261
v 0.170190 -0.120242 -0.152261
v 0.169141 -0.120242 -0.152140
v 0.168178 -0.120242 -0.151795
v 0.167328 -0.120242 -0.151255
v 0.166618 -0.120242 -0.150545
v 0.166078 -0.120242 -0.149695
v 0.165733 -0.120242 -0.148732
v 0.165612 -0.120242 -0.147683
v 0.165612 -0.120242 0.147591
v 0.165733 -0.120242 0.148640
v 0.166078 -0.120242 0.149604
v 0.166618 -0.120242 0.150454
v 0.167328 -0.120242 0.151163
v 0.168178 -0.120242 0.151704
v 0.169141 -0.120242 0.152049
v 0.170190 -0.120242 0.152170
v 0.261507 -0.120242 0.152170
v 0.272298 -0.146526 0.157801
v 0.159399 -0.146526 0.157801
v 0.159399 -0.146526 -0.157893
v 0.272298 -0.146526 -0.157893
v 0.262556 -0.146526 0.152049
v 0.263519 -0.146526 0.151704
v 0.264369 -0.146526 0.151163
v 0.265079 -0.146526 0.150454
v 0.265620 -0.146526 0.149604
v 0.265964 -0.146526 0.148640
v 0.266085 -0.146526 0.147591
v 0.266085 -0.146526 -0.147683
v 0.265964 -0.146526 -0.148732
v 0.265620 -0.146526 -0.149695
v 0.265079 -0.146526 -0.150545
v 0.264369 -0.146526 -0.151255
v 0.263519 -0.146526 -0.151795
v 0.262556 -0.146526 -0.152140
v 0.261507 -0.146526 -0.152261
v 0.170190 -0.146526 -0.152261
v 0.169141 -0.146526 -0.152140
v 0.168178 -0.146526 -0.151795
v 0.167328 -0.146526 -0.151255
v 0.166618 -0.146526 -0.150545
v 0.166078 -0.146526 -0.149695
v 0.165733 -0.146526 -0.148732
v 0.165612 -0.146526 -0.147683
v 0.165612 -0.146526 0.147591
v 0.165733 -0.146526 0.148640
v 0.166078 -0.146526 0.149604
v 0.166618 -0.146526 0.150454
v 0.167328 -0.146526 0.151163
v 0.168178 -0.146526 0.151704
v 0.169141 -0.146526 0.152049
v 0.170190 -0.146526 0.152170
v 0.261507 -0.146526 0.152170
v 0.272036 -0.146963 0.157539
v 0.159661 -0.146963 0.157539
v 0.159661 -0.146963 -0.157630
v 0.272036 -0.146963 -0.157630
v 0.262616 -0.146963 0.152306
v 0.263635 -0.146963 0.151941
v 0.264535 -0.146963 0.151369
v 0.265285 -0.146963 0.150619
v 0.265857 -0.146963 0.149720
v 0.266221 -0.146963 0.148700
v 0.266348 -0.146963 0.147606
v 0.266348 -0.146963 -0.147698
v 0.266221 -0.146963 -0.148792
v 0.265857 -0.146963 -0.149811
v 0.265285 -0.146963 -0.150710
v 0.264535 -0.146963 -0.151460
v 0.263635 -0.146963 -0.152032
v 0.262616 -0.146963 -0.152397
v 0.261522 -0.146963 -0.152523
v 0.170175 -0.146963 -0.152523
v 0.169081 -0.146963 -0.152397
v 0.168062 -0.146963 -0.152032
v 0.167163 -0.146963 -0.151460
v 0.166413 -0.146963 -0.150710
v 0.165841 -0.146963 -0.149811
v 0.165476 -0.146963 -0.148792
v 0.165350 -0.146963 -0.147698
v 0.165350 -0.146963 0.147606
v 0.165476 -0.146963 0.148700
v 0.165841 -0.146963 0.149720
v 0.166413 -0.146963 0.150619
v 0.167163 -0.146963 0.151369
v 0.168062 -0.146963 0.151941
v 0.169081 -0.146963 0.152306
v 0.170175 -0.146963 0.152432
v 0.261522 -0.146963 0.152432
v 0.222773 -0.146151 0.127057
v 0.222773 -0.146151 0.132204
v 0.224385 -0.146151 0.132204
v 0.224385 -0.146151 0.127057
v 0.222773 -0.146608 0.127057
v 0.224385 -0.146608 0.127057
v 0.224385 -0.146608 0.132204
v 0.222773 -0.146608 0.132204
v 0.222773 -0.146151 0.120828
v 0.222773 -0.146151 0.125975
v 0.224385 -0.146151 0.125975
v 0.224385 -0.146151 0.120828
v 0.222773 -0.146608 0.120828
v 0.224385 -0.146608 0.120828
v 0.224385 -0.146608 0.125975
v 0.222773 -0.146608 0.125975
v 0.217855 -0.146151 0.127057
v 0.217855 -0.146151 0.132204
v 0.219467 -0.146151 0.132204
v 0.219467 -0.146151 0.127057
v 0.217855 -0.146608 0.127057
v 0.219467 -0.146608 0.127057
v 0.219467 -0.146608 0.132204
v 0.217855 -0.146608 0.132204
v 0.217855 -0.146151 0.120828
v 0.217855 -0.146151 0.125975
v 0.219467 -0.146151 0.125975
v 0.219467 -0.146151 0.120828
v 0.217855 -0.146608 0.120828
v 0.219467 -0.146608 0.120828
v 0.219467 -0.146608 0.125975
v 0.217855 -0.146608 0.125975
v 0.232831 -0.146151 0.127057
v 0.232831 -0.146151 0.132204
v 0.234444 -0.146151 0.132204
v 0.234444 -0.146151 0.127057
v 0.232831 -0.146608 0.127057
v 0.234444 -0.146608 0.127057
v 0.234444 -0.146608 0.132204
v 0.232831 -0.146608 0.132204
v 0.232831 -0.146151 0.120828
v 0.232831 -0.146151 0.125975
v 0.234444 -0.146151 0.125975
v 0.234444 -0.146151 0.120828
v 0.232831 -0.146608 0.120828
v 0.234444 -0.146608 0.120828
v 0.234444 -0.146608 0.125975
v 0.232831 -0.146608 0.125975
v 0.227913 -0.146151 0.127057
v 0.227913 -0.146151 0.132204
v 0.229525 -0.146151 0.132204
v 0.229525 -0.146151 0.127057
v 0.227913 -0.146608 0.127057
v 0.229525 -0.146608 0.127057
v 0.229525 -0.146608 0.132204
v 0.227913 -0.146608 0.132204
v 0.227913 -0.146151 0.120828
v 0.227913 -0.146151 0.125975
v 0.229525 -0.146151 0.125975
v 0.229525 -0.146151 0.120828
v 0.227913 -0.146608 0.120828
v 0.229525 -0.146608 0.120828
v 0.229525 -0.146608 0.125975
v 0.227913 -0.146608 0.125975
v 0.218525 -0.146151 0.134166
v 0.223672 -0.146151 0.134166
v 0.223672 -0.146151 0.132762
v 0.218525 -0.146151 0.132762
v 0.218525 -0.146608 0.134166
v 0.218525 -0.146608 0.132762
v 0.223672 -0.146608 0.132762
v 0.223672 -0.146608 0.134166
v 0.218525 -0.146151 0.120426
v 0.223672 -0.146151 0.120426
v 0.223672 -0.146151 0.119022
v 0.218525 -0.146151 0.119022
v 0.218525 -0.146608 0.120426
v 0.218525 -0.146608 0.119022
v 0.223672 -0.146608 0.119022
v 0.223672 -0.146608 0.120426
v 0.228469 -0.146151 0.134166
v 0.233616 -0.146151 0.134166
v 0.233616 -0.146151 0.132762
v 0.228469 -0.146151 0.132762
v 0.228469 -0.146608 0.134166
v 0.228469 -0.146608 0.132762
v 0.233616 -0.146608 0.132762
v 0.233616 -0.146608 0.134166
v 0.228469 -0.146151 0.120426
v 0.233616 -0.146151 0.120426
v 0.233616 -0.146151 0.119022
v 0.228469 -0.146151 0.119022
v 0.228469 -0.146608 0.120426
v 0.228469 -0.146608 0.119022
v 0.233616 -0.146608 0.119022
v 0.233616 -0.146608 0.120426
v 0.201053 -0.146151 0.127057
v 0.201053 -0.146151 0.132204
v 0.202666 -0.146151 0.132204
v 0.202666 -0.146151 0.127057
v 0.201053 -0.146608 0.127057
v 0.202666 -0.146608 0.127057
v 0.202666 -0.146608 0.132204
v 0.201053 -0.146608 0.132204
v 0.201053 -0.146151 0.120828
v 0.201053 -0.146151 0.125975
v 0.202666 -0.146151 0.125975
v 0.202666 -0.146151 0.120828
v 0.201053 -0.146608 0.120828
v 0.202666 -0.146608 0.120828
v 0.202666 -0.146608 0.125975
v 0.201053 -0.146608 0.125975
v 0.196135 -0.146151 0.127057
v 0.196135 -0.146151 0.132204
v 0.197747 -0.146151 0.132204
v 0.197747 -0.146151 0.127057
v 0.196135 -0.146608 0.127057
v 0.197747 -0.146608 0.127057
v 0.197747 -0.146608 0.132204
v 0.196135 -0.146608 0.132204
v 0.196135 -0.146151 0.120828
v 0.196135 -0.146151 0.125975
v 0.197747 -0.146151 0.125975
v 0.197747 -0.146151 0.120828
v 0.196135 -0.146608 0.120828
v 0.197747 -0.146608 0.120828
v 0.197747 -0.146608 0.125975
v 0.196135 -0.146608 0.125975
v 0.211112 -0.146151 0.127057
v 0.211112 -0.146151 0.132204
v 0.212724 -0.146151 0.132204
v 0.212724 -0.146151 0.127057
v 0.211112 -0.146608 0.127057
v 0.212724 -0.146608 0.127057
v 0.212724 -0.146608 0.132204
v 0.211112 -0.146608 0.132204
v 0.211112 -0.146151 0.120828
v 0.211112 -0.146151 0.125975
v 0.212724 -0.146151 0.125975
v 0.212724 -0.146151 0.120828
v 0.211112 -0.146608 0.120828
v 0.212724 -0.146608 0.120828
v 0.212724 -0.146608 0.125975
v 0.211112 -0.146608 0.125975
v 0.206193 -0.146151 0.127057
v 0.206193 -0.146151 0.132204
v 0.207805 -0.146151 0.132204
v 0.207805 -0.146151 0.127057
v 0.206193 -0.146608 0.127057
v 0.207805 -0.146608 0.127057
v 0.207805 -0.146608 0.132204
v 0.206193 -0.146608 0.132204
v 0.206193 -0.146151 0.120828
v 0.206193 -0.146151 0.125975
v 0.207805 -0.146151 0.125975
v 0.207805 -0.146151 0.120828
v 0.206193 -0.146608 0.120828
v 0.207805 -0.146608 0.120828
v 0.207805 -0.146608 0.125975
v 0.206193 -0.146608 0.125975
v 0.196805 -0.146151 0.134166
v 0.201952 -0.146151 0.134166
v 0.201952 -0.146151 0.132762
v 0.196805 -0.146151 0.132762
v 0.196805 -0.146608 0.134166
v 0.196805 -0.146608 0.132762
v 0.201952 -0.146608 0.132762
v 0.201952 -0.146608 0.134166
v 0.196805 -0.146151 0.120426
v 0.201952 -0.146151 0.120426
v 0.201952 -0.146151 0.119022
v 0.196805 -0.146151 0.119022
v 0.196805 -0.146608 0.120426
v 0.196805 -0.146608 0.119022
v 0.201952 -0.146608 0.119022
v 0.201952 -0.146608 0.120426
v 0.206749 -0.146151 0.134166
v 0.211896 -0.146151 0.134166
v 0.211896 -0.146151 0.132762
v 0.206749 -0.146151 0.132762
v 0.206749 -0.146608 0.134166
v 0.206749 -0.146608 0.132762
v 0.211896 -0.146608 0.132762
v 0.211896 -0.146608 0.134166
v 0.206749 -0.146151 0.120426
v 0.211896 -0.146151 0.120426
v 0.211896 -0.146151 0.119022
v 0.206749 -0.146151 0.119022
v 0.206749 -0.146608 0.120426
v 0.206749 -0.146608 0.119022
v 0.211896 -0.146608 0.119022
v 0.211896 -0.146608 0.120426
v 0.262015 -0.137783 0.152049
v 0.262967 -0.137783 0.151704
v 0.262967 -0.146001 0.151704
v 0.262015 -0.146001 0.152049
v 0.263807 -0.137783 0.151163
v 0.263637 -0.146526 0.150625
v 0.264508 -0.137783 0.150454
v 0.264315 -0.146526 0.149855
v 0.265043 -0.137783 0.149604
v 0.264808 -0.146526 0.148889
v 0.265384 -0.137783 0.148640
v 0.265067 -0.146526 0.147690
v 0.265503 -0.137783 0.147591
v 0.265058 -0.146526 0.146268
v 0.265503 -0.137782 -0.147683
v 0.265058 -0.146526 -0.146359
v 0.265384 -0.137782 -0.148732
v 0.265067 -0.146526 -0.147781
v 0.265043 -0.137782 -0.149695
v 0.264808 -0.146526 -0.148980
v 0.264508 -0.137782 -0.150545
v 0.264315 -0.146526 -0.149946
v 0.263807 -0.137782 -0.151255
v 0.263637 -0.146526 -0.150717
v 0.262967 -0.137782 -0.151795
v 0.262809 -0.146526 -0.151286
v 0.262015 -0.137782 -0.152140
v 0.261861 -0.146526 -0.151634
v 0.260978 -0.137782 -0.152261
v 0.260824 -0.146526 -0.151744
v 0.170719 -0.137782 -0.152261
v 0.170873 -0.146526 -0.151744
v 0.169682 -0.137782 -0.152140
v 0.169836 -0.146526 -0.151634
v 0.168730 -0.137782 -0.151795
v 0.168888 -0.146526 -0.151286
v 0.167890 -0.137782 -0.151255
v 0.168061 -0.146526 -0.150717
v 0.167189 -0.137782 -0.150545
v 0.167383 -0.146526 -0.149946
v 0.166654 -0.137782 -0.149695
v 0.166889 -0.146526 -0.148980
v 0.166314 -0.137782 -0.148732
v 0.166630 -0.146526 -0.147781
v 0.166194 -0.137782 -0.147683
v 0.166639 -0.146526 -0.146359
v 0.166194 -0.137783 0.147591
v 0.166639 -0.146526 0.146268
v 0.166314 -0.137783 0.148640
v 0.166630 -0.146526 0.147690
v 0.166654 -0.137783 0.149604
v 0.166889 -0.146526 0.148889
v 0.167189 -0.137783 0.150454
v 0.167383 -0.146526 0.149855
v 0.167890 -0.137783 0.151163
v 0.168061 -0.146526 0.150625
v 0.168730 -0.137783 0.151704
v 0.168888 -0.146526 0.151195
v 0.169682 -0.137783 0.152049
v 0.169836 -0.146526 0.151543
v 0.170719 -0.137783 0.152170
v 0.170873 -0.146526 0.151652
v 0.260978 -0.137783 0.152170
v 0.260978 -0.146001 0.152170
v 0.262809 -0.146526 0.151195
v 0.261861 -0.146526 0.151543
v 0.263807 -0.146001 0.151163
v 0.264508 -0.146001 0.150454
v 0.265043 -0.146001 0.149604
v 0.265384 -0.146001 0.148640
v 0.265503 -0.146001 0.147591
v 0.265503 -0.146001 -0.147683
v 0.265384 -0.146001 -0.148732
v 0.265043 -0.146001 -0.149695
v 0.264508 -0.146001 -0.150545
v 0.263807 -0.146001 -0.151255
v 0.262967 -0.146001 -0.151795
v 0.262015 -0.146001 -0.152140
v 0.260978 -0.146001 -0.152261
v 0.170719 -0.146001 -0.152261
v 0.169682 -0.146001 -0.152140
v 0.168730 -0.146001 -0.151795
v 0.167890 -0.146001 -0.151255
v 0.167189 -0.146001 -0.150545
v 0.166654 -0.146001 -0.149695
v 0.166314 -0.146001 -0.148732
v 0.166194 -0.146001 -0.147683
v 0.166194 -0.146001 0.147591
v 0.166314 -0.146001 0.148640
v 0.166654 -0.146001 0.149604
v 0.167189 -0.146001 0.150454
v 0.167890 -0.146001 0.151163
v 0.168730 -0.146001 0.151704
v 0.169682 -0.146001 0.152049
v 0.170719 -0.146001 0.152170
v 0.260824 -0.146526 0.151652
v 0.166639 -0.146526 0.104954
v 0.265058 -0.146526 0.104954
v 0.265058 -0.146526 0.039248
v 0.166639 -0.146526 0.039248
vn -0.0001 1.0000 0.0003
vn 0.0011 1.0000 -0.0003
vn -0.0000 1.0000 -0.0000
vn 0.0035 0.9999 -0.0133
vn -0.0007 1.0000 -0.0014
vn 0.0019 1.0000 0.0019
vn -0.0003 1.0000 -0.0006
vn 0.0321 0.9982 0.0512
vn -0.0019 1.0000 -0.0036
vn -0.0117 0.9997 -0.0197
vn -0.0047 1.0000 -0.0085
vn 0.0587 0.5018 0.8630
vn 0.0091 0.5081 0.8613
vn 0.1099 0.5058 0.8557
vn 0.1231 0.5036 0.8551
vn 0.2672 0.5389 0.7989
vn 0.2941 0.5422 0.7871
vn 0.4087 0.5591 0.7213
vn 0.4476 0.5656 0.6927
vn 0.5314 0.5716 0.6252
vn 0.5785 0.5786 0.5750
vn 0.6342 0.5791 0.5123
vn 0.6974 0.5846 0.4145
vn 0.7052 0.5821 0.4047
vn 0.7560 0.5826 0.2982
vn 0.8021 0.5781 0.1497
vn 0.7771 0.5834 0.2362
vn 0.8051 0.5931 -0.0007
vn 0.8136 0.5765 0.0752
vn -0.8136 0.5765 0.0752
vn -0.8052 0.5931 -0.0007
vn -0.8021 0.5781 0.1498
vn -0.7771 0.5834 0.2362
vn -0.7562 0.5825 0.2983
vn -0.6974 0.5846 0.4145
vn -0.7052 0.5821 0.4048
vn -0.6341 0.5791 0.5124
vn 0.0001 0.4940 0.8695
vn -0.0264 0.4823 0.8756
vn -0.1099 0.5057 0.8557
vn -0.5314 0.5716 0.6252
vn -0.5785 0.5786 0.5750
vn -0.1231 0.5036 0.8551
vn -0.2672 0.5388 0.7989
vn -0.2941 0.5422 0.7871
vn -0.4087 0.5591 0.7213
vn -0.4476 0.5657 0.6926
vn -0.0000 -1.0000 -0.0000
vn -0.5310 -0.8474 -0.0000
vn -0.5486 -0.8361 -0.0000
vn 0.5310 -0.8473 -0.0000
vn 0.5372 -0.8435 -0.0000
vn -0.1502 -0.0000 0.9887
vn -0.0002 -0.0066 1.0000
vn -0.0002 -0.0000 1.0000
vn -0.3257 -0.0000 0.9455
vn -0.2094 -0.0088 0.9778
vn -0.4868 -0.0000 0.8735
vn -0.3800 -0.0128 0.9249
vn -0.6296 -0.0000 0.7769
vn -0.5354 -0.0128 0.8445
vn -0.7522 -0.0000 0.6589
vn -0.6719 -0.0128 0.7406
vn -0.8527 -0.0000 0.5224
vn -0.7876 -0.0168 0.6160
vn -0.9294 -0.0000 0.3692
vn -0.8810 -0.0128 0.4730
vn -0.9793 -0.0000 0.2025
vn -0.9490 -0.0128 0.3149
vn -0.9999 -0.0000 0.0111
vn -0.9894 -0.0087 0.1452
vn 0.9848 -0.0000 0.1736
vn 0.9999 -0.0127 0.0111
vn 0.9999 -0.0000 0.0111
vn 0.9490 -0.0128 0.3149
vn 0.9845 -0.0129 0.1748
vn 0.9294 -0.0000 0.3692
vn 0.8675 -0.0097 0.4974
vn 0.7882 -0.0000 0.6154
vn 0.8674 -0.0000 0.4976
vn 0.6728 -0.0000 0.7398
vn 0.7526 -0.0168 0.6582
vn 0.5366 -0.0000 0.8439
vn 0.6296 -0.0128 0.7768
vn 0.3812 -0.0000 0.9245
vn 0.4868 -0.0128 0.8734
vn 0.2099 -0.0000 0.9777
vn 0.3257 -0.0128 0.9454
vn 0.0002 -0.0000 1.0000
vn 0.1506 -0.0087 0.9886
vn -0.8092 -0.5875 -0.0000
vn -0.8137 -0.5812 -0.0000
vn -0.0000 -0.5547 0.8320
vn -0.0000 -0.4139 0.9103
vn -0.0000 -0.1580 0.9874
vn 0.5647 -0.8253 -0.0000
vn 0.8092 -0.5875 -0.0000
vn -0.1493 -0.5556 0.8179
vn -0.0002 -0.5549 0.8319
vn -0.2890 -0.5814 0.7605
vn -0.4178 -0.5812 0.6983
vn -0.5312 -0.5811 0.6165
vn -0.7050 -0.5813 0.4062
vn -0.6127 -0.6063 0.5069
vn -0.7640 -0.5815 0.2796
vn -0.8190 -0.5555 0.1440
vn -0.9996 -0.0249 0.0111
vn -0.8325 -0.5540 -0.0000
vn -0.7959 -0.6053 0.0089
vn 0.8325 -0.5540 -0.0000
vn 0.9999 -0.0129 -0.0000
vn 0.8190 -0.5555 0.1440
vn 0.7959 -0.6053 0.0089
vn 0.7640 -0.5815 0.2796
vn 0.7051 -0.5813 0.4062
vn 0.5313 -0.5811 0.6165
vn 0.6128 -0.6063 0.5069
vn 0.4178 -0.5812 0.6983
vn 0.2890 -0.5814 0.7605
vn 0.1493 -0.5556 0.8179
vn 0.0002 -0.0253 0.9997
vn -0.7593 -0.6508 -0.0000
vn -0.0000 -0.6212 0.7836
vn -0.0000 -0.6508 0.7593
vn 0.7593 -0.6508 -0.0000
vn -0.1357 -0.6523 0.7457
vn -0.0001 -0.6508 0.7593
vn -0.2901 -0.6521 0.7004
vn -0.4078 -0.6520 0.6392
vn -0.5109 -0.6520 0.5602
vn -0.6460 -0.6520 0.3969
vn -0.5840 -0.6521 0.4834
vn -0.7043 -0.6520 0.2808
vn -0.7466 -0.6522 0.1308
vn -0.7590 -0.6510 0.0085
vn 0.7592 -0.6508 -0.0000
vn 0.7466 -0.6523 0.1308
vn 0.7591 -0.6509 0.0085
vn 0.7043 -0.6520 0.2809
vn 0.6460 -0.6520 0.3969
vn 0.5109 -0.6520 0.5602
vn 0.5840 -0.6522 0.4834
vn 0.4078 -0.6520 0.6392
vn 0.2901 -0.6521 0.7004
vn 0.1356 -0.6523 0.7457
vn 0.0002 -0.6060 0.7954
vn -1.0000 -0.0000 -0.0000
vn 1.0000 -0.0000 -0.0000
vn -0.0000 -0.4961 0.8683
vn -0.0000 -0.2539 0.9672
vn 0.0008 -0.1580 0.9874
vn -0.0000 -0.2426 0.9701
vn 0.0004 -0.1580 0.9874
vn -0.0000 -0.3387 0.9409
vn -0.0000 -0.2367 0.9716
vn -0.0000 -0.5813 0.8137
vn -0.0000 -0.0000 1.0000
vn -0.0000 -0.5880 0.8088
vn -0.0002 -0.2537 0.9673
vn -1.0000 -0.0019 -0.0000
vn -1.0000 0.0038 -0.0000
vn 1.0000 -0.0038 -0.0000
vn -1.0000 0.0019 -0.0000
vn 1.0000 -0.0019 -0.0000
vn 1.0000 0.0038 -0.0000
vn -0.5432 -0.8396 -0.0000
vn 1.0000 0.0019 -0.0000
vn -1.0000 -0.0038 -0.0000
vn 0.9761 0.2053 -0.0715
vn 0.9929 0.0945 -0.0716
vn 0.9685 0.2419 -0.0587
vn 0.9689 0.2395 -0.0627
vn 0.9936 0.0767 -0.0826
vn 0.9958 -0.0000 -0.0911
vn 0.9933 0.0914 -0.0700
vn 0.9983 -0.0000 -0.0591
vn 0.9970 -0.0000 -0.0770
vn 0.9748 0.2223 -0.0184
vn 0.9697 0.2442 -0.0000
vn 0.9955 0.0930 -0.0173
vn 0.9999 -0.0000 -0.0115
vn 0.9972 0.0754 -0.0000
vn 0.9734 -0.2285 -0.0132
vn 0.9957 -0.0929 -0.0000
vn 0.9697 -0.2442 -0.0000
vn 0.9933 -0.0914 -0.0700
vn 0.9964 -0.0822 -0.0204
vn 0.9689 -0.2395 -0.0627
vn 0.9936 -0.0767 -0.0826
vn 0.9761 -0.2053 -0.0715
vn 0.9929 -0.0945 -0.0716
vn -0.9734 0.2285 -0.0132
vn -0.9938 0.1114 -0.0000
vn -0.9697 0.2442 -0.0000
vn -0.9933 0.0914 -0.0700
vn -0.9970 0.0752 -0.0168
vn -0.9983 -0.0000 -0.0591
vn -0.9999 0.0143 -0.0000
vn -0.9999 -0.0087 -0.0138
vn -0.9689 0.2395 -0.0627
vn -0.9936 0.0767 -0.0826
vn -0.9761 0.2053 -0.0715
vn -0.9929 0.0945 -0.0716
vn -0.9970 -0.0000 -0.0769
vn -0.9958 -0.0000 -0.0911
vn -0.9761 -0.2053 -0.0715
vn -0.9929 -0.0945 -0.0716
vn -0.9685 -0.2420 -0.0587
vn -0.9689 -0.2395 -0.0627
vn -0.9936 -0.0767 -0.0826
vn -0.9934 -0.0914 -0.0700
vn -0.9778 -0.2088 -0.0149
vn -0.9957 -0.0929 -0.0000
vn -0.9964 -0.0822 -0.0204
vn -0.0038 0.0430 -0.9991
vn -0.0279 0.1133 -0.9932
vn -0.0029 0.1184 -0.9930
vn -0.0210 0.3573 -0.9337
vn -0.0331 0.0307 -0.9990
vn -0.0697 0.1128 -0.9912
vn -0.6087 0.1309 -0.7825
vn -0.6213 0.1915 -0.7598
vn -0.6712 0.1812 -0.7188
vn -0.0593 0.9981 -0.0148
vn -0.1932 0.9523 -0.2363
vn -0.1971 0.9802 -0.0196
vn -0.0396 0.4228 -0.9054
vn -0.0000 0.9995 -0.0314
vn -0.0023 0.9859 -0.1673
vn -0.0027 0.9999 -0.0135
vn -0.0040 0.6476 -0.7620
vn -0.0020 0.3991 -0.9169
vn -0.0551 0.9878 -0.1458
vn 0.0023 0.9859 -0.1673
vn -0.0000 0.9811 -0.1934
vn 0.0027 0.9999 -0.0135
vn 0.0551 0.9878 -0.1458
vn 0.0210 0.3573 -0.9337
vn 0.0040 0.6476 -0.7620
vn 0.0396 0.4228 -0.9054
vn 0.0593 0.9981 -0.0148
vn 0.1932 0.9523 -0.2363
vn 0.6213 0.1915 -0.7598
vn 0.6087 0.1309 -0.7825
vn 0.6712 0.1812 -0.7188
vn 0.0331 0.0307 -0.9990
vn 0.0697 0.1128 -0.9912
vn 0.0744 0.0244 -0.9969
vn 0.0279 0.1133 -0.9932
vn 0.0029 0.1184 -0.9930
vn 0.0020 0.3991 -0.9169
vn 0.0038 0.0430 -0.9991
vn -0.0210 -0.3573 -0.9337
vn -0.0029 -0.1184 -0.9930
vn -0.0020 -0.3991 -0.9169
vn -0.0279 -0.1132 -0.9932
vn -0.0038 -0.0430 -0.9991
vn -0.0000 -0.9995 -0.0315
vn -0.0023 -0.9859 -0.1673
vn -0.0000 -0.9811 -0.1933
vn -0.0551 -0.9878 -0.1457
vn -0.0027 -0.9999 -0.0135
vn -0.0593 -0.9981 -0.0148
vn -0.0040 -0.6476 -0.7620
vn -0.0396 -0.4228 -0.9054
vn -0.6087 -0.1309 -0.7825
vn -0.6212 -0.1915 -0.7599
vn -0.5715 -0.0968 -0.8149
vn -0.0331 -0.0307 -0.9990
vn -0.0697 -0.1128 -0.9912
vn -0.0744 -0.0244 -0.9969
vn -0.1932 -0.9523 -0.2362
vn 0.6213 -0.1915 -0.7598
vn 0.6087 -0.1309 -0.7825
vn 0.5715 -0.0968 -0.8149
vn 0.0593 -0.9981 -0.0148
vn 0.1932 -0.9523 -0.2363
vn 0.1971 -0.9802 -0.0197
vn 0.0279 -0.1132 -0.9932
vn 0.0396 -0.4228 -0.9054
vn 0.0210 -0.3573 -0.9337
vn 0.0331 -0.0307 -0.9990
vn 0.0697 -0.1128 -0.9912
vn 0.0027 -0.9999 -0.0135
vn 0.0551 -0.9878 -0.1457
vn 0.0023 -0.9859 -0.1673
vn 0.0040 -0.6476 -0.7620
vn 0.0020 -0.3991 -0.9169
vn 0.0038 -0.0430 -0.9991
vn 0.0029 -0.1184 -0.9930
vn -0.0042 1.0000 -0.0056
vn -0.0884 0.9960 -0.0081
vn -0.0762 0.9971 -0.0062
vn -0.9685 0.2420 -0.0587
vn -0.9404 0.3354 -0.0555
vn -0.9493 0.3109 -0.0461
vn -0.9287 0.3665 -0.0570
vn -0.1959 0.9805 -0.0132
vn -0.1951 0.9808 -0.0086
vn -0.9251 0.3797 -0.0000
vn -0.1029 0.9947 -0.0000
vn -0.1948 0.9808 -0.0019
vn -0.1948 0.9808 -0.0000
vn -0.0767 0.9971 -0.0014
vn -0.9259 0.3775 -0.0156
vn -0.0043 1.0000 -0.0000
vn -0.0055 1.0000 -0.0015
vn 0.0578 0.9983 -0.0000
vn 0.0052 1.0000 -0.0010
vn 0.0043 1.0000 -0.0000
vn 0.0762 0.9971 -0.0062
vn 0.1029 0.9947 -0.0017
vn 0.1948 0.9808 -0.0000
vn 0.9257 0.3781 -0.0116
vn 0.9251 0.3797 -0.0000
vn 0.1950 0.9808 -0.0086
vn 0.1948 0.9808 -0.0026
vn 0.9404 0.3354 -0.0555
vn 0.1971 0.9802 -0.0196
vn 0.0884 0.9961 -0.0081
vn 0.1958 0.9805 -0.0134
vn 0.9287 0.3665 -0.0569
vn 0.0042 1.0000 -0.0056
vn 0.0051 1.0000 -0.0083
vn 0.0042 -1.0000 -0.0056
vn 0.0884 -0.9961 -0.0081
vn 0.0762 -0.9971 -0.0062
vn 0.9685 -0.2419 -0.0587
vn 0.9405 -0.3354 -0.0555
vn 0.9493 -0.3109 -0.0461
vn 0.9287 -0.3665 -0.0569
vn 0.1958 -0.9805 -0.0134
vn 0.1951 -0.9808 -0.0086
vn 0.9251 -0.3797 -0.0000
vn 0.1029 -0.9947 -0.0000
vn 0.1948 -0.9808 -0.0017
vn 0.1948 -0.9808 -0.0000
vn 0.0767 -0.9971 -0.0014
vn 0.9259 -0.3775 -0.0156
vn 0.0043 -1.0000 -0.0000
vn 0.0055 -1.0000 -0.0015
vn -0.0578 -0.9983 -0.0000
vn -0.0068 -1.0000 -0.0014
vn -0.0028 -1.0000 -0.0000
vn -0.0762 -0.9971 -0.0062
vn -0.1029 -0.9947 -0.0017
vn -0.1948 -0.9808 -0.0000
vn -0.9589 -0.2837 -0.0000
vn -0.9257 -0.3781 -0.0119
vn -0.9251 -0.3797 -0.0000
vn -0.1950 -0.9808 -0.0086
vn -0.1948 -0.9808 -0.0026
vn -0.9404 -0.3354 -0.0555
vn -0.1971 -0.9802 -0.0196
vn -0.0884 -0.9961 -0.0081
vn -0.1959 -0.9805 -0.0133
vn -0.9287 -0.3665 -0.0570
vn -0.0042 -1.0000 -0.0056
vn -0.0051 -1.0000 -0.0083
vn 0.0044 0.0148 -0.9999
vn 0.0063 -0.0000 -1.0000
vn 0.0362 0.0109 -0.9993
vn 0.0460 -0.0000 -0.9989
vn 0.5715 0.0968 -0.8149
vn 0.1430 0.0138 -0.9896
vn 0.1994 -0.0000 -0.9799
vn 0.5436 0.0332 -0.8387
vn 0.5357 -0.0000 -0.8444
vn 0.1430 -0.0138 -0.9896
vn 0.5436 -0.0332 -0.8387
vn 0.0744 -0.0245 -0.9969
vn 0.0362 -0.0109 -0.9993
vn 0.0044 -0.0148 -0.9999
vn -0.0044 -0.0148 -0.9999
vn -0.0063 -0.0000 -1.0000
vn -0.0362 -0.0109 -0.9993
vn -0.0460 -0.0000 -0.9989
vn -0.1430 -0.0138 -0.9896
vn -0.1995 -0.0000 -0.9799
vn -0.5436 -0.0332 -0.8387
vn -0.5356 -0.0000 -0.8444
vn -0.5715 0.0968 -0.8149
vn -0.1430 0.0138 -0.9896
vn -0.5436 0.0332 -0.8387
vn -0.0744 0.0245 -0.9969
vn -0.0362 0.0109 -0.9993
vn -0.0044 0.0148 -0.9999
vn 0.9685 0.2420 -0.0587
vn 0.9959 -0.0000 -0.0910
vn 0.9971 -0.0000 -0.0763
vn 0.9999 0.0087 -0.0138
vn 0.9999 -0.0143 -0.0000
vn 0.9938 -0.1114 -0.0000
vn 0.9934 -0.0914 -0.0700
vn 0.9970 -0.0752 -0.0168
vn -0.9934 0.0913 -0.0700
vn -0.9971 -0.0000 -0.0767
vn -0.9685 -0.2419 -0.0587
vn -0.9696 -0.2441 -0.0159
vn -0.9778 -0.2094 -0.0000
vn -0.9955 -0.0930 -0.0173
vn -0.9972 -0.0754 -0.0000
vn -0.6088 0.1309 -0.7825
vn -0.1932 0.9523 -0.2362
vn -0.0550 0.9878 -0.1458
vn 0.0550 0.9878 -0.1458
vn 0.6088 0.1309 -0.7825
vn 0.0744 0.0245 -0.9969
vn -0.0020 -0.3992 -0.9169
vn -0.0279 -0.1133 -0.9932
vn -0.0037 -0.0430 -0.9991
vn -0.0551 -0.9878 -0.1458
vn -0.0041 -0.6476 -0.7620
vn -0.6213 -0.1915 -0.7598
vn -0.1932 -0.9523 -0.2363
vn 0.6088 -0.1309 -0.7825
vn 0.5715 -0.0969 -0.8148
vn 0.1971 -0.9802 -0.0196
vn 0.0279 -0.1133 -0.9932
vn 0.0551 -0.9878 -0.1458
vn 0.0020 -0.3992 -0.9169
vn 0.0037 -0.0430 -0.9991
vn -0.0042 1.0000 -0.0055
vn -0.0884 0.9961 -0.0081
vn -0.9685 0.2419 -0.0587
vn -0.1959 0.9805 -0.0131
vn -0.1948 0.9808 -0.0017
vn -0.9259 0.3775 -0.0157
vn -0.0056 1.0000 -0.0015
vn 0.9257 0.3781 -0.0114
vn 0.9405 0.3354 -0.0555
vn 0.0884 0.9960 -0.0081
vn 0.1958 0.9805 -0.0135
vn 0.0042 1.0000 -0.0055
vn 0.0884 -0.9960 -0.0081
vn 0.9287 -0.3665 -0.0570
vn 0.1959 -0.9805 -0.0133
vn 0.1951 -0.9808 -0.0087
vn 0.0056 -1.0000 -0.0015
vn -0.1029 -0.9947 -0.0016
vn -0.9259 -0.3775 -0.0156
vn -0.1950 -0.9808 -0.0087
vn -0.0884 -0.9960 -0.0081
vn -0.1958 -0.9805 -0.0134
vn 0.1995 -0.0000 -0.9799
vn -0.5357 -0.0000 -0.8444
vn -0.0000 -0.0000 -1.0000
vn -0.0004 -0.0000 1.0000
vn 0.0004 -0.0000 1.0000
vn -0.0013 -0.0000 1.0000
vn -0.2273 -0.0000 0.9738
vn -0.4396 -0.0000 0.8982
vn -0.4395 -0.0000 0.8982
vn -0.6257 -0.0000 0.7801
vn -0.6256 -0.0000 0.7801
vn -0.7801 -0.0000 0.6257
vn -0.8982 -0.0000 0.4395
vn -0.9738 -0.0000 0.2273
vn -1.0000 -0.0000 0.0035
vn -1.0000 -0.0000 0.0009
vn -1.0000 -0.0000 -0.0009
vn -1.0000 -0.0000 -0.0035
vn -0.9738 -0.0000 -0.2272
vn -0.8982 -0.0000 -0.4395
vn -0.7801 -0.0000 -0.6257
vn -0.6257 -0.0000 -0.7801
vn -0.4395 -0.0000 -0.8982
vn -0.2272 -0.0000 -0.9738
vn -0.0013 -0.0000 -1.0000
vn -0.0004 -0.0000 -1.0000
vn 0.0003 -0.0000 -1.0000
vn 0.0013 -0.0000 -1.0000
vn 0.2272 -0.0000 -0.9738
vn 0.4395 -0.0000 -0.8982
vn 0.6256 -0.0000 -0.7801
vn 0.7801 -0.0000 -0.6257
vn 0.8982 -0.0000 -0.4395
vn 0.9738 -0.0000 -0.2273
vn 1.0000 -0.0000 -0.0035
vn 1.0000 -0.0000 -0.0009
vn 1.0000 -0.0000 0.0009
vn 1.0000 -0.0000 0.0035
vn 0.9738 -0.0000 0.2272
vn 0.8982 -0.0000 0.4395
vn 0.7801 -0.0000 0.6257
vn 0.6256 -0.0000 0.7801
vn 0.4395 -0.0000 0.8982
vn 0.2273 -0.0000 0.9738
vn 0.0013 -0.0000 1.0000
vn -0.4050 -0.0000 -0.9143
vn -0.2628 -0.0000 -0.9649
vn -0.4721 -0.0000 -0.8816
vn -0.5965 -0.0000 -0.8026
vn -0.6536 -0.0000 -0.7568
vn -0.7568 -0.0000 -0.6536
vn -0.8026 -0.0000 -0.5965
vn -0.8816 -0.0000 -0.4721
vn -0.9143 -0.0000 -0.4050
vn -0.9649 -0.0000 -0.2628
vn -0.9821 -0.0000 -0.1882
vn -1.0000 -0.0000 -0.0004
vn -0.9821 -0.0000 0.1882
vn -1.0000 -0.0000 0.0004
vn -0.9649 -0.0000 0.2628
vn -0.9143 -0.0000 0.4050
vn -0.8816 -0.0000 0.4721
vn -0.8026 -0.0000 0.5965
vn -0.7568 -0.0000 0.6536
vn -0.6536 -0.0000 0.7568
vn -0.5965 -0.0000 0.8026
vn -0.4720 -0.0000 0.8816
vn -0.4050 -0.0000 0.9143
vn -0.2628 -0.0000 0.9649
vn -0.1882 -0.0000 0.9821
vn 0.1882 -0.0000 0.9821
vn 0.2628 -0.0000 0.9649
vn 0.4051 -0.0000 0.9143
vn 0.4720 -0.0000 0.8816
vn 0.5965 -0.0000 0.8026
vn 0.6536 -0.0000 0.7568
vn 0.7568 -0.0000 0.6536
vn 0.8026 -0.0000 0.5965
vn 0.8816 -0.0000 0.4721
vn 0.9143 -0.0000 0.4051
vn 0.9649 -0.0000 0.2628
vn 0.9821 -0.0000 0.1882
vn 1.0000 -0.0000 0.0004
vn 0.9821 -0.0000 -0.1882
vn 1.0000 -0.0000 -0.0004
vn 0.9649 -0.0000 -0.2628
vn 0.9143 -0.0000 -0.4050
vn 0.8816 -0.0000 -0.4720
vn 0.8026 -0.0000 -0.5965
vn 0.7568 -0.0000 -0.6536
vn 0.6536 -0.0000 -0.7568
vn 0.5965 -0.0000 -0.8026
vn 0.4720 -0.0000 -0.8816
vn 0.4051 -0.0000 -0.9143
vn 0.2628 -0.0000 -0.9649
vn 0.1883 -0.0000 -0.9821
vn -0.1883 -0.0000 -0.9821
vn -0.0000 -0.5145 0.8575
vn -0.8575 -0.5145 -0.0000
vn -0.0000 -0.5145 -0.8575
vn 0.8575 -0.5144 -0.0000
vn 0.8576 -0.5144 -0.0000
vn -0.1933 -0.5170 -0.8339
vn -0.3763 -0.5169 -0.7689
vn -0.1945 -0.5170 -0.8336
vn -0.5356 -0.5168 -0.6679
vn -0.5356 -0.5168 -0.6678
vn -0.6682 -0.5168 -0.5353
vn -0.7690 -0.5168 -0.3763
vn -0.6679 -0.5167 -0.5357
vn -0.8339 -0.5169 -0.1933
vn -0.8575 -0.5146 -0.0004
vn -0.8336 -0.5170 -0.1945
vn -0.8575 -0.5145 0.0002
vn -0.8575 -0.5145 -0.0003
vn -0.8339 -0.5169 0.1933
vn -0.8574 -0.5146 0.0007
vn -0.7690 -0.5168 0.3763
vn -0.8336 -0.5170 0.1945
vn -0.6679 -0.5168 0.5356
vn -0.5357 -0.5168 0.6679
vn -0.3763 -0.5168 0.7689
vn -0.1934 -0.5170 0.8339
vn -0.3763 -0.5168 0.7690
vn -0.0023 -0.5146 0.8574
vn -0.1945 -0.5170 0.8336
vn -0.0006 -0.5145 0.8575
vn 0.0011 -0.5145 0.8575
vn 0.1935 -0.5170 0.8339
vn 0.3763 -0.5169 0.7690
vn 0.1945 -0.5170 0.8336
vn 0.3763 -0.5169 0.7689
vn 0.5356 -0.5168 0.6678
vn 0.5357 -0.5168 0.6678
vn 0.6679 -0.5168 0.5356
vn 0.7689 -0.5169 0.3763
vn 0.8339 -0.5170 0.1934
vn 0.8575 -0.5145 0.0004
vn 0.8336 -0.5169 0.1945
vn 0.8575 -0.5145 -0.0002
vn 0.8339 -0.5170 -0.1934
vn 0.8574 -0.5146 -0.0007
vn 0.7689 -0.5169 -0.3763
vn 0.8336 -0.5170 -0.1945
vn 0.7690 -0.5168 -0.3763
vn 0.6682 -0.5168 -0.5352
vn 0.5356 -0.5168 -0.6679
vn 0.6679 -0.5168 -0.5356
vn 0.3763 -0.5169 -0.7689
vn 0.1933 -0.5170 -0.8339
vn 0.0012 -0.5145 -0.8575
vn 0.1945 -0.5169 -0.8336
vn -0.0006 -0.5145 -0.8575
vn 0.0011 -0.5145 -0.8575
vn -0.0023 -0.5145 -0.8575
vn -0.0000 -1.0000 -0.0001
vn -0.7592 -0.6508 -0.0000
vn 0.8137 -0.5812 -0.0000
vn -0.0001 -0.0000 1.0000
vn 0.0001 -0.0000 1.0000
vn -0.0005 -0.0000 1.0000
vn -0.0000 -1.0000 0.0002
vn -0.0000 -1.0000 0.0001
vn 0.0005 -0.0000 1.0000
vn 0.1501 -0.0000 0.9887
vn 0.3257 -0.0000 0.9455
vn 0.5118 -0.0000 0.8591
vn 0.6515 -0.0000 0.7587
vn 0.6515 -0.0000 0.7586
vn 0.7522 -0.0000 0.6590
vn 0.8672 -0.0000 0.4979
vn 0.9396 -0.0000 0.3422
vn 0.9397 -0.0000 0.3421
vn 0.9793 -0.0000 0.2025
vn 0.9895 -0.0000 0.1447
vn 1.0000 -0.0000 0.0008
vn 1.0000 -0.0000 0.0002
vn -0.9895 -0.0000 0.1448
vn -0.9397 -0.0000 0.3421
vn -0.8673 -0.0000 0.4978
vn -0.8672 -0.0000 0.4979
vn -0.7882 -0.0000 0.6154
vn -0.1501 -0.0000 0.9887
vn -0.2099 -0.0000 0.9777
vn -0.7522 -0.0000 0.6590
vn -0.6728 -0.0000 0.7398
vn -0.3813 -0.0000 0.9245
vn -0.5366 -0.0000 0.8439
vn 0.0013 1.0000 -0.0024
vn 0.0030 1.0000 0.0033
vn -0.0040 1.0000 -0.0054
vn -0.0266 0.9983 0.0512
vn 0.0117 0.9997 -0.0196
vn 0.0047 1.0000 -0.0085
vn 0.0019 1.0000 -0.0036
vn 0.0007 1.0000 -0.0014
vn -0.0003 1.0000 -0.0002
vn -0.0035 0.9999 -0.0133
vn 0.0281 0.4775 0.8782
vn -0.0000 0.4726 0.8813
vn 0.7948 0.6068 -0.0003
vn 0.8216 0.5701 -0.0065
vn -0.0000 0.5097 -0.8604
vn -0.7949 0.6068 -0.0003
vn -0.8216 0.5701 -0.0065
vn -0.0000 0.2372 0.9715
vn 0.8625 0.5060 0.0083
vn 0.8623 0.5063 0.0083
vn 0.8584 0.5129 0.0087
vn 0.0333 0.4819 -0.8756
vn -0.8584 0.5128 0.0081
vn 0.0001 -0.0000 -1.0000
vn -0.0001 -0.0000 -1.0000
vn 0.0005 -0.0000 -1.0000
vn -0.1613 -0.0000 -0.9869
vn -0.0005 -0.0000 -1.0000
vn -0.2251 -0.0000 -0.9743
vn -0.3475 -0.0000 -0.9377
vn -0.4056 -0.0000 -0.9141
vn -0.5142 -0.0000 -0.8577
vn -0.5647 -0.0000 -0.8253
vn -0.6786 -0.0000 -0.7345
vn -0.7928 -0.0000 -0.6095
vn -0.8823 -0.0000 -0.4708
vn -0.8823 -0.0000 -0.4707
vn -0.9472 -0.0000 -0.3206
vn -0.9820 -0.0000 -0.1888
vn -0.9909 -0.0000 -0.1347
vn 1.0000 -0.0000 -0.0002
vn 1.0000 -0.0000 -0.0007
vn 0.9909 -0.0000 -0.1347
vn 0.9820 -0.0000 -0.1887
vn 0.9556 -0.0000 -0.2947
vn 0.9381 -0.0000 -0.3463
vn 0.8948 -0.0000 -0.4465
vn 0.8690 -0.0000 -0.4948
vn 0.8093 -0.0000 -0.5874
vn 0.7754 -0.0000 -0.6314
vn 0.1613 -0.0000 -0.9869
vn 0.2251 -0.0000 -0.9743
vn 0.6994 -0.0000 -0.7148
vn 0.6572 -0.0000 -0.7537
vn 0.3765 -0.0000 -0.9264
vn 0.5395 -0.0000 -0.8420
vn -0.0000 -0.2142 0.9768
vn 0.2142 -0.0000 0.9768
vn 0.2141 -0.0000 0.9768
vn -0.0000 0.2142 0.9768
vn -0.2142 -0.0000 0.9768
vn -0.0000 -0.0199 -0.9998
vn -0.0000 -0.0700 -0.9975
vn -1.0000 -0.0065 -0.0000
vn -0.0000 -0.0129 -0.9999
vn -0.0000 -0.5813 -0.8137
vn -0.0000 -0.5812 -0.8138
vn -0.0000 -0.5812 -0.8137
vn -0.0000 -0.6508 -0.7593
vn 0.0001 -0.6508 0.7593
vn -0.0000 0.0677 -0.9977
vn -0.5310 -0.8473 -0.0000
vn -0.0000 0.1801 -0.9836
vn -0.0000 0.4264 -0.9045
vn -0.0000 0.6689 -0.7434
vn -0.0000 -0.0678 -0.9977
vn -0.0000 -0.1801 -0.9837
vn -0.0000 -0.4264 -0.9046
vn -0.0000 -0.6688 -0.7434
vn -0.6713 -0.1812 -0.7187
vn 0.6713 -0.1812 -0.7187
vn -0.0000 1.0000 -0.0089
vn -0.0051 1.0000 -0.0083
vn -0.0000 1.0000 -0.0090
vn -0.0000 1.0000 -0.0021
vn 0.0005 1.0000 -0.0000
vn 0.9493 0.3109 -0.0461
vn -0.0000 -1.0000 -0.0089
vn 0.0051 -1.0000 -0.0083
vn -0.0000 -1.0000 -0.0090
vn -0.0000 -1.0000 -0.0021
vn -0.9493 -0.3109 -0.0461
vn -0.0000 0.0252 -0.9997
vn -0.0000 -0.0253 -0.9997
vn -0.0000 0.1801 -0.9837
vn -0.0000 -0.0677 -0.9977
vn -0.0000 -0.6689 -0.7434
vn -0.6712 -0.1812 -0.7188
vn 0.6712 -0.1812 -0.7188
vn -0.0000 -0.0256 -0.9997
vn 0.5121 -0.0000 0.8589
vn -0.9396 -0.0000 0.3422
vn 0.0020 1.0000 -0.0027
vn 0.7784 0.6277 -0.0000
vn -0.7784 0.6277 -0.0000
vn 0.8663 0.4995 0.0080
vn 0.0349 0.4509 -0.8919
vn -0.8662 0.4997 0.0075
vn -0.7927 -0.0000 -0.6096
vn -0.9473 -0.0000 -0.3204
vn 0.3769 -0.0000 -0.9262
vn 0.4090 -0.0000 0.9125
vn 0.2657 -0.0000 0.9641
vn 0.1904 -0.0000 0.9817
vn 0.6010 -0.0000 0.7992
vn 0.4763 -0.0000 0.8793
vn 0.7606 -0.0000 0.6493
vn 0.6580 -0.0000 0.7530
vn 0.8838 -0.0000 0.4678
vn 0.8059 -0.0000 0.5921
vn 0.9656 -0.0000 0.2600
vn 0.9160 -0.0000 0.4011
vn 0.9825 -0.0000 0.1861
vn 0.9825 -0.0000 -0.1861
vn 0.9160 -0.0000 -0.4011
vn 0.9656 -0.0000 -0.2600
vn 0.8059 -0.0000 -0.5920
vn 0.8838 -0.0000 -0.4678
vn 0.6580 -0.0000 -0.7530
vn 0.7606 -0.0000 -0.6493
vn 0.4763 -0.0000 -0.8793
vn 0.6010 -0.0000 -0.7992
vn 0.2656 -0.0000 -0.9641
vn 0.4090 -0.0000 -0.9125
vn 0.1904 -0.0000 -0.9817
vn -0.1904 -0.0000 -0.9817
vn -0.4090 -0.0000 -0.9125
vn -0.2657 -0.0000 -0.9641
vn -0.6010 -0.0000 -0.7992
vn -0.4763 -0.0000 -0.8793
vn -0.7606 -0.0000 -0.6493
vn -0.6580 -0.0000 -0.7530
vn -0.8838 -0.0000 -0.4678
vn -0.8059 -0.0000 -0.5921
vn -0.9656 -0.0000 -0.2600
vn -0.9160 -0.0000 -0.4011
vn -0.9825 -0.0000 -0.1861
vn -0.9825 -0.0000 0.1861
vn -0.9160 -0.0000 0.4011
vn -0.9656 -0.0000 0.2600
vn -0.8059 -0.0000 0.5921
vn -0.8838 -0.0000 0.4678
vn -0.6580 -0.0000 0.7530
vn -0.7606 -0.0000 0.6493
vn -0.4763 -0.0000 0.8793
vn -0.6010 -0.0000 0.7993
vn -0.2657 -0.0000 0.9641
vn -0.4090 -0.0000 0.9125
vn -0.1904 -0.0000 0.9817
vn 0.1590 -0.7118 0.6841
vn 0.2894 -0.7091 0.6430
vn 0.1640 -0.7093 0.6856
vn 0.3419 -0.7121 0.6132
vn 0.4324 -0.7043 0.5630
vn 0.4786 -0.7108 0.5155
vn 0.5539 -0.6973 0.4549
vn 0.5913 -0.7059 0.3900
vn 0.6523 -0.6865 0.3212
vn 0.6797 -0.6940 0.2375
vn 0.7278 -0.6661 0.1631
vn 0.7488 -0.6585 0.0755
vn 0.7626 -0.6468 0.0001
vn 0.7626 -0.6468 -0.0003
vn 0.7487 -0.6585 -0.0755
vn 0.7278 -0.6661 -0.1630
vn 0.6797 -0.6940 -0.2375
vn 0.6523 -0.6866 -0.3211
vn 0.5913 -0.7060 -0.3899
vn 0.5539 -0.6973 -0.4549
vn 0.4786 -0.7108 -0.5155
vn 0.4325 -0.7042 -0.5631
vn 0.3418 -0.7122 -0.6131
vn 0.2894 -0.7093 -0.6428
vn 0.1590 -0.7118 -0.6841
vn 0.1640 -0.7093 -0.6856
vn 0.0009 -0.7023 -0.7119
vn -0.0004 -0.7023 -0.7119
vn -0.0018 -0.7024 -0.7118
vn -0.1590 -0.7119 -0.6841
vn -0.1640 -0.7093 -0.6855
vn -0.2894 -0.7092 -0.6429
vn -0.3418 -0.7122 -0.6131
vn -0.4324 -0.7043 -0.5630
vn -0.4786 -0.7109 -0.5154
vn -0.5539 -0.6973 -0.4549
vn -0.5912 -0.7060 -0.3899
vn -0.6523 -0.6866 -0.3212
vn -0.6797 -0.6940 -0.2375
vn -0.7278 -0.6662 -0.1630
vn -0.7487 -0.6586 -0.0755
vn -0.7626 -0.6468 -0.0003
vn -0.7626 -0.6469 0.0002
vn -0.7488 -0.6585 0.0755
vn -0.7278 -0.6661 0.1631
vn -0.6797 -0.6940 0.2375
vn -0.6523 -0.6865 0.3212
vn -0.5913 -0.7060 0.3899
vn -0.5539 -0.6973 0.4549
vn -0.4786 -0.7107 0.5155
vn -0.4325 -0.7042 0.5631
vn -0.3419 -0.7122 0.6132
vn -0.2894 -0.7092 0.6428
vn -0.1591 -0.7119 0.6841
vn -0.1640 -0.7093 0.6856
vn -0.0018 -0.7024 0.7118
vn -0.0004 -0.7023 0.7119
vn 0.0009 -0.7023 0.7119
vn 0.7625 -0.6469 -0.0000
vn 0.7627 -0.6468 -0.0000
vn 0.7629 -0.6466 -0.0002
vn -0.7626 -0.6469 -0.0000
vn 0.7626 -0.6469 -0.0000
vn 0.0009 -0.7024 -0.7118
vn -0.7628 -0.6466 -0.0002
vn 0.0009 -0.7023 0.7118
vt 0.947954 0.985157
vt 0.921487 0.919883
vt 0.949977 0.984226
vt 0.945697 0.985607
vt 0.943282 0.985618
vt 0.951730 0.106774
vt 0.921487 0.169746
vt 0.949977 0.105403
vt 0.954436 0.120290
vt 0.954879 0.116722
vt 0.953168 0.108562
vt 0.954843 0.113448
vt 0.954233 0.110771
vt 0.925470 0.214488
vt 0.925470 0.942464
vt 0.885839 0.578476
vt 0.477267 0.946987
vt 0.477267 0.209965
vt 0.894722 0.095707
vt 0.886780 0.090840
vt 0.886816 0.088530
vt 0.894403 0.092433
vt 0.886922 0.086356
vt 0.894308 0.089755
vt 0.887089 0.084354
vt 0.894368 0.087546
vt 0.887313 0.082559
vt 0.894545 0.085759
vt 0.887586 0.081009
vt 0.430103 0.451598
vt 0.436902 0.447371
vt 0.436972 0.449132
vt 0.437024 0.451121
vt 0.437057 0.453303
vt 0.430152 0.453571
vt 0.437068 0.455642
vt 0.430136 0.455805
vt 0.920175 0.344248
vt 0.913243 0.344086
vt 0.913254 0.341746
vt 0.920160 0.342015
vt 0.913287 0.339565
vt 0.920208 0.340041
vt 0.913339 0.337576
vt 0.913409 0.335814
vt 0.886783 0.956758
vt 0.894725 0.951891
vt 0.886819 0.959067
vt 0.887316 0.965039
vt 0.894548 0.961839
vt 0.887589 0.966589
vt 0.894406 0.955165
vt 0.886925 0.961242
vt 0.894311 0.957843
vt 0.887092 0.963244
vt 0.894371 0.960051
vt 0.396264 0.965184
vt 0.476908 0.746912
vt 0.396475 0.967494
vt 0.477380 0.748480
vt 0.397084 0.969668
vt 0.478132 0.749924
vt 0.398053 0.971670
vt 0.479135 0.751217
vt 0.399346 0.973465
vt 0.480360 0.752335
vt 0.400926 0.975015
vt 0.481778 0.753250
vt 0.402754 0.976284
vt 0.409363 0.086409
vt 0.485079 0.111864
vt 0.407010 0.086616
vt 0.483361 0.112295
vt 0.404795 0.087214
vt 0.481778 0.112981
vt 0.402754 0.088166
vt 0.480360 0.113896
vt 0.400926 0.089435
vt 0.396264 0.099266
vt 0.476908 0.119318
vt 0.476744 0.120983
vt 0.479135 0.115013
vt 0.399346 0.090985
vt 0.397084 0.094782
vt 0.396475 0.096957
vt 0.398053 0.092780
vt 0.477380 0.117751
vt 0.478132 0.116307
vt 0.494760 0.789508
vt 0.494760 0.165243
vt 0.920497 0.798776
vt 0.494924 0.791173
vt 0.495397 0.792740
vt 0.496149 0.794184
vt 0.497152 0.795477
vt 0.498377 0.796595
vt 0.499795 0.797510
vt 0.501377 0.798196
vt 0.503096 0.798627
vt 0.504921 0.798777
vt 0.504921 0.155975
vt 0.920497 0.155975
vt 0.503096 0.156124
vt 0.501377 0.156555
vt 0.499795 0.157241
vt 0.498376 0.158156
vt 0.494924 0.163579
vt 0.497152 0.159274
vt 0.495397 0.162011
vt 0.496149 0.160568
vt 0.843344 0.015502
vt 0.843713 0.051463
vt 0.843344 0.048036
vt 0.836976 0.047681
vt 0.837310 0.046650
vt 0.837310 0.047681
vt 0.836840 0.050950
vt 0.836507 0.051981
vt 0.836507 0.050950
vt 0.840458 0.012432
vt 0.842375 0.012536
vt 0.840456 0.012536
vt 0.840463 0.012333
vt 0.842376 0.012432
vt 0.840471 0.012243
vt 0.842382 0.012333
vt 0.840483 0.012162
vt 0.842390 0.012243
vt 0.835478 0.047116
vt 0.835554 0.045167
vt 0.835554 0.047109
vt 0.835392 0.047122
vt 0.835478 0.045174
vt 0.835298 0.047126
vt 0.835392 0.045179
vt 0.835196 0.047128
vt 0.835298 0.045183
vt 0.835090 0.047129
vt 0.835196 0.045186
vt 0.834710 0.045064
vt 0.834816 0.043122
vt 0.834816 0.045065
vt 0.834608 0.043119
vt 0.834710 0.043122
vt 0.834608 0.045062
vt 0.834514 0.043115
vt 0.834428 0.045052
vt 0.834514 0.045058
vt 0.834352 0.045045
vt 0.834428 0.043110
vt 0.840471 0.051900
vt 0.842401 0.051981
vt 0.840482 0.051981
vt 0.840463 0.051810
vt 0.842390 0.051900
vt 0.840458 0.051712
vt 0.842382 0.051810
vt 0.840456 0.051607
vt 0.842376 0.051712
vt 0.836001 0.047061
vt 0.836049 0.046703
vt 0.836049 0.047088
vt 0.840391 0.019486
vt 0.840342 0.040792
vt 0.840342 0.035953
vt 0.835988 0.047061
vt 0.835940 0.046703
vt 0.835988 0.046728
vt 0.842426 0.012436
vt 0.842424 0.012537
vt 0.842431 0.012343
vt 0.842401 0.012162
vt 0.842439 0.012256
vt 0.835535 0.045120
vt 0.835381 0.045132
vt 0.835463 0.045126
vt 0.835290 0.045136
vt 0.835193 0.045138
vt 0.835090 0.045186
vt 0.834380 0.045133
vt 0.835090 0.045138
vt 0.835526 0.043069
vt 0.835554 0.043117
vt 0.834713 0.043074
vt 0.834816 0.043074
vt 0.834616 0.043072
vt 0.834525 0.043068
vt 0.834371 0.043056
vt 0.834443 0.043062
vt 0.842439 0.051887
vt 0.842449 0.051964
vt 0.842431 0.051801
vt 0.842426 0.051707
vt 0.842375 0.051607
vt 0.836098 0.047129
vt 0.840391 0.051942
vt 0.840443 0.019447
vt 0.840443 0.051981
vt 0.835891 0.047129
vt 0.835891 0.046667
vt 0.842477 0.012443
vt 0.842476 0.012539
vt 0.842482 0.012356
vt 0.842449 0.012179
vt 0.842489 0.012276
vt 0.843551 0.051889
vt 0.843590 0.051797
vt 0.843619 0.051822
vt 0.835364 0.045083
vt 0.835440 0.045078
vt 0.835279 0.045087
vt 0.835189 0.045089
vt 0.834421 0.045084
vt 0.835091 0.045089
vt 0.835485 0.043020
vt 0.834717 0.043025
vt 0.834815 0.043025
vt 0.834627 0.043023
vt 0.834543 0.043019
vt 0.843551 0.011970
vt 0.843590 0.012063
vt 0.843526 0.012000
vt 0.842489 0.051867
vt 0.842499 0.051939
vt 0.842482 0.051787
vt 0.842477 0.051700
vt 0.842424 0.051606
vt 0.835418 0.048352
vt 0.835329 0.048019
vt 0.835418 0.048019
vt 0.835789 0.046667
vt 0.835878 0.047000
vt 0.835789 0.047000
vt 0.835329 0.048006
vt 0.835418 0.047672
vt 0.835418 0.048005
vt 0.835329 0.048698
vt 0.835418 0.048366
vt 0.835418 0.048699
vt 0.838952 0.021639
vt 0.838618 0.025939
vt 0.838618 0.021639
vt 0.840342 0.019511
vt 0.840342 0.024840
vt 0.840342 0.025318
vt 0.840342 0.030157
vt 0.840342 0.030636
vt 0.840342 0.035475
vt 0.840342 0.051916
vt 0.840342 0.046588
vt 0.840342 0.046109
vt 0.840391 0.041270
vt 0.840391 0.046110
vt 0.839707 0.024843
vt 0.839707 0.025321
vt 0.839707 0.030159
vt 0.839707 0.030637
vt 0.839707 0.035475
vt 0.839707 0.035953
vt 0.839707 0.046585
vt 0.839707 0.046107
vt 0.839707 0.041269
vt 0.839707 0.040791
vt 0.840391 0.040792
vt 0.840342 0.041270
vt 0.837173 0.046637
vt 0.837051 0.041799
vt 0.837173 0.041799
vt 0.835295 0.042358
vt 0.835418 0.043000
vt 0.835295 0.043001
vt 0.835826 0.051981
vt 0.835703 0.047142
vt 0.835826 0.047142
vt 0.835690 0.042278
vt 0.835567 0.041634
vt 0.835690 0.041635
vt 0.836384 0.050950
vt 0.836234 0.051981
vt 0.836112 0.046652
vt 0.836234 0.046652
vt 0.835418 0.050012
vt 0.835295 0.049369
vt 0.835418 0.049369
vt 0.836384 0.046650
vt 0.836507 0.046650
vt 0.835554 0.051981
vt 0.835431 0.047143
vt 0.835554 0.047143
vt 0.835431 0.041701
vt 0.835554 0.042343
vt 0.835431 0.042344
vt 0.835690 0.051981
vt 0.835567 0.047142
vt 0.835690 0.047142
vt 0.835418 0.051324
vt 0.835295 0.050681
vt 0.835418 0.050682
vt 0.835690 0.047129
vt 0.835567 0.042291
vt 0.835690 0.042291
vt 0.835295 0.041701
vt 0.835418 0.042343
vt 0.835295 0.042344
vt 0.835962 0.051981
vt 0.835839 0.047142
vt 0.835962 0.047142
vt 0.835418 0.051981
vt 0.835295 0.051338
vt 0.835418 0.051339
vt 0.836976 0.051981
vt 0.836853 0.047681
vt 0.835295 0.048713
vt 0.835418 0.049354
vt 0.835295 0.049355
vt 0.836370 0.051981
vt 0.836248 0.046652
vt 0.836370 0.046652
vt 0.836853 0.046650
vt 0.836976 0.046650
vt 0.837310 0.046637
vt 0.837187 0.041799
vt 0.837310 0.041799
vt 0.835295 0.050026
vt 0.835418 0.050667
vt 0.835295 0.050668
vt 0.836098 0.051981
vt 0.835975 0.047142
vt 0.836098 0.047142
vt 0.835554 0.043001
vt 0.835431 0.042357
vt 0.835554 0.042358
vt 0.911158 0.022623
vt 0.910268 0.023099
vt 0.910267 0.022624
vt 0.911468 0.022623
vt 0.911158 0.023099
vt 0.911158 0.023665
vt 0.911471 0.023099
vt 0.911472 0.023665
vt 0.910268 0.023665
vt 0.911799 0.022622
vt 0.912139 0.022622
vt 0.911802 0.023099
vt 0.911804 0.023665
vt 0.912143 0.023099
vt 0.912144 0.023665
vt 0.911799 0.024707
vt 0.912143 0.024231
vt 0.912139 0.024707
vt 0.911471 0.024231
vt 0.911802 0.024231
vt 0.911468 0.024707
vt 0.911158 0.024230
vt 0.911158 0.024706
vt 0.910268 0.024230
vt 0.911799 0.027397
vt 0.912143 0.026921
vt 0.912139 0.027397
vt 0.911471 0.026921
vt 0.911802 0.026921
vt 0.911472 0.026355
vt 0.912144 0.026355
vt 0.911804 0.026355
vt 0.911468 0.027397
vt 0.911158 0.026921
vt 0.911158 0.027396
vt 0.910268 0.026920
vt 0.910268 0.026355
vt 0.911158 0.026355
vt 0.911158 0.025313
vt 0.910268 0.025790
vt 0.910267 0.025314
vt 0.911468 0.025313
vt 0.911158 0.025789
vt 0.911471 0.025789
vt 0.911799 0.025313
vt 0.912143 0.025789
vt 0.911802 0.025789
vt 0.898775 0.019993
vt 0.899067 0.017939
vt 0.899068 0.020018
vt 0.899181 0.018491
vt 0.898775 0.017895
vt 0.899069 0.017190
vt 0.898776 0.017119
vt 0.899073 0.017119
vt 0.908387 0.017793
vt 0.908311 0.017087
vt 0.908378 0.017017
vt 0.899224 0.017939
vt 0.908383 0.038501
vt 0.908320 0.019916
vt 0.908387 0.019890
vt 0.899283 0.020018
vt 0.899223 0.020033
vt 0.908322 0.017837
vt 0.908320 0.057086
vt 0.908310 0.038501
vt 0.908387 0.057112
vt 0.908322 0.059165
vt 0.899182 0.058715
vt 0.899283 0.057189
vt 0.899224 0.059267
vt 0.908387 0.059209
vt 0.908311 0.059914
vt 0.899074 0.060088
vt 0.898777 0.060088
vt 0.899070 0.060017
vt 0.898775 0.059311
vt 0.899067 0.059267
vt 0.899069 0.057189
vt 0.899223 0.057173
vt 0.898776 0.057214
vt 0.896293 0.018491
vt 0.896405 0.020018
vt 0.896251 0.020033
vt 0.896408 0.017939
vt 0.896698 0.019993
vt 0.902513 0.038501
vt 0.902450 0.057086
vt 0.902440 0.038501
vt 0.902452 0.059165
vt 0.902517 0.057112
vt 0.902517 0.059209
vt 0.896193 0.020018
vt 0.896252 0.017939
vt 0.896699 0.017119
vt 0.896404 0.017119
vt 0.896698 0.017023
vt 0.896699 0.017895
vt 0.896406 0.017190
vt 0.902441 0.059914
vt 0.896404 0.060088
vt 0.896699 0.060088
vt 0.896698 0.060184
vt 0.902517 0.017793
vt 0.902441 0.017087
vt 0.902508 0.017017
vt 0.896408 0.059267
vt 0.896253 0.059267
vt 0.896294 0.058715
vt 0.896700 0.059311
vt 0.896407 0.060017
vt 0.902517 0.019890
vt 0.902452 0.017837
vt 0.902450 0.019916
vt 0.896193 0.057189
vt 0.896252 0.057173
vt 0.896698 0.057214
vt 0.896406 0.057189
vt 0.909582 0.019867
vt 0.909277 0.017766
vt 0.909580 0.017753
vt 0.910267 0.027395
vt 0.911157 0.027692
vt 0.910266 0.027690
vt 0.911464 0.027693
vt 0.909267 0.016974
vt 0.909573 0.016953
vt 0.912133 0.027693
vt 0.910249 0.017748
vt 0.909902 0.016946
vt 0.910243 0.016946
vt 0.909908 0.017748
vt 0.911793 0.027693
vt 0.910252 0.019865
vt 0.909911 0.019865
vt 0.910249 0.059253
vt 0.909911 0.057137
vt 0.910252 0.057137
vt 0.909580 0.059249
vt 0.909908 0.059253
vt 0.910243 0.060056
vt 0.911793 0.022326
vt 0.912133 0.022326
vt 0.909573 0.060049
vt 0.909902 0.060056
vt 0.911157 0.022328
vt 0.908378 0.059985
vt 0.909277 0.059236
vt 0.909267 0.060028
vt 0.911464 0.022327
vt 0.909582 0.057134
vt 0.909276 0.057127
vt 0.903712 0.019867
vt 0.903407 0.017766
vt 0.903710 0.017753
vt 0.910267 0.024705
vt 0.911157 0.025002
vt 0.910266 0.025000
vt 0.911464 0.025003
vt 0.903397 0.016974
vt 0.903703 0.016953
vt 0.912133 0.025003
vt 0.904379 0.017748
vt 0.904032 0.016946
vt 0.904373 0.016946
vt 0.904038 0.017748
vt 0.911793 0.025003
vt 0.904382 0.019865
vt 0.904041 0.019865
vt 0.904379 0.059253
vt 0.904041 0.057137
vt 0.904382 0.057137
vt 0.903710 0.059249
vt 0.904038 0.059253
vt 0.904373 0.060056
vt 0.912139 0.025313
vt 0.911793 0.025017
vt 0.912133 0.025017
vt 0.903703 0.060049
vt 0.904032 0.060056
vt 0.911157 0.025018
vt 0.902508 0.059985
vt 0.903407 0.059236
vt 0.903397 0.060028
vt 0.911464 0.025017
vt 0.903712 0.057134
vt 0.903406 0.057127
vt 0.898302 0.057229
vt 0.897737 0.057234
vt 0.898302 0.059338
vt 0.897737 0.059347
vt 0.898779 0.060184
vt 0.898303 0.060130
vt 0.897738 0.060144
vt 0.898304 0.060242
vt 0.897739 0.060261
vt 0.897173 0.060130
vt 0.897174 0.060242
vt 0.897173 0.059338
vt 0.897172 0.057229
vt 0.897172 0.019977
vt 0.897736 0.019972
vt 0.897173 0.017868
vt 0.897737 0.017860
vt 0.897173 0.017076
vt 0.897738 0.017062
vt 0.897173 0.016965
vt 0.897738 0.016946
vt 0.898779 0.017023
vt 0.898302 0.017076
vt 0.898304 0.016965
vt 0.898301 0.017868
vt 0.898301 0.019977
vt 0.911158 0.019933
vt 0.910268 0.020409
vt 0.910267 0.019934
vt 0.911468 0.019932
vt 0.911158 0.020408
vt 0.911158 0.020974
vt 0.911471 0.020408
vt 0.911472 0.020974
vt 0.910268 0.020974
vt 0.911799 0.019932
vt 0.912139 0.019932
vt 0.911802 0.020408
vt 0.911804 0.020974
vt 0.912143 0.020408
vt 0.912144 0.020974
vt 0.911799 0.022016
vt 0.912143 0.021540
vt 0.912139 0.022016
vt 0.911471 0.021540
vt 0.911802 0.021540
vt 0.911468 0.022016
vt 0.911158 0.021540
vt 0.911158 0.022016
vt 0.910268 0.021540
vt 0.911799 0.019326
vt 0.912143 0.018850
vt 0.912139 0.019326
vt 0.911471 0.018850
vt 0.911802 0.018850
vt 0.911472 0.018284
vt 0.912144 0.018284
vt 0.911804 0.018284
vt 0.911468 0.019326
vt 0.911158 0.018850
vt 0.911158 0.019325
vt 0.910268 0.018849
vt 0.910268 0.018284
vt 0.911158 0.018284
vt 0.911158 0.017242
vt 0.910268 0.017719
vt 0.910267 0.017243
vt 0.911468 0.017242
vt 0.911158 0.017718
vt 0.911471 0.017718
vt 0.911799 0.017242
vt 0.912139 0.017242
vt 0.911802 0.017718
vt 0.912143 0.017718
vt 0.899830 0.057214
vt 0.899539 0.059267
vt 0.899538 0.057189
vt 0.899424 0.058715
vt 0.899831 0.059311
vt 0.899537 0.060017
vt 0.899829 0.060088
vt 0.899532 0.060088
vt 0.906430 0.017793
vt 0.906354 0.017087
vt 0.906422 0.017017
vt 0.899382 0.059267
vt 0.906426 0.038501
vt 0.906363 0.019916
vt 0.906431 0.019890
vt 0.899323 0.057189
vt 0.899383 0.057173
vt 0.906365 0.017837
vt 0.906363 0.057086
vt 0.906353 0.038501
vt 0.906431 0.057112
vt 0.906365 0.059165
vt 0.899424 0.018491
vt 0.899323 0.020018
vt 0.899382 0.017939
vt 0.906430 0.059209
vt 0.906354 0.059914
vt 0.899532 0.017119
vt 0.899829 0.017119
vt 0.899536 0.017190
vt 0.899830 0.017895
vt 0.899539 0.017939
vt 0.899537 0.020018
vt 0.899382 0.020033
vt 0.899830 0.019993
vt 0.902312 0.058715
vt 0.902200 0.057189
vt 0.902354 0.057173
vt 0.902198 0.059267
vt 0.901908 0.057214
vt 0.904469 0.038501
vt 0.904406 0.057086
vt 0.904396 0.038501
vt 0.904409 0.059165
vt 0.904474 0.057112
vt 0.904474 0.059209
vt 0.902413 0.057189
vt 0.902354 0.059267
vt 0.901907 0.060088
vt 0.902202 0.060088
vt 0.901908 0.060184
vt 0.901906 0.059311
vt 0.902199 0.060017
vt 0.904398 0.059914
vt 0.902202 0.017119
vt 0.901906 0.017119
vt 0.901907 0.017023
vt 0.904474 0.017793
vt 0.904398 0.017087
vt 0.904465 0.017017
vt 0.902197 0.017939
vt 0.902353 0.017939
vt 0.902312 0.018491
vt 0.901906 0.017895
vt 0.902199 0.017190
vt 0.904474 0.019890
vt 0.904409 0.017837
vt 0.904406 0.019916
vt 0.902412 0.020018
vt 0.902354 0.020033
vt 0.901907 0.019993
vt 0.902200 0.020018
vt 0.907625 0.019867
vt 0.907320 0.017766
vt 0.907624 0.017753
vt 0.910267 0.019324
vt 0.911157 0.019621
vt 0.910266 0.019619
vt 0.911464 0.019622
vt 0.907311 0.016974
vt 0.907616 0.016953
vt 0.912133 0.019622
vt 0.908292 0.017748
vt 0.907945 0.016946
vt 0.908286 0.016946
vt 0.907952 0.017748
vt 0.911793 0.019622
vt 0.908295 0.019865
vt 0.907954 0.019865
vt 0.908292 0.059253
vt 0.907954 0.057137
vt 0.908295 0.057137
vt 0.907624 0.059249
vt 0.907952 0.059253
vt 0.908286 0.060056
vt 0.911793 0.019636
vt 0.912133 0.019636
vt 0.907616 0.060049
vt 0.907945 0.060056
vt 0.911157 0.019637
vt 0.906422 0.059985
vt 0.907320 0.059236
vt 0.907311 0.060028
vt 0.911464 0.019636
vt 0.907625 0.057134
vt 0.907320 0.057127
vt 0.905669 0.019867
vt 0.905363 0.017766
vt 0.905667 0.017753
vt 0.910267 0.022015
vt 0.911157 0.022311
vt 0.910266 0.022309
vt 0.911464 0.022312
vt 0.905354 0.016974
vt 0.905660 0.016953
vt 0.912133 0.022313
vt 0.906336 0.017748
vt 0.905989 0.016946
vt 0.906329 0.016946
vt 0.905995 0.017748
vt 0.911793 0.022313
vt 0.906338 0.019865
vt 0.905998 0.019865
vt 0.906336 0.059253
vt 0.905998 0.057137
vt 0.906338 0.057137
vt 0.905667 0.059249
vt 0.905995 0.059253
vt 0.906329 0.060056
vt 0.912133 0.016946
vt 0.911793 0.016946
vt 0.905660 0.060049
vt 0.905989 0.060056
vt 0.911157 0.016947
vt 0.904465 0.059985
vt 0.905363 0.059236
vt 0.905354 0.060028
vt 0.911464 0.016946
vt 0.905669 0.057134
vt 0.905363 0.057127
vt 0.900304 0.019977
vt 0.900869 0.019972
vt 0.900304 0.017868
vt 0.900868 0.017860
vt 0.899826 0.017023
vt 0.900303 0.017076
vt 0.900868 0.017062
vt 0.900301 0.016965
vt 0.900867 0.016946
vt 0.901432 0.017076
vt 0.901432 0.016965
vt 0.901433 0.017868
vt 0.901434 0.019977
vt 0.901434 0.057229
vt 0.900869 0.057234
vt 0.901433 0.059338
vt 0.900869 0.059347
vt 0.901433 0.060130
vt 0.900868 0.060144
vt 0.901433 0.060242
vt 0.900867 0.060261
vt 0.899827 0.060184
vt 0.900303 0.060130
vt 0.900302 0.060242
vt 0.900304 0.059338
vt 0.900305 0.057229
vt 0.964406 0.010856
vt 0.968487 0.007436
vt 0.968487 0.010856
vt 0.964406 0.011052
vt 0.968487 0.014472
vt 0.964406 0.014472
vt 0.954112 0.041716
vt 0.950872 0.042829
vt 0.950872 0.041716
vt 0.964406 0.023012
vt 0.968212 0.021903
vt 0.968211 0.023016
vt 0.967160 0.003966
vt 0.969684 0.002853
vt 0.969684 0.003966
vt 0.964406 0.003963
vt 0.967161 0.002853
vt 0.964406 0.018087
vt 0.968487 0.014668
vt 0.968487 0.018087
vt 0.964406 0.018283
vt 0.968487 0.021703
vt 0.964406 0.021703
vt 0.954112 0.048262
vt 0.950872 0.049375
vt 0.950872 0.048262
vt 0.964406 0.024325
vt 0.968212 0.023215
vt 0.968211 0.024328
vt 0.967160 0.005279
vt 0.969684 0.004166
vt 0.969684 0.005279
vt 0.964406 0.005276
vt 0.967161 0.004166
vt 0.911430 0.050435
vt 0.911525 0.016454
vt 0.911525 0.050442
vt 0.911407 0.050635
vt 0.911499 0.050656
vt 0.911347 0.050813
vt 0.911431 0.050854
vt 0.911250 0.050969
vt 0.911322 0.051027
vt 0.911121 0.051098
vt 0.911178 0.051171
vt 0.910967 0.051195
vt 0.911006 0.051279
vt 0.910791 0.051257
vt 0.910812 0.051346
vt 0.910598 0.051282
vt 0.910604 0.051373
vt 0.897931 0.051157
vt 0.897923 0.051251
vt 0.897736 0.051131
vt 0.897712 0.051221
vt 0.897559 0.051063
vt 0.897515 0.051147
vt 0.897403 0.050958
vt 0.897341 0.051030
vt 0.897273 0.050820
vt 0.897196 0.050877
vt 0.897175 0.050657
vt 0.897088 0.050696
vt 0.897112 0.050474
vt 0.897020 0.050496
vt 0.897082 0.050275
vt 0.896989 0.050283
vt 0.896500 0.016354
vt 0.896405 0.016347
vt 0.896523 0.016153
vt 0.896430 0.016130
vt 0.896587 0.015973
vt 0.896503 0.015930
vt 0.896689 0.015815
vt 0.896617 0.015754
vt 0.896822 0.015685
vt 0.896765 0.015610
vt 0.896981 0.015588
vt 0.896942 0.015503
vt 0.897159 0.015527
vt 0.897139 0.015436
vt 0.897358 0.015503
vt 0.897352 0.015409
vt 0.910531 0.015590
vt 0.910540 0.015494
vt 0.910733 0.015622
vt 0.910759 0.015528
vt 0.910919 0.015690
vt 0.910963 0.015603
vt 0.911086 0.015794
vt 0.911147 0.015717
vt 0.911225 0.015928
vt 0.911301 0.015866
vt 0.911333 0.016088
vt 0.911419 0.016045
vt 0.911403 0.016267
vt 0.911494 0.016244
vt 0.911432 0.016461
vt 0.195236 0.117273
vt 0.205768 0.116879
vt 0.205794 0.117273
vt 0.195276 0.117621
vt 0.205835 0.117621
vt 0.195330 0.117911
vt 0.205888 0.117910
vt 0.173496 0.026270
vt 0.184095 0.025923
vt 0.184055 0.026270
vt 0.173470 0.026664
vt 0.184029 0.026664
vt 0.173461 0.027093
vt 0.184020 0.027093
vt 0.173470 0.148200
vt 0.184020 0.147771
vt 0.184029 0.148200
vt 0.173496 0.148594
vt 0.184055 0.148594
vt 0.173537 0.148941
vt 0.184095 0.148941
vt 0.194785 0.157717
vt 0.184173 0.158007
vt 0.184226 0.157717
vt 0.194825 0.157369
vt 0.184267 0.157369
vt 0.194851 0.156976
vt 0.184293 0.156976
vt 0.194860 0.156547
vt 0.184302 0.156547
vt 0.194851 0.118797
vt 0.184302 0.119226
vt 0.184293 0.118797
vt 0.194825 0.118403
vt 0.184267 0.118403
vt 0.194784 0.118056
vt 0.184226 0.118056
vt 0.172917 0.148941
vt 0.162306 0.149231
vt 0.162359 0.148941
vt 0.172958 0.148594
vt 0.162400 0.148594
vt 0.172984 0.148200
vt 0.162426 0.148200
vt 0.172993 0.147771
vt 0.162435 0.147771
vt 0.172984 0.026664
vt 0.162435 0.027093
vt 0.162426 0.026664
vt 0.172958 0.026270
vt 0.162400 0.026270
vt 0.172917 0.025923
vt 0.162359 0.025923
vt 0.172864 0.025633
vt 0.162306 0.025633
vt 0.195235 0.078307
vt 0.205834 0.077960
vt 0.205793 0.078307
vt 0.195209 0.078701
vt 0.205767 0.078701
vt 0.195200 0.079130
vt 0.205758 0.079130
vt 0.195210 0.116880
vt 0.205759 0.116451
vt 0.142001 0.154358
vt 0.145851 0.152220
vt 0.146298 0.152271
vt 0.184404 0.154573
vt 0.181865 0.029722
vt 0.184404 0.025549
vt 0.194732 0.117911
vt 0.194927 0.071876
vt 0.194927 0.117803
vt 0.151670 0.154573
vt 0.151474 0.025656
vt 0.151670 0.025549
vt 0.184369 0.071691
vt 0.184173 0.025656
vt 0.184368 0.025549
vt 0.151201 0.025549
vt 0.151397 0.154466
vt 0.151201 0.154573
vt 0.195042 0.117321
vt 0.195015 0.116904
vt 0.195085 0.117688
vt 0.173591 0.025633
vt 0.173346 0.025855
vt 0.173403 0.025549
vt 0.173537 0.025923
vt 0.173303 0.026223
vt 0.173266 0.027087
vt 0.173275 0.026639
vt 0.173461 0.147771
vt 0.173266 0.147777
vt 0.173303 0.148641
vt 0.173275 0.148224
vt 0.173346 0.149009
vt 0.173403 0.149315
vt 0.194976 0.157784
vt 0.195019 0.157417
vt 0.195056 0.156553
vt 0.195046 0.157000
vt 0.195055 0.119220
vt 0.194860 0.119226
vt 0.195018 0.118356
vt 0.195046 0.118772
vt 0.194975 0.117988
vt 0.172864 0.149231
vt 0.173108 0.149009
vt 0.173052 0.149315
vt 0.173151 0.148641
vt 0.173188 0.147777
vt 0.173179 0.148224
vt 0.172993 0.027093
vt 0.173188 0.027087
vt 0.173151 0.026223
vt 0.173179 0.026639
vt 0.173108 0.025855
vt 0.195085 0.077892
vt 0.195276 0.077960
vt 0.195042 0.078260
vt 0.195005 0.079124
vt 0.195014 0.078677
vt 0.195201 0.116451
vt 0.195005 0.116457
vt 0.842881 0.015502
vt 0.842881 0.048036
vt 0.842513 0.051981
vt 0.842513 0.011878
vt 0.843184 0.011878
vt 0.843282 0.011887
vt 0.843371 0.011911
vt 0.843453 0.011949
vt 0.843642 0.012135
vt 0.843680 0.012215
vt 0.843705 0.012302
vt 0.843713 0.012397
vt 0.843680 0.051645
vt 0.843642 0.051725
vt 0.843705 0.051558
vt 0.843526 0.051859
vt 0.843453 0.051910
vt 0.843371 0.051948
vt 0.843282 0.051972
vt 0.843184 0.051981
vt 0.836098 0.046667
vt 0.837037 0.046637
vt 0.835940 0.047088
vt 0.838952 0.051981
vt 0.838618 0.051981
vt 0.837037 0.046623
vt 0.838618 0.047203
vt 0.837037 0.046610
vt 0.838618 0.041887
vt 0.837037 0.046597
vt 0.838618 0.036571
vt 0.837037 0.046583
vt 0.838618 0.031255
vt 0.837037 0.046570
vt 0.430536 0.956760
vt 0.183632 0.152271
vt 0.187929 0.154358
vt 0.184079 0.152220
vt 0.184495 0.152071
vt 0.184863 0.151837
vt 0.185170 0.151530
vt 0.185403 0.151163
vt 0.185552 0.150746
vt 0.185604 0.150299
vt 0.185604 0.029608
vt 0.187929 0.025549
vt 0.185552 0.029161
vt 0.185403 0.028744
vt 0.185170 0.028377
vt 0.184863 0.028070
vt 0.184495 0.027837
vt 0.184079 0.027688
vt 0.183632 0.027636
vt 0.146298 0.027636
vt 0.142001 0.025549
vt 0.145851 0.027688
vt 0.145435 0.027837
vt 0.145067 0.028070
vt 0.144761 0.028377
vt 0.144527 0.028744
vt 0.144378 0.029161
vt 0.144326 0.029608
vt 0.144326 0.150299
vt 0.144378 0.150746
vt 0.144527 0.151163
vt 0.144761 0.151530
vt 0.145067 0.151837
vt 0.145435 0.152071
vt 0.179994 0.152271
vt 0.180422 0.152222
vt 0.180816 0.152081
vt 0.181164 0.151860
vt 0.181453 0.151570
vt 0.181674 0.151222
vt 0.181815 0.150829
vt 0.181865 0.150400
vt 0.142673 0.152271
vt 0.138262 0.154573
vt 0.142244 0.152222
vt 0.141850 0.152081
vt 0.141503 0.151860
vt 0.141213 0.151570
vt 0.140992 0.151222
vt 0.140851 0.150829
vt 0.140801 0.150400
vt 0.140801 0.029722
vt 0.138262 0.025549
vt 0.140851 0.029293
vt 0.140992 0.028899
vt 0.141213 0.028552
vt 0.141503 0.028262
vt 0.141850 0.028041
vt 0.142244 0.027900
vt 0.142673 0.027850
vt 0.179994 0.027850
vt 0.180422 0.027900
vt 0.180816 0.028041
vt 0.181164 0.028262
vt 0.181453 0.028552
vt 0.181674 0.028899
vt 0.181815 0.029293
vt 0.970265 0.006955
vt 0.982803 0.003028
vt 0.982803 0.006955
vt 0.982803 0.011078
vt 0.970265 0.007151
vt 0.982803 0.007151
vt 0.964406 0.038763
vt 0.968068 0.037654
vt 0.968067 0.038767
vt 0.972916 0.019225
vt 0.982167 0.018112
vt 0.982167 0.019225
vt 0.970265 0.019222
vt 0.972916 0.018112
vt 0.982147 0.027297
vt 0.970266 0.028410
vt 0.970265 0.027297
vt 0.970265 0.015201
vt 0.982803 0.011274
vt 0.982803 0.015201
vt 0.982803 0.019324
vt 0.970265 0.015397
vt 0.982803 0.015397
vt 0.964406 0.025638
vt 0.968068 0.024528
vt 0.968067 0.025641
vt 0.972916 0.012662
vt 0.982167 0.011549
vt 0.982167 0.012662
vt 0.970265 0.012658
vt 0.972916 0.011549
vt 0.982147 0.037770
vt 0.970266 0.038883
vt 0.970265 0.037770
vt 0.970265 0.039939
vt 0.982803 0.036013
vt 0.982803 0.039939
vt 0.982803 0.044063
vt 0.970265 0.040136
vt 0.982803 0.040136
vt 0.964406 0.041388
vt 0.968068 0.040279
vt 0.968067 0.041392
vt 0.972916 0.020538
vt 0.982167 0.019425
vt 0.982167 0.020538
vt 0.970265 0.020534
vt 0.972916 0.019425
vt 0.982147 0.028606
vt 0.970266 0.029719
vt 0.970265 0.028606
vt 0.970265 0.048186
vt 0.982803 0.044259
vt 0.982803 0.048186
vt 0.982803 0.052309
vt 0.970265 0.048382
vt 0.982803 0.048382
vt 0.964406 0.033513
vt 0.968068 0.032403
vt 0.968067 0.033516
vt 0.972916 0.013975
vt 0.982167 0.012862
vt 0.982167 0.013975
vt 0.970265 0.013971
vt 0.972916 0.012862
vt 0.982147 0.039079
vt 0.970266 0.040192
vt 0.970265 0.039079
vt 0.970265 0.012486
vt 0.982803 0.008559
vt 0.982803 0.012486
vt 0.982803 0.016609
vt 0.970265 0.012682
vt 0.982803 0.012682
vt 0.964406 0.026950
vt 0.968068 0.025840
vt 0.968067 0.026953
vt 0.972916 0.025788
vt 0.982167 0.024675
vt 0.982167 0.025788
vt 0.970265 0.025785
vt 0.972916 0.024675
vt 0.982147 0.029915
vt 0.970266 0.031028
vt 0.970265 0.029915
vt 0.970265 0.020732
vt 0.982803 0.016806
vt 0.982803 0.020732
vt 0.982803 0.024856
vt 0.970265 0.020929
vt 0.982803 0.020929
vt 0.964406 0.029575
vt 0.968068 0.028466
vt 0.968067 0.029579
vt 0.972916 0.023163
vt 0.982167 0.022050
vt 0.982167 0.023163
vt 0.970265 0.023159
vt 0.972916 0.022050
vt 0.982147 0.040388
vt 0.970266 0.041501
vt 0.970265 0.040388
vt 0.970265 0.028979
vt 0.982803 0.025052
vt 0.982803 0.028979
vt 0.982803 0.033102
vt 0.970265 0.029175
vt 0.982803 0.029175
vt 0.964406 0.042701
vt 0.968068 0.041591
vt 0.968067 0.042704
vt 0.972916 0.027101
vt 0.982167 0.025988
vt 0.982167 0.027101
vt 0.970265 0.027097
vt 0.972916 0.025988
vt 0.982147 0.031224
vt 0.970266 0.032337
vt 0.970265 0.031224
vt 0.970265 0.037225
vt 0.982803 0.033298
vt 0.982803 0.037225
vt 0.982803 0.041348
vt 0.970265 0.037421
vt 0.982803 0.037421
vt 0.964406 0.034826
vt 0.968068 0.033716
vt 0.968067 0.034829
vt 0.972916 0.024476
vt 0.982167 0.023363
vt 0.982167 0.024476
vt 0.970265 0.024472
vt 0.972916 0.023363
vt 0.982147 0.041697
vt 0.970266 0.042810
vt 0.970265 0.041697
vt 0.970265 0.053425
vt 0.982803 0.050005
vt 0.982803 0.053425
vt 0.970265 0.053621
vt 0.982803 0.057040
vt 0.970265 0.057040
vt 0.954112 0.043025
vt 0.950872 0.044138
vt 0.950872 0.043025
vt 0.970265 0.054636
vt 0.981954 0.053534
vt 0.981954 0.054647
vt 0.978727 0.035973
vt 0.981251 0.034860
vt 0.981250 0.035973
vt 0.970265 0.035962
vt 0.978728 0.034860
vt 0.970265 0.060656
vt 0.982803 0.057236
vt 0.982803 0.060656
vt 0.970265 0.010071
vt 0.982803 0.013491
vt 0.970265 0.013491
vt 0.954112 0.036479
vt 0.950872 0.037593
vt 0.950872 0.036479
vt 0.970265 0.049356
vt 0.981954 0.048254
vt 0.981954 0.049367
vt 0.978727 0.032012
vt 0.981251 0.030899
vt 0.981250 0.032012
vt 0.970265 0.032001
vt 0.978728 0.030899
vt 0.970265 0.031569
vt 0.982802 0.028150
vt 0.982802 0.031569
vt 0.970265 0.031765
vt 0.982802 0.035185
vt 0.970265 0.035185
vt 0.954112 0.044334
vt 0.950872 0.045447
vt 0.950872 0.044334
vt 0.970265 0.053316
vt 0.981954 0.052214
vt 0.981954 0.053327
vt 0.978727 0.037293
vt 0.981251 0.036180
vt 0.981250 0.037293
vt 0.970265 0.037282
vt 0.978728 0.036180
vt 0.970265 0.038801
vt 0.982802 0.035381
vt 0.982802 0.038801
vt 0.970265 0.038997
vt 0.982802 0.042417
vt 0.970265 0.042417
vt 0.954112 0.037789
vt 0.950872 0.038902
vt 0.950872 0.037789
vt 0.970265 0.050677
vt 0.981954 0.049574
vt 0.981954 0.050687
vt 0.978727 0.033332
vt 0.981251 0.032219
vt 0.981250 0.033332
vt 0.970265 0.033321
vt 0.978728 0.032219
vt 0.970265 0.023447
vt 0.982803 0.019520
vt 0.982803 0.023447
vt 0.982803 0.027570
vt 0.970265 0.023643
vt 0.982803 0.023643
vt 0.964406 0.028263
vt 0.968068 0.027153
vt 0.968067 0.028266
vt 0.972916 0.008724
vt 0.982167 0.007611
vt 0.982167 0.008724
vt 0.970265 0.008720
vt 0.972916 0.007611
vt 0.982147 0.032533
vt 0.970266 0.033646
vt 0.970265 0.032533
vt 0.970265 0.031693
vt 0.982803 0.027766
vt 0.982803 0.031693
vt 0.982803 0.035816
vt 0.970265 0.031889
vt 0.982803 0.031889
vt 0.964406 0.030888
vt 0.968068 0.029778
vt 0.968067 0.030891
vt 0.972916 0.007411
vt 0.982167 0.006298
vt 0.982167 0.007411
vt 0.970265 0.007408
vt 0.972916 0.006298
vt 0.982147 0.043006
vt 0.970266 0.044120
vt 0.970265 0.043006
vt 0.970265 0.045471
vt 0.982803 0.041544
vt 0.982803 0.045471
vt 0.982803 0.049594
vt 0.970265 0.045667
vt 0.982803 0.045667
vt 0.964406 0.044013
vt 0.968068 0.042904
vt 0.968067 0.044017
vt 0.972916 0.016600
vt 0.982167 0.015487
vt 0.982167 0.016600
vt 0.970265 0.016596
vt 0.972916 0.015487
vt 0.982147 0.033842
vt 0.970266 0.034955
vt 0.970265 0.033842
vt 0.970265 0.012701
vt 0.982803 0.008774
vt 0.982803 0.012701
vt 0.982803 0.016824
vt 0.970265 0.012897
vt 0.982803 0.012897
vt 0.964406 0.036138
vt 0.968068 0.035029
vt 0.968067 0.036142
vt 0.972916 0.010036
vt 0.982167 0.008923
vt 0.982167 0.010036
vt 0.970265 0.010033
vt 0.972916 0.008923
vt 0.982147 0.044316
vt 0.970266 0.045429
vt 0.970265 0.044316
vt 0.970265 0.020947
vt 0.982803 0.017021
vt 0.982803 0.020947
vt 0.982803 0.025071
vt 0.970265 0.021144
vt 0.982803 0.021144
vt 0.964406 0.040076
vt 0.968068 0.038966
vt 0.968067 0.040079
vt 0.972916 0.021850
vt 0.982167 0.020737
vt 0.982167 0.021850
vt 0.970265 0.021847
vt 0.972916 0.020737
vt 0.982147 0.035151
vt 0.970266 0.036264
vt 0.970265 0.035151
vt 0.970265 0.029194
vt 0.982803 0.025267
vt 0.982803 0.029194
vt 0.982803 0.033317
vt 0.970265 0.029390
vt 0.982803 0.029390
vt 0.964406 0.032200
vt 0.968068 0.031091
vt 0.968067 0.032204
vt 0.972916 0.015287
vt 0.982167 0.014174
vt 0.982167 0.015287
vt 0.970265 0.015284
vt 0.972916 0.014174
vt 0.982147 0.045625
vt 0.970266 0.046738
vt 0.970265 0.045625
vt 0.970265 0.037440
vt 0.982803 0.033513
vt 0.982803 0.037440
vt 0.982803 0.041563
vt 0.970265 0.037636
vt 0.982803 0.037636
vt 0.964406 0.045326
vt 0.968068 0.044216
vt 0.968067 0.045329
vt 0.972916 0.017913
vt 0.982167 0.016800
vt 0.982167 0.017913
vt 0.970265 0.017909
vt 0.972916 0.016800
vt 0.982147 0.036460
vt 0.970266 0.037573
vt 0.970265 0.036460
vt 0.970265 0.045686
vt 0.982803 0.041759
vt 0.982803 0.045686
vt 0.982803 0.049809
vt 0.970265 0.045882
vt 0.982803 0.045882
vt 0.964406 0.037451
vt 0.968068 0.036341
vt 0.968067 0.037454
vt 0.972916 0.011349
vt 0.982167 0.010236
vt 0.982167 0.011349
vt 0.970265 0.011346
vt 0.972916 0.010236
vt 0.982147 0.046934
vt 0.970266 0.048047
vt 0.970265 0.046934
vt 0.970265 0.017106
vt 0.982803 0.013687
vt 0.982803 0.017106
vt 0.970265 0.017302
vt 0.982803 0.020722
vt 0.970265 0.020722
vt 0.954112 0.045644
vt 0.950872 0.046757
vt 0.950872 0.045644
vt 0.970265 0.024706
vt 0.981954 0.023604
vt 0.981954 0.024717
vt 0.978727 0.030692
vt 0.981251 0.029579
vt 0.981250 0.030692
vt 0.970265 0.030680
vt 0.978728 0.029579
vt 0.970265 0.024338
vt 0.982803 0.020918
vt 0.982803 0.024338
vt 0.970265 0.024534
vt 0.982803 0.027954
vt 0.970265 0.027954
vt 0.954112 0.039098
vt 0.950872 0.040211
vt 0.950872 0.039098
vt 0.970265 0.051997
vt 0.981954 0.050894
vt 0.981954 0.052007
vt 0.978727 0.029371
vt 0.981251 0.028258
vt 0.981250 0.029371
vt 0.970265 0.029360
vt 0.978728 0.028258
vt 0.970265 0.046032
vt 0.982802 0.042613
vt 0.982802 0.046032
vt 0.970265 0.046228
vt 0.982802 0.049648
vt 0.970265 0.049648
vt 0.954112 0.046953
vt 0.950872 0.048066
vt 0.950872 0.046953
vt 0.970265 0.027346
vt 0.981954 0.026244
vt 0.981954 0.027357
vt 0.978727 0.038614
vt 0.981251 0.037501
vt 0.981250 0.038614
vt 0.970265 0.038602
vt 0.978728 0.037501
vt 0.970265 0.053264
vt 0.982802 0.049844
vt 0.982802 0.053264
vt 0.970265 0.053460
vt 0.982802 0.056880
vt 0.970265 0.056880
vt 0.954112 0.040407
vt 0.950872 0.041520
vt 0.950872 0.040407
vt 0.970265 0.026026
vt 0.981954 0.024924
vt 0.981954 0.026037
vt 0.978727 0.034653
vt 0.981251 0.033540
vt 0.981250 0.034653
vt 0.970265 0.034642
vt 0.978728 0.033540
vt 0.430533 0.090841
vt 0.430570 0.088532
vt 0.430675 0.086358
vt 0.431067 0.082561
vt 0.899436 0.448671
vt 0.899557 0.452421
vt 0.899590 0.454603
vt 0.899601 0.456942
vt 0.437068 0.990727
vt 0.920473 0.081009
vt 0.459870 0.972653
vt 0.459847 0.081021
vt 0.913243 0.879171
vt 0.450710 0.345385
vt 0.450721 0.343046
vt 0.450806 0.338875
vt 0.430573 0.959069
vt 0.431343 0.966591
vt 0.430678 0.961243
vt 0.430846 0.963246
vt 0.431070 0.965041
vt 0.954436 0.969339
vt 0.458908 0.924152
vt 0.414333 0.984828
vt 0.954879 0.972906
vt 0.954843 0.976180
vt 0.954233 0.978858
vt 0.953168 0.981067
vt 0.951730 0.982855
vt 0.458908 0.165476
vt 0.943282 0.104010
vt 0.895173 0.099274
vt 0.895177 0.948324
vt 0.945697 0.104022
vt 0.947954 0.104471
vt 0.429815 0.986749
vt 0.430082 0.458219
vt 0.429995 0.449917
vt 0.452488 0.086823
vt 0.920497 0.875192
vt 0.920229 0.346662
vt 0.917104 0.831145
vt 0.935664 0.092089
vt 0.935667 0.820065
vt 0.920316 0.338361
vt 0.689045 0.309870
vt 0.670665 0.762503
vt 0.670417 0.314926
vt 0.915643 0.839685
vt 0.896635 0.091837
vt 0.915623 0.081009
vt 0.769396 0.762503
vt 0.751016 0.309870
vt 0.769644 0.314926
vt 0.476744 0.745248
vt 0.483361 0.753936
vt 0.407010 0.977833
vt 0.404795 0.977236
vt 0.485079 0.754367
vt 0.409363 0.978041
vt 0.486904 0.754516
vt 0.945152 0.978041
vt 0.902480 0.754516
vt 0.945152 0.086409
vt 0.486904 0.111715
vt 0.902480 0.111715
vt 0.473033 0.966466
vt 0.890556 0.342191
vt 0.890572 0.966455
vt 0.890573 0.340526
vt 0.473016 0.342202
vt 0.473034 0.340537
vt 0.890623 0.338959
vt 0.473084 0.338970
vt 0.890702 0.337515
vt 0.473163 0.337526
vt 0.890808 0.336221
vt 0.473269 0.336232
vt 0.897601 0.431303
vt 0.478275 0.430023
vt 0.897544 0.430023
vt 0.478378 0.432767
vt 0.897648 0.432767
vt 0.897680 0.434382
vt 0.478430 0.436120
vt 0.897699 0.436120
vt 0.478433 0.437951
vt 0.897702 0.437951
vt 0.896536 0.852979
vt 0.499708 0.833587
vt 0.858255 0.246646
vt 0.858257 0.833586
vt 0.852503 0.549485
vt 0.434399 0.964513
vt 0.433234 0.549485
vt 0.852506 0.547655
vt 0.433237 0.547655
vt 0.852524 0.545917
vt 0.433255 0.545917
vt 0.852557 0.544301
vt 0.433288 0.544301
vt 0.852603 0.542838
vt 0.433334 0.542838
vt 0.473050 0.968131
vt 0.890589 0.968120
vt 0.852661 0.541557
vt 0.433392 0.541557
vt 0.473100 0.969698
vt 0.890719 0.971131
vt 0.473180 0.971142
vt 0.473286 0.972436
vt 0.872040 0.139646
vt 0.872040 0.726585
vt 0.811916 0.699651
vt 0.782949 0.309882
vt 0.811916 0.336160
vt 0.891032 0.861517
vt 0.720357 0.699639
vt 0.749324 0.309870
vt 0.749324 0.729139
vt 0.838965 0.050885
vt 0.839590 0.019511
vt 0.839590 0.051916
vt 0.836840 0.051981
vt 0.834352 0.045181
vt 0.843727 0.051981
vt 0.845616 0.011749
vt 0.845616 0.051981
vt 0.835554 0.045060
vt 0.839640 0.019486
vt 0.839640 0.051942
vt 0.834352 0.043103
vt 0.836001 0.046728
vt 0.845666 0.051955
vt 0.845666 0.011775
vt 0.839694 0.051981
vt 0.839694 0.019447
vt 0.842476 0.051604
vt 0.845720 0.011814
vt 0.845720 0.051916
vt 0.842499 0.012204
vt 0.835101 0.016313
vt 0.834774 0.046058
vt 0.834774 0.016313
vt 0.834466 0.043014
vt 0.843619 0.012037
vt 0.835329 0.048352
vt 0.835878 0.046667
vt 0.835329 0.047673
vt 0.898777 0.038603
vt 0.835329 0.048366
vt 0.837051 0.046637
vt 0.835418 0.042357
vt 0.835703 0.051981
vt 0.835567 0.042277
vt 0.836384 0.051981
vt 0.836112 0.051981
vt 0.835295 0.050011
vt 0.835431 0.051981
vt 0.835554 0.041700
vt 0.835567 0.051981
vt 0.835295 0.051324
vt 0.835567 0.047129
vt 0.835418 0.041701
vt 0.835839 0.051981
vt 0.835295 0.051980
vt 0.836853 0.051981
vt 0.835418 0.048712
vt 0.836248 0.051981
vt 0.837187 0.046637
vt 0.835418 0.050025
vt 0.835975 0.051981
vt 0.835431 0.043000
vt 0.899073 0.038603
vt 0.899231 0.038603
vt 0.899296 0.038603
vt 0.896695 0.038603
vt 0.896401 0.038603
vt 0.896243 0.038603
vt 0.896180 0.038603
vt 0.909270 0.038501
vt 0.909276 0.019875
vt 0.909581 0.038501
vt 0.909912 0.038501
vt 0.910253 0.038501
vt 0.910266 0.022330
vt 0.903400 0.038501
vt 0.903406 0.019875
vt 0.903711 0.038501
vt 0.904042 0.038501
vt 0.910266 0.025020
vt 0.898302 0.038603
vt 0.897736 0.038603
vt 0.897170 0.038603
vt 0.899828 0.038603
vt 0.899533 0.038603
vt 0.899374 0.038603
vt 0.899310 0.038603
vt 0.901910 0.038603
vt 0.902205 0.038603
vt 0.902363 0.038603
vt 0.902426 0.038603
vt 0.907313 0.038501
vt 0.907320 0.019875
vt 0.907625 0.038501
vt 0.907955 0.038501
vt 0.908296 0.038501
vt 0.910266 0.019639
vt 0.905357 0.038501
vt 0.905363 0.019875
vt 0.905668 0.038501
vt 0.905999 0.038501
vt 0.910266 0.016949
vt 0.900304 0.038603
vt 0.900870 0.038603
vt 0.901435 0.038603
vt 0.964406 0.007436
vt 0.968487 0.011052
vt 0.954113 0.042829
vt 0.964407 0.021899
vt 0.964407 0.002850
vt 0.964406 0.014668
vt 0.968487 0.018283
vt 0.954113 0.049375
vt 0.964407 0.023212
vt 0.964407 0.004162
vt 0.184173 0.071769
vt 0.184173 0.117911
vt 0.162228 0.154573
vt 0.162228 0.025549
vt 0.194927 0.071691
vt 0.194927 0.025549
vt 0.140643 0.025549
vt 0.140643 0.154573
vt 0.194731 0.158007
vt 0.837971 0.046635
vt 0.838605 0.041798
vt 0.838605 0.046637
vt 0.194731 0.071769
vt 0.151474 0.154466
vt 0.184174 0.071584
vt 0.151397 0.025656
vt 0.173591 0.149231
vt 0.173052 0.025549
vt 0.837323 0.047681
vt 0.837957 0.051979
vt 0.837323 0.051981
vt 0.836384 0.041799
vt 0.837018 0.046635
vt 0.836384 0.046637
vt 0.837323 0.041799
vt 0.837957 0.046637
vt 0.837323 0.046637
vt 0.837971 0.050950
vt 0.838605 0.046652
vt 0.838605 0.051981
vt 0.835736 0.046637
vt 0.836370 0.041800
vt 0.836370 0.046639
vt 0.970265 0.003028
vt 0.970265 0.011078
vt 0.964407 0.037650
vt 0.970266 0.018109
vt 0.982147 0.028410
vt 0.970265 0.011274
vt 0.970265 0.019324
vt 0.964407 0.024524
vt 0.970266 0.011545
vt 0.982147 0.038883
vt 0.970265 0.036013
vt 0.970265 0.044063
vt 0.964407 0.040275
vt 0.970266 0.019421
vt 0.982147 0.029719
vt 0.970265 0.044259
vt 0.970265 0.052309
vt 0.964407 0.032400
vt 0.970266 0.012858
vt 0.982147 0.040192
vt 0.970265 0.008559
vt 0.970265 0.016609
vt 0.964407 0.025837
vt 0.970266 0.024672
vt 0.982147 0.031028
vt 0.970265 0.016806
vt 0.970265 0.024856
vt 0.964407 0.028462
vt 0.970266 0.022046
vt 0.982147 0.041501
vt 0.970265 0.025052
vt 0.970265 0.033102
vt 0.964407 0.041588
vt 0.970266 0.025984
vt 0.982147 0.032337
vt 0.970265 0.033298
vt 0.970265 0.041348
vt 0.964407 0.033713
vt 0.970266 0.023359
vt 0.982147 0.042810
vt 0.970265 0.050005
vt 0.982803 0.053621
vt 0.954113 0.044138
vt 0.970266 0.053523
vt 0.970266 0.034849
vt 0.970265 0.057236
vt 0.982803 0.010071
vt 0.954113 0.037593
vt 0.970266 0.048243
vt 0.970266 0.030888
vt 0.970265 0.028150
vt 0.982802 0.031765
vt 0.954113 0.045447
vt 0.970266 0.052204
vt 0.970266 0.036169
vt 0.970265 0.035381
vt 0.982802 0.038997
vt 0.954113 0.038902
vt 0.970266 0.049563
vt 0.970266 0.032208
vt 0.970265 0.019520
vt 0.970265 0.027570
vt 0.964407 0.027150
vt 0.970266 0.007607
vt 0.982147 0.033646
vt 0.970265 0.027766
vt 0.970265 0.035816
vt 0.964407 0.029775
vt 0.970266 0.006295
vt 0.982147 0.044120
vt 0.970265 0.041544
vt 0.970265 0.049594
vt 0.964407 0.042900
vt 0.970266 0.015483
vt 0.982147 0.034955
vt 0.970265 0.008774
vt 0.970265 0.016824
vt 0.964407 0.035025
vt 0.970266 0.008920
vt 0.982147 0.045429
vt 0.970265 0.017021
vt 0.970265 0.025071
vt 0.964407 0.038963
vt 0.970266 0.020734
vt 0.982147 0.036264
vt 0.970265 0.025267
vt 0.970265 0.033317
vt 0.964407 0.031087
vt 0.970266 0.014171
vt 0.982147 0.046738
vt 0.970265 0.033513
vt 0.970265 0.041563
vt 0.964407 0.044213
vt 0.970266 0.016796
vt 0.982147 0.037573
vt 0.970265 0.041759
vt 0.970265 0.049809
vt 0.964407 0.036338
vt 0.970266 0.010233
vt 0.982147 0.048047
vt 0.970265 0.013687
vt 0.982803 0.017302
vt 0.954113 0.046757
vt 0.970266 0.023593
vt 0.970266 0.029567
vt 0.970265 0.020918
vt 0.982803 0.024534
vt 0.954113 0.040211
vt 0.970266 0.050883
vt 0.970266 0.028247
vt 0.970265 0.042613
vt 0.982802 0.046228
vt 0.954113 0.048066
vt 0.970266 0.026233
vt 0.970266 0.037489
vt 0.970265 0.049844
vt 0.982802 0.053460
vt 0.954113 0.041520
vt 0.970266 0.024913
vt 0.970266 0.033529
vt 0.430843 0.084355
vt 0.431340 0.081011
vt 0.899505 0.450432
vt 0.899601 0.992027
vt 0.920497 0.972641
vt 0.450710 0.880470
vt 0.450754 0.340864
vt 0.450876 0.337114
vt 0.414333 0.104800
vt 0.452512 0.966851
vt 0.917102 0.081009
vt 0.689279 0.771822
vt 0.896655 0.828859
vt 0.750782 0.771822
vt 0.478332 0.431303
vt 0.478411 0.434382
vt 0.477267 0.852979
vt 0.499706 0.246648
vt 0.853669 0.964513
vt 0.890639 0.969687
vt 0.890825 0.972425
vt 0.782949 0.729151
vt 0.891029 0.218715
vt 0.720357 0.336149
vt 0.838965 0.020543
vt 0.834352 0.047124
vt 0.843727 0.011749
vt 0.835101 0.046058
vt 0.904383 0.038501
vt 0.906339 0.038501
vt 0.837971 0.041798
vt 0.837957 0.046650
vt 0.837018 0.041796
vt 0.837957 0.041798
vt 0.837971 0.046650
vt 0.835736 0.041799
vt 0.173544 0.829404
vt 0.177108 0.829817
vt 0.173544 0.829817
vt 0.173544 0.829040
vt 0.177108 0.829404
vt 0.169240 0.829347
vt 0.165676 0.829040
vt 0.169240 0.829040
vt 0.169240 0.829716
vt 0.165676 0.829347
vt 0.169240 0.830134
vt 0.165676 0.829716
vt 0.169240 0.830589
vt 0.165676 0.830134
vt 0.169240 0.959086
vt 0.165676 0.958631
vt 0.169240 0.958631
vt 0.169240 0.959503
vt 0.165676 0.959086
vt 0.169240 0.959872
vt 0.165676 0.959503
vt 0.169240 0.960180
vt 0.165676 0.959872
vt 0.177365 0.870269
vt 0.180929 0.870633
vt 0.177365 0.870633
vt 0.177365 0.869856
vt 0.180929 0.870269
vt 0.177365 0.869406
vt 0.180929 0.869856
vt 0.177365 0.829817
vt 0.180929 0.830267
vt 0.177365 0.830267
vt 0.177365 0.829404
vt 0.180929 0.829817
vt 0.177365 0.829040
vt 0.180929 0.829404
vt 0.169724 0.959003
vt 0.173288 0.959337
vt 0.169724 0.959337
vt 0.169724 0.958614
vt 0.173288 0.959003
vt 0.169724 0.958185
vt 0.173288 0.958614
vt 0.169724 0.957727
vt 0.173288 0.958185
vt 0.169724 0.829788
vt 0.173288 0.830236
vt 0.169724 0.830236
vt 0.169724 0.829385
vt 0.173288 0.829788
vt 0.169724 0.829040
vt 0.173288 0.829385
vt 0.173544 0.870633
vt 0.177108 0.870937
vt 0.173544 0.870937
vt 0.173544 0.870269
vt 0.177108 0.870633
vt 0.173544 0.869856
vt 0.177108 0.870269
vt 0.173544 0.869406
vt 0.177108 0.869856
vt 0.177108 0.830267
vt 0.173544 0.830267
vt 0.164120 0.960781
vt 0.163670 0.960828
vt 0.165184 0.960049
vt 0.164120 0.829312
vt 0.164890 0.829710
vt 0.165184 0.830044
vt 0.122828 0.831599
vt 0.122824 0.830983
vt 0.124664 0.829264
vt 0.165398 0.830463
vt 0.163670 0.829264
vt 0.122828 0.958493
vt 0.124664 0.960828
vt 0.123803 0.829463
vt 0.124214 0.829312
vt 0.123444 0.829710
vt 0.165510 0.830983
vt 0.165506 0.831599
vt 0.122937 0.830463
vt 0.164531 0.960630
vt 0.164890 0.960383
vt 0.164531 0.829463
vt 0.122828 0.849514
vt 0.123150 0.830044
vt 0.122824 0.959110
vt 0.124214 0.960781
vt 0.123803 0.960630
vt 0.123444 0.960383
vt 0.165510 0.959110
vt 0.165398 0.959630
vt 0.122937 0.959630
vt 0.123150 0.960049
vt 0.165506 0.958493
vt 0.123735 0.829242
vt 0.124148 0.829092
vt 0.123370 0.829476
vt 0.123066 0.829784
vt 0.122835 0.830153
vt 0.169468 0.830026
vt 0.169468 0.830546
vt 0.169468 0.958673
vt 0.169468 0.959193
vt 0.122835 0.959940
vt 0.123066 0.960309
vt 0.123370 0.960616
vt 0.123735 0.960851
vt 0.124148 0.961000
vt 0.177137 0.869789
vt 0.177137 0.830333
vt 0.177137 0.829884
vt 0.164599 0.960851
vt 0.164187 0.961000
vt 0.164964 0.960616
vt 0.165268 0.960309
vt 0.165500 0.959940
vt 0.169497 0.958315
vt 0.169497 0.957787
vt 0.169497 0.830211
vt 0.169497 0.829704
vt 0.165500 0.830153
vt 0.165268 0.829784
vt 0.164964 0.829476
vt 0.164599 0.829242
vt 0.164187 0.829092
vt 0.173317 0.869789
vt 0.173317 0.869340
vt 0.173317 0.829884
vt 0.165676 0.830589
vt 0.177108 0.829040
vt 0.180929 0.869406
vt 0.165676 0.960180
vt 0.180929 0.829040
vt 0.173288 0.957727
vt 0.177108 0.869406
vt 0.173288 0.829040
vt 0.169468 0.849078
vt 0.169468 0.877571
vt 0.169468 0.831163
vt 0.169497 0.877033
vt 0.169497 0.848663
vt 0.169468 0.958057
vt 0.124597 0.961053
vt 0.177137 0.869340
vt 0.163737 0.961053
vt 0.169497 0.957173
vt 0.169497 0.830825
vt 0.165647 0.830570
vt 0.163737 0.829040
vt 0.173317 0.830333
vt 0.124597 0.829040
vt 0.014417 0.871033
vt 0.345093 0.650269
vt 0.345093 0.871033
vt 0.014417 0.650269
vt 0.014417 0.026654
vt 0.345092 0.026654
vt 0.165506 0.849514
s 1
f 16/1/1 45/2/2 17/3/3
f 15/4/1 45/2/2 16/1/1
f 14/5/4 45/2/2 15/4/1
f 7/6/5 46/7/6 8/8/7
f 2/9/3 46/7/6 3/10/8
f 6/11/9 46/7/6 7/6/5
f 3/10/8 46/7/6 4/12/10
f 4/12/10 46/7/6 5/13/11
f 5/13/11 46/7/6 6/11/9
f 73/14/3 72/15/3 49/16/3
f 72/15/3 75/17/3 49/16/3
f 75/17/3 74/18/3 49/16/3
f 74/18/3 73/14/3 49/16/3
f 71/19/12 1/20/13 22/21/14
f 21/22/15 22/21/14 70/23/16
f 20/24/17 70/23/16 69/25/18
f 19/26/19 69/25/18 68/27/20
f 18/28/21 68/27/20 67/29/22
f 17/30/23 67/31/22 66/32/24
f 65/33/25 17/30/23 66/32/24
f 64/34/26 16/35/27 65/33/25
f 63/36/28 15/37/29 64/34/26
f 10/38/30 60/39/31 59/40/32
f 9/41/33 59/40/32 58/42/34
f 8/43/35 58/42/34 57/44/36
f 56/45/37 8/43/35 57/44/36
f 51/46/38 3/47/39 52/48/40
f 55/49/41 7/50/42 56/51/37
f 52/48/40 4/52/43 53/53/44
f 53/53/44 5/54/45 54/55/46
f 54/55/46 6/56/47 55/49/41
f 23/57/48 97/58/48 44/59/48
f 44/59/48 96/60/48 43/61/48
f 43/61/48 95/62/48 42/63/48
f 42/63/48 94/64/48 41/65/48
f 41/65/48 93/66/48 40/67/48
f 40/67/48 92/68/48 39/69/48
f 33/70/48 85/71/48 32/72/48
f 32/72/48 84/73/48 31/74/48
f 31/74/48 83/75/48 30/76/48
f 30/76/48 82/77/48 29/78/48
f 24/79/48 78/80/48 77/81/48
f 29/78/48 81/82/48 28/83/48
f 26/84/48 78/80/48 25/85/48
f 27/86/48 79/87/48 26/84/48
f 28/83/48 80/88/48 27/86/48
f 98/89/48 99/90/48 110/91/48
f 119/92/48 98/89/48 110/91/48
f 118/93/48 119/92/48 110/91/48
f 117/94/48 118/93/48 110/91/48
f 116/95/48 117/94/48 110/91/48
f 115/96/48 116/95/48 110/91/48
f 114/97/48 115/96/48 110/91/48
f 113/98/48 114/97/48 110/91/48
f 112/99/48 113/98/48 110/91/48
f 111/100/48 112/99/48 110/91/48
f 108/101/48 109/102/48 110/91/48
f 107/103/48 108/101/48 110/91/48
f 106/104/48 107/103/48 110/91/48
f 105/105/48 106/104/48 110/91/48
f 104/106/48 105/105/48 110/91/48
f 99/90/48 100/107/48 110/91/48
f 103/108/48 104/106/48 110/91/48
f 100/107/48 101/109/48 110/91/48
f 101/109/48 102/110/48 110/91/48
f 102/110/48 103/108/48 110/91/48
f 201/111/48 206/112/48 204/113/48
f 146/114/49 150/115/50 149/116/49
f 148/117/51 152/118/52 147/119/51
f 126/120/53 155/121/54 125/122/55
f 127/123/56 156/124/57 126/120/53
f 128/125/58 157/126/59 127/123/56
f 129/127/60 158/128/61 128/125/58
f 130/129/62 159/130/63 129/131/60
f 131/132/64 160/133/65 130/129/62
f 132/134/66 161/135/67 131/132/64
f 133/136/68 162/137/69 132/134/66
f 134/138/70 163/139/71 133/136/68
f 138/140/72 167/141/73 137/142/74
f 138/140/72 169/143/75 168/144/76
f 139/145/77 170/146/78 169/143/75
f 141/147/79 170/146/78 140/148/80
f 142/149/81 171/150/82 141/147/79
f 143/151/83 172/152/84 142/153/81
f 144/154/85 173/155/86 143/151/83
f 145/156/87 174/157/88 144/154/85
f 124/158/89 175/159/90 145/156/87
f 150/160/50 177/161/91 176/162/92
f 254/163/93 237/164/94 249/165/95
f 153/166/96 254/167/97 152/168/52
f 155/121/54 181/169/98 180/170/99
f 157/126/59 181/169/98 156/124/57
f 158/128/61 182/171/100 157/126/59
f 159/172/63 183/173/101 158/128/61
f 160/133/65 184/174/102 159/130/63
f 160/133/65 186/175/103 185/176/104
f 161/135/67 187/177/105 186/175/103
f 162/137/69 188/178/106 187/177/105
f 164/179/107 188/178/106 163/139/71
f 164/179/107 190/180/108 189/181/109
f 167/141/73 191/182/110 166/183/111
f 167/141/73 193/184/112 192/185/113
f 169/143/75 193/184/112 168/144/76
f 170/146/78 194/186/114 169/143/75
f 171/150/82 195/187/115 170/146/78
f 171/150/82 197/188/116 196/189/117
f 172/152/84 198/190/118 197/191/116
f 173/155/86 199/192/119 198/190/118
f 174/157/88 200/193/120 199/192/119
f 154/194/121 200/193/120 175/159/90
f 176/162/92 177/161/91 201/195/122
f 177/196/123 203/197/124 202/198/124
f 254/167/97 204/199/125 203/200/125
f 180/170/99 207/201/126 206/202/127
f 182/171/100 207/201/126 181/169/98
f 183/173/101 208/203/128 182/171/100
f 184/204/102 209/205/129 183/173/101
f 185/206/104 210/207/130 184/208/102
f 185/176/104 212/209/131 211/210/132
f 186/175/103 213/211/133 212/209/131
f 187/177/105 214/212/134 213/211/133
f 189/181/109 214/212/134 188/178/106
f 189/181/109 216/213/122 215/214/135
f 192/185/113 217/215/136 191/182/110
f 192/185/113 219/216/137 218/217/138
f 194/186/114 219/216/137 193/184/112
f 195/187/115 220/218/139 194/186/114
f 196/189/117 221/219/140 195/187/115
f 196/220/117 223/221/141 222/222/142
f 197/191/116 224/223/143 223/224/141
f 198/190/118 225/225/144 224/223/143
f 199/192/119 226/226/145 225/225/144
f 179/227/146 226/226/145 200/193/120
f 149/228/147 227/229/147 146/230/147
f 147/231/148 229/232/148 148/233/148
f 229/234/147 279/235/147 280/236/147
f 285/237/148 227/238/148 230/239/148
f 290/240/48 231/241/48 289/242/48
f 152/243/149 254/163/93 240/244/150
f 251/245/151 254/163/93 239/246/152
f 250/247/153 254/163/93 238/248/152
f 177/196/123 151/249/149 236/250/154
f 247/251/155 253/252/149 252/253/156
f 235/254/157 251/245/151 246/255/157
f 245/256/157 250/247/153 234/257/157
f 244/258/157 249/165/95 233/259/157
f 247/251/155 231/260/157 242/261/157
f 237/164/157 232/262/157 243/263/157
f 240/244/150 254/163/93 251/245/151
f 239/246/152 254/163/93 250/247/153
f 238/248/152 254/163/93 249/165/95
f 252/253/156 236/250/154 247/251/155
f 241/264/158 248/265/159 237/164/94
f 233/266/48 255/267/48 243/268/48
f 249/269/148 256/270/148 233/271/148
f 237/272/3 257/273/3 249/274/3
f 243/275/160 258/276/160 237/277/160
f 152/118/52 259/278/51 147/119/51
f 240/279/3 260/280/3 152/281/3
f 235/282/161 261/283/161 240/284/161
f 147/119/48 262/285/48 235/286/48
f 246/287/48 263/288/48 245/289/48
f 251/290/162 264/291/162 246/292/162
f 239/293/3 265/294/3 251/295/3
f 245/296/163 266/297/163 239/298/163
f 234/299/48 267/300/48 244/301/48
f 250/302/164 268/303/164 234/304/164
f 238/305/3 269/306/3 250/307/3
f 244/308/147 270/309/147 238/310/147
f 231/311/48 271/312/48 146/114/48
f 236/313/165 272/314/165 231/315/165
f 151/316/3 273/317/3 236/318/3
f 146/114/49 274/319/49 151/320/166
f 232/321/48 275/322/48 242/323/48
f 248/324/167 276/325/167 232/326/167
f 247/327/3 277/328/3 248/329/3
f 242/330/168 278/331/168 247/332/168
f 392/333/169 395/334/170 298/335/171
f 337/336/172 342/337/173 392/333/169
f 394/338/174 393/339/175 305/340/176
f 340/341/177 342/337/173 394/338/174
f 396/342/178 393/339/175 337/336/172
f 300/343/179 343/344/180 396/342/178
f 398/345/181 397/346/182 320/347/148
f 305/340/176 343/344/180 398/345/181
f 399/348/183 401/349/184 296/350/185
f 399/348/183 400/351/186 344/352/187
f 305/340/176 344/352/187 400/351/186
f 398/345/181 401/349/184 344/352/187
f 338/353/188 345/354/189 400/351/186
f 402/355/190 403/356/191 345/354/189
f 340/341/177 345/354/189 403/356/191
f 394/338/174 400/351/186 345/354/189
f 404/357/192 407/358/193 293/359/194
f 404/357/192 405/360/195 346/361/196
f 306/362/197 346/361/196 405/360/195
f 321/363/198 346/361/196 406/364/199
f 336/365/200 347/366/201 405/360/195
f 408/367/202 409/368/203 347/366/201
f 341/369/204 347/366/201 409/368/203
f 410/370/205 405/360/195 347/366/201
f 411/371/206 413/372/207 302/373/208
f 339/374/209 348/375/210 411/371/206
f 410/370/205 412/376/211 306/362/197
f 341/369/204 348/375/210 410/370/205
f 414/377/212 412/376/211 339/374/209
f 414/377/212 415/378/213 349/379/214
f 406/364/199 415/378/213 321/363/198
f 306/362/197 349/379/214 406/364/199
f 416/380/215 417/381/216 350/382/217
f 307/383/218 350/382/217 417/381/216
f 322/384/219 351/385/220 417/381/216
f 419/386/221 420/387/222 351/385/223
f 323/388/224 351/389/225 420/390/226
f 421/391/227 417/381/216 351/385/220
f 292/392/228 352/393/229 422/394/230
f 307/383/218 352/395/231 418/396/232
f 421/397/233 422/394/230 352/393/229
f 292/392/228 353/398/234 456/399/235
f 423/400/236 424/401/237 353/398/234
f 308/402/238 353/403/239 424/404/240
f 325/405/241 354/406/242 424/401/237
f 426/407/243 427/408/244 354/409/245
f 326/410/246 354/409/247 427/408/248
f 428/411/249 424/404/240 354/409/247
f 308/402/238 355/412/250 425/413/251
f 428/411/249 429/414/252 355/412/250
f 309/415/253 356/416/254 430/417/255
f 431/418/256 432/419/257 356/416/254
f 301/420/258 357/421/259 458/422/260
f 434/423/261 433/424/262 329/425/263
f 309/415/253 357/426/264 434/427/265
f 435/428/266 436/429/267 302/430/268
f 330/431/269 358/432/270 435/428/271
f 434/427/265 431/418/256 309/415/253
f 329/425/263 358/433/272 434/423/261
f 437/434/273 440/435/274 294/436/275
f 331/437/276 359/438/277 437/439/278
f 439/440/279 438/441/280 310/442/281
f 333/443/282 359/444/283 439/440/279
f 441/445/284 438/446/285 331/437/276
f 301/420/258 360/447/286 441/445/284
f 310/442/281 360/448/287 442/449/288
f 443/450/289 439/440/279 361/451/290
f 310/442/281 361/451/290 439/440/279
f 445/452/291 444/453/292 311/454/293
f 420/390/226 444/453/292 323/388/224
f 297/455/294 363/456/295 420/457/296
f 446/458/297 408/367/202 336/365/200
f 311/454/293 363/459/298 446/460/299
f 447/461/300 404/357/192 293/359/194
f 327/462/301 364/463/302 447/464/303
f 446/460/299 448/465/304 311/454/293
f 336/365/200 364/466/305 446/458/297
f 449/467/306 448/465/304 327/462/301
f 311/454/293 365/468/307 445/452/291
f 328/469/308 366/470/309 450/471/310
f 312/472/311 366/470/309 451/473/312
f 453/474/313 451/473/312 328/469/308
f 300/343/179 367/475/314 453/476/315
f 337/336/172 367/475/314 396/342/178
f 454/477/316 451/473/312 367/478/317
f 298/335/171 368/479/318 392/333/169
f 426/480/319 455/481/320 368/482/321
f 312/472/311 368/482/321 455/481/320
f 454/483/322 392/333/169 368/479/318
f 452/484/323 455/481/320 369/485/324
f 461/486/325 460/487/326 313/488/327
f 437/439/278 460/487/326 331/437/276
f 294/489/328 371/490/329 437/491/330
f 462/492/331 402/355/190 338/353/188
f 313/488/327 371/493/332 462/494/333
f 463/495/334 399/348/183 296/350/185
f 335/496/335 372/497/336 463/498/337
f 462/494/333 464/499/338 313/488/327
f 338/353/188 372/500/339 462/492/331
f 465/501/340 464/499/338 335/496/335
f 313/488/327 373/502/341 461/486/325
f 334/503/342 374/504/343 466/505/344
f 314/506/345 374/504/343 467/507/346
f 469/508/347 467/507/346 334/503/342
f 295/509/348 375/510/349 469/511/350
f 339/374/209 375/510/349 414/377/212
f 470/512/351 467/507/346 375/513/352
f 302/373/208 376/514/353 411/371/206
f 436/515/354 471/516/355 376/517/356
f 314/506/345 376/517/356 471/516/355
f 470/518/357 411/371/206 376/514/353
f 468/519/358 471/516/355 377/520/359
f 326/410/246 378/521/360 429/414/252
f 473/522/361 472/523/362 315/524/363
f 427/408/248 472/523/362 326/410/246
f 298/525/364 379/526/365 427/408/244
f 474/527/366 395/528/367 340/529/368
f 315/524/363 379/526/365 474/527/366
f 294/436/275 380/530/369 403/531/370
f 440/435/371 475/532/372 380/530/369
f 315/524/363 380/530/369 475/532/372
f 474/527/366 403/531/370 380/530/369
f 333/443/282 381/533/373 475/532/372
f 473/522/361 475/532/372 381/533/373
f 330/431/269 382/534/374 432/419/257
f 477/535/375 476/536/376 316/537/377
f 435/428/271 476/536/376 330/431/269
f 302/430/268 383/538/378 435/428/266
f 478/539/379 413/540/380 341/541/381
f 316/537/377 383/538/378 478/539/379
f 297/542/382 384/543/383 409/544/384
f 419/386/385 479/545/386 384/543/383
f 316/537/377 384/543/383 479/545/386
f 478/539/379 409/544/384 384/543/383
f 322/384/219 385/546/387 479/545/386
f 477/535/375 479/545/386 385/546/387
f 496/547/169 498/548/170 495/549/388
f 499/550/172 497/551/173 496/547/169
f 502/552/389 500/553/175 501/554/176
f 503/555/390 497/551/173 502/552/389
f 504/556/178 500/553/175 499/550/172
f 506/557/179 505/558/180 504/556/178
f 509/559/391 507/560/182 508/561/392
f 501/554/176 505/558/180 509/559/391
f 511/562/183 513/563/393 510/564/185
f 511/562/183 515/565/394 512/566/395
f 501/554/176 512/566/395 515/565/394
f 508/561/392 512/566/395 509/559/391
f 514/567/188 517/568/189 515/565/394
f 516/569/190 519/570/191 517/568/189
f 503/555/390 517/568/189 519/570/191
f 502/552/389 515/565/394 517/568/189
f 521/571/192 523/572/193 520/573/194
f 521/571/192 525/574/396 522/575/196
f 526/576/197 522/575/196 525/574/396
f 528/577/198 522/575/196 527/578/199
f 524/579/200 530/580/201 525/574/396
f 529/581/202 532/582/203 530/580/201
f 533/583/397 530/580/201 532/582/203
f 534/584/205 525/574/396 530/580/201
f 536/585/206 538/586/207 535/587/398
f 539/588/209 537/589/210 536/585/206
f 534/584/205 540/590/211 526/576/197
f 533/583/397 537/589/210 534/584/205
f 541/591/399 540/590/211 539/588/209
f 543/592/400 542/593/401 541/591/399
f 527/578/199 544/594/402 528/577/198
f 526/576/197 542/593/401 527/578/199
f 545/595/215 548/596/216 546/597/217
f 549/598/218 546/597/217 548/596/216
f 547/599/219 553/600/220 548/596/216
f 552/601/403 554/602/222 553/600/223
f 555/603/224 553/604/404 554/605/226
f 556/606/227 548/596/216 553/600/220
f 484/607/228 557/608/229 558/609/230
f 549/598/218 557/610/231 550/611/232
f 556/612/405 558/609/230 557/608/229
f 484/607/228 560/613/234 623/614/235
f 559/615/236 562/616/406 560/613/234
f 563/617/238 560/618/239 562/619/240
f 561/620/241 566/621/242 562/616/406
f 565/622/243 567/623/407 566/624/245
f 568/625/246 566/624/247 567/623/408
f 569/626/249 562/619/240 566/624/247
f 563/617/238 570/627/250 564/628/251
f 569/626/249 571/629/252 570/627/250
f 575/630/253 572/631/254 574/632/409
f 576/633/410 573/634/411 572/631/254
f 485/635/258 578/636/259 625/637/260
f 581/638/412 579/639/262 580/640/263
f 575/630/253 578/641/413 581/642/265
f 582/643/266 584/644/414 535/645/268
f 577/646/269 583/647/270 582/643/271
f 581/642/265 576/633/410 575/630/253
f 580/640/263 583/648/415 581/638/412
f 585/649/273 587/650/416 518/651/417
f 588/652/276 586/653/277 585/654/418
f 591/655/419 589/656/280 590/657/281
f 592/658/282 586/659/283 591/655/419
f 593/660/284 589/661/420 588/652/276
f 485/635/258 594/662/286 593/660/284
f 590/657/281 594/663/287 596/664/421
f 597/665/422 591/655/419 598/666/290
f 590/657/281 598/666/290 591/655/419
f 602/667/423 600/668/424 601/669/293
f 554/605/226 600/668/424 555/603/224
f 531/670/425 603/671/295 554/672/296
f 604/673/297 529/581/202 524/579/200
f 601/669/293 603/674/426 604/675/299
f 605/676/300 521/571/192 520/573/194
f 607/677/301 606/678/427 605/679/303
f 604/675/299 608/680/304 601/669/293
f 524/579/200 606/681/428 604/673/297
f 609/682/306 608/680/304 607/677/301
f 601/669/293 610/683/429 602/667/423
f 613/684/308 612/685/309 611/686/310
f 615/687/311 612/685/309 614/688/312
f 617/689/313 614/688/312 613/684/308
f 506/557/179 618/690/430 617/691/315
f 499/550/172 618/690/430 504/556/178
f 619/692/316 614/688/312 618/693/317
f 495/549/388 620/694/431 496/547/169
f 565/695/319 621/696/432 620/697/433
f 615/687/311 620/697/433 621/696/432
f 619/698/322 496/547/169 620/694/431
f 616/699/434 621/696/432 622/700/324
f 630/701/325 628/702/435 629/703/327
f 585/654/418 628/702/435 588/652/276
f 518/704/328 631/705/329 585/706/330
f 632/707/436 516/569/190 514/567/188
f 629/703/327 631/708/437 632/709/438
f 633/710/334 511/562/183 510/564/185
f 635/711/335 634/712/336 633/713/337
f 632/709/438 636/714/338 629/703/327
f 514/567/188 634/715/339 632/707/436
f 637/716/340 636/714/338 635/711/335
f 629/703/327 638/717/439 630/701/325
f 641/718/342 640/719/343 639/720/344
f 643/721/345 640/719/343 642/722/440
f 645/723/347 642/722/440 641/718/342
f 645/724/350 541/591/399 646/725/441
f 539/588/209 646/725/441 541/591/399
f 647/726/442 642/722/440 646/727/352
f 535/587/398 648/728/353 536/585/206
f 584/729/354 649/730/443 648/731/444
f 643/721/345 648/731/444 649/730/443
f 647/732/357 536/585/206 648/728/353
f 644/733/358 649/730/443 650/734/359
f 568/625/246 651/735/360 571/629/252
f 654/736/361 652/737/362 653/738/363
f 567/623/408 652/737/362 568/625/246
f 495/739/364 655/740/365 567/623/407
f 656/741/445 498/742/367 503/743/368
f 653/738/363 655/740/365 656/741/445
f 518/651/417 657/744/369 519/745/370
f 587/650/371 658/746/372 657/744/369
f 653/738/363 657/744/369 658/746/372
f 656/741/445 519/745/370 657/744/369
f 592/658/282 659/747/373 658/746/372
f 654/736/361 658/746/372 659/747/373
f 577/646/269 660/748/374 573/634/411
f 663/749/375 661/750/376 662/751/377
f 582/643/271 661/750/376 577/646/269
f 535/645/268 664/752/378 582/643/266
f 665/753/379 538/754/380 533/755/446
f 662/751/377 664/752/378 665/753/379
f 531/756/382 666/757/383 532/758/384
f 552/601/385 667/759/386 666/757/383
f 662/751/377 666/757/383 667/759/386
f 665/753/379 532/758/384 666/757/383
f 547/599/219 668/760/387 667/759/386
f 663/749/375 667/759/386 668/760/387
f 670/761/3 672/762/3 669/763/3
f 674/764/48 676/765/48 673/766/48
f 672/767/147 673/768/147 669/769/147
f 671/770/447 674/771/447 672/772/447
f 670/773/148 675/774/148 671/775/148
f 669/776/157 676/777/157 670/773/157
f 678/778/3 680/779/3 677/780/3
f 682/781/48 684/782/48 681/783/48
f 680/784/147 681/785/147 677/786/147
f 679/787/447 682/788/447 680/789/447
f 678/790/148 683/791/148 679/792/148
f 677/793/157 684/794/157 678/790/157
f 718/795/448 685/796/449 686/797/450
f 719/798/451 686/797/450 687/799/451
f 720/800/452 687/799/451 688/801/453
f 721/802/454 688/801/453 689/803/455
f 722/804/456 689/803/455 690/805/456
f 723/806/457 690/805/456 691/807/457
f 724/808/458 691/807/457 692/809/458
f 725/810/459 692/809/458 693/811/460
f 726/812/461 693/811/460 694/813/462
f 727/814/463 694/813/462 695/815/463
f 728/816/464 695/815/463 696/817/464
f 729/818/465 696/817/464 697/819/465
f 730/820/466 697/819/465 698/821/466
f 731/822/467 698/821/466 699/823/467
f 732/824/468 699/823/467 700/825/468
f 733/826/469 700/825/468 701/827/470
f 734/828/471 701/827/470 702/829/472
f 735/830/473 702/829/472 703/831/473
f 736/832/474 703/831/473 704/833/474
f 737/834/475 704/833/474 705/835/475
f 738/836/476 705/835/475 706/837/476
f 739/838/477 706/837/476 707/839/477
f 740/840/478 707/839/477 708/841/478
f 741/842/479 708/841/478 709/843/480
f 742/844/481 709/843/480 710/845/482
f 743/846/483 710/845/482 711/847/483
f 744/848/484 711/847/483 712/849/484
f 745/850/485 712/849/484 713/851/485
f 746/852/486 713/851/485 714/853/486
f 747/854/487 714/853/486 715/855/487
f 748/856/488 715/855/487 716/857/488
f 717/858/489 716/857/488 685/796/449
f 734/828/48 741/842/48 733/826/48
f 790/859/490 753/860/491 754/861/492
f 791/862/493 754/861/492 755/863/494
f 792/864/495 755/863/494 756/865/496
f 793/866/497 756/867/496 757/868/498
f 794/869/499 757/868/498 758/870/500
f 795/871/501 758/870/500 759/872/501
f 797/873/502 760/874/503 761/875/504
f 798/876/505 761/875/504 762/877/506
f 799/878/507 762/877/506 763/879/508
f 800/880/509 763/881/508 764/882/510
f 801/883/511 764/882/510 765/884/512
f 802/885/513 765/884/512 766/886/514
f 803/887/450 766/886/514 767/888/450
f 805/889/515 768/890/489 769/891/516
f 806/892/517 769/891/516 770/893/518
f 807/894/519 770/893/518 771/895/520
f 808/896/521 771/897/520 772/898/522
f 809/899/523 772/898/522 773/900/524
f 810/901/525 773/900/524 774/902/526
f 811/903/527 774/902/526 775/904/527
f 813/905/528 776/906/529 777/907/530
f 814/908/531 777/907/530 778/909/532
f 815/910/533 778/909/532 779/911/534
f 816/912/535 779/911/534 780/913/536
f 817/914/537 780/915/536 781/916/538
f 818/917/539 781/916/538 782/918/540
f 819/919/472 782/918/540 783/920/472
f 789/921/541 784/922/469 753/860/491
f 824/923/48 838/924/48 839/925/48
f 752/926/3 759/927/3 749/928/3
f 785/929/542 822/930/542 821/931/542
f 787/932/543 822/933/543 786/934/543
f 788/935/544 823/936/544 787/937/544
f 785/938/545 824/939/546 788/940/546
f 789/921/547 826/941/548 825/942/549
f 790/859/548 827/943/550 826/941/548
f 791/944/551 828/945/552 827/946/550
f 793/866/553 828/945/552 792/947/554
f 794/869/555 829/948/553 793/866/553
f 794/869/555 831/949/556 830/950/557
f 796/951/558 831/949/556 795/871/559
f 797/873/560 832/952/561 796/951/558
f 797/873/560 834/953/562 833/954/563
f 798/876/562 835/955/564 834/953/562
f 799/878/564 836/956/565 835/955/564
f 801/883/566 836/957/565 800/880/565
f 802/885/567 837/958/568 801/883/566
f 802/885/567 839/959/569 838/960/570
f 803/887/571 840/961/572 839/959/569
f 805/889/573 840/961/572 804/962/572
f 805/889/573 842/963/574 841/964/575
f 806/892/576 843/965/577 842/963/574
f 807/966/578 844/967/579 843/968/577
f 809/899/580 844/967/579 808/896/579
f 810/901/581 845/969/580 809/899/580
f 810/901/581 847/970/582 846/971/583
f 812/972/584 847/970/582 811/903/582
f 813/905/585 848/973/586 812/972/584
f 813/905/585 850/974/587 849/975/588
f 814/908/589 851/976/590 850/974/587
f 816/912/591 851/976/590 815/910/592
f 817/914/593 852/977/591 816/978/591
f 818/917/594 853/979/593 817/914/593
f 818/917/594 855/980/595 854/981/596
f 820/982/597 855/980/595 819/919/598
f 789/921/547 856/983/599 820/982/597
f 202/984/48 203/985/48 216/986/48
f 202/984/48 216/986/48 217/987/48
f 202/984/48 217/987/48 218/988/48
f 202/984/48 218/988/48 219/989/48
f 202/984/48 219/989/48 220/990/48
f 202/984/48 220/990/48 221/991/48
f 202/984/48 221/991/48 222/222/48
f 202/984/48 222/222/48 223/221/48
f 202/984/48 223/221/48 224/992/48
f 202/984/48 224/992/48 225/993/48
f 202/984/48 225/993/48 226/994/48
f 202/984/48 226/994/48 205/995/48
f 201/111/48 202/984/48 205/995/48
f 201/111/48 205/995/48 206/112/48
f 208/996/48 209/997/600 210/207/48
f 207/998/48 208/996/48 210/207/48
f 207/998/48 210/207/48 211/999/48
f 206/112/48 207/998/48 211/999/48
f 206/112/48 211/999/48 212/1000/48
f 206/112/48 212/1000/48 213/1001/48
f 206/112/48 213/1001/48 214/1002/48
f 206/112/48 214/1002/48 215/1003/48
f 206/112/48 215/1003/48 216/986/48
f 206/112/48 216/986/48 203/985/48
f 206/112/48 203/985/48 204/113/48
f 177/161/91 202/1004/601 201/195/122
f 252/1005/156 253/1005/149 241/1005/158
f 241/264/158 254/163/93 203/197/124
f 252/253/156 241/264/158 203/197/124
f 177/196/123 252/253/156 203/197/124
f 254/167/97 178/1006/602 204/199/125
f 290/240/48 287/1007/48 288/1008/48
f 288/1009/447 235/1009/447 246/1009/447
f 290/240/48 288/1008/48 246/1010/48
f 246/1011/157 245/1011/157 234/1011/157
f 290/240/48 246/1010/48 234/1012/48
f 234/1013/157 244/1013/157 233/1013/157
f 290/240/48 234/1012/48 233/1014/48
f 233/1015/447 243/1015/447 232/1015/447
f 290/240/48 233/1014/48 232/1016/48
f 232/1017/157 242/1017/157 231/1017/157
f 290/240/48 232/1016/48 231/241/48
f 24/1018/603 1/20/604 51/46/605
f 734/828/48 735/830/606 736/832/607
f 734/828/48 736/832/607 737/834/600
f 734/828/48 737/834/600 738/836/48
f 734/828/48 738/836/48 739/838/48
f 734/828/48 739/838/48 740/840/48
f 734/828/48 740/840/48 741/842/48
f 721/802/600 722/804/606 723/806/48
f 720/800/600 721/802/600 723/806/48
f 719/798/48 720/800/600 723/806/48
f 719/798/48 723/806/48 724/808/48
f 718/795/48 719/798/48 724/808/48
f 718/795/48 724/808/48 725/810/48
f 718/795/48 725/810/48 726/812/48
f 718/795/48 726/812/48 727/814/48
f 718/795/48 727/814/48 728/816/48
f 718/795/48 728/816/48 729/818/48
f 718/795/48 729/818/48 730/820/48
f 718/795/48 730/820/48 731/822/48
f 718/795/48 731/822/48 732/824/48
f 718/795/48 732/824/48 733/826/48
f 717/858/48 718/795/48 733/826/48
f 748/856/607 717/858/48 733/826/48
f 747/854/48 748/856/607 733/826/48
f 746/852/48 747/854/48 733/826/48
f 745/850/48 746/852/48 733/826/48
f 744/848/48 745/850/48 733/826/48
f 743/846/48 744/848/48 733/826/48
f 742/844/48 743/846/48 733/826/48
f 741/842/48 742/844/48 733/826/48
f 824/923/48 839/925/48 840/1019/48
f 823/1020/48 824/923/48 840/1019/48
f 823/1020/48 840/1019/48 841/1021/48
f 823/1020/48 841/1021/48 842/1022/48
f 823/1020/48 842/1022/48 843/1023/48
f 823/1020/48 843/1023/48 844/1024/48
f 823/1020/48 844/1024/48 845/1025/48
f 823/1020/48 845/1025/48 846/1026/48
f 823/1020/48 846/1026/48 847/1027/48
f 823/1020/48 847/1027/48 848/1028/48
f 822/1029/48 823/1020/48 848/1028/48
f 822/1029/48 848/1028/48 849/1030/48
f 822/1029/48 849/1030/48 850/1031/48
f 822/1029/48 850/1031/48 851/1032/48
f 822/1029/48 851/1032/48 852/1033/48
f 822/1029/48 852/1033/48 853/1034/48
f 822/1029/48 853/1034/48 854/1035/48
f 822/1029/48 854/1035/48 855/1036/48
f 822/1029/48 855/1036/48 856/1037/48
f 821/1038/48 822/1029/48 856/1037/48
f 821/1038/48 856/1037/48 825/1039/48
f 821/1038/48 825/1039/48 826/1040/48
f 821/1038/48 826/1040/48 827/1041/48
f 821/1038/48 827/1041/48 828/1042/48
f 821/1038/48 828/1042/48 829/1043/48
f 821/1038/48 829/1043/48 830/1044/48
f 821/1038/48 830/1044/48 831/1045/48
f 824/923/48 821/1038/48 831/1045/48
f 824/923/48 831/1045/48 832/1046/48
f 824/923/48 832/1046/48 833/1047/48
f 824/923/48 833/1047/48 834/1048/48
f 824/923/48 834/1048/48 835/1049/48
f 824/923/48 835/1049/48 836/1050/48
f 824/923/48 836/1050/48 837/1051/48
f 824/923/48 837/1051/48 838/924/48
f 752/926/3 767/1052/3 766/1053/3
f 752/926/3 766/1053/3 765/1054/3
f 752/926/3 765/1054/3 764/1055/3
f 752/926/3 764/1055/3 763/1056/3
f 752/926/3 763/1056/3 762/1057/3
f 752/926/3 762/1057/3 761/1058/3
f 752/926/3 761/1058/3 760/1059/3
f 752/926/3 760/1059/3 759/927/3
f 768/1060/3 767/1052/3 752/926/3
f 768/1060/3 752/926/3 751/1061/3
f 769/1062/3 768/1060/3 751/1061/3
f 770/1063/3 769/1062/3 751/1061/3
f 771/1064/3 770/1063/3 751/1061/3
f 772/1065/3 771/1064/3 751/1061/3
f 773/1066/3 772/1065/3 751/1061/3
f 774/1067/3 773/1066/3 751/1061/3
f 775/1068/3 774/1067/3 751/1061/3
f 776/1069/3 775/1068/3 751/1061/3
f 776/1069/3 751/1061/3 750/1070/3
f 777/1071/3 776/1069/3 750/1070/3
f 778/1072/3 777/1071/3 750/1070/3
f 779/1073/3 778/1072/3 750/1070/3
f 780/1074/3 779/1073/3 750/1070/3
f 781/1075/3 780/1074/3 750/1070/3
f 782/1076/3 781/1075/3 750/1070/3
f 783/1077/3 782/1076/3 750/1070/3
f 784/1078/3 783/1077/3 750/1070/3
f 784/1078/3 750/1070/3 749/928/3
f 753/1079/3 784/1078/3 749/928/3
f 754/1080/3 753/1079/3 749/928/3
f 755/1081/3 754/1080/3 749/928/3
f 756/1082/3 755/1081/3 749/928/3
f 757/1083/3 756/1082/3 749/928/3
f 758/1084/3 757/1083/3 749/928/3
f 759/927/3 758/1084/3 749/928/3
f 858/1085/3 860/1086/3 857/1087/3
f 862/1088/48 864/1089/48 861/1090/48
f 860/1091/447 861/1092/447 857/1093/447
f 859/1094/148 862/1095/148 860/1096/148
f 858/1097/157 863/1098/157 859/1094/157
f 857/1099/147 864/1100/147 858/1101/147
f 866/1102/3 868/1103/3 865/1104/3
f 870/1105/48 872/1106/48 869/1107/48
f 868/1108/447 869/1109/447 865/1110/447
f 867/1111/148 870/1112/148 868/1113/148
f 866/1114/157 871/1115/157 867/1111/157
f 865/1116/147 872/1117/147 866/1118/147
f 874/1119/3 876/1120/3 873/1121/3
f 878/1122/48 880/1123/48 877/1124/48
f 876/1125/447 877/1126/447 873/1127/447
f 875/1128/148 878/1129/148 876/1130/148
f 874/1131/157 879/1132/157 875/1128/157
f 873/1133/147 880/1134/147 874/1135/147
f 882/1136/3 884/1137/3 881/1138/3
f 886/1139/48 888/1140/48 885/1141/48
f 884/1142/447 885/1143/447 881/1144/447
f 883/1145/148 886/1146/148 884/1147/148
f 882/1148/157 887/1149/157 883/1145/157
f 881/1150/147 888/1151/147 882/1152/147
f 890/1153/3 892/1154/3 889/1155/3
f 894/1156/48 896/1157/48 893/1158/48
f 892/1159/447 893/1160/447 889/1161/447
f 891/1162/148 894/1163/148 892/1164/148
f 890/1165/157 895/1166/157 891/1162/157
f 889/1167/147 896/1168/147 890/1169/147
f 898/1170/3 900/1171/3 897/1172/3
f 902/1173/48 904/1174/48 901/1175/48
f 900/1176/447 901/1177/447 897/1178/447
f 899/1179/148 902/1180/148 900/1181/148
f 898/1182/157 903/1183/157 899/1179/157
f 897/1184/147 904/1185/147 898/1186/147
f 906/1187/3 908/1188/3 905/1189/3
f 910/1190/48 912/1191/48 909/1192/48
f 908/1193/447 909/1194/447 905/1195/447
f 907/1196/148 910/1197/148 908/1198/148
f 906/1199/157 911/1200/157 907/1196/157
f 905/1201/147 912/1202/147 906/1203/147
f 914/1204/3 916/1205/3 913/1206/3
f 918/1207/48 920/1208/48 917/1209/48
f 916/1210/447 917/1211/447 913/1212/447
f 915/1213/148 918/1214/148 916/1215/148
f 914/1216/157 919/1217/157 915/1213/157
f 913/1218/147 920/1219/147 914/1220/147
f 922/1221/3 924/1222/3 921/1223/3
f 926/1224/48 928/1225/48 925/1226/48
f 924/1227/147 925/1228/147 921/1229/147
f 923/1230/447 926/1231/447 924/1232/447
f 922/1233/148 927/1234/148 923/1235/148
f 921/1236/157 928/1237/157 922/1233/157
f 930/1238/3 932/1239/3 929/1240/3
f 934/1241/48 936/1242/48 933/1243/48
f 932/1244/147 933/1245/147 929/1246/147
f 931/1247/447 934/1248/447 932/1249/447
f 930/1250/148 935/1251/148 931/1252/148
f 929/1253/157 936/1254/157 930/1250/157
f 938/1255/3 940/1256/3 937/1257/3
f 942/1258/48 944/1259/48 941/1260/48
f 940/1261/147 941/1262/147 937/1263/147
f 939/1264/447 942/1265/447 940/1266/447
f 938/1267/148 943/1268/148 939/1269/148
f 937/1270/157 944/1271/157 938/1267/157
f 946/1272/3 948/1273/3 945/1274/3
f 950/1275/48 952/1276/48 949/1277/48
f 948/1278/147 949/1279/147 945/1280/147
f 947/1281/447 950/1282/447 948/1283/447
f 946/1284/148 951/1285/148 947/1286/148
f 945/1287/157 952/1288/157 946/1284/157
f 954/1289/3 956/1290/3 953/1291/3
f 958/1292/48 960/1293/48 957/1294/48
f 956/1295/447 957/1296/447 953/1297/447
f 955/1298/148 958/1299/148 956/1300/148
f 954/1301/157 959/1302/157 955/1298/157
f 953/1303/147 960/1304/147 954/1305/147
f 962/1306/3 964/1307/3 961/1308/3
f 966/1309/48 968/1310/48 965/1311/48
f 964/1312/447 965/1313/447 961/1314/447
f 963/1315/148 966/1316/148 964/1317/148
f 962/1318/157 967/1319/157 963/1315/157
f 961/1320/147 968/1321/147 962/1322/147
f 970/1323/3 972/1324/3 969/1325/3
f 974/1326/48 976/1327/48 973/1328/48
f 972/1329/447 973/1330/447 969/1331/447
f 971/1332/148 974/1333/148 972/1334/148
f 970/1335/157 975/1336/157 971/1332/157
f 969/1337/147 976/1338/147 970/1339/147
f 978/1340/3 980/1341/3 977/1342/3
f 982/1343/48 984/1344/48 981/1345/48
f 980/1346/447 981/1347/447 977/1348/447
f 979/1349/148 982/1350/148 980/1351/148
f 978/1352/157 983/1353/157 979/1349/157
f 977/1354/147 984/1355/147 978/1356/147
f 986/1357/3 988/1358/3 985/1359/3
f 990/1360/48 992/1361/48 989/1362/48
f 988/1363/447 989/1364/447 985/1365/447
f 987/1366/148 990/1367/148 988/1368/148
f 986/1369/157 991/1370/157 987/1366/157
f 985/1371/147 992/1372/147 986/1373/147
f 994/1374/3 996/1375/3 993/1376/3
f 998/1377/48 1000/1378/48 997/1379/48
f 996/1380/447 997/1381/447 993/1382/447
f 995/1383/148 998/1384/148 996/1385/148
f 994/1386/157 999/1387/157 995/1383/157
f 993/1388/147 1000/1389/147 994/1390/147
f 1002/1391/3 1004/1392/3 1001/1393/3
f 1006/1394/48 1008/1395/48 1005/1396/48
f 1004/1397/447 1005/1398/447 1001/1399/447
f 1003/1400/148 1006/1401/148 1004/1402/148
f 1002/1403/157 1007/1404/157 1003/1400/157
f 1001/1405/147 1008/1406/147 1002/1407/147
f 1010/1408/3 1012/1409/3 1009/1410/3
f 1014/1411/48 1016/1412/48 1013/1413/48
f 1012/1414/447 1013/1415/447 1009/1416/447
f 1011/1417/148 1014/1418/148 1012/1419/148
f 1010/1420/157 1015/1421/157 1011/1417/157
f 1009/1422/147 1016/1423/147 1010/1424/147
f 1018/1425/3 1020/1426/3 1017/1427/3
f 1022/1428/48 1024/1429/48 1021/1430/48
f 1020/1431/147 1021/1432/147 1017/1433/147
f 1019/1434/447 1022/1435/447 1020/1436/447
f 1018/1437/148 1023/1438/148 1019/1439/148
f 1017/1440/157 1024/1441/157 1018/1437/157
f 1026/1442/3 1028/1443/3 1025/1444/3
f 1030/1445/48 1032/1446/48 1029/1447/48
f 1028/1448/147 1029/1449/147 1025/1450/147
f 1027/1451/447 1030/1452/447 1028/1453/447
f 1026/1454/148 1031/1455/148 1027/1456/148
f 1025/1457/157 1032/1458/157 1026/1454/157
f 1034/1459/3 1036/1460/3 1033/1461/3
f 1038/1462/48 1040/1463/48 1037/1464/48
f 1036/1465/147 1037/1466/147 1033/1467/147
f 1035/1468/447 1038/1469/447 1036/1470/447
f 1034/1471/148 1039/1472/148 1035/1473/148
f 1033/1474/157 1040/1475/157 1034/1471/157
f 1042/1476/3 1044/1477/3 1041/1478/3
f 1046/1479/48 1048/1480/48 1045/1481/48
f 1044/1482/147 1045/1483/147 1041/1484/147
f 1043/1485/447 1046/1486/447 1044/1487/447
f 1042/1488/148 1047/1489/148 1043/1490/148
f 1041/1491/157 1048/1492/157 1042/1488/157
f 23/1493/608 22/21/609 1/20/604
f 44/1494/87 70/23/610 22/21/609
f 43/1495/85 69/25/611 70/23/610
f 69/25/611 41/1496/612 68/27/613
f 41/1496/612 67/29/614 68/27/613
f 40/1497/79 66/32/615 67/31/614
f 66/32/615 38/1498/616 65/33/617
f 38/1498/616 64/34/618 65/33/617
f 37/1499/619 63/36/620 64/34/618
f 36/1500/621 62/1501/148 63/36/620
f 35/1502/447 61/1503/447 62/1504/447
f 61/1505/147 33/1506/503 60/39/503
f 33/1506/503 59/40/622 60/39/503
f 32/1507/68 58/42/623 59/40/622
f 58/42/623 30/1508/624 57/44/625
f 30/1508/624 56/45/626 57/44/625
f 25/1509/627 51/46/605 52/48/628
f 29/1510/629 55/49/630 56/51/626
f 26/1511/56 52/48/628 53/53/631
f 27/1512/58 53/53/631 54/55/632
f 28/1513/60 54/55/632 55/49/630
f 46/7/6 50/1514/633 45/2/2
f 48/1515/634 14/5/4 13/1516/635
f 50/1514/633 71/1517/636 45/2/2
f 71/1517/636 21/1518/637 45/2/2
f 21/1518/637 20/1519/638 45/2/2
f 20/1519/638 19/1520/639 45/2/2
f 19/1520/639 18/1521/640 45/2/2
f 18/1521/640 17/3/3 45/2/2
f 13/1516/635 47/1522/641 48/1515/634
f 47/1522/641 11/1523/642 46/7/6
f 51/46/38 50/1524/643 2/1525/644
f 11/1523/642 10/1526/3 46/7/6
f 10/1526/3 9/1527/3 46/7/6
f 9/1527/3 8/8/7 46/7/6
f 63/36/28 13/1528/645 14/1529/646
f 71/19/12 50/1524/643 1/20/13
f 21/22/15 71/19/12 22/21/14
f 20/24/17 21/22/15 70/23/16
f 19/26/19 20/24/17 69/25/18
f 18/28/21 19/26/19 68/27/20
f 17/30/23 18/1530/21 67/31/22
f 65/33/25 16/35/27 17/30/23
f 64/34/26 15/37/29 16/35/27
f 63/36/28 14/1529/646 15/37/29
f 61/1503/647 13/1531/647 62/1504/647
f 12/1532/648 60/39/31 11/1533/649
f 46/1534/650 72/1535/650 73/1536/650
f 10/38/30 11/1533/649 60/39/31
f 9/41/33 10/38/30 59/40/32
f 8/43/35 9/41/33 58/42/34
f 56/45/37 7/1537/42 8/43/35
f 51/46/38 2/1525/644 3/47/39
f 55/49/41 6/56/47 7/50/42
f 52/48/40 3/47/39 4/52/43
f 53/53/44 4/52/43 5/54/45
f 54/55/46 5/54/45 6/56/47
f 45/1538/651 75/1539/652 72/1540/653
f 47/1541/654 75/1542/654 48/1543/654
f 74/1544/655 46/1545/655 73/1546/655
f 76/1547/48 24/79/48 77/81/48
f 91/1548/48 39/69/48 92/68/48
f 23/57/48 76/1547/48 97/58/48
f 44/59/48 97/58/48 96/60/48
f 43/61/48 96/60/48 95/62/48
f 42/63/48 95/62/48 94/64/48
f 41/65/48 94/64/48 93/66/48
f 40/67/48 93/66/48 92/68/48
f 91/1548/48 37/1549/48 38/1550/48
f 90/1551/48 36/1552/48 37/1549/48
f 89/1553/48 35/1554/48 36/1552/48
f 88/1555/48 34/1556/48 35/1554/48
f 86/1557/48 34/1556/48 87/1558/48
f 99/1559/656 76/1560/657 77/1561/658
f 33/70/48 86/1557/48 85/71/48
f 32/72/48 85/71/48 84/73/48
f 31/74/48 84/73/48 83/75/48
f 30/76/48 83/75/48 82/77/48
f 24/79/48 25/85/48 78/80/48
f 29/78/48 82/77/48 81/82/48
f 26/84/48 79/87/48 78/80/48
f 27/86/48 80/88/48 79/87/48
f 28/83/48 81/82/48 80/88/48
f 97/1562/659 98/1563/660 119/1564/661
f 96/1565/662 119/1564/661 118/1566/663
f 95/1567/664 118/1566/663 117/1568/665
f 94/1569/666 117/1568/665 116/1570/666
f 115/1571/667 94/1572/666 116/1573/666
f 92/1574/668 115/1571/667 114/1575/669
f 113/1576/670 92/1574/668 114/1575/669
f 90/1577/671 113/1576/670 112/1578/672
f 89/1579/501 112/1578/672 111/1580/501
f 110/1581/147 89/1579/501 111/1580/501
f 120/1582/157 122/1583/157 123/1584/157
f 86/1585/673 109/1586/148 108/1587/674
f 85/1588/675 108/1587/674 107/1589/676
f 84/1590/677 107/1589/676 106/1591/678
f 83/1592/679 106/1591/678 105/1593/680
f 82/1594/681 105/1593/680 104/1595/682
f 100/1596/683 77/1561/658 78/1597/684
f 81/1598/685 104/1595/682 103/1599/686
f 78/1597/684 101/1600/687 100/1596/683
f 101/1600/687 80/1601/688 102/1602/688
f 80/1601/688 103/1603/686 102/1602/688
f 120/1604/689 88/1555/689 121/1605/689
f 121/1606/690 110/1607/691 122/1608/691
f 122/1583/692 109/1609/692 123/1584/692
f 120/1610/693 109/1611/693 87/1612/693
f 148/1613/447 150/1614/694 153/1615/695
f 146/114/49 151/320/166 150/115/50
f 148/117/51 153/1616/96 152/118/52
f 124/158/89 155/121/54 154/194/121
f 134/138/70 165/1617/696 164/179/107
f 126/120/53 156/124/57 155/121/54
f 127/123/56 157/126/59 156/124/57
f 128/125/58 158/128/61 157/126/59
f 129/127/60 159/172/63 158/128/61
f 130/129/62 160/133/65 159/130/63
f 131/132/64 161/135/67 160/133/65
f 132/134/66 162/137/69 161/135/67
f 133/136/68 163/139/71 162/137/69
f 134/138/70 164/179/107 163/139/71
f 135/1618/447 166/1619/697 165/1620/697
f 136/1621/148 167/141/73 166/183/111
f 153/1615/695 176/1622/698 178/1623/698
f 138/140/72 168/144/76 167/141/73
f 138/140/72 139/145/77 169/143/75
f 139/145/77 140/148/80 170/146/78
f 141/147/79 171/150/82 170/146/78
f 142/149/81 172/1624/84 171/150/82
f 143/151/83 173/155/86 172/152/84
f 144/154/85 174/157/88 173/155/86
f 145/156/87 175/159/90 174/157/88
f 124/158/89 154/194/121 175/159/90
f 150/160/50 151/1625/166 177/161/91
f 254/163/93 241/264/158 237/164/94
f 153/166/96 178/1006/602 254/167/97
f 154/194/121 180/170/99 179/227/146
f 190/1626/699 166/1619/697 191/1627/700
f 155/121/54 156/124/57 181/169/98
f 157/126/59 182/171/100 181/169/98
f 158/128/61 183/173/101 182/171/100
f 159/172/63 184/204/102 183/173/101
f 160/133/65 185/176/104 184/174/102
f 160/133/65 161/135/67 186/175/103
f 161/135/67 162/137/69 187/177/105
f 162/137/69 163/139/71 188/178/106
f 164/179/107 189/181/109 188/178/106
f 164/179/107 165/1617/696 190/180/108
f 204/1628/701 176/1622/698 201/1629/701
f 167/141/73 192/185/113 191/182/110
f 167/141/73 168/144/76 193/184/112
f 169/143/75 194/186/114 193/184/112
f 170/146/78 195/187/115 194/186/114
f 171/150/82 196/189/117 195/187/115
f 171/150/82 172/1624/84 197/188/116
f 172/152/84 173/155/86 198/190/118
f 173/155/86 174/157/88 199/192/119
f 174/157/88 175/159/90 200/193/120
f 154/194/121 179/227/146 200/193/120
f 179/227/146 206/202/127 205/1630/702
f 190/1626/699 217/1631/701 216/1632/701
f 180/170/99 181/169/98 207/201/126
f 182/171/100 208/203/128 207/201/126
f 183/173/101 209/205/129 208/203/128
f 184/204/102 210/1633/130 209/205/129
f 185/206/104 211/999/132 210/207/130
f 185/176/104 186/175/103 212/209/131
f 186/175/103 187/177/105 213/211/133
f 187/177/105 188/178/106 214/212/134
f 189/181/109 215/214/135 214/212/134
f 189/181/109 190/180/108 216/213/122
f 284/1634/3 282/1635/3 283/1636/3
f 192/185/113 218/217/138 217/215/136
f 192/185/113 193/184/112 219/216/137
f 194/186/114 220/218/139 219/216/137
f 195/187/115 221/219/140 220/218/139
f 196/189/117 222/1637/142 221/219/140
f 196/220/117 197/1638/116 223/221/141
f 197/191/116 198/190/118 224/223/143
f 198/190/118 199/192/119 225/225/144
f 199/192/119 200/193/120 226/226/145
f 179/227/146 205/1630/702 226/226/145
f 149/228/147 230/1639/147 227/229/147
f 147/231/148 228/1640/148 229/232/148
f 229/234/147 228/1641/147 279/235/147
f 350/382/217 291/1642/703 416/380/215
f 285/237/148 286/1643/148 227/238/148
f 247/251/155 248/265/159 253/252/149
f 235/254/157 240/244/150 251/245/151
f 245/256/157 239/246/152 250/247/153
f 244/258/157 238/248/152 249/165/95
f 247/251/155 236/250/154 231/260/157
f 237/164/94 248/265/159 232/262/157
f 252/253/156 177/196/123 236/250/154
f 241/264/158 253/252/149 248/265/159
f 233/266/48 256/1644/48 255/267/48
f 249/269/148 257/1645/148 256/270/148
f 237/272/3 258/1646/3 257/273/3
f 243/275/160 255/1647/160 258/276/160
f 152/118/52 260/1648/51 259/278/51
f 240/279/3 261/1649/3 260/280/3
f 235/282/161 262/1650/161 261/283/161
f 147/119/48 259/278/48 262/285/48
f 246/287/48 264/1651/48 263/288/48
f 251/290/162 265/1652/162 264/291/162
f 239/293/3 266/1653/3 265/294/3
f 245/296/163 263/1654/163 266/297/163
f 234/299/48 268/1655/48 267/300/48
f 250/302/164 269/1656/164 268/303/164
f 238/305/3 270/1657/3 269/306/3
f 244/308/147 267/1658/147 270/309/147
f 231/311/48 272/1659/48 271/312/48
f 236/313/165 273/1660/165 272/314/165
f 151/316/3 274/1661/3 273/317/3
f 146/114/49 271/312/704 274/319/49
f 232/321/48 276/1662/48 275/322/48
f 248/324/167 277/1663/167 276/325/167
f 247/327/3 278/1664/3 277/328/3
f 242/330/168 275/1665/168 278/331/168
f 392/333/169 342/337/173 395/334/170
f 337/336/172 393/339/175 342/337/173
f 394/338/174 342/337/173 393/339/175
f 340/341/177 395/334/170 342/337/173
f 396/342/178 343/344/180 393/339/175
f 300/343/179 397/346/182 343/344/180
f 398/345/181 343/344/180 397/346/182
f 305/340/176 393/339/175 343/344/180
f 399/348/183 344/352/187 401/349/184
f 399/348/183 338/353/188 400/351/186
f 305/340/176 398/345/181 344/352/187
f 398/345/181 320/347/148 401/349/184
f 338/353/188 402/355/190 345/354/189
f 402/355/190 294/489/328 403/356/191
f 340/341/177 394/338/174 345/354/189
f 394/338/174 305/340/176 400/351/186
f 404/357/192 346/361/196 407/358/193
f 404/357/192 336/365/200 405/360/195
f 306/362/197 406/364/199 346/361/196
f 321/363/198 407/358/193 346/361/196
f 336/365/200 408/367/202 347/366/201
f 408/367/202 297/455/294 409/368/203
f 341/369/204 410/370/205 347/366/201
f 410/370/205 306/362/197 405/360/195
f 411/371/206 348/375/210 413/372/207
f 339/374/209 412/376/211 348/375/210
f 410/370/205 348/375/210 412/376/211
f 341/369/204 413/372/207 348/375/210
f 414/377/212 349/379/214 412/376/211
f 414/377/212 295/509/348 415/378/213
f 406/364/199 349/379/214 415/378/213
f 306/362/197 412/376/211 349/379/214
f 457/1666/705 418/396/232 324/1667/706
f 416/380/215 322/384/219 417/381/216
f 307/383/218 418/396/232 350/382/217
f 418/396/232 456/1668/707 324/1667/706
f 322/384/219 419/386/385 351/385/220
f 419/386/221 297/542/382 420/387/222
f 323/388/224 421/397/233 351/389/225
f 421/391/227 307/383/218 417/381/216
f 292/392/228 456/399/235 352/393/229
f 456/1668/707 425/413/251 324/1667/706
f 307/383/218 421/391/227 352/395/231
f 421/397/233 323/388/224 422/394/230
f 292/392/228 423/400/236 353/398/234
f 423/400/236 325/405/241 424/401/237
f 308/402/238 425/413/251 353/403/239
f 355/412/250 291/1642/703 457/1666/705
f 325/405/241 426/480/319 354/406/242
f 426/407/243 298/525/364 427/408/244
f 326/410/246 428/411/249 354/409/247
f 428/411/249 308/402/238 424/404/240
f 425/413/251 457/1666/705 324/1667/706
f 356/416/254 303/1669/708 459/1670/709
f 308/402/238 428/411/249 355/412/250
f 428/411/249 326/410/246 429/414/252
f 430/417/255 459/1670/709 332/1671/710
f 430/417/255 458/1672/711 357/426/264
f 309/415/253 431/418/256 356/416/254
f 431/418/256 330/431/269 432/419/257
f 458/1672/711 442/449/288 360/448/287
f 301/420/258 433/424/262 357/421/259
f 434/423/261 357/421/259 433/424/262
f 309/415/253 430/417/255 357/426/264
f 435/428/266 358/432/712 436/429/267
f 330/431/269 431/418/256 358/432/270
f 434/427/265 358/432/270 431/418/256
f 329/425/263 436/515/354 358/433/272
f 437/434/273 359/444/713 440/435/274
f 331/437/276 438/446/285 359/438/277
f 439/440/279 359/444/283 438/441/280
f 333/443/282 440/435/371 359/444/283
f 441/445/284 360/447/286 438/446/285
f 301/420/258 458/422/260 360/447/286
f 361/451/290 303/1669/708 443/450/289
f 310/442/281 438/441/280 360/448/287
f 459/1670/709 442/449/288 332/1671/710
f 443/450/289 333/443/282 439/440/279
f 310/442/281 442/449/288 361/451/290
f 386/1673/714 422/394/230 362/1674/715
f 362/1674/715 323/388/224 444/453/292
f 362/1674/715 317/1675/716 386/1673/714
f 445/452/291 362/1674/715 444/453/292
f 449/467/306 387/1676/717 365/468/307
f 420/390/226 363/459/298 444/453/292
f 297/455/294 408/367/202 363/456/295
f 446/458/297 363/456/295 408/367/202
f 311/454/293 444/453/292 363/459/298
f 447/461/300 364/466/305 404/357/192
f 327/462/301 448/465/304 364/463/302
f 446/460/299 364/463/302 448/465/304
f 336/365/200 404/357/192 364/466/305
f 449/467/306 365/468/307 448/465/304
f 387/1676/717 445/452/291 365/468/307
f 299/1677/718 366/470/309 387/1676/717
f 311/454/293 448/465/304 365/468/307
f 387/1676/717 452/484/323 317/1675/716
f 328/469/308 451/473/312 366/470/309
f 312/472/311 452/484/323 366/470/309
f 369/485/324 325/405/241 423/400/236
f 453/474/313 367/478/317 451/473/312
f 300/343/179 396/342/178 367/475/314
f 337/336/172 454/483/322 367/475/314
f 454/477/316 312/472/311 451/473/312
f 298/335/171 426/1678/719 368/479/318
f 426/480/319 325/405/241 455/481/320
f 312/472/311 454/477/316 368/482/321
f 454/483/322 337/336/172 392/333/169
f 386/1673/714 423/400/236 292/392/228
f 369/485/324 317/1675/716 452/484/323
f 388/1679/720 441/445/284 370/1680/721
f 452/484/323 312/472/311 455/481/320
f 370/1680/721 331/437/276 460/487/326
f 370/1680/721 318/1681/722 388/1679/720
f 461/486/325 370/1680/721 460/487/326
f 465/501/340 389/1682/723 373/502/341
f 437/439/278 371/493/332 460/487/326
f 294/489/328 402/355/190 371/490/329
f 462/492/331 371/490/329 402/355/190
f 313/488/327 460/487/326 371/493/332
f 463/495/334 372/500/339 399/348/183
f 335/496/335 464/499/338 372/497/336
f 462/494/333 372/497/336 464/499/338
f 338/353/188 399/348/183 372/500/339
f 465/501/340 373/502/341 464/499/338
f 389/1682/723 461/486/325 373/502/341
f 389/1682/723 466/505/344 374/504/343
f 313/488/327 464/499/338 373/502/341
f 389/1682/723 468/519/358 318/1681/722
f 334/503/342 467/507/346 374/504/343
f 314/506/345 468/519/358 374/504/343
f 377/520/359 329/425/263 433/424/262
f 469/508/347 375/513/352 467/507/346
f 295/509/348 414/377/212 375/510/349
f 339/374/209 470/518/357 375/510/349
f 470/512/351 314/506/345 467/507/346
f 302/373/208 436/1683/724 376/514/353
f 436/515/354 329/425/263 471/516/355
f 314/506/345 470/512/351 376/517/356
f 470/518/357 339/374/209 411/371/206
f 388/1679/720 433/424/262 301/420/258
f 377/520/359 318/1681/722 468/519/358
f 390/1684/725 429/414/252 378/521/360
f 468/519/358 314/506/345 471/516/355
f 378/521/360 319/1685/447 390/1684/725
f 326/410/246 472/523/362 378/521/360
f 473/522/361 378/521/360 472/523/362
f 391/1686/726 443/450/289 303/1669/708
f 427/408/248 379/526/365 472/523/362
f 298/525/364 395/528/367 379/526/365
f 474/527/366 379/526/365 395/528/367
f 315/524/363 472/523/362 379/526/365
f 294/436/275 440/435/274 380/530/369
f 440/435/371 333/443/282 475/532/372
f 315/524/363 474/527/366 380/530/369
f 474/527/366 340/529/368 403/531/370
f 333/443/282 443/450/289 381/533/373
f 381/533/373 319/1685/447 473/522/361
f 391/1686/726 432/419/257 382/534/374
f 473/522/361 315/524/363 475/532/372
f 382/534/374 319/1685/447 391/1686/726
f 330/431/269 476/536/376 382/534/374
f 477/535/375 382/534/374 476/536/376
f 390/1684/725 416/380/215 291/1642/703
f 435/428/271 383/538/378 476/536/376
f 302/430/268 413/540/380 383/538/378
f 478/539/379 383/538/378 413/540/380
f 316/537/377 476/536/376 383/538/378
f 297/542/382 419/386/221 384/543/383
f 419/386/385 322/384/219 479/545/386
f 316/537/377 478/539/379 384/543/383
f 478/539/379 341/541/381 409/544/384
f 322/384/219 416/380/215 385/546/387
f 385/546/387 319/1685/447 477/535/375
f 546/597/217 490/1687/703 545/595/215
f 477/535/375 316/537/377 479/545/386
f 496/547/169 497/551/173 498/548/170
f 499/550/172 500/553/175 497/551/173
f 502/552/389 497/551/173 500/553/175
f 503/555/390 498/548/170 497/551/173
f 504/556/178 505/558/180 500/553/175
f 506/557/179 507/560/182 505/558/180
f 509/559/391 505/558/180 507/560/182
f 501/554/176 500/553/175 505/558/180
f 511/562/183 512/566/395 513/563/393
f 511/562/183 514/567/188 515/565/394
f 501/554/176 509/559/391 512/566/395
f 508/561/392 513/563/393 512/566/395
f 514/567/188 516/569/190 517/568/189
f 516/569/190 518/704/328 519/570/191
f 503/555/390 502/552/389 517/568/189
f 502/552/389 501/554/176 515/565/394
f 521/571/192 522/575/196 523/572/193
f 521/571/192 524/579/200 525/574/396
f 526/576/197 527/578/199 522/575/196
f 528/577/198 523/572/193 522/575/196
f 524/579/200 529/581/202 530/580/201
f 529/581/202 531/670/425 532/582/203
f 533/583/397 534/584/205 530/580/201
f 534/584/205 526/576/197 525/574/396
f 536/585/206 537/589/210 538/586/207
f 539/588/209 540/590/211 537/589/210
f 534/584/205 537/589/210 540/590/211
f 533/583/397 538/586/207 537/589/210
f 541/591/399 542/593/401 540/590/211
f 543/592/400 544/594/402 542/593/401
f 527/578/199 542/593/401 544/594/402
f 526/576/197 540/590/211 542/593/401
f 624/1688/727 550/611/232 551/1689/706
f 545/595/215 547/599/219 548/596/216
f 549/598/218 550/611/232 546/597/217
f 550/611/232 623/1690/707 551/1689/706
f 547/599/219 552/601/385 553/600/220
f 552/601/403 531/756/382 554/602/222
f 555/603/224 556/612/405 553/604/404
f 556/606/227 549/598/218 548/596/216
f 484/607/228 623/614/235 557/608/229
f 623/1690/707 564/628/251 551/1689/706
f 549/598/218 556/606/227 557/610/231
f 556/612/405 555/603/224 558/609/230
f 484/607/228 559/615/236 560/613/234
f 559/615/236 561/620/241 562/616/406
f 563/617/238 564/628/251 560/618/239
f 570/627/250 490/1687/703 624/1688/727
f 561/620/241 565/695/319 566/621/242
f 565/622/243 495/739/364 567/623/407
f 568/625/246 569/626/249 566/624/247
f 569/626/249 563/617/238 562/619/240
f 564/628/251 624/1688/727 551/1689/706
f 572/631/254 493/1691/728 626/1692/709
f 563/617/238 569/626/249 570/627/250
f 569/626/249 568/625/246 571/629/252
f 574/632/409 626/1692/709 595/1693/710
f 574/632/409 625/1694/729 578/641/413
f 575/630/253 576/633/410 572/631/254
f 576/633/410 577/646/269 573/634/411
f 625/1694/729 596/664/421 594/663/287
f 485/635/258 579/639/262 578/636/259
f 581/638/412 578/636/259 579/639/262
f 575/630/253 574/632/409 578/641/413
f 582/643/266 583/647/730 584/644/414
f 577/646/269 576/633/410 583/647/270
f 581/642/265 583/647/270 576/633/410
f 580/640/263 584/729/354 583/648/415
f 585/649/273 586/659/731 587/650/416
f 588/652/276 589/661/420 586/653/277
f 591/655/419 586/659/283 589/656/280
f 592/658/282 587/650/371 586/659/283
f 593/660/284 594/662/286 589/661/420
f 485/635/258 625/637/260 594/662/286
f 598/666/290 493/1691/728 597/665/422
f 590/657/281 589/656/280 594/663/287
f 626/1692/709 596/664/421 595/1693/710
f 597/665/422 592/658/282 591/655/419
f 590/657/281 596/664/421 598/666/290
f 480/1695/714 558/609/230 599/1696/715
f 599/1696/715 555/603/224 600/668/424
f 599/1696/715 483/1697/716 480/1695/714
f 602/667/423 599/1696/715 600/668/424
f 609/682/306 482/1698/717 610/683/429
f 554/605/226 603/674/426 600/668/424
f 531/670/425 529/581/202 603/671/295
f 604/673/297 603/671/295 529/581/202
f 601/669/293 600/668/424 603/674/426
f 605/676/300 606/681/428 521/571/192
f 607/677/301 608/680/304 606/678/427
f 604/675/299 606/678/427 608/680/304
f 524/579/200 521/571/192 606/681/428
f 609/682/306 610/683/429 608/680/304
f 482/1698/717 602/667/423 610/683/429
f 481/1699/718 612/685/309 482/1698/717
f 601/669/293 608/680/304 610/683/429
f 482/1698/717 616/699/434 483/1697/716
f 613/684/308 614/688/312 612/685/309
f 615/687/311 616/699/434 612/685/309
f 622/700/324 561/620/241 559/615/236
f 617/689/313 618/693/317 614/688/312
f 506/557/179 504/556/178 618/690/430
f 499/550/172 619/698/322 618/690/430
f 619/692/316 615/687/311 614/688/312
f 495/549/388 565/1700/719 620/694/431
f 565/695/319 561/620/241 621/696/432
f 615/687/311 619/692/316 620/697/433
f 619/698/322 499/550/172 496/547/169
f 480/1695/714 559/615/236 484/607/228
f 622/700/324 483/1697/716 616/699/434
f 486/1701/720 593/660/284 627/1702/721
f 616/699/434 615/687/311 621/696/432
f 627/1702/721 588/652/276 628/702/435
f 627/1702/721 487/1703/722 486/1701/720
f 630/701/325 627/1702/721 628/702/435
f 637/716/340 489/1704/723 638/717/439
f 585/654/418 631/708/437 628/702/435
f 518/704/328 516/569/190 631/705/329
f 632/707/436 631/705/329 516/569/190
f 629/703/327 628/702/435 631/708/437
f 633/710/334 634/715/339 511/562/183
f 635/711/335 636/714/338 634/712/336
f 632/709/438 634/712/336 636/714/338
f 514/567/188 511/562/183 634/715/339
f 637/716/340 638/717/439 636/714/338
f 489/1704/723 630/701/325 638/717/439
f 489/1704/723 639/720/344 640/719/343
f 629/703/327 636/714/338 638/717/439
f 489/1704/723 644/733/358 487/1703/722
f 641/718/342 642/722/440 640/719/343
f 643/721/345 644/733/358 640/719/343
f 650/734/359 580/640/263 579/639/262
f 645/723/347 646/727/352 642/722/440
f 645/724/350 543/592/400 541/591/399
f 539/588/209 647/732/357 646/725/441
f 647/726/442 643/721/345 642/722/440
f 535/587/398 584/1705/724 648/728/353
f 584/729/354 580/640/263 649/730/443
f 643/721/345 647/726/442 648/731/444
f 647/732/357 539/588/209 536/585/206
f 486/1701/720 579/639/262 485/635/258
f 650/734/359 487/1703/722 644/733/358
f 491/1706/725 571/629/252 651/735/360
f 644/733/358 643/721/345 649/730/443
f 651/735/360 492/1707/447 491/1706/725
f 568/625/246 652/737/362 651/735/360
f 654/736/361 651/735/360 652/737/362
f 494/1708/732 597/665/422 493/1691/728
f 567/623/408 655/740/365 652/737/362
f 495/739/364 498/742/367 655/740/365
f 656/741/445 655/740/365 498/742/367
f 653/738/363 652/737/362 655/740/365
f 518/651/417 587/650/416 657/744/369
f 587/650/371 592/658/282 658/746/372
f 653/738/363 656/741/445 657/744/369
f 656/741/445 503/743/368 519/745/370
f 592/658/282 597/665/422 659/747/373
f 659/747/373 492/1707/447 654/736/361
f 494/1708/732 573/634/411 660/748/374
f 654/736/361 653/738/363 658/746/372
f 660/748/374 492/1707/447 494/1708/732
f 577/646/269 661/750/376 660/748/374
f 663/749/375 660/748/374 661/750/376
f 491/1706/725 545/595/215 490/1687/703
f 582/643/271 664/752/378 661/750/376
f 535/645/268 538/754/380 664/752/378
f 665/753/379 664/752/378 538/754/380
f 662/751/377 661/750/376 664/752/378
f 531/756/382 552/601/403 666/757/383
f 552/601/385 547/599/219 667/759/386
f 662/751/377 665/753/379 666/757/383
f 665/753/379 533/755/446 532/758/384
f 547/599/219 545/595/215 668/760/387
f 668/760/387 492/1707/447 663/749/375
f 663/749/375 662/751/377 667/759/386
f 670/761/3 671/1709/3 672/762/3
f 674/764/48 675/1710/48 676/765/48
f 672/767/147 674/1711/147 673/768/147
f 671/770/447 675/1712/447 674/771/447
f 670/773/148 676/777/148 675/774/148
f 669/776/157 673/1713/157 676/777/157
f 678/778/3 679/1714/3 680/779/3
f 682/781/48 683/1715/48 684/782/48
f 680/784/147 682/1716/147 681/785/147
f 679/787/447 683/1717/447 682/788/447
f 678/790/148 684/794/148 683/791/148
f 677/793/157 681/1718/157 684/794/157
f 750/1719/157 785/929/157 749/1720/157
f 718/795/448 717/858/489 685/796/449
f 719/798/451 718/795/448 686/797/450
f 720/800/452 719/798/451 687/799/451
f 721/802/454 720/800/452 688/801/453
f 722/804/456 721/802/454 689/803/455
f 723/806/457 722/804/456 690/805/456
f 724/808/458 723/806/457 691/807/457
f 725/810/459 724/808/458 692/809/458
f 726/812/461 725/810/459 693/811/460
f 727/814/463 726/812/461 694/813/462
f 728/816/464 727/814/463 695/815/463
f 729/818/465 728/816/464 696/817/464
f 730/820/466 729/818/465 697/819/465
f 731/822/467 730/820/466 698/821/466
f 732/824/468 731/822/467 699/823/467
f 733/826/469 732/824/468 700/825/468
f 734/828/471 733/826/469 701/827/470
f 735/830/473 734/828/471 702/829/472
f 736/832/474 735/830/473 703/831/473
f 737/834/475 736/832/474 704/833/474
f 738/836/476 737/834/475 705/835/475
f 739/838/477 738/836/476 706/837/476
f 740/840/478 739/838/477 707/839/477
f 741/842/479 740/840/478 708/841/478
f 742/844/481 741/842/479 709/843/480
f 743/846/483 742/844/481 710/845/482
f 744/848/484 743/846/483 711/847/483
f 745/850/485 744/848/484 712/849/484
f 746/852/486 745/850/485 713/851/485
f 747/854/487 746/852/486 714/853/486
f 748/856/488 747/854/487 715/855/487
f 717/858/489 748/856/488 716/857/488
f 751/1721/147 786/934/147 750/1722/147
f 752/1723/447 787/937/447 751/1724/447
f 749/1725/148 788/940/148 752/1726/148
f 760/874/503 795/871/501 759/872/501
f 790/859/490 789/921/541 753/860/491
f 791/862/493 790/859/490 754/861/492
f 792/864/495 791/862/493 755/863/494
f 793/866/497 792/947/495 756/867/496
f 794/869/499 793/866/497 757/868/498
f 795/871/501 794/869/499 758/870/500
f 768/890/489 803/887/450 767/888/450
f 797/873/502 796/951/503 760/874/503
f 798/876/505 797/873/502 761/875/504
f 799/878/507 798/876/505 762/877/506
f 800/880/509 799/1727/507 763/881/508
f 801/883/511 800/880/509 764/882/510
f 802/885/513 801/883/511 765/884/512
f 803/887/450 802/885/513 766/886/514
f 776/906/529 811/903/527 775/904/527
f 805/889/515 804/962/489 768/890/489
f 806/892/517 805/889/515 769/891/516
f 807/894/519 806/892/517 770/893/518
f 808/896/521 807/966/519 771/897/520
f 809/899/523 808/896/521 772/898/522
f 810/901/525 809/899/523 773/900/524
f 811/903/527 810/901/525 774/902/526
f 784/922/469 819/919/472 783/920/472
f 813/905/528 812/972/529 776/906/529
f 814/908/531 813/905/528 777/907/530
f 815/910/533 814/908/531 778/909/532
f 816/912/535 815/910/533 779/911/534
f 817/914/537 816/978/535 780/915/536
f 818/917/539 817/914/537 781/916/538
f 819/919/472 818/917/539 782/918/540
f 255/1728/157 257/1729/157 258/1730/157
f 789/921/541 820/982/469 784/922/469
f 785/929/542 786/1731/542 822/930/542
f 787/932/543 823/1732/543 822/933/543
f 788/935/544 824/1733/544 823/936/544
f 785/938/545 821/1734/545 824/939/546
f 789/921/547 790/859/548 826/941/548
f 790/859/548 791/862/551 827/943/550
f 791/944/551 792/947/554 828/945/552
f 793/866/553 829/948/553 828/945/552
f 794/869/555 830/950/557 829/948/553
f 794/869/555 795/871/559 831/949/556
f 796/951/558 832/952/561 831/949/556
f 797/873/560 833/954/563 832/952/561
f 797/873/560 798/876/562 834/953/562
f 798/876/562 799/878/564 835/955/564
f 799/878/564 800/1735/565 836/956/565
f 801/883/566 837/958/568 836/957/565
f 802/885/567 838/960/570 837/958/568
f 802/885/567 803/887/571 839/959/569
f 803/887/571 804/962/572 840/961/572
f 805/889/573 841/964/575 840/961/572
f 805/889/573 806/892/576 842/963/574
f 806/892/576 807/894/578 843/965/577
f 807/966/578 808/896/579 844/967/579
f 809/899/580 845/969/580 844/967/579
f 810/901/581 846/971/583 845/969/580
f 810/901/581 811/903/582 847/970/582
f 812/972/584 848/973/586 847/970/582
f 813/905/585 849/975/588 848/973/586
f 813/905/585 814/908/589 850/974/587
f 814/908/589 815/910/592 851/976/590
f 816/912/591 852/1736/591 851/976/590
f 817/914/593 853/979/593 852/977/591
f 818/917/594 854/981/596 853/979/593
f 818/917/594 819/919/598 855/980/595
f 820/982/597 856/983/599 855/980/595
f 789/921/547 825/942/549 856/983/599
f 259/1737/157 261/1738/157 262/1739/157
f 264/1740/157 266/1741/157 263/1742/157
f 268/1743/157 270/1744/157 267/1745/157
f 271/1746/157 273/1747/157 274/1748/157
f 275/1749/157 277/1750/157 278/1751/157
f 858/1085/3 859/1752/3 860/1086/3
f 862/1088/48 863/1753/48 864/1089/48
f 860/1091/447 862/1754/447 861/1092/447
f 859/1094/148 863/1098/148 862/1095/148
f 858/1097/157 864/1755/157 863/1098/157
f 857/1099/147 861/1756/147 864/1100/147
f 866/1102/3 867/1757/3 868/1103/3
f 870/1105/48 871/1758/48 872/1106/48
f 868/1108/447 870/1759/447 869/1109/447
f 867/1111/148 871/1115/148 870/1112/148
f 866/1114/157 872/1760/157 871/1115/157
f 865/1116/147 869/1761/147 872/1117/147
f 874/1119/3 875/1762/3 876/1120/3
f 878/1122/48 879/1763/48 880/1123/48
f 876/1125/447 878/1764/447 877/1126/447
f 875/1128/148 879/1132/148 878/1129/148
f 874/1131/157 880/1765/157 879/1132/157
f 873/1133/147 877/1766/147 880/1134/147
f 882/1136/3 883/1767/3 884/1137/3
f 886/1139/48 887/1768/48 888/1140/48
f 884/1142/447 886/1769/447 885/1143/447
f 883/1145/148 887/1149/148 886/1146/148
f 882/1148/157 888/1770/157 887/1149/157
f 881/1150/147 885/1771/147 888/1151/147
f 890/1153/3 891/1772/3 892/1154/3
f 894/1156/48 895/1773/48 896/1157/48
f 892/1159/447 894/1774/447 893/1160/447
f 891/1162/148 895/1166/148 894/1163/148
f 890/1165/157 896/1775/157 895/1166/157
f 889/1167/147 893/1776/147 896/1168/147
f 898/1170/3 899/1777/3 900/1171/3
f 902/1173/48 903/1778/48 904/1174/48
f 900/1176/447 902/1779/447 901/1177/447
f 899/1179/148 903/1183/148 902/1180/148
f 898/1182/157 904/1780/157 903/1183/157
f 897/1184/147 901/1781/147 904/1185/147
f 906/1187/3 907/1782/3 908/1188/3
f 910/1190/48 911/1783/48 912/1191/48
f 908/1193/447 910/1784/447 909/1194/447
f 907/1196/148 911/1200/148 910/1197/148
f 906/1199/157 912/1785/157 911/1200/157
f 905/1201/147 909/1786/147 912/1202/147
f 914/1204/3 915/1787/3 916/1205/3
f 918/1207/48 919/1788/48 920/1208/48
f 916/1210/447 918/1789/447 917/1211/447
f 915/1213/148 919/1217/148 918/1214/148
f 914/1216/157 920/1790/157 919/1217/157
f 913/1218/147 917/1791/147 920/1219/147
f 922/1221/3 923/1792/3 924/1222/3
f 926/1224/48 927/1793/48 928/1225/48
f 924/1227/147 926/1794/147 925/1228/147
f 923/1230/447 927/1795/447 926/1231/447
f 922/1233/148 928/1237/148 927/1234/148
f 921/1236/157 925/1796/157 928/1237/157
f 930/1238/3 931/1797/3 932/1239/3
f 934/1241/48 935/1798/48 936/1242/48
f 932/1244/147 934/1799/147 933/1245/147
f 931/1247/447 935/1800/447 934/1248/447
f 930/1250/148 936/1254/148 935/1251/148
f 929/1253/157 933/1801/157 936/1254/157
f 938/1255/3 939/1802/3 940/1256/3
f 942/1258/48 943/1803/48 944/1259/48
f 940/1261/147 942/1804/147 941/1262/147
f 939/1264/447 943/1805/447 942/1265/447
f 938/1267/148 944/1271/148 943/1268/148
f 937/1270/157 941/1806/157 944/1271/157
f 946/1272/3 947/1807/3 948/1273/3
f 950/1275/48 951/1808/48 952/1276/48
f 948/1278/147 950/1809/147 949/1279/147
f 947/1281/447 951/1810/447 950/1282/447
f 946/1284/148 952/1288/148 951/1285/148
f 945/1287/157 949/1811/157 952/1288/157
f 954/1289/3 955/1812/3 956/1290/3
f 958/1292/48 959/1813/48 960/1293/48
f 956/1295/447 958/1814/447 957/1296/447
f 955/1298/148 959/1302/148 958/1299/148
f 954/1301/157 960/1815/157 959/1302/157
f 953/1303/147 957/1816/147 960/1304/147
f 962/1306/3 963/1817/3 964/1307/3
f 966/1309/48 967/1818/48 968/1310/48
f 964/1312/447 966/1819/447 965/1313/447
f 963/1315/148 967/1319/148 966/1316/148
f 962/1318/157 968/1820/157 967/1319/157
f 961/1320/147 965/1821/147 968/1321/147
f 970/1323/3 971/1822/3 972/1324/3
f 974/1326/48 975/1823/48 976/1327/48
f 972/1329/447 974/1824/447 973/1330/447
f 971/1332/148 975/1336/148 974/1333/148
f 970/1335/157 976/1825/157 975/1336/157
f 969/1337/147 973/1826/147 976/1338/147
f 978/1340/3 979/1827/3 980/1341/3
f 982/1343/48 983/1828/48 984/1344/48
f 980/1346/447 982/1829/447 981/1347/447
f 979/1349/148 983/1353/148 982/1350/148
f 978/1352/157 984/1830/157 983/1353/157
f 977/1354/147 981/1831/147 984/1355/147
f 986/1357/3 987/1832/3 988/1358/3
f 990/1360/48 991/1833/48 992/1361/48
f 988/1363/447 990/1834/447 989/1364/447
f 987/1366/148 991/1370/148 990/1367/148
f 986/1369/157 992/1835/157 991/1370/157
f 985/1371/147 989/1836/147 992/1372/147
f 994/1374/3 995/1837/3 996/1375/3
f 998/1377/48 999/1838/48 1000/1378/48
f 996/1380/447 998/1839/447 997/1381/447
f 995/1383/148 999/1387/148 998/1384/148
f 994/1386/157 1000/1840/157 999/1387/157
f 993/1388/147 997/1841/147 1000/1389/147
f 1002/1391/3 1003/1842/3 1004/1392/3
f 1006/1394/48 1007/1843/48 1008/1395/48
f 1004/1397/447 1006/1844/447 1005/1398/447
f 1003/1400/148 1007/1404/148 1006/1401/148
f 1002/1403/157 1008/1845/157 1007/1404/157
f 1001/1405/147 1005/1846/147 1008/1406/147
f 1010/1408/3 1011/1847/3 1012/1409/3
f 1014/1411/48 1015/1848/48 1016/1412/48
f 1012/1414/447 1014/1849/447 1013/1415/447
f 1011/1417/148 1015/1421/148 1014/1418/148
f 1010/1420/157 1016/1850/157 1015/1421/157
f 1009/1422/147 1013/1851/147 1016/1423/147
f 1018/1425/3 1019/1852/3 1020/1426/3
f 1022/1428/48 1023/1853/48 1024/1429/48
f 1020/1431/147 1022/1854/147 1021/1432/147
f 1019/1434/447 1023/1855/447 1022/1435/447
f 1018/1437/148 1024/1441/148 1023/1438/148
f 1017/1440/157 1021/1856/157 1024/1441/157
f 1026/1442/3 1027/1857/3 1028/1443/3
f 1030/1445/48 1031/1858/48 1032/1446/48
f 1028/1448/147 1030/1859/147 1029/1449/147
f 1027/1451/447 1031/1860/447 1030/1452/447
f 1026/1454/148 1032/1458/148 1031/1455/148
f 1025/1457/157 1029/1861/157 1032/1458/157
f 1034/1459/3 1035/1862/3 1036/1460/3
f 1038/1462/48 1039/1863/48 1040/1463/48
f 1036/1465/147 1038/1864/147 1037/1466/147
f 1035/1468/447 1039/1865/447 1038/1469/447
f 1034/1471/148 1040/1475/148 1039/1472/148
f 1033/1474/157 1037/1866/157 1040/1475/157
f 1042/1476/3 1043/1867/3 1044/1477/3
f 1046/1479/48 1047/1868/48 1048/1480/48
f 1044/1482/147 1046/1869/147 1045/1483/147
f 1043/1485/447 1047/1870/447 1046/1486/447
f 1042/1488/148 1048/1492/148 1047/1489/148
f 1041/1491/157 1045/1871/157 1048/1492/157
f 24/1018/603 23/1493/608 1/20/604
f 23/1493/608 44/1494/87 22/21/609
f 44/1494/87 43/1495/85 70/23/610
f 43/1495/85 42/1872/733 69/25/611
f 69/25/611 42/1872/733 41/1496/612
f 41/1496/612 40/1873/79 67/29/614
f 40/1497/79 39/1874/615 66/32/615
f 66/32/615 39/1874/615 38/1498/616
f 38/1498/616 37/1499/619 64/34/618
f 37/1499/619 36/1500/621 63/36/620
f 36/1500/621 35/1875/148 62/1501/148
f 35/1502/447 34/1876/447 61/1503/447
f 61/1505/147 34/1877/147 33/1506/503
f 33/1506/503 32/1507/68 59/40/622
f 32/1507/68 31/1878/734 58/42/623
f 58/42/623 31/1878/734 30/1508/624
f 30/1508/624 29/1879/629 56/45/626
f 25/1509/627 24/1018/603 51/46/605
f 29/1510/629 28/1513/60 55/49/630
f 26/1511/56 25/1509/627 52/48/628
f 27/1512/58 26/1511/56 53/53/631
f 28/1513/60 27/1512/58 54/55/632
f 46/7/6 2/9/3 50/1514/633
f 48/1515/634 45/2/2 14/5/4
f 13/1516/635 12/1880/735 47/1522/641
f 47/1522/641 12/1880/735 11/1523/642
f 51/46/38 1/20/13 50/1524/643
f 63/36/28 62/1501/736 13/1528/645
f 61/1503/647 12/1881/647 13/1531/647
f 12/1532/648 61/1505/737 60/39/31
f 46/1534/650 45/1882/650 72/1535/650
f 45/1538/651 48/1883/738 75/1539/652
f 47/1541/739 74/1884/739 75/1542/739
f 74/1544/740 47/1885/740 46/1545/740
f 76/1547/48 23/57/48 24/79/48
f 91/1548/48 38/1550/48 39/69/48
f 91/1548/48 90/1551/48 37/1549/48
f 90/1551/48 89/1553/48 36/1552/48
f 89/1553/48 88/1555/48 35/1554/48
f 88/1555/48 87/1558/48 34/1556/48
f 86/1557/48 33/70/48 34/1556/48
f 99/1559/656 98/1563/660 76/1560/657
f 97/1562/659 76/1560/657 98/1563/660
f 96/1565/662 97/1562/659 119/1564/661
f 95/1567/664 96/1565/662 118/1566/663
f 94/1569/666 95/1567/664 117/1568/665
f 115/1571/667 93/1886/741 94/1572/666
f 92/1574/668 93/1886/741 115/1571/667
f 113/1576/670 91/1887/742 92/1574/668
f 90/1577/671 91/1887/742 113/1576/670
f 89/1579/501 90/1577/671 112/1578/672
f 110/1581/147 88/1888/147 89/1579/501
f 120/1582/157 121/1889/157 122/1583/157
f 86/1585/673 87/1890/148 109/1586/148
f 85/1588/675 86/1585/673 108/1587/674
f 84/1590/677 85/1588/675 107/1589/676
f 83/1592/679 84/1590/677 106/1591/678
f 82/1594/681 83/1592/679 105/1593/680
f 100/1596/683 99/1559/656 77/1561/658
f 81/1598/685 82/1594/681 104/1595/682
f 78/1597/684 79/1891/743 101/1600/687
f 101/1600/687 79/1891/743 80/1601/688
f 80/1601/688 81/1892/685 103/1603/686
f 120/1604/689 87/1558/689 88/1555/689
f 121/1606/690 88/1893/690 110/1607/691
f 122/1583/692 110/1894/692 109/1609/692
f 120/1610/693 123/1895/693 109/1611/693
f 148/1613/447 149/1896/447 150/1614/694
f 124/158/89 125/122/55 155/121/54
f 134/138/70 135/1897/147 165/1617/696
f 135/1618/447 136/1898/447 166/1619/697
f 136/1621/148 137/142/74 167/141/73
f 153/1615/695 150/1614/694 176/1622/698
f 154/194/121 155/121/54 180/170/99
f 190/1626/699 165/1620/697 166/1619/697
f 204/1628/701 178/1623/698 176/1622/698
f 179/227/146 180/170/99 206/202/127
f 190/1626/699 191/1627/700 217/1631/701
f 284/1634/3 281/1899/3 282/1635/3
f 350/382/217 457/1666/705 291/1642/703
f 457/1666/705 350/382/217 418/396/232
f 418/396/232 352/395/231 456/1668/707
f 456/1668/707 353/403/239 425/413/251
f 355/412/250 429/414/252 291/1642/703
f 425/413/251 355/412/250 457/1666/705
f 356/416/254 432/419/257 303/1669/708
f 430/417/255 356/416/254 459/1670/709
f 430/417/255 332/1671/710 458/1672/711
f 458/1672/711 332/1671/710 442/449/288
f 361/451/290 459/1670/709 303/1669/708
f 459/1670/709 361/451/290 442/449/288
f 386/1673/714 292/392/228 422/394/230
f 362/1674/715 422/394/230 323/388/224
f 362/1674/715 445/452/291 317/1675/716
f 449/467/306 299/1677/718 387/1676/717
f 387/1676/717 317/1675/716 445/452/291
f 299/1677/718 450/471/310 366/470/309
f 387/1676/717 366/470/309 452/484/323
f 369/485/324 455/481/320 325/405/241
f 386/1673/714 369/485/324 423/400/236
f 369/485/324 386/1673/714 317/1675/716
f 388/1679/720 301/420/258 441/445/284
f 370/1680/721 441/445/284 331/437/276
f 370/1680/721 461/486/325 318/1681/722
f 465/501/340 304/1900/48 389/1682/723
f 389/1682/723 318/1681/722 461/486/325
f 389/1682/723 304/1900/48 466/505/344
f 389/1682/723 374/504/343 468/519/358
f 377/520/359 471/516/355 329/425/263
f 388/1679/720 377/520/359 433/424/262
f 377/520/359 388/1679/720 318/1681/722
f 390/1684/725 291/1642/703 429/414/252
f 378/521/360 473/522/361 319/1685/447
f 391/1686/726 381/533/373 443/450/289
f 381/533/373 391/1686/726 319/1685/447
f 391/1686/726 303/1669/708 432/419/257
f 382/534/374 477/535/375 319/1685/447
f 390/1684/725 385/546/387 416/380/215
f 385/546/387 390/1684/725 319/1685/447
f 546/597/217 624/1688/727 490/1687/703
f 624/1688/727 546/597/217 550/611/232
f 550/611/232 557/610/231 623/1690/707
f 623/1690/707 560/618/239 564/628/251
f 570/627/250 571/629/252 490/1687/703
f 564/628/251 570/627/250 624/1688/727
f 572/631/254 573/634/411 493/1691/728
f 574/632/409 572/631/254 626/1692/709
f 574/632/409 595/1693/710 625/1694/729
f 625/1694/729 595/1693/710 596/664/421
f 598/666/290 626/1692/709 493/1691/728
f 626/1692/709 598/666/290 596/664/421
f 480/1695/714 484/607/228 558/609/230
f 599/1696/715 558/609/230 555/603/224
f 599/1696/715 602/667/423 483/1697/716
f 609/682/306 481/1699/718 482/1698/717
f 482/1698/717 483/1697/716 602/667/423
f 481/1699/718 611/686/310 612/685/309
f 482/1698/717 612/685/309 616/699/434
f 622/700/324 621/696/432 561/620/241
f 480/1695/714 622/700/324 559/615/236
f 622/700/324 480/1695/714 483/1697/716
f 486/1701/720 485/635/258 593/660/284
f 627/1702/721 593/660/284 588/652/276
f 627/1702/721 630/701/325 487/1703/722
f 637/716/340 488/1901/48 489/1704/723
f 489/1704/723 487/1703/722 630/701/325
f 489/1704/723 488/1901/48 639/720/344
f 489/1704/723 640/719/343 644/733/358
f 650/734/359 649/730/443 580/640/263
f 486/1701/720 650/734/359 579/639/262
f 650/734/359 486/1701/720 487/1703/722
f 491/1706/725 490/1687/703 571/629/252
f 651/735/360 654/736/361 492/1707/447
f 494/1708/732 659/747/373 597/665/422
f 659/747/373 494/1708/732 492/1707/447
f 494/1708/732 493/1691/728 573/634/411
f 660/748/374 663/749/375 492/1707/447
f 491/1706/725 668/760/387 545/595/215
f 668/760/387 491/1706/725 492/1707/447
f 750/1719/157 786/1731/157 785/929/157
f 751/1721/147 787/932/147 786/934/147
f 752/1723/447 788/935/447 787/937/447
f 749/1725/148 785/938/148 788/940/148
f 760/874/503 796/951/503 795/871/501
f 768/890/489 804/962/489 803/887/450
f 776/906/529 812/972/529 811/903/527
f 784/922/469 820/982/469 819/919/472
f 255/1728/157 256/1902/157 257/1729/157
f 259/1737/157 260/1903/157 261/1738/157
f 264/1740/157 265/1904/157 266/1741/157
f 268/1743/157 269/1905/157 270/1744/157
f 271/1746/157 272/1906/157 273/1747/157
f 275/1749/157 276/1907/157 277/1750/157
f 1051/1908/744 1049/1909/745 1052/1910/746
f 1115/1911/747 1050/1912/748 1051/1908/744
f 1116/1913/749 1053/1914/750 1115/1915/747
f 1117/1916/751 1055/1917/752 1116/1913/749
f 1118/1918/753 1057/1919/754 1117/1916/751
f 1119/1920/527 1059/1921/755 1118/1918/753
f 1121/1922/756 1063/1923/529 1120/1924/529
f 1122/1925/757 1065/1926/758 1121/1922/756
f 1123/1927/759 1067/1928/760 1122/1925/757
f 1124/1929/761 1069/1930/762 1123/1927/759
f 1125/1931/763 1071/1932/764 1124/1933/761
f 1126/1934/765 1073/1935/766 1125/1931/763
f 1127/1936/472 1075/1937/767 1126/1934/765
f 1129/1938/768 1079/1939/469 1128/1940/469
f 1130/1941/769 1081/1942/770 1129/1938/768
f 1131/1943/771 1083/1944/772 1130/1941/769
f 1132/1945/773 1085/1946/774 1131/1947/771
f 1133/1948/775 1087/1949/776 1132/1945/773
f 1134/1950/777 1089/1951/778 1133/1948/775
f 1135/1952/501 1091/1953/779 1134/1950/777
f 1137/1954/780 1095/1955/503 1136/1956/503
f 1138/1957/781 1097/1958/782 1137/1954/780
f 1139/1959/783 1099/1960/784 1138/1957/781
f 1140/1961/785 1101/1962/786 1139/1963/783
f 1141/1964/787 1103/1965/788 1140/1961/785
f 1142/1966/789 1105/1967/790 1141/1964/787
f 1143/1968/450 1107/1969/791 1142/1966/789
f 1052/1910/746 1111/1970/489 1112/1971/489
f 1082/1972/600 1080/1973/48 1088/1974/48
f 1108/1975/48 1104/1976/48 1102/1977/48
f 1062/1978/48 1060/1979/48 1144/1980/48
f 1100/1981/48 1110/1982/48 1102/1977/48
f 1064/1983/48 1080/1973/48 1078/1984/48
f 1113/1985/48 1114/1986/48 1054/1987/48
f 1098/1988/48 1096/1989/48 1110/1982/48
f 1060/1979/48 1058/1990/48 1144/1980/48
f 1084/1991/48 1082/1972/600 1086/1992/48
f 1108/1975/48 1106/1993/48 1104/1976/48
f 1100/1981/48 1098/1988/48 1110/1982/48
f 1096/1989/48 1062/1978/48 1110/1982/48
f 1110/1982/48 1108/1975/48 1102/1977/48
f 1096/1989/48 1146/1994/48 1062/1978/48
f 1086/1992/48 1082/1972/600 1088/1974/48
f 1058/1990/48 1056/1995/48 1144/1980/48
f 1066/1996/48 1064/1983/48 1078/1984/48
f 1114/1986/48 1056/1995/48 1054/1987/48
f 1056/1995/48 1114/1986/48 1144/1980/48
f 1076/1997/48 1074/1998/600 1072/1999/48
f 1092/2000/48 1090/2001/48 1080/1973/48
f 1068/2002/48 1066/1996/48 1078/1984/48
f 1062/1978/48 1144/1980/48 1110/1982/48
f 1068/2002/48 1078/1984/48 1070/2003/48
f 1094/2004/48 1092/2000/48 1080/1973/48
f 1076/1997/48 1072/1999/48 1070/2003/48
f 1080/1973/48 1064/1983/48 1094/2004/48
f 1080/1973/48 1090/2001/48 1088/1974/48
f 1078/1984/48 1076/1997/48 1070/2003/48
f 1114/1986/792 1051/2005/793 1052/2006/794
f 1113/1985/795 1115/2007/796 1051/2005/793
f 1054/1987/797 1116/2008/798 1115/2007/796
f 1056/1995/799 1117/2009/800 1116/2008/798
f 1058/2010/801 1118/1918/802 1117/1916/800
f 1060/2011/803 1119/1920/804 1118/1918/802
f 1120/1924/805 1066/2012/806 1121/1922/807
f 1121/1922/807 1068/2013/808 1122/1925/809
f 1122/2014/809 1070/2003/810 1123/2015/811
f 1123/2015/811 1072/1999/812 1124/2016/813
f 1124/2016/813 1074/1998/814 1125/2017/815
f 1125/2017/815 1076/1997/816 1126/2018/817
f 1076/2019/816 1127/1936/818 1126/1934/817
f 1127/1936/818 1080/2020/819 1128/1940/820
f 1128/1940/820 1082/2021/821 1129/1938/822
f 1082/1972/821 1130/2022/823 1129/2023/822
f 1084/1991/824 1131/2024/825 1130/2022/823
f 1086/1992/826 1132/2025/827 1131/2024/825
f 1088/1974/828 1133/2026/829 1132/2025/827
f 1090/2027/830 1134/1950/831 1133/1948/829
f 1092/2028/832 1135/1952/833 1134/1950/831
f 1136/1956/834 1098/2029/835 1137/1954/836
f 1137/1954/836 1100/2030/837 1138/1957/838
f 1138/2031/838 1102/1977/839 1139/2032/840
f 1139/2032/840 1104/1976/841 1140/2033/842
f 1140/2033/842 1106/1993/843 1141/2034/844
f 1141/2034/844 1108/1975/845 1142/2035/846
f 1108/2036/845 1143/1968/847 1142/1966/846
f 1110/2037/848 1112/1971/849 1143/1968/847
f 1112/1971/849 1114/2038/792 1052/1910/794
f 1119/1920/527 1063/1923/529 1061/2039/527
f 1051/1908/744 1050/1912/748 1049/1909/745
f 1115/1911/747 1053/2040/750 1050/1912/748
f 1116/1913/749 1055/1917/752 1053/1914/750
f 1117/1916/751 1057/1919/754 1055/1917/752
f 1118/1918/753 1059/1921/755 1057/1919/754
f 1119/1920/527 1061/2039/527 1059/1921/755
f 1127/1936/472 1079/1939/469 1077/2041/472
f 1121/1922/756 1065/1926/758 1063/1923/529
f 1122/1925/757 1067/1928/760 1065/1926/758
f 1123/1927/759 1069/1930/762 1067/1928/760
f 1124/1929/761 1071/2042/764 1069/1930/762
f 1125/1931/763 1073/1935/766 1071/1932/764
f 1126/1934/765 1075/1937/767 1073/1935/766
f 1127/1936/472 1077/2041/472 1075/1937/767
f 1095/1955/503 1135/1952/501 1136/1956/503
f 1129/1938/768 1081/1942/770 1079/1939/469
f 1130/1941/769 1083/1944/772 1081/1942/770
f 1131/1943/771 1085/2043/774 1083/1944/772
f 1132/1945/773 1087/1949/776 1085/1946/774
f 1133/1948/775 1089/1951/778 1087/1949/776
f 1134/1950/777 1091/1953/779 1089/1951/778
f 1135/1952/501 1093/2044/501 1091/1953/779
f 1143/1968/450 1111/1970/489 1109/2045/450
f 1137/1954/780 1097/1958/782 1095/1955/503
f 1138/1957/781 1099/1960/784 1097/1958/782
f 1139/1959/783 1101/2046/786 1099/1960/784
f 1140/1961/785 1103/1965/788 1101/1962/786
f 1141/1964/787 1105/1967/790 1103/1965/788
f 1142/1966/789 1107/1969/791 1105/1967/790
f 1143/1968/450 1109/2045/450 1107/1969/791
f 1119/1920/804 1146/2047/850 1147/2048/851
f 1052/1910/746 1049/1909/745 1111/1970/489
f 1114/1986/792 1113/1985/795 1051/2005/793
f 1113/1985/795 1054/1987/797 1115/2007/796
f 1054/1987/797 1056/1995/799 1116/2008/798
f 1056/1995/799 1058/1990/801 1117/2009/800
f 1058/2010/801 1060/2011/803 1118/1918/802
f 1060/2011/803 1062/2049/852 1119/1920/804
f 1136/1956/834 1148/2050/853 1145/2051/853
f 1120/1924/805 1064/2052/854 1066/2012/806
f 1121/1922/807 1066/2012/806 1068/2013/808
f 1122/2014/809 1068/2002/808 1070/2003/810
f 1123/2015/811 1070/2003/810 1072/1999/812
f 1124/2016/813 1072/1999/812 1074/1998/814
f 1125/2017/815 1074/1998/814 1076/1997/816
f 1076/1997/816 1078/1984/855 1127/2053/818
f 1127/1936/818 1078/2054/855 1080/2020/819
f 1128/2055/820 1080/1973/819 1082/1972/821
f 1082/1972/821 1084/1991/824 1130/2022/823
f 1084/1991/824 1086/1992/826 1131/2024/825
f 1086/1992/826 1088/1974/828 1132/2025/827
f 1088/1974/828 1090/2001/830 1133/2026/829
f 1090/2027/830 1092/2028/832 1134/1950/831
f 1092/2028/832 1094/2056/853 1135/1952/833
f 1136/1956/834 1096/2057/856 1098/2029/835
f 1137/2058/836 1098/1988/835 1100/1981/837
f 1138/2031/838 1100/1981/837 1102/1977/839
f 1139/2032/840 1102/1977/839 1104/1976/841
f 1140/2033/842 1104/1976/841 1106/1993/843
f 1141/2034/844 1106/1993/843 1108/1975/845
f 1108/1975/845 1110/1982/848 1143/2059/847
f 1110/2037/848 1144/2060/857 1112/1971/849
f 1112/2061/849 1144/1980/857 1114/1986/792
f 1119/1920/527 1120/1924/529 1063/1923/529
f 1127/1936/472 1128/1940/469 1079/1939/469
f 1095/1955/503 1093/2044/501 1135/1952/501
f 1143/1968/450 1112/1971/489 1111/1970/489
f 1064/2052/854 1120/1924/805 1119/1920/804
f 1136/1956/834 1135/1952/833 1094/2056/853
f 1145/2062/48 1147/2063/48 1146/2064/48
f 1147/2063/48 1148/2065/48 1094/2066/48
f 1147/2063/48 1094/2066/48 1064/2067/48
f 1096/1989/48 1145/2068/48 1146/1994/48
f 1147/2048/851 1064/2052/854 1119/1920/804
f 1119/1920/804 1062/2049/852 1146/2047/850
f 1136/1956/834 1094/2056/853 1148/2050/853
f 1145/2051/853 1096/2057/856 1136/1956/834
f 1145/2062/48 1148/2065/48 1147/2063/48
