# Blender 4.0.0
# www.blender.org
o door
v -0.272298 -0.120217 -0.157926
v 0.158099 -0.120217 -0.157926
v -0.272298 -0.120217 0.157820
v 0.158099 -0.120217 0.157820
v -0.272298 -0.145116 -0.157926
v 0.158099 -0.145116 -0.157926
v -0.272298 -0.145116 0.157820
v 0.158099 -0.145116 0.157820
v -0.251375 -0.120217 0.157820
v 0.137175 -0.120217 0.157820
v 0.137175 -0.120217 -0.157926
v -0.251375 -0.120217 -0.157926
v -0.251375 -0.146864 -0.157926
v 0.137175 -0.146864 -0.157926
v 0.137175 -0.146864 0.157820
v -0.251375 -0.146864 0.157820
v -0.272298 -0.120217 -0.113416
v -0.272298 -0.120217 0.112372
v 0.158099 -0.120217 0.112372
v 0.158099 -0.120217 -0.113416
v 0.158099 -0.145116 -0.113416
v 0.158099 -0.145116 0.112372
v -0.272298 -0.145116 0.112372
v -0.272298 -0.145116 -0.113416
v 0.137175 -0.120217 0.112372
v 0.137175 -0.120217 -0.113416
v -0.251375 -0.120217 -0.113416
v -0.251375 -0.120217 0.112372
v 0.137175 -0.145116 -0.113416
v 0.137175 -0.145116 0.112372
v -0.251375 -0.145116 0.112372
v -0.251375 -0.145116 -0.113416
v 0.158099 -0.145728 -0.157926
v 0.158099 -0.145728 -0.113416
v 0.158099 -0.145728 0.112372
v 0.158099 -0.145728 0.157820
v 0.137175 -0.146864 0.112372
v 0.137175 -0.146864 -0.113416
v -0.272298 -0.145728 -0.157926
v -0.251375 -0.146864 -0.113416
v -0.251375 -0.146864 0.112372
v -0.272298 -0.145728 0.157820
v -0.272298 -0.145728 0.112372
v -0.272298 -0.145728 -0.113416
v -0.272298 -0.120217 -0.135671
v 0.158099 -0.120217 0.134627
v 0.158099 -0.145116 -0.135671
v -0.272298 -0.145116 0.134627
v 0.137175 -0.120217 0.134627
v -0.251375 -0.120217 -0.135671
v 0.137175 -0.146864 -0.135671
v -0.251375 -0.146864 0.134627
v -0.272298 -0.120217 0.134627
v 0.158099 -0.120217 -0.135671
v 0.158099 -0.145116 0.134627
v -0.272298 -0.145116 -0.135671
v 0.137175 -0.120217 -0.135671
v -0.251375 -0.120217 0.134627
v 0.137175 -0.146864 0.134627
v -0.251375 -0.146864 -0.135671
v 0.158099 -0.145728 -0.135671
v 0.158099 -0.145728 0.134627
v -0.272298 -0.145728 0.134627
v -0.271162 -0.146864 -0.135671
v 0.156962 -0.146864 -0.157926
v 0.157559 -0.146617 -0.113416
v 0.157559 -0.146617 0.112372
v 0.156962 -0.146864 0.157820
v -0.271162 -0.146864 -0.157926
v -0.271162 -0.146864 0.157820
v -0.271162 -0.146864 0.112372
v -0.271162 -0.146864 -0.113416
v 0.156962 -0.146864 -0.135671
v 0.156962 -0.146864 0.134627
v -0.271162 -0.146864 0.134627
v -0.272051 -0.146325 -0.135671
v 0.157852 -0.146325 -0.157926
v 0.157852 -0.146325 -0.113416
v 0.157852 -0.146325 0.112372
v 0.157852 -0.146325 0.157820
v -0.272051 -0.146325 -0.157926
v -0.272051 -0.146325 0.157820
v -0.272051 -0.146325 0.112372
v -0.272051 -0.146325 -0.113416
v 0.157852 -0.146325 -0.135671
v 0.157852 -0.146325 0.134627
v -0.272051 -0.146325 0.134627
v -0.271759 -0.146617 -0.135671
v 0.157559 -0.146617 -0.157926
v 0.156962 -0.146864 -0.113416
v 0.156962 -0.146864 0.112372
v 0.157559 -0.146617 0.157820
v -0.271759 -0.146617 -0.157926
v -0.271759 -0.146617 0.157820
v -0.271759 -0.146617 0.112372
v -0.271759 -0.146617 -0.113416
v 0.157559 -0.146617 -0.135671
v 0.157559 -0.146617 0.134627
v -0.271759 -0.146617 0.134627
v -0.272298 -0.145728 -0.135671
v 0.137175 -0.130711 0.112372
v 0.137175 -0.130711 -0.113416
v 0.137175 -0.143530 -0.113416
v 0.137175 -0.143530 0.112372
v -0.251375 -0.130711 -0.113416
v -0.251375 -0.143530 -0.113416
v -0.251375 -0.130711 0.112372
v -0.251375 -0.143530 0.112372
v 0.099347 -0.130711 0.090390
v 0.099347 -0.143530 -0.091434
v 0.099347 -0.130711 -0.091434
v -0.213546 -0.130711 -0.091434
v -0.213546 -0.130711 0.090390
v 0.099347 -0.143530 0.090390
v -0.213546 -0.143530 0.090390
v -0.213546 -0.143530 -0.091434
v 0.098020 -0.131760 0.089619
v 0.098020 -0.142480 -0.090663
v 0.098020 -0.131760 -0.090663
v -0.212219 -0.131760 -0.090663
v -0.212219 -0.131760 0.089619
v 0.098020 -0.142481 0.089619
v -0.212219 -0.142481 0.089619
v -0.212219 -0.142480 -0.090663
v 0.141089 -0.169802 0.043987
v 0.153150 -0.169802 0.043987
v 0.138700 -0.175972 0.044546
v 0.155539 -0.175972 0.044546
v 0.153150 -0.167025 0.077171
v 0.141089 -0.167025 0.077171
v 0.142288 -0.174162 0.082168
v 0.155539 -0.171857 0.080517
v 0.153150 -0.159916 0.087219
v 0.141089 -0.159916 0.087219
v 0.142288 -0.163269 0.095453
v 0.155539 -0.162131 0.092601
v 0.153150 -0.151663 0.092237
v 0.141089 -0.151663 0.092237
v 0.142288 -0.152156 0.101383
v 0.155539 -0.151984 0.098156
v 0.153150 -0.140685 0.092989
v 0.141089 -0.140685 0.092989
v 0.138700 -0.140685 0.098979
v 0.151951 -0.140684 0.102222
v 0.142288 -0.178775 0.044814
v 0.151951 -0.178775 0.044814
v 0.138700 -0.171857 0.080517
v 0.151951 -0.174162 0.082168
v 0.138700 -0.162131 0.092601
v 0.151951 -0.163269 0.095453
v 0.138700 -0.151984 0.098156
v 0.151951 -0.152156 0.101383
v 0.142288 -0.140685 0.102222
v 0.155539 -0.140684 0.098979
v 0.141089 -0.169802 -0.075946
v 0.153150 -0.169802 -0.075946
v 0.142288 -0.178775 -0.076774
v 0.151951 -0.178775 -0.076774
v 0.138700 -0.175972 -0.076506
v 0.141089 -0.167025 -0.109131
v 0.153150 -0.167025 -0.109131
v 0.138700 -0.171857 -0.112476
v 0.151951 -0.174162 -0.114127
v 0.142288 -0.174162 -0.114127
v 0.155539 -0.175972 -0.076506
v 0.155539 -0.171857 -0.112476
v 0.141089 -0.159916 -0.119178
v 0.153150 -0.159916 -0.119178
v 0.138700 -0.162131 -0.124560
v 0.151951 -0.163269 -0.127413
v 0.142288 -0.163269 -0.127413
v 0.155539 -0.162131 -0.124561
v 0.141089 -0.151663 -0.124197
v 0.153150 -0.151663 -0.124197
v 0.138700 -0.151984 -0.130115
v 0.151951 -0.152156 -0.133342
v 0.142288 -0.152156 -0.133342
v 0.155539 -0.151984 -0.130115
v 0.141089 -0.140685 -0.124948
v 0.153150 -0.140685 -0.124948
v 0.138700 -0.140685 -0.130939
v 0.151951 -0.140685 -0.134181
v 0.142288 -0.140685 -0.134181
v 0.155539 -0.140685 -0.130939
v 0.147119 -0.167946 0.069269
v 0.138657 -0.171638 0.070447
v 0.147119 -0.177510 0.072370
v 0.155582 -0.171638 0.070447
v 0.147119 -0.163195 0.081777
v 0.138657 -0.165499 0.084711
v 0.147119 -0.169324 0.089713
v 0.155582 -0.165499 0.084711
v 0.147119 -0.155825 0.089453
v 0.138657 -0.156515 0.093140
v 0.147119 -0.157717 0.099673
v 0.155582 -0.156515 0.093140
v 0.147119 -0.146425 0.091907
v 0.138657 -0.146445 0.095714
v 0.147119 -0.146481 0.102498
v 0.155582 -0.146445 0.095714
v 0.139680 -0.176420 0.071998
v 0.154559 -0.176420 0.071998
v 0.139680 -0.168564 0.088679
v 0.154559 -0.168564 0.088679
v 0.139680 -0.157461 0.098250
v 0.154559 -0.157461 0.098250
v 0.139680 -0.146473 0.101009
v 0.154559 -0.146473 0.101009
v 0.147119 -0.167946 -0.101229
v 0.138657 -0.171638 -0.102406
v 0.147119 -0.177510 -0.104329
v 0.155582 -0.171638 -0.102406
v 0.147119 -0.163195 -0.113737
v 0.138657 -0.165499 -0.116670
v 0.147119 -0.169324 -0.121672
v 0.155582 -0.165499 -0.116670
v 0.147119 -0.155825 -0.121412
v 0.138657 -0.156515 -0.125100
v 0.147119 -0.157717 -0.131632
v 0.155582 -0.156515 -0.125100
v 0.147119 -0.146425 -0.123866
v 0.138657 -0.146445 -0.127673
v 0.147119 -0.146481 -0.134457
v 0.155582 -0.146445 -0.127673
v 0.139680 -0.176420 -0.103957
v 0.154559 -0.176420 -0.103957
v 0.139680 -0.168564 -0.120638
v 0.154559 -0.168564 -0.120638
v 0.139680 -0.157461 -0.130210
v 0.154559 -0.157461 -0.130210
v 0.139680 -0.146474 -0.132969
v 0.154559 -0.146474 -0.132969
v 0.147119 -0.168741 0.043891
v 0.147119 -0.179043 0.044841
v 0.138657 -0.172753 0.044253
v 0.155582 -0.172753 0.044253
v 0.147119 -0.166200 0.076602
v 0.138657 -0.169325 0.078759
v 0.147119 -0.174393 0.082338
v 0.155582 -0.169325 0.078759
v 0.153150 -0.168922 0.069581
v 0.141089 -0.168922 0.069581
v 0.138700 -0.174612 0.071403
v 0.151951 -0.177252 0.072281
v 0.147119 -0.159541 0.086311
v 0.138657 -0.160963 0.089754
v 0.147119 -0.163390 0.095765
v 0.155582 -0.160963 0.089754
v 0.153150 -0.163803 0.082551
v 0.141089 -0.163803 0.082551
v 0.138700 -0.167378 0.087120
v 0.151951 -0.169141 0.089463
v 0.147119 -0.151608 0.091243
v 0.138657 -0.151814 0.095016
v 0.147119 -0.152175 0.101744
v 0.155582 -0.151814 0.095016
v 0.153150 -0.156007 0.090424
v 0.141089 -0.156007 0.090424
v 0.138700 -0.157085 0.096203
v 0.151951 -0.157655 0.099326
v 0.147119 -0.140685 0.091982
v 0.138657 -0.140685 0.095804
v 0.147119 -0.140684 0.102582
v 0.155582 -0.140684 0.095804
v 0.153150 -0.146430 0.092910
v 0.141089 -0.146430 0.092910
v 0.138700 -0.146462 0.098881
v 0.151951 -0.146479 0.102134
v 0.139680 -0.177904 0.044728
v 0.154559 -0.177904 0.044728
v 0.139680 -0.173422 0.081627
v 0.154559 -0.173422 0.081627
v 0.139680 -0.162888 0.094481
v 0.154559 -0.162888 0.094481
v 0.139680 -0.152097 0.100266
v 0.154559 -0.152097 0.100266
v 0.139680 -0.140685 0.101104
v 0.154559 -0.140684 0.101104
v 0.142288 -0.177252 0.072281
v 0.155539 -0.174612 0.071403
v 0.142288 -0.169141 0.089463
v 0.155539 -0.167378 0.087120
v 0.142288 -0.157655 0.099326
v 0.155539 -0.157085 0.096203
v 0.142288 -0.146479 0.102134
v 0.155539 -0.146462 0.098881
v 0.147119 -0.168741 -0.075851
v 0.147119 -0.179043 -0.076801
v 0.138657 -0.172753 -0.076212
v 0.141089 -0.168922 -0.101540
v 0.147119 -0.166200 -0.108561
v 0.153150 -0.168922 -0.101540
v 0.138700 -0.174612 -0.103362
v 0.138657 -0.169325 -0.110718
v 0.151951 -0.177252 -0.104240
v 0.147119 -0.174393 -0.114298
v 0.142288 -0.177252 -0.104240
v 0.155582 -0.172753 -0.076212
v 0.155582 -0.169325 -0.110718
v 0.155539 -0.174612 -0.103362
v 0.141089 -0.163803 -0.114511
v 0.147119 -0.159541 -0.118270
v 0.153150 -0.163803 -0.114511
v 0.138700 -0.167378 -0.119080
v 0.138657 -0.160963 -0.121713
v 0.151951 -0.169141 -0.121422
v 0.147119 -0.163390 -0.127725
v 0.142288 -0.169141 -0.121422
v 0.155582 -0.160963 -0.121713
v 0.155539 -0.167378 -0.119080
v 0.141089 -0.156007 -0.122384
v 0.147119 -0.151608 -0.123203
v 0.153150 -0.156007 -0.122384
v 0.138700 -0.157085 -0.128162
v 0.138657 -0.151814 -0.126975
v 0.151951 -0.157655 -0.131285
v 0.147119 -0.152175 -0.133703
v 0.142288 -0.157655 -0.131285
v 0.155582 -0.151814 -0.126975
v 0.155539 -0.157085 -0.128162
v 0.141089 -0.146430 -0.124870
v 0.147119 -0.140685 -0.123941
v 0.153150 -0.146430 -0.124870
v 0.138700 -0.146462 -0.130841
v 0.138657 -0.140685 -0.127763
v 0.151951 -0.146479 -0.134093
v 0.147119 -0.140685 -0.134541
v 0.142288 -0.146479 -0.134093
v 0.155582 -0.140685 -0.127763
v 0.155539 -0.146462 -0.130841
v 0.139680 -0.177904 -0.076687
v 0.139680 -0.173422 -0.113586
v 0.154559 -0.177904 -0.076687
v 0.154559 -0.173422 -0.113586
v 0.139680 -0.162888 -0.126440
v 0.154559 -0.162888 -0.126440
v 0.139680 -0.152097 -0.132226
v 0.154559 -0.152097 -0.132226
v 0.139680 -0.140685 -0.133063
v 0.154559 -0.140685 -0.133063
v 0.150409 -0.169007 0.043915
v 0.143830 -0.169007 0.043915
v 0.153150 -0.170049 -0.021741
v 0.142288 -0.179210 -0.021741
v 0.144535 -0.178976 0.044835
v 0.149703 -0.178976 0.044835
v 0.139444 -0.171128 0.044106
v 0.138488 -0.174445 0.044407
v 0.155750 -0.174445 0.044407
v 0.154795 -0.171128 0.044106
v 0.150409 -0.166406 0.076744
v 0.143830 -0.166406 0.076744
v 0.139444 -0.168058 0.077883
v 0.138488 -0.170651 0.079677
v 0.144535 -0.174335 0.082296
v 0.149703 -0.174335 0.082296
v 0.155750 -0.170651 0.079677
v 0.154795 -0.168058 0.077883
v 0.153150 -0.169460 0.060170
v 0.153150 -0.168130 0.074490
v 0.141089 -0.169460 0.060170
v 0.141089 -0.168130 0.074490
v 0.138700 -0.175433 0.061289
v 0.138700 -0.173443 0.077081
v 0.151951 -0.178172 0.061825
v 0.151951 -0.175940 0.078342
v 0.150409 -0.159634 0.086538
v 0.143830 -0.159634 0.086538
v 0.139444 -0.160385 0.088353
v 0.138488 -0.161571 0.091232
v 0.144535 -0.163360 0.095687
v 0.149703 -0.163360 0.095687
v 0.155750 -0.161571 0.091232
v 0.154795 -0.160385 0.088353
v 0.153150 -0.165549 0.079895
v 0.153150 -0.161892 0.085029
v 0.141089 -0.165549 0.079895
v 0.141089 -0.161892 0.085029
v 0.138700 -0.169786 0.083902
v 0.138700 -0.164777 0.090059
v 0.151951 -0.171840 0.085916
v 0.151951 -0.166229 0.092684
v 0.150409 -0.151622 0.091492
v 0.143830 -0.151622 0.091492
v 0.139444 -0.151730 0.093480
v 0.138488 -0.151903 0.096642
v 0.144535 -0.152170 0.101654
v 0.149703 -0.152170 0.101654
v 0.155750 -0.151903 0.096642
v 0.154795 -0.151730 0.093480
v 0.153150 -0.157979 0.089008
v 0.153150 -0.153926 0.091492
v 0.141089 -0.157979 0.089008
v 0.141089 -0.153926 0.091492
v 0.138700 -0.159586 0.094633
v 0.138700 -0.154570 0.097361
v 0.151951 -0.160425 0.097647
v 0.151951 -0.154913 0.100551
v 0.143830 -0.140685 0.092234
v 0.150409 -0.140685 0.092234
v 0.138488 -0.140685 0.097450
v 0.139444 -0.140685 0.094248
v 0.149703 -0.140684 0.102492
v 0.144535 -0.140685 0.102492
v 0.154795 -0.140685 0.094248
v 0.155750 -0.140684 0.097450
v 0.153150 -0.149142 0.092685
v 0.153150 -0.143589 0.092987
v 0.141089 -0.149142 0.092685
v 0.141089 -0.143589 0.092987
v 0.138700 -0.149271 0.098636
v 0.138700 -0.143589 0.098970
v 0.151951 -0.149340 0.101883
v 0.151951 -0.143589 0.102219
v 0.140714 -0.178439 0.044781
v 0.139053 -0.177103 0.044652
v 0.153525 -0.178439 0.044781
v 0.155186 -0.177103 0.044652
v 0.139053 -0.172765 0.081157
v 0.140714 -0.173872 0.081954
v 0.153525 -0.173872 0.081954
v 0.155186 -0.172765 0.081157
v 0.139053 -0.162565 0.093672
v 0.140714 -0.163117 0.095063
v 0.153525 -0.163117 0.095063
v 0.155186 -0.162565 0.093672
v 0.139053 -0.152049 0.099352
v 0.140714 -0.152132 0.100932
v 0.153525 -0.152132 0.100932
v 0.155186 -0.152049 0.099352
v 0.140714 -0.140685 0.101771
v 0.139053 -0.140685 0.100185
v 0.155186 -0.140684 0.100185
v 0.153525 -0.140684 0.101771
v 0.142288 -0.178172 0.061825
v 0.142288 -0.175940 0.078342
v 0.155539 -0.175433 0.061289
v 0.155539 -0.173443 0.077081
v 0.142288 -0.171840 0.085916
v 0.142288 -0.166229 0.092684
v 0.155539 -0.169786 0.083902
v 0.155539 -0.164777 0.090059
v 0.142288 -0.160425 0.097647
v 0.142288 -0.154913 0.100551
v 0.155539 -0.159586 0.094633
v 0.155539 -0.154570 0.097361
v 0.142288 -0.149340 0.101883
v 0.142288 -0.143589 0.102219
v 0.155539 -0.149271 0.098636
v 0.155539 -0.143589 0.098970
v 0.155539 -0.176363 -0.021741
v 0.143830 -0.169007 -0.075875
v 0.150409 -0.169007 -0.075875
v 0.141089 -0.170049 -0.021741
v 0.151951 -0.179210 -0.021741
v 0.149703 -0.178976 -0.076794
v 0.144535 -0.178976 -0.076794
v 0.138700 -0.176363 -0.021741
v 0.138488 -0.174445 -0.076366
v 0.139444 -0.171128 -0.076066
v 0.141089 -0.168130 -0.106450
v 0.141089 -0.169460 -0.092129
v 0.143830 -0.166406 -0.108704
v 0.150409 -0.166406 -0.108704
v 0.153150 -0.168130 -0.106450
v 0.153150 -0.169460 -0.092129
v 0.138700 -0.173443 -0.109041
v 0.138700 -0.175433 -0.093248
v 0.138488 -0.170651 -0.111636
v 0.139444 -0.168058 -0.109842
v 0.151951 -0.175940 -0.110302
v 0.151951 -0.178172 -0.093784
v 0.149703 -0.174335 -0.114255
v 0.144535 -0.174335 -0.114255
v 0.142288 -0.175940 -0.110302
v 0.142288 -0.178172 -0.093784
v 0.154795 -0.171128 -0.076066
v 0.155750 -0.174445 -0.076366
v 0.154795 -0.168058 -0.109842
v 0.155750 -0.170651 -0.111636
v 0.155539 -0.173443 -0.109041
v 0.155539 -0.175433 -0.093248
v 0.141089 -0.161892 -0.116989
v 0.141089 -0.165549 -0.111855
v 0.143830 -0.159634 -0.118497
v 0.150409 -0.159634 -0.118497
v 0.153150 -0.161892 -0.116989
v 0.153150 -0.165549 -0.111855
v 0.138700 -0.164777 -0.122018
v 0.138700 -0.169786 -0.115861
v 0.138488 -0.161571 -0.123192
v 0.139444 -0.160385 -0.120312
v 0.151951 -0.166229 -0.124643
v 0.151951 -0.171840 -0.117875
v 0.149703 -0.163360 -0.127647
v 0.144535 -0.163360 -0.127647
v 0.142288 -0.166229 -0.124643
v 0.142288 -0.171840 -0.117875
v 0.154795 -0.160385 -0.120312
v 0.155750 -0.161571 -0.123192
v 0.155539 -0.164777 -0.122018
v 0.155539 -0.169786 -0.115861
v 0.141089 -0.153926 -0.123451
v 0.141089 -0.157979 -0.120968
v 0.143830 -0.151622 -0.123451
v 0.150409 -0.151622 -0.123451
v 0.153150 -0.153926 -0.123451
v 0.153150 -0.157979 -0.120968
v 0.138700 -0.154570 -0.129320
v 0.138700 -0.159586 -0.126592
v 0.138488 -0.151903 -0.128602
v 0.139444 -0.151730 -0.125439
v 0.151951 -0.154913 -0.132510
v 0.151951 -0.160425 -0.129606
v 0.149703 -0.152170 -0.133613
v 0.144535 -0.152170 -0.133613
v 0.142288 -0.154913 -0.132510
v 0.142288 -0.160425 -0.129606
v 0.154795 -0.151730 -0.125439
v 0.155750 -0.151903 -0.128602
v 0.155539 -0.154570 -0.129320
v 0.155539 -0.159586 -0.126592
v 0.141089 -0.143589 -0.124946
v 0.141089 -0.149142 -0.124644
v 0.150409 -0.140685 -0.124193
v 0.143830 -0.140685 -0.124193
v 0.153150 -0.143589 -0.124946
v 0.153150 -0.149142 -0.124644
v 0.138700 -0.143589 -0.130929
v 0.138700 -0.149271 -0.130596
v 0.139444 -0.140685 -0.126207
v 0.138488 -0.140685 -0.129409
v 0.151951 -0.143589 -0.134179
v 0.151951 -0.149340 -0.133842
v 0.144535 -0.140685 -0.134451
v 0.149703 -0.140685 -0.134451
v 0.142288 -0.143589 -0.134179
v 0.142288 -0.149340 -0.133842
v 0.155750 -0.140685 -0.129409
v 0.154795 -0.140685 -0.126207
v 0.155539 -0.143589 -0.130929
v 0.155539 -0.149271 -0.130596
v 0.139053 -0.177103 -0.076611
v 0.140714 -0.178439 -0.076740
v 0.140714 -0.173872 -0.113914
v 0.139053 -0.172765 -0.113117
v 0.155186 -0.177103 -0.076611
v 0.153525 -0.178439 -0.076740
v 0.155186 -0.172765 -0.113117
v 0.153525 -0.173872 -0.113914
v 0.140714 -0.163117 -0.127022
v 0.139053 -0.162565 -0.125632
v 0.155186 -0.162565 -0.125632
v 0.153525 -0.163117 -0.127022
v 0.140714 -0.152132 -0.132891
v 0.139053 -0.152049 -0.131311
v 0.155186 -0.152049 -0.131312
v 0.153525 -0.152132 -0.132891
v 0.139053 -0.140685 -0.132145
v 0.140714 -0.140685 -0.133730
v 0.153525 -0.140685 -0.133730
v 0.155186 -0.140685 -0.132145
v 0.147119 -0.168963 -0.021741
v 0.147119 -0.168434 0.059979
v 0.143830 -0.168190 0.069347
v 0.147119 -0.167220 0.074049
v 0.150409 -0.168190 0.069347
v 0.138657 -0.172314 0.060702
v 0.138488 -0.173199 0.070947
v 0.138657 -0.170663 0.075721
v 0.139444 -0.170142 0.069969
v 0.147119 -0.178436 0.061879
v 0.149703 -0.177446 0.072348
v 0.147119 -0.176188 0.078471
v 0.144535 -0.177446 0.072348
v 0.155582 -0.172314 0.060702
v 0.154795 -0.170142 0.069969
v 0.155582 -0.170663 0.075721
v 0.155750 -0.173199 0.070947
v 0.147119 -0.164826 0.079215
v 0.143830 -0.163347 0.081971
v 0.147119 -0.161402 0.084180
v 0.150409 -0.163347 0.081971
v 0.138657 -0.167563 0.081793
v 0.138488 -0.166480 0.085966
v 0.138657 -0.163258 0.087402
v 0.139444 -0.164564 0.083519
v 0.147119 -0.172050 0.086128
v 0.149703 -0.169278 0.089651
v 0.147119 -0.166382 0.092968
v 0.144535 -0.169278 0.089651
v 0.155582 -0.167563 0.081793
v 0.154795 -0.164564 0.083519
v 0.155582 -0.163258 0.087402
v 0.155750 -0.166480 0.085966
v 0.147119 -0.157707 0.088061
v 0.143830 -0.155870 0.089696
v 0.147119 -0.153818 0.090506
v 0.150409 -0.155870 0.089696
v 0.138657 -0.158737 0.091654
v 0.138488 -0.156811 0.094728
v 0.138657 -0.154229 0.094249
v 0.139444 -0.156234 0.091639
v 0.147119 -0.160516 0.097980
v 0.149703 -0.157701 0.099586
v 0.147119 -0.154951 0.100907
v 0.144535 -0.157701 0.099586
v 0.155582 -0.158737 0.091654
v 0.154795 -0.156234 0.091639
v 0.155582 -0.154229 0.094249
v 0.155750 -0.156811 0.094728
v 0.147119 -0.149121 0.091686
v 0.143830 -0.146426 0.092158
v 0.147119 -0.143589 0.091981
v 0.150409 -0.146426 0.092158
v 0.138657 -0.149203 0.095479
v 0.138488 -0.146454 0.097355
v 0.138657 -0.143589 0.095797
v 0.139444 -0.146437 0.094164
v 0.147119 -0.149347 0.102246
v 0.149703 -0.146481 0.102407
v 0.147119 -0.143589 0.102582
v 0.144535 -0.146481 0.102407
v 0.155582 -0.149203 0.095479
v 0.154795 -0.146437 0.094164
v 0.155582 -0.143589 0.095797
v 0.155750 -0.146454 0.097355
v 0.139680 -0.178330 -0.021741
v 0.139680 -0.177315 0.061652
v 0.140714 -0.176929 0.072170
v 0.139680 -0.175146 0.077933
v 0.139053 -0.175667 0.071747
v 0.154559 -0.177315 0.061652
v 0.155186 -0.175667 0.071747
v 0.154559 -0.175146 0.077933
v 0.153525 -0.176929 0.072170
v 0.139680 -0.171175 0.085249
v 0.140714 -0.168913 0.089151
v 0.139680 -0.165748 0.091796
v 0.139053 -0.168062 0.088013
v 0.154559 -0.171175 0.085249
v 0.155186 -0.168062 0.088013
v 0.154559 -0.165748 0.091796
v 0.153525 -0.168913 0.089151
v 0.139680 -0.160142 0.096613
v 0.140714 -0.157577 0.098892
v 0.139680 -0.154796 0.099449
v 0.139053 -0.157299 0.097366
v 0.154559 -0.160142 0.096613
v 0.155186 -0.157299 0.097366
v 0.154559 -0.154796 0.099449
v 0.153525 -0.157577 0.098892
v 0.139680 -0.149316 0.100759
v 0.140714 -0.146477 0.101680
v 0.139680 -0.143589 0.101097
v 0.139053 -0.146469 0.100088
v 0.154559 -0.149316 0.100759
v 0.155186 -0.146469 0.100088
v 0.154559 -0.143589 0.101097
v 0.153525 -0.146477 0.101680
v 0.147119 -0.179481 -0.021741
v 0.138657 -0.173071 -0.021741
v 0.150409 -0.168190 -0.101306
v 0.147119 -0.167220 -0.106008
v 0.143830 -0.168190 -0.101306
v 0.147119 -0.168434 -0.091938
v 0.139444 -0.170142 -0.101929
v 0.138657 -0.170663 -0.107681
v 0.138488 -0.173199 -0.102906
v 0.138657 -0.172314 -0.092662
v 0.144535 -0.177446 -0.104307
v 0.147119 -0.176188 -0.110431
v 0.149703 -0.177446 -0.104307
v 0.147119 -0.178436 -0.093838
v 0.155750 -0.173199 -0.102906
v 0.155582 -0.170663 -0.107681
v 0.154795 -0.170142 -0.101929
v 0.155582 -0.172314 -0.092662
v 0.150409 -0.163347 -0.113930
v 0.147119 -0.161402 -0.116139
v 0.143830 -0.163347 -0.113930
v 0.147119 -0.164826 -0.111174
v 0.139444 -0.164564 -0.115478
v 0.138657 -0.163258 -0.119361
v 0.138488 -0.166480 -0.117925
v 0.138657 -0.167563 -0.113752
v 0.144535 -0.169278 -0.121610
v 0.147119 -0.166382 -0.124927
v 0.149703 -0.169278 -0.121610
v 0.147119 -0.172050 -0.118087
v 0.155750 -0.166480 -0.117925
v 0.155582 -0.163258 -0.119361
v 0.154795 -0.164564 -0.115478
v 0.155582 -0.167563 -0.113752
v 0.150409 -0.155870 -0.121655
v 0.147119 -0.153818 -0.122465
v 0.143830 -0.155870 -0.121655
v 0.147119 -0.157707 -0.120021
v 0.139444 -0.156234 -0.123599
v 0.138657 -0.154229 -0.126208
v 0.138488 -0.156811 -0.126687
v 0.138657 -0.158737 -0.123614
v 0.144535 -0.157701 -0.131545
v 0.147119 -0.154951 -0.132866
v 0.149703 -0.157701 -0.131545
v 0.147119 -0.160516 -0.129939
v 0.155750 -0.156811 -0.126687
v 0.155582 -0.154229 -0.126208
v 0.154795 -0.156234 -0.123599
v 0.155582 -0.158737 -0.123614
v 0.150409 -0.146426 -0.124117
v 0.147119 -0.143589 -0.123941
v 0.143830 -0.146426 -0.124117
v 0.147119 -0.149121 -0.123645
v 0.139444 -0.146437 -0.126123
v 0.138657 -0.143589 -0.127756
v 0.138488 -0.146454 -0.129314
v 0.138657 -0.149203 -0.127438
v 0.144535 -0.146481 -0.134366
v 0.147119 -0.143589 -0.134541
v 0.149703 -0.146481 -0.134366
v 0.147119 -0.149347 -0.134205
v 0.155750 -0.146454 -0.129314
v 0.155582 -0.143589 -0.127756
v 0.154795 -0.146437 -0.126123
v 0.155582 -0.149203 -0.127438
v 0.139053 -0.175667 -0.103707
v 0.139680 -0.175147 -0.109892
v 0.140714 -0.176929 -0.104129
v 0.139680 -0.177315 -0.093612
v 0.153525 -0.176929 -0.104129
v 0.154559 -0.175147 -0.109892
v 0.155186 -0.175667 -0.103707
v 0.154559 -0.177315 -0.093612
v 0.139053 -0.168062 -0.119973
v 0.139680 -0.165748 -0.123755
v 0.140714 -0.168913 -0.121110
v 0.139680 -0.171175 -0.117208
v 0.153525 -0.168913 -0.121110
v 0.154559 -0.165748 -0.123755
v 0.155186 -0.168062 -0.119973
v 0.154559 -0.171175 -0.117208
v 0.139053 -0.157299 -0.129325
v 0.139680 -0.154796 -0.131408
v 0.140714 -0.157577 -0.130852
v 0.139680 -0.160142 -0.128573
v 0.153525 -0.157577 -0.130852
v 0.154559 -0.154796 -0.131408
v 0.155186 -0.157299 -0.129325
v 0.154559 -0.160142 -0.128573
v 0.139053 -0.146469 -0.132047
v 0.139680 -0.143589 -0.133056
v 0.140714 -0.146477 -0.133639
v 0.139680 -0.149316 -0.132719
v 0.153525 -0.146477 -0.133639
v 0.154559 -0.143589 -0.133056
v 0.155186 -0.146469 -0.132047
v 0.154559 -0.149316 -0.132719
v 0.155582 -0.173071 -0.021741
v 0.154559 -0.178330 -0.021741
v 0.143830 -0.169235 -0.021741
v 0.149703 -0.179413 -0.021741
v 0.138488 -0.174802 -0.021741
v 0.150409 -0.168690 0.060027
v 0.143830 -0.168690 0.060027
v 0.143830 -0.167448 0.074159
v 0.150409 -0.167448 0.074159
v 0.139444 -0.170742 0.060409
v 0.138488 -0.173952 0.061009
v 0.138488 -0.172120 0.076432
v 0.139444 -0.169267 0.075043
v 0.144535 -0.178370 0.061865
v 0.149703 -0.178370 0.061865
v 0.149703 -0.176126 0.078439
v 0.144535 -0.176126 0.078439
v 0.155750 -0.173952 0.061009
v 0.154795 -0.170742 0.060409
v 0.154795 -0.169267 0.075043
v 0.155750 -0.172120 0.076432
v 0.150409 -0.165007 0.079385
v 0.143830 -0.165007 0.079385
v 0.143830 -0.161524 0.084392
v 0.150409 -0.161524 0.084392
v 0.139444 -0.166453 0.080746
v 0.138488 -0.168726 0.082892
v 0.138488 -0.164050 0.088783
v 0.139444 -0.162504 0.086092
v 0.144535 -0.171997 0.086075
v 0.149703 -0.171997 0.086075
v 0.149703 -0.166343 0.092897
v 0.144535 -0.166343 0.092897
v 0.155750 -0.168726 0.082892
v 0.154795 -0.166453 0.080746
v 0.154795 -0.162504 0.086092
v 0.155750 -0.164050 0.088783
v 0.150409 -0.157775 0.088298
v 0.143830 -0.157775 0.088298
v 0.143830 -0.153845 0.090753
v 0.150409 -0.153845 0.090753
v 0.139444 -0.158318 0.090192
v 0.138488 -0.159179 0.093200
v 0.138488 -0.154406 0.095861
v 0.139444 -0.154062 0.092725
v 0.144535 -0.160494 0.097896
v 0.149703 -0.160493 0.097897
v 0.149703 -0.154941 0.100818
v 0.144535 -0.154941 0.100818
v 0.155750 -0.159179 0.093200
v 0.154795 -0.158318 0.090192
v 0.154795 -0.154062 0.092725
v 0.155750 -0.154406 0.095861
v 0.150409 -0.149126 0.091936
v 0.143830 -0.149126 0.091936
v 0.143830 -0.143589 0.092233
v 0.150409 -0.143589 0.092233
v 0.139444 -0.149170 0.093934
v 0.138488 -0.149238 0.097114
v 0.138488 -0.143589 0.097441
v 0.139444 -0.143589 0.094243
v 0.144535 -0.149346 0.102155
v 0.149703 -0.149346 0.102155
v 0.149703 -0.143589 0.102491
v 0.144535 -0.143589 0.102491
v 0.155750 -0.149238 0.097115
v 0.154795 -0.149170 0.093934
v 0.154795 -0.143589 0.094243
v 0.155750 -0.143589 0.097441
v 0.140714 -0.178872 -0.021741
v 0.139053 -0.176533 0.061499
v 0.140714 -0.177841 0.061757
v 0.140714 -0.175631 0.078181
v 0.139053 -0.174434 0.077574
v 0.153525 -0.177841 0.061757
v 0.155186 -0.176533 0.061499
v 0.155186 -0.174434 0.077574
v 0.153525 -0.175631 0.078181
v 0.139053 -0.170590 0.084676
v 0.140714 -0.171579 0.085652
v 0.140714 -0.166038 0.092328
v 0.139053 -0.165335 0.091051
v 0.153525 -0.171579 0.085652
v 0.155186 -0.170590 0.084676
v 0.155186 -0.165335 0.091051
v 0.153525 -0.166038 0.092329
v 0.139053 -0.159904 0.095759
v 0.140714 -0.160312 0.097231
v 0.140714 -0.154866 0.100106
v 0.139053 -0.154699 0.098545
v 0.153525 -0.160312 0.097231
v 0.155186 -0.159904 0.095759
v 0.155186 -0.154699 0.098545
v 0.153525 -0.154866 0.100106
v 0.139053 -0.149297 0.099840
v 0.140714 -0.149330 0.101429
v 0.140714 -0.143589 0.101766
v 0.139053 -0.143589 0.100177
v 0.153525 -0.149330 0.101429
v 0.155186 -0.149297 0.099840
v 0.155186 -0.143589 0.100177
v 0.153525 -0.143589 0.101766
v 0.154795 -0.171408 -0.021741
v 0.155186 -0.177516 -0.021741
v 0.150409 -0.169235 -0.021741
v 0.144535 -0.179413 -0.021741
v 0.139444 -0.171407 -0.021741
v 0.150409 -0.168690 -0.091986
v 0.150409 -0.167448 -0.106118
v 0.143830 -0.167448 -0.106118
v 0.143830 -0.168690 -0.091986
v 0.139444 -0.170742 -0.092368
v 0.139444 -0.169267 -0.107002
v 0.138488 -0.172120 -0.108392
v 0.138488 -0.173952 -0.092968
v 0.144535 -0.178370 -0.093825
v 0.144535 -0.176126 -0.110398
v 0.149703 -0.176126 -0.110398
v 0.149703 -0.178370 -0.093825
v 0.155750 -0.173952 -0.092968
v 0.155750 -0.172120 -0.108392
v 0.154795 -0.169267 -0.107002
v 0.154795 -0.170742 -0.092368
v 0.150409 -0.165007 -0.111344
v 0.150409 -0.161524 -0.116351
v 0.143830 -0.161524 -0.116351
v 0.143830 -0.165007 -0.111344
v 0.139444 -0.166453 -0.112705
v 0.139444 -0.162504 -0.118051
v 0.138488 -0.164050 -0.120743
v 0.138488 -0.168726 -0.114852
v 0.144535 -0.171997 -0.118034
v 0.144535 -0.166343 -0.124856
v 0.149703 -0.166343 -0.124856
v 0.149703 -0.171997 -0.118034
v 0.155750 -0.168726 -0.114852
v 0.155750 -0.164050 -0.120743
v 0.154795 -0.162504 -0.118051
v 0.154795 -0.166453 -0.112705
v 0.150409 -0.157775 -0.120257
v 0.150409 -0.153845 -0.122712
v 0.143830 -0.153845 -0.122712
v 0.143830 -0.157775 -0.120257
v 0.139444 -0.158318 -0.122151
v 0.139444 -0.154062 -0.124684
v 0.138488 -0.154406 -0.127821
v 0.138488 -0.159179 -0.125159
v 0.144535 -0.160494 -0.129856
v 0.144535 -0.154941 -0.132777
v 0.149703 -0.154941 -0.132777
v 0.149703 -0.160494 -0.129856
v 0.155750 -0.159179 -0.125159
v 0.155750 -0.154406 -0.127821
v 0.154795 -0.154062 -0.124684
v 0.154795 -0.158318 -0.122151
v 0.150409 -0.149126 -0.123895
v 0.150409 -0.143589 -0.124192
v 0.143830 -0.143589 -0.124192
v 0.143830 -0.149126 -0.123895
v 0.139444 -0.149170 -0.125894
v 0.139444 -0.143589 -0.126203
v 0.138488 -0.143589 -0.129400
v 0.138488 -0.149238 -0.129074
v 0.144535 -0.149346 -0.134115
v 0.144535 -0.143589 -0.134450
v 0.149703 -0.143589 -0.134450
v 0.149703 -0.149346 -0.134115
v 0.155750 -0.149238 -0.129074
v 0.155750 -0.143589 -0.129400
v 0.154795 -0.143589 -0.126203
v 0.154795 -0.149170 -0.125894
v 0.139053 -0.177516 -0.021741
v 0.139053 -0.176533 -0.093459
v 0.139053 -0.174434 -0.109533
v 0.140714 -0.175631 -0.110141
v 0.140714 -0.177841 -0.093717
v 0.153525 -0.177841 -0.093717
v 0.153525 -0.175631 -0.110141
v 0.155186 -0.174434 -0.109533
v 0.155186 -0.176533 -0.093459
v 0.139053 -0.170590 -0.116636
v 0.139053 -0.165335 -0.123011
v 0.140714 -0.166038 -0.124288
v 0.140714 -0.171579 -0.117611
v 0.153525 -0.171579 -0.117611
v 0.153525 -0.166038 -0.124288
v 0.155186 -0.165335 -0.123011
v 0.155186 -0.170590 -0.116636
v 0.139053 -0.159904 -0.127718
v 0.139053 -0.154699 -0.130505
v 0.140714 -0.154866 -0.132065
v 0.140714 -0.160312 -0.129190
v 0.153525 -0.160312 -0.129190
v 0.153525 -0.154866 -0.132065
v 0.155186 -0.154699 -0.130505
v 0.155186 -0.159904 -0.127718
v 0.139053 -0.149297 -0.131799
v 0.139053 -0.143589 -0.132136
v 0.140714 -0.143589 -0.133726
v 0.140714 -0.149330 -0.133388
v 0.153525 -0.149330 -0.133388
v 0.153525 -0.143589 -0.133726
v 0.155186 -0.143589 -0.132136
v 0.155186 -0.149297 -0.131799
v 0.155750 -0.174802 -0.021741
v 0.153525 -0.178872 -0.021741
vn -0.0000 -0.0000 -1.0000
vn 1.0000 -0.0000 -0.0000
vn -0.0000 -0.0000 1.0000
vn -1.0000 -0.0000 -0.0000
vn -0.0000 1.0000 -0.0000
vn -0.0000 -1.0000 -0.0000
vn 0.0121 -0.9999 -0.0000
vn -0.0121 -0.9999 -0.0000
vn -0.0000 -0.9993 -0.0366
vn -0.0000 -0.9969 -0.0783
vn -0.0000 -0.9993 0.0373
vn -0.0000 -0.9969 0.0783
vn 0.0122 -0.9999 -0.0000
vn 0.9797 -0.2003 -0.0000
vn 0.9797 -0.2004 -0.0000
vn -0.9797 -0.2003 -0.0000
vn -0.9797 -0.2004 -0.0000
vn -0.9797 -0.2002 -0.0000
vn 0.8549 -0.5188 -0.0000
vn 0.5188 -0.8549 -0.0000
vn 0.5187 -0.8550 -0.0000
vn 0.8550 -0.5187 -0.0000
vn 0.8549 -0.5187 -0.0000
vn 0.5187 -0.8549 -0.0000
vn -0.8550 -0.5187 -0.0000
vn -0.5187 -0.8549 -0.0000
vn -0.8549 -0.5187 -0.0000
vn 0.8550 -0.5186 -0.0000
vn -0.0121 -0.9999 -0.0001
vn 0.0001 -0.0000 1.0000
vn 0.0001 -0.0000 -1.0000
vn -0.0001 -0.0000 1.0000
vn -0.0121 0.9999 -0.0000
vn 0.0121 0.9999 -0.0000
vn -0.9937 0.1125 -0.0000
vn -0.9936 -0.1125 -0.0000
vn -0.9937 -0.1125 -0.0000
vn -0.0000 0.0657 0.9978
vn -0.0000 -0.0657 0.9978
vn -0.0000 0.0656 0.9978
vn 0.9937 0.1125 -0.0000
vn 0.9936 -0.1125 -0.0000
vn 0.9937 -0.1125 -0.0000
vn -0.0000 0.0656 -0.9978
vn -0.0000 -0.0656 -0.9978
vn -0.0000 0.5923 0.8057
vn -0.0000 0.5923 -0.8057
vn -0.0000 0.5922 -0.8058
vn -0.0000 -0.5923 -0.8057
vn -0.0000 -0.5923 -0.8058
vn -0.0000 -0.5923 0.8057
vn -0.1807 0.9835 -0.0113
vn -0.4666 0.8845 0.0004
vn -0.4626 0.8865 -0.0110
vn -0.0000 0.9999 -0.0113
vn -0.1827 0.9832 0.0004
vn 0.1807 0.9835 -0.0113
vn 0.4665 0.8845 0.0003
vn 0.1826 0.9832 0.0004
vn -0.0000 1.0000 0.0004
vn -0.1493 -0.9886 0.0208
vn -0.0581 -0.9983 -0.0007
vn -0.0577 -0.9981 0.0210
vn -0.0000 -1.0000 -0.0007
vn -0.0000 -0.9998 0.0211
vn 0.1494 -0.9886 0.0208
vn 0.0581 -0.9983 -0.0007
vn 0.1503 -0.9886 -0.0007
vn 0.0577 -0.9981 0.0210
vn -0.7864 0.6177 0.0003
vn -0.7832 0.6217 -0.0086
vn -0.9633 0.2683 0.0001
vn -0.9626 0.2709 -0.0043
vn -0.9763 -0.2163 -0.0001
vn -0.9998 -0.0201 0.0004
vn -0.9998 -0.0193 -0.0000
vn 0.4628 0.8864 -0.0108
vn 0.1756 0.9838 -0.0363
vn 0.4535 0.8906 -0.0349
vn -0.0000 0.9994 -0.0359
vn 0.1718 0.9799 -0.1014
vn 0.4463 0.8897 -0.0964
vn -0.0000 0.9948 -0.1014
vn -0.1761 0.9837 -0.0360
vn -0.4539 0.8904 -0.0344
vn -0.1716 0.9799 -0.1018
vn -0.1693 0.8934 -0.4161
vn -0.4481 0.8606 -0.2423
vn -0.4414 0.8103 -0.3854
vn -0.0000 0.9077 -0.4196
vn -0.1715 0.9501 -0.2605
vn -0.4464 0.8896 -0.0965
vn -0.0000 0.9649 -0.2626
vn 0.1691 0.8934 -0.4163
vn 0.4480 0.8606 -0.2423
vn 0.1715 0.9501 -0.2606
vn -0.7765 0.6296 -0.0266
vn -0.9611 0.2758 -0.0131
vn -0.7715 0.6319 -0.0738
vn -0.9758 -0.2185 0.0041
vn -0.9998 -0.0212 0.0011
vn -0.9747 -0.2232 0.0124
vn -0.9997 -0.0242 0.0029
vn -0.9605 0.2762 -0.0349
vn -0.9997 -0.0212 0.0110
vn -0.9730 -0.2196 0.0713
vn -0.9736 -0.2013 0.1073
vn -0.9596 0.2509 -0.1272
vn -0.9996 -0.0276 0.0079
vn -0.9735 -0.2266 0.0321
vn -0.9623 0.2598 -0.0808
vn -0.7749 0.6064 -0.1785
vn -0.7676 0.5754 -0.2821
vn -0.1485 -0.9870 0.0609
vn -0.0574 -0.9964 0.0617
vn -0.1488 -0.9776 0.1485
vn -0.0000 -0.9981 0.0618
vn -0.0575 -0.9870 0.1500
vn 0.1485 -0.9870 0.0609
vn 0.0574 -0.9964 0.0617
vn 0.1488 -0.9776 0.1485
vn 0.0575 -0.9870 0.1500
vn -0.0000 -0.9886 0.1503
vn 0.1576 -0.8689 0.4693
vn 0.0591 -0.9462 0.3182
vn 0.1525 -0.9366 0.3156
vn 0.0611 -0.8785 0.4738
vn -0.0000 -0.9479 0.3187
vn -0.1576 -0.8689 0.4693
vn -0.0591 -0.9462 0.3182
vn -0.0611 -0.8785 0.4738
vn -0.1525 -0.9366 0.3156
vn -0.0000 -0.8803 0.4745
vn 0.9758 -0.2185 0.0041
vn 0.9998 -0.0212 0.0011
vn 0.9747 -0.2232 0.0124
vn 0.9998 -0.0201 0.0004
vn 0.9612 0.2756 -0.0129
vn 0.9997 -0.0242 0.0029
vn 0.9734 -0.2267 0.0320
vn 0.9606 0.2757 -0.0352
vn 0.7836 0.6213 -0.0083
vn 0.7761 0.6300 -0.0272
vn 0.7715 0.6319 -0.0739
vn 0.9626 0.2708 -0.0043
vn 0.4416 0.8103 -0.3853
vn 0.7749 0.6064 -0.1785
vn 0.7676 0.5754 -0.2821
vn 0.9622 0.2600 -0.0808
vn 0.9997 -0.0212 0.0110
vn 0.9730 -0.2194 0.0713
vn 0.9996 -0.0276 0.0079
vn 0.9598 0.2503 -0.1269
vn 0.1656 0.8509 -0.4986
vn 0.4348 0.7728 -0.4622
vn -0.0000 0.8646 -0.5025
vn 0.1618 0.8094 -0.5645
vn 0.4263 0.7365 -0.5252
vn -0.0000 0.8222 -0.5691
vn -0.1657 0.8509 -0.4985
vn -0.4348 0.7729 -0.4622
vn -0.1616 0.8093 -0.5647
vn -0.1552 0.7104 -0.6865
vn -0.4182 0.6972 -0.5823
vn -0.4130 0.6478 -0.6402
vn -0.0000 0.7217 -0.6922
vn -0.1578 0.7648 -0.6246
vn -0.4263 0.7365 -0.5252
vn -0.0000 0.7770 -0.6296
vn 0.1552 0.7104 -0.6865
vn 0.4182 0.6972 -0.5823
vn 0.1578 0.7648 -0.6246
vn -0.7612 0.5517 -0.3409
vn -0.9580 0.2416 -0.1546
vn -0.7539 0.5286 -0.3900
vn -0.9997 -0.0191 0.0126
vn -0.9736 -0.1893 0.1278
vn -0.9997 -0.0176 0.0140
vn -0.9562 0.2325 -0.1780
vn -0.9997 -0.0157 0.0168
vn -0.9729 -0.1671 0.1597
vn -0.9728 -0.1530 0.1737
vn -0.9540 0.2050 -0.2189
vn -0.9997 -0.0165 0.0153
vn -0.9733 -0.1784 0.1447
vn -0.9546 0.2215 -0.1993
vn -0.7477 0.5023 -0.4343
vn -0.7437 0.4671 -0.4783
vn -0.1617 -0.8129 0.5595
vn -0.0627 -0.8224 0.5655
vn -0.1658 -0.7585 0.6302
vn -0.0000 -0.8241 0.5664
vn -0.0643 -0.7678 0.6374
vn 0.1617 -0.8129 0.5595
vn 0.0627 -0.8224 0.5655
vn 0.1658 -0.7585 0.6302
vn 0.0643 -0.7678 0.6374
vn -0.0000 -0.7695 0.6386
vn 0.1745 -0.6374 0.7505
vn 0.0660 -0.7113 0.6997
vn 0.1696 -0.7023 0.6914
vn 0.0678 -0.6458 0.7605
vn -0.0000 -0.7129 0.7012
vn -0.1745 -0.6374 0.7505
vn -0.0660 -0.7114 0.6997
vn -0.0678 -0.6458 0.7605
vn -0.1700 -0.7024 0.6912
vn -0.0000 -0.6472 0.7623
vn 0.9737 -0.2011 0.1070
vn 0.9997 -0.0191 0.0126
vn 0.9736 -0.1893 0.1278
vn 0.9580 0.2416 -0.1546
vn 0.9997 -0.0176 0.0140
vn 0.9733 -0.1784 0.1447
vn 0.9563 0.2322 -0.1776
vn 0.7612 0.5517 -0.3409
vn 0.7539 0.5286 -0.3900
vn 0.4130 0.6478 -0.6402
vn 0.7477 0.5023 -0.4343
vn 0.7437 0.4671 -0.4782
vn 0.9547 0.2212 -0.1989
vn 0.9997 -0.0157 0.0168
vn 0.9729 -0.1671 0.1597
vn 0.9997 -0.0165 0.0153
vn 0.9539 0.2051 -0.2191
vn 0.1557 0.6328 -0.7585
vn 0.4142 0.5761 -0.7047
vn -0.0000 0.6435 -0.7655
vn 0.1593 0.5224 -0.8377
vn 0.4210 0.4736 -0.7736
vn -0.0000 0.5316 -0.8470
vn -0.1559 0.6330 -0.7583
vn -0.4142 0.5760 -0.7047
vn -0.1590 0.5221 -0.8379
vn -0.1679 0.2430 -0.9554
vn -0.4307 0.3492 -0.8322
vn -0.4387 0.2202 -0.8712
vn -0.0000 0.2470 -0.9690
vn -0.1639 0.3857 -0.9080
vn -0.4212 0.4739 -0.7733
vn -0.0000 0.3925 -0.9198
vn 0.1679 0.2430 -0.9554
vn 0.4305 0.3490 -0.8324
vn 0.1639 0.3857 -0.9080
vn -0.7454 0.4129 -0.5234
vn -0.9547 0.1792 -0.2375
vn -0.7518 0.3367 -0.5670
vn -0.9997 -0.0148 0.0196
vn -0.9731 -0.1340 0.1875
vn -0.9997 -0.0128 0.0208
vn -0.9565 0.1442 -0.2534
vn -0.9997 -0.0063 0.0223
vn -0.9752 -0.0798 0.2065
vn -0.9762 -0.0514 0.2109
vn -0.9598 0.0661 -0.2729
vn -0.9997 -0.0098 0.0221
vn -0.9739 -0.1086 0.1990
vn -0.9583 0.1046 -0.2660
vn -0.7597 0.2462 -0.6018
vn -0.7660 0.1551 -0.6238
vn -0.1793 -0.5557 0.8118
vn -0.0697 -0.5633 0.8233
vn -0.1847 -0.4553 0.8710
vn -0.0000 -0.5645 0.8254
vn -0.0719 -0.4619 0.8840
vn 0.1793 -0.5557 0.8118
vn 0.0697 -0.5633 0.8233
vn 0.1847 -0.4553 0.8710
vn 0.0719 -0.4619 0.8840
vn -0.0000 -0.4630 0.8864
vn 0.1948 -0.2273 0.9541
vn 0.0742 -0.3475 0.9347
vn 0.1905 -0.3422 0.9201
vn 0.0760 -0.2313 0.9699
vn -0.0000 -0.3484 0.9373
vn -0.1948 -0.2273 0.9541
vn -0.0742 -0.3475 0.9347
vn -0.0760 -0.2313 0.9699
vn -0.1902 -0.3421 0.9202
vn -0.0000 -0.2320 0.9727
vn 0.9728 -0.1533 0.1739
vn 0.9997 -0.0148 0.0193
vn 0.9732 -0.1337 0.1871
vn 0.9547 0.1792 -0.2376
vn 0.9997 -0.0128 0.0208
vn 0.9739 -0.1086 0.1990
vn 0.9565 0.1442 -0.2536
vn 0.7453 0.4129 -0.5235
vn 0.7517 0.3366 -0.5672
vn 0.4387 0.2202 -0.8712
vn 0.7598 0.2463 -0.6017
vn 0.7663 0.1554 -0.6235
vn 0.9584 0.1047 -0.2655
vn 0.9997 -0.0063 0.0223
vn 0.9751 -0.0798 0.2070
vn 0.9997 -0.0098 0.0221
vn 0.9598 0.0661 -0.2729
vn 0.1701 0.1271 -0.9772
vn 0.4428 0.1160 -0.8891
vn -0.0000 0.1289 -0.9917
vn 0.1712 0.0536 -0.9838
vn 0.4445 0.0493 -0.8944
vn -0.0000 0.0541 -0.9985
vn -0.1701 0.1271 -0.9772
vn -0.4428 0.1160 -0.8891
vn -0.1712 0.0536 -0.9838
vn -0.1717 0.0004 -0.9852
vn -0.4449 0.0125 -0.8955
vn -0.4448 0.0009 -0.8956
vn -0.0000 0.0002 -1.0000
vn -0.1716 0.0132 -0.9851
vn -0.4445 0.0493 -0.8944
vn -0.0000 0.0132 -0.9999
vn 0.1717 0.0004 -0.9852
vn 0.4449 0.0125 -0.8955
vn 0.1716 0.0132 -0.9851
vn -0.7690 0.0825 -0.6339
vn -0.9602 0.0358 -0.2771
vn -0.7699 0.0356 -0.6372
vn -0.9998 -0.0032 0.0212
vn -0.9770 -0.0281 0.2113
vn -0.9998 -0.0013 0.0199
vn -0.9602 0.0157 -0.2790
vn -0.9998 -0.0001 0.0180
vn -0.9777 -0.0036 0.2100
vn -0.9778 -0.0007 0.2096
vn -0.9597 0.0007 -0.2811
vn -0.9998 -0.0004 0.0188
vn -0.9775 -0.0125 0.2107
vn -0.9599 0.0043 -0.2802
vn -0.7698 0.0094 -0.6382
vn -0.7694 0.0011 -0.6387
vn -0.1978 -0.1285 0.9718
vn -0.0772 -0.1308 0.9884
vn -0.1989 -0.0573 0.9783
vn -0.0000 -0.1312 0.9914
vn -0.0776 -0.0581 0.9953
vn 0.1978 -0.1285 0.9718
vn 0.0772 -0.1308 0.9884
vn 0.1989 -0.0573 0.9783
vn 0.0776 -0.0581 0.9953
vn -0.0000 -0.0582 0.9983
vn 0.1981 -0.0006 0.9802
vn 0.0775 -0.0147 0.9969
vn 0.1987 -0.0149 0.9799
vn 0.0773 -0.0003 0.9970
vn -0.0000 -0.0146 0.9999
vn -0.1981 -0.0006 0.9802
vn -0.0775 -0.0147 0.9969
vn -0.0773 -0.0003 0.9970
vn -0.1987 -0.0149 0.9799
vn -0.0000 -0.0002 1.0000
vn 0.9762 -0.0513 0.2109
vn 0.9998 -0.0032 0.0212
vn 0.9770 -0.0281 0.2113
vn 0.9602 0.0358 -0.2771
vn 0.9998 -0.0013 0.0199
vn 0.9775 -0.0125 0.2107
vn 0.9602 0.0157 -0.2790
vn 0.7692 0.0828 -0.6336
vn 0.7699 0.0356 -0.6372
vn 0.4448 0.0009 -0.8956
vn 0.7698 0.0094 -0.6382
vn 0.7694 0.0011 -0.6387
vn 0.9599 0.0043 -0.2802
vn 0.9998 -0.0001 0.0180
vn 0.9777 -0.0036 0.2100
vn 0.9998 -0.0004 0.0188
vn 0.9597 0.0007 -0.2811
vn -0.3373 -0.9412 0.0196
vn -0.1503 -0.9886 -0.0007
vn -0.6378 -0.7700 0.0157
vn -0.3388 -0.9409 -0.0006
vn -0.8868 -0.4622 -0.0003
vn -0.8850 -0.4656 0.0093
vn -0.6402 -0.7682 -0.0005
vn -0.8813 -0.4717 0.0277
vn -0.6320 -0.7735 0.0470
vn -0.8776 -0.4744 0.0693
vn -0.3345 -0.9406 0.0578
vn -0.3333 -0.9322 0.1413
vn -0.6280 -0.7696 0.1154
vn -0.3471 -0.8248 0.4463
vn -0.6392 -0.6766 0.3657
vn -0.3392 -0.8914 0.3006
vn -0.6308 -0.7356 0.2469
vn -0.8771 -0.4561 0.1508
vn -0.8809 -0.4169 0.2242
vn 0.3340 -0.9408 0.0580
vn 0.3373 -0.9412 0.0196
vn 0.6321 -0.7734 0.0469
vn 0.3333 -0.9322 0.1413
vn 0.6278 -0.7698 0.1153
vn 0.8851 -0.4653 0.0092
vn 0.8815 -0.4715 0.0275
vn 0.8776 -0.4744 0.0693
vn 0.6373 -0.7705 0.0160
vn 0.8771 -0.4560 0.1507
vn 0.8811 -0.4166 0.2239
vn 0.6308 -0.7357 0.2469
vn 0.3471 -0.8248 0.4463
vn 0.3393 -0.8914 0.3005
vn 0.6392 -0.6765 0.3657
vn -0.8820 -0.3890 0.2659
vn -0.6438 -0.6304 0.4337
vn -0.8827 -0.3630 0.2984
vn -0.3533 -0.7703 0.5309
vn -0.3594 -0.7176 0.5965
vn -0.6478 -0.5865 0.4862
vn -0.3722 -0.6012 0.7071
vn -0.6564 -0.4903 0.5733
vn -0.3655 -0.6635 0.6528
vn -0.6517 -0.5417 0.5309
vn -0.8832 -0.3366 0.3265
vn -0.8842 -0.3058 0.3530
vn 0.3533 -0.7703 0.5309
vn 0.6438 -0.6304 0.4337
vn 0.3594 -0.7176 0.5965
vn 0.6478 -0.5865 0.4862
vn 0.8822 -0.3888 0.2656
vn 0.8827 -0.3630 0.2983
vn 0.8832 -0.3366 0.3265
vn 0.8842 -0.3058 0.3530
vn 0.6517 -0.5417 0.5309
vn 0.3722 -0.6012 0.7071
vn 0.3655 -0.6635 0.6528
vn 0.6564 -0.4903 0.5733
vn -0.8864 -0.2659 0.3790
vn -0.6627 -0.4257 0.6162
vn -0.8900 -0.2155 0.4018
vn -0.3798 -0.5232 0.7629
vn -0.3888 -0.4274 0.8162
vn -0.6713 -0.3460 0.6554
vn -0.4059 -0.2118 0.8890
vn -0.6884 -0.1689 0.7054
vn -0.3980 -0.3199 0.8598
vn -0.6804 -0.2572 0.6862
vn -0.8943 -0.1589 0.4182
vn -0.8983 -0.1032 0.4271
vn 0.3798 -0.5232 0.7629
vn 0.6627 -0.4257 0.6162
vn 0.3892 -0.4274 0.8160
vn 0.6710 -0.3461 0.6557
vn 0.8864 -0.2659 0.3790
vn 0.8900 -0.2155 0.4018
vn 0.8945 -0.1589 0.4179
vn 0.8983 -0.1032 0.4271
vn 0.6800 -0.2572 0.6866
vn 0.4059 -0.2118 0.8890
vn 0.3980 -0.3199 0.8598
vn 0.6884 -0.1689 0.7054
vn -0.9014 -0.0571 0.4292
vn -0.6940 -0.0945 0.7137
vn -0.9030 -0.0255 0.4288
vn -0.4114 -0.1194 0.9036
vn -0.4137 -0.0535 0.9089
vn -0.6970 -0.0424 0.7159
vn -0.4132 -0.0011 0.9106
vn -0.6984 -0.0017 0.7157
vn -0.4138 -0.0144 0.9102
vn -0.6979 -0.0117 0.7161
vn -0.9038 -0.0072 0.4280
vn -0.9040 -0.0012 0.4276
vn 0.4114 -0.1194 0.9036
vn 0.6940 -0.0945 0.7137
vn 0.4137 -0.0535 0.9089
vn 0.6970 -0.0424 0.7158
vn 0.9014 -0.0571 0.4292
vn 0.9030 -0.0255 0.4288
vn 0.9778 -0.0007 0.2096
vn 0.9038 -0.0072 0.4280
vn 0.9040 -0.0011 0.4276
vn 0.6979 -0.0117 0.7161
vn 0.4136 -0.0013 0.9104
vn 0.4138 -0.0144 0.9102
vn 0.6982 -0.0016 0.7159
vn 0.7864 0.6177 0.0003
vn 0.9633 0.2683 0.0001
vn 0.9763 -0.2164 -0.0001
vn 0.9998 -0.0193 -0.0000
vn 0.8868 -0.4622 -0.0003
vn 0.6403 -0.7681 -0.0005
vn 0.3390 -0.9408 -0.0006
vn -0.1807 0.9835 0.0117
vn -0.4628 0.8864 0.0111
vn -0.0000 0.9999 0.0116
vn 0.1807 0.9835 0.0117
vn -0.1494 -0.9886 -0.0214
vn -0.0577 -0.9981 -0.0217
vn 0.1489 -0.9886 -0.0216
vn 0.0577 -0.9981 -0.0217
vn -0.0000 -0.9998 -0.0218
vn -0.7833 0.6216 0.0089
vn -0.9998 -0.0200 -0.0004
vn -0.9627 0.2705 0.0042
vn 0.4626 0.8865 0.0113
vn 0.1761 0.9837 0.0360
vn 0.4539 0.8904 0.0344
vn 0.1717 0.9799 0.1017
vn -0.0000 0.9994 0.0359
vn -0.0000 0.9949 0.1014
vn 0.4479 0.8606 0.2423
vn 0.1690 0.8933 0.4164
vn 0.1715 0.9501 0.2606
vn -0.0000 0.9078 0.4194
vn -0.0000 0.9650 0.2621
vn 0.4465 0.8896 0.0966
vn -0.4480 0.8606 0.2423
vn -0.1692 0.8934 0.4162
vn -0.4415 0.8103 0.3853
vn -0.4465 0.8896 0.0967
vn -0.1715 0.9501 0.2606
vn -0.1715 0.9799 0.1021
vn -0.1761 0.9837 0.0360
vn -0.4539 0.8904 0.0344
vn -0.7765 0.6296 0.0266
vn -0.7717 0.6317 0.0740
vn -0.9611 0.2759 0.0132
vn -0.7749 0.6063 0.1785
vn -0.7674 0.5755 0.2826
vn -0.9623 0.2599 0.0808
vn -0.9606 0.2756 0.0353
vn -0.9730 -0.2197 -0.0714
vn -0.9997 -0.0211 -0.0110
vn -0.9736 -0.2013 -0.1072
vn -0.9734 -0.2270 -0.0318
vn -0.9996 -0.0276 -0.0079
vn -0.9596 0.2509 0.1272
vn -0.9997 -0.0242 -0.0029
vn -0.9758 -0.2185 -0.0042
vn -0.9998 -0.0212 -0.0011
vn -0.9747 -0.2232 -0.0124
vn -0.1485 -0.9870 -0.0609
vn -0.1488 -0.9776 -0.1485
vn -0.0574 -0.9964 -0.0617
vn -0.0576 -0.9870 -0.1500
vn -0.0000 -0.9981 -0.0618
vn -0.1576 -0.8689 -0.4693
vn -0.0591 -0.9462 -0.3182
vn -0.1528 -0.9366 -0.3154
vn -0.0611 -0.8785 -0.4738
vn -0.0000 -0.9479 -0.3187
vn -0.0000 -0.9886 -0.1503
vn 0.1576 -0.8689 -0.4693
vn 0.0591 -0.9462 -0.3182
vn 0.0611 -0.8785 -0.4738
vn 0.1532 -0.9365 -0.3153
vn 0.0576 -0.9870 -0.1500
vn -0.0000 -0.8803 -0.4745
vn 0.1485 -0.9870 -0.0609
vn 0.0574 -0.9964 -0.0617
vn 0.1488 -0.9776 -0.1485
vn 0.9758 -0.2185 -0.0042
vn 0.9998 -0.0212 -0.0011
vn 0.9998 -0.0200 -0.0004
vn 0.9747 -0.2232 -0.0124
vn 0.9997 -0.0242 -0.0029
vn 0.9612 0.2756 0.0129
vn 0.9627 0.2705 0.0042
vn 0.9606 0.2758 0.0352
vn 0.9729 -0.2198 -0.0714
vn 0.9997 -0.0212 -0.0110
vn 0.9996 -0.0276 -0.0079
vn 0.9596 0.2509 0.1272
vn 0.9623 0.2598 0.0808
vn 0.9735 -0.2265 -0.0322
vn 0.4415 0.8103 0.3853
vn 0.7749 0.6063 0.1785
vn 0.7676 0.5754 0.2821
vn 0.7716 0.6318 0.0739
vn 0.7833 0.6215 0.0088
vn 0.7763 0.6298 0.0270
vn 0.1657 0.8509 0.4985
vn 0.4348 0.7728 0.4622
vn 0.1615 0.8093 0.5647
vn -0.0000 0.8645 0.5025
vn -0.0000 0.8223 0.5691
vn 0.4182 0.6972 0.5823
vn 0.1553 0.7105 0.6864
vn 0.1578 0.7648 0.6246
vn -0.0000 0.7219 0.6920
vn -0.0000 0.7770 0.6295
vn 0.4263 0.7365 0.5252
vn -0.4182 0.6972 0.5823
vn -0.1552 0.7104 0.6865
vn -0.4130 0.6477 0.6402
vn -0.4258 0.7366 0.5254
vn -0.1579 0.7649 0.6245
vn -0.1617 0.8094 0.5646
vn -0.1658 0.8509 0.4984
vn -0.4342 0.7730 0.4627
vn -0.7612 0.5517 0.3409
vn -0.7539 0.5286 0.3900
vn -0.9581 0.2414 0.1544
vn -0.7477 0.5023 0.4343
vn -0.7437 0.4670 0.4783
vn -0.9546 0.2215 0.1993
vn -0.9563 0.2322 0.1776
vn -0.9729 -0.1672 -0.1597
vn -0.9997 -0.0157 -0.0168
vn -0.9728 -0.1533 -0.1739
vn -0.9733 -0.1784 -0.1447
vn -0.9997 -0.0165 -0.0153
vn -0.9540 0.2050 0.2190
vn -0.9997 -0.0176 -0.0140
vn -0.9997 -0.0191 -0.0126
vn -0.9736 -0.1893 -0.1278
vn -0.1617 -0.8129 -0.5595
vn -0.1658 -0.7585 -0.6302
vn -0.0627 -0.8224 -0.5655
vn -0.0643 -0.7678 -0.6374
vn -0.0000 -0.8241 -0.5664
vn -0.1745 -0.6374 -0.7505
vn -0.0660 -0.7113 -0.6997
vn -0.1700 -0.7024 -0.6912
vn -0.0678 -0.6458 -0.7605
vn -0.0000 -0.7129 -0.7012
vn -0.0000 -0.7695 -0.6386
vn 0.1745 -0.6374 -0.7505
vn 0.0660 -0.7113 -0.6997
vn 0.0678 -0.6458 -0.7605
vn 0.1700 -0.7024 -0.6912
vn 0.0643 -0.7678 -0.6374
vn -0.0000 -0.6472 -0.7623
vn 0.1617 -0.8129 -0.5595
vn 0.0627 -0.8224 -0.5655
vn 0.1658 -0.7585 -0.6302
vn 0.9737 -0.2011 -0.1070
vn 0.9997 -0.0191 -0.0126
vn 0.9736 -0.1893 -0.1278
vn 0.9997 -0.0178 -0.0143
vn 0.9580 0.2416 0.1546
vn 0.9562 0.2325 0.1780
vn 0.9730 -0.1668 -0.1598
vn 0.9997 -0.0157 -0.0168
vn 0.9997 -0.0165 -0.0153
vn 0.9538 0.2053 0.2196
vn 0.9546 0.2215 0.1993
vn 0.9733 -0.1784 -0.1447
vn 0.4130 0.6478 0.6402
vn 0.7476 0.5024 0.4345
vn 0.7438 0.4670 0.4782
vn 0.7542 0.5285 0.3898
vn 0.7612 0.5517 0.3409
vn 0.1558 0.6329 0.7584
vn 0.4139 0.5758 0.7050
vn 0.1593 0.5224 0.8377
vn -0.0000 0.6433 0.7656
vn -0.0000 0.5309 0.8474
vn 0.4308 0.3494 0.8320
vn 0.1679 0.2430 0.9554
vn 0.1639 0.3857 0.9080
vn -0.0000 0.2470 0.9690
vn -0.0000 0.3919 0.9200
vn 0.4209 0.4736 0.7736
vn -0.4305 0.3490 0.8324
vn -0.1679 0.2430 0.9554
vn -0.4387 0.2202 0.8712
vn -0.4209 0.4736 0.7736
vn -0.1639 0.3857 0.9080
vn -0.1590 0.5221 0.8379
vn -0.1557 0.6328 0.7585
vn -0.4139 0.5758 0.7051
vn -0.7453 0.4129 0.5235
vn -0.7517 0.3366 0.5672
vn -0.9547 0.1792 0.2376
vn -0.7597 0.2462 0.6019
vn -0.7664 0.1555 0.6233
vn -0.9585 0.1047 0.2653
vn -0.9564 0.1442 0.2538
vn -0.9751 -0.0798 -0.2070
vn -0.9997 -0.0063 -0.0223
vn -0.9762 -0.0514 -0.2109
vn -0.9739 -0.1087 -0.1990
vn -0.9997 -0.0097 -0.0224
vn -0.9598 0.0662 0.2726
vn -0.9997 -0.0128 -0.0208
vn -0.9997 -0.0148 -0.0188
vn -0.9731 -0.1340 -0.1875
vn -0.1793 -0.5557 -0.8118
vn -0.1847 -0.4553 -0.8710
vn -0.0697 -0.5633 -0.8233
vn -0.0719 -0.4619 -0.8840
vn -0.0000 -0.5645 -0.8254
vn -0.1948 -0.2273 -0.9541
vn -0.0742 -0.3475 -0.9347
vn -0.1902 -0.3421 -0.9202
vn -0.0760 -0.2313 -0.9699
vn -0.0000 -0.3484 -0.9373
vn -0.0000 -0.4630 -0.8863
vn 0.1948 -0.2273 -0.9541
vn 0.0742 -0.3475 -0.9347
vn 0.0760 -0.2313 -0.9699
vn 0.1902 -0.3421 -0.9202
vn 0.0719 -0.4619 -0.8840
vn -0.0000 -0.2320 -0.9727
vn 0.1793 -0.5557 -0.8118
vn 0.0697 -0.5633 -0.8233
vn 0.1847 -0.4553 -0.8710
vn 0.9728 -0.1533 -0.1739
vn 0.9997 -0.0148 -0.0188
vn 0.9731 -0.1340 -0.1875
vn 0.9997 -0.0128 -0.0208
vn 0.9547 0.1792 0.2376
vn 0.9565 0.1442 0.2537
vn 0.9751 -0.0798 -0.2070
vn 0.9997 -0.0063 -0.0223
vn 0.9997 -0.0098 -0.0221
vn 0.9598 0.0661 0.2729
vn 0.9584 0.1047 0.2656
vn 0.9739 -0.1087 -0.1990
vn 0.4387 0.2202 0.8712
vn 0.7598 0.2463 0.6017
vn 0.7664 0.1555 0.6233
vn 0.7518 0.3367 0.5670
vn 0.7453 0.4129 0.5235
vn 0.1701 0.1271 0.9772
vn 0.4428 0.1160 0.8891
vn 0.1712 0.0536 0.9838
vn -0.0000 0.1289 0.9917
vn -0.0000 0.0541 0.9985
vn 0.4449 0.0125 0.8955
vn 0.1717 0.0004 0.9852
vn 0.1716 0.0132 0.9851
vn -0.0000 0.0002 1.0000
vn -0.0000 0.0132 0.9999
vn 0.4445 0.0493 0.8944
vn -0.4449 0.0125 0.8955
vn -0.1717 0.0004 0.9852
vn -0.4448 0.0009 0.8956
vn -0.4445 0.0493 0.8944
vn -0.1716 0.0132 0.9851
vn -0.1712 0.0536 0.9838
vn -0.1701 0.1271 0.9772
vn -0.4428 0.1160 0.8891
vn -0.7690 0.0825 0.6339
vn -0.7699 0.0356 0.6372
vn -0.9602 0.0358 0.2771
vn -0.7698 0.0094 0.6382
vn -0.7694 0.0011 0.6387
vn -0.9599 0.0043 0.2802
vn -0.9602 0.0157 0.2790
vn -0.9777 -0.0036 -0.2100
vn -0.9998 -0.0001 -0.0180
vn -0.9778 -0.0007 -0.2096
vn -0.9775 -0.0125 -0.2107
vn -0.9998 -0.0004 -0.0188
vn -0.9597 0.0007 0.2811
vn -0.9998 -0.0013 -0.0199
vn -0.9998 -0.0032 -0.0212
vn -0.9770 -0.0281 -0.2113
vn -0.1978 -0.1285 -0.9718
vn -0.1989 -0.0573 -0.9783
vn -0.0772 -0.1308 -0.9884
vn -0.0776 -0.0581 -0.9953
vn -0.0000 -0.1312 -0.9914
vn -0.1985 -0.0009 -0.9801
vn -0.0775 -0.0147 -0.9969
vn -0.1987 -0.0149 -0.9799
vn -0.0773 -0.0003 -0.9970
vn -0.0000 -0.0146 -0.9999
vn -0.0000 -0.0582 -0.9983
vn 0.1981 -0.0006 -0.9802
vn 0.0775 -0.0147 -0.9969
vn 0.0773 -0.0003 -0.9970
vn 0.1987 -0.0149 -0.9799
vn 0.0776 -0.0581 -0.9953
vn -0.0000 -0.0002 -1.0000
vn 0.1978 -0.1285 -0.9718
vn 0.0772 -0.1308 -0.9884
vn 0.1989 -0.0573 -0.9783
vn 0.9762 -0.0513 -0.2109
vn 0.9998 -0.0032 -0.0212
vn 0.9770 -0.0281 -0.2113
vn 0.9998 -0.0013 -0.0199
vn 0.9602 0.0358 0.2771
vn 0.9602 0.0157 0.2790
vn 0.9777 -0.0036 -0.2100
vn 0.9998 -0.0001 -0.0180
vn 0.9998 -0.0004 -0.0188
vn 0.9597 0.0007 0.2811
vn 0.9599 0.0043 0.2802
vn 0.9775 -0.0125 -0.2107
vn 0.4448 0.0009 0.8956
vn 0.7698 0.0094 0.6382
vn 0.7694 0.0011 0.6387
vn 0.7699 0.0356 0.6372
vn 0.7690 0.0826 0.6339
vn -0.3373 -0.9412 -0.0203
vn -0.6379 -0.7700 -0.0163
vn -0.8852 -0.4652 -0.0095
vn -0.8815 -0.4715 -0.0275
vn -0.8774 -0.4748 -0.0690
vn -0.6325 -0.7731 -0.0467
vn -0.8770 -0.4562 -0.1508
vn -0.8811 -0.4166 -0.2239
vn -0.6308 -0.7356 -0.2468
vn -0.6280 -0.7696 -0.1154
vn -0.3471 -0.8248 -0.4463
vn -0.3390 -0.8915 -0.3006
vn -0.6391 -0.6766 -0.3657
vn -0.3337 -0.9320 -0.1414
vn -0.3345 -0.9406 -0.0578
vn 0.3340 -0.9408 -0.0580
vn 0.3373 -0.9412 -0.0203
vn 0.3333 -0.9322 -0.1413
vn 0.6325 -0.7731 -0.0467
vn 0.6379 -0.7700 -0.0163
vn 0.6278 -0.7698 -0.1153
vn 0.3471 -0.8248 -0.4463
vn 0.3393 -0.8914 -0.3005
vn 0.6391 -0.6766 -0.3657
vn 0.6308 -0.7356 -0.2468
vn 0.8771 -0.4561 -0.1508
vn 0.8811 -0.4166 -0.2239
vn 0.8774 -0.4748 -0.0690
vn 0.8852 -0.4652 -0.0095
vn 0.8812 -0.4719 -0.0278
vn -0.8822 -0.3888 -0.2656
vn -0.8827 -0.3630 -0.2983
vn -0.6438 -0.6304 -0.4337
vn -0.8832 -0.3366 -0.3265
vn -0.8842 -0.3058 -0.3530
vn -0.6517 -0.5417 -0.5309
vn -0.6478 -0.5865 -0.4862
vn -0.3722 -0.6012 -0.7071
vn -0.3655 -0.6635 -0.6528
vn -0.6564 -0.4903 -0.5733
vn -0.3594 -0.7176 -0.5965
vn -0.3534 -0.7703 -0.5309
vn 0.3534 -0.7703 -0.5309
vn 0.3594 -0.7176 -0.5965
vn 0.6438 -0.6304 -0.4337
vn 0.6478 -0.5865 -0.4862
vn 0.3722 -0.6012 -0.7071
vn 0.3655 -0.6635 -0.6528
vn 0.6564 -0.4903 -0.5733
vn 0.6517 -0.5417 -0.5309
vn 0.8832 -0.3366 -0.3265
vn 0.8842 -0.3058 -0.3530
vn 0.8827 -0.3630 -0.2983
vn 0.8822 -0.3888 -0.2656
vn -0.8864 -0.2659 -0.3790
vn -0.8900 -0.2155 -0.4018
vn -0.6627 -0.4257 -0.6162
vn -0.8943 -0.1589 -0.4182
vn -0.8983 -0.1032 -0.4271
vn -0.6801 -0.2572 -0.6866
vn -0.6710 -0.3461 -0.6557
vn -0.4059 -0.2117 -0.8890
vn -0.3980 -0.3199 -0.8598
vn -0.6881 -0.1688 -0.7057
vn -0.3888 -0.4274 -0.8162
vn -0.3798 -0.5232 -0.7629
vn 0.3798 -0.5232 -0.7629
vn 0.3892 -0.4274 -0.8160
vn 0.6627 -0.4257 -0.6162
vn 0.6710 -0.3461 -0.6557
vn 0.4059 -0.2117 -0.8890
vn 0.3980 -0.3199 -0.8598
vn 0.6884 -0.1689 -0.7054
vn 0.6801 -0.2572 -0.6866
vn 0.8943 -0.1589 -0.4182
vn 0.8985 -0.1033 -0.4266
vn 0.8902 -0.2153 -0.4015
vn 0.8864 -0.2659 -0.3790
vn -0.9014 -0.0571 -0.4292
vn -0.9030 -0.0255 -0.4288
vn -0.6940 -0.0945 -0.7137
vn -0.9038 -0.0072 -0.4280
vn -0.9040 -0.0011 -0.4276
vn -0.6979 -0.0117 -0.7161
vn -0.6970 -0.0424 -0.7158
vn -0.4135 -0.0013 -0.9105
vn -0.4138 -0.0144 -0.9102
vn -0.6982 -0.0016 -0.7159
vn -0.4137 -0.0535 -0.9089
vn -0.4113 -0.1194 -0.9036
vn 0.4114 -0.1194 -0.9036
vn 0.4137 -0.0535 -0.9089
vn 0.6940 -0.0945 -0.7137
vn 0.6970 -0.0424 -0.7159
vn 0.4132 -0.0011 -0.9106
vn 0.4138 -0.0144 -0.9102
vn 0.6979 -0.0014 -0.7162
vn 0.6979 -0.0117 -0.7161
vn 0.9778 -0.0007 -0.2096
vn 0.9038 -0.0072 -0.4280
vn 0.9040 -0.0011 -0.4276
vn 0.9030 -0.0255 -0.4288
vn 0.9014 -0.0571 -0.4292
vn -0.0000 -0.0656 0.9978
vt 0.167539 0.093980
vt 0.169840 0.127528
vt 0.167539 0.127528
vt 0.160853 0.125410
vt 0.159333 0.105916
vt 0.160853 0.105916
vt 0.165217 0.093980
vt 0.167518 0.127528
vt 0.165217 0.127528
vt 0.161352 0.067931
vt 0.141858 0.069451
vt 0.141858 0.067931
vt 0.173705 0.127528
vt 0.193199 0.129334
vt 0.173705 0.129334
vt 0.193199 0.093980
vt 0.173705 0.092174
vt 0.193199 0.092174
vt 0.141858 0.094557
vt 0.161352 0.095765
vt 0.141858 0.095765
vt 0.161352 0.070836
vt 0.141858 0.069627
vt 0.161352 0.069627
vt 0.169689 0.092174
vt 0.167539 0.092174
vt 0.169689 0.129334
vt 0.167367 0.092174
vt 0.165217 0.092174
vt 0.167367 0.129334
vt 0.171783 0.093980
vt 0.171783 0.127528
vt 0.195121 0.127528
vt 0.195121 0.093980
vt 0.139936 0.070836
vt 0.141858 0.094450
vt 0.139936 0.094557
vt 0.163274 0.094557
vt 0.161352 0.070729
vt 0.163274 0.070836
vt 0.160853 0.127332
vt 0.159333 0.125410
vt 0.159333 0.103994
vt 0.163274 0.067931
vt 0.161352 0.069451
vt 0.139936 0.067931
vt 0.139936 0.069451
vt 0.171783 0.129334
vt 0.195121 0.129334
vt 0.193199 0.127528
vt 0.195121 0.092174
vt 0.173705 0.093980
vt 0.139936 0.095765
vt 0.163274 0.095765
vt 0.161352 0.094557
vt 0.163274 0.069627
vt 0.141858 0.070836
vt 0.141858 0.092930
vt 0.161352 0.094450
vt 0.163046 0.095787
vt 0.165195 0.129334
vt 0.163046 0.129334
vt 0.159135 0.107918
vt 0.157615 0.127413
vt 0.157615 0.107918
vt 0.160874 0.095787
vt 0.163024 0.129334
vt 0.160874 0.129334
vt 0.159295 0.103994
vt 0.159333 0.102073
vt 0.159295 0.105916
vt 0.159295 0.127332
vt 0.159333 0.127332
vt 0.167420 0.129334
vt 0.169840 0.093980
vt 0.169840 0.092272
vt 0.169742 0.129334
vt 0.157508 0.107918
vt 0.157508 0.129334
vt 0.157508 0.127413
vt 0.167518 0.093980
vt 0.167518 0.092272
vt 0.139936 0.069489
vt 0.137934 0.069451
vt 0.141858 0.069489
vt 0.163274 0.069489
vt 0.163274 0.069451
vt 0.169862 0.127528
vt 0.197123 0.093980
vt 0.137934 0.094557
vt 0.165195 0.094557
vt 0.165195 0.070836
vt 0.159333 0.129334
vt 0.160853 0.129334
vt 0.160853 0.102073
vt 0.165195 0.069451
vt 0.165195 0.067931
vt 0.137934 0.067931
vt 0.169862 0.129334
vt 0.197123 0.127528
vt 0.197123 0.092174
vt 0.169862 0.093980
vt 0.171783 0.092174
vt 0.137934 0.095765
vt 0.165195 0.069627
vt 0.137934 0.070836
vt 0.139936 0.069627
vt 0.157508 0.105997
vt 0.165195 0.069489
vt 0.159244 0.102073
vt 0.159208 0.103994
vt 0.159208 0.102073
vt 0.159244 0.105916
vt 0.159208 0.125410
vt 0.159208 0.105916
vt 0.159244 0.125410
vt 0.159208 0.127332
vt 0.137934 0.069540
vt 0.139936 0.069576
vt 0.137934 0.069576
vt 0.141858 0.069540
vt 0.161352 0.069576
vt 0.141858 0.069576
vt 0.161352 0.069540
vt 0.163274 0.069576
vt 0.159244 0.103994
vt 0.159244 0.127332
vt 0.159208 0.129334
vt 0.163274 0.069540
vt 0.165195 0.069576
vt 0.159156 0.103994
vt 0.159156 0.102073
vt 0.159156 0.125410
vt 0.159156 0.105916
vt 0.159156 0.127332
vt 0.137934 0.069627
vt 0.159156 0.129334
vt 0.159295 0.102073
vt 0.159295 0.125410
vt 0.137934 0.069489
vt 0.139936 0.069540
vt 0.161352 0.069489
vt 0.159244 0.129334
vt 0.165195 0.069540
vt 0.167518 0.129236
vt 0.167496 0.129288
vt 0.167471 0.129313
vt 0.169742 0.092174
vt 0.169793 0.092195
vt 0.169819 0.092220
vt 0.169840 0.129236
vt 0.169819 0.129288
vt 0.169793 0.129313
vt 0.167420 0.092174
vt 0.167471 0.092195
vt 0.167496 0.092220
vt 0.661869 0.091666
vt 0.686656 0.528268
vt 0.661869 0.528268
vt 0.586282 0.842998
vt 0.611069 0.091666
vt 0.611070 0.842998
vt 0.683556 0.669192
vt 0.658768 0.232589
vt 0.683556 0.232589
vt 0.561087 0.842998
vt 0.585874 0.091666
vt 0.585874 0.842998
vt 0.445762 0.769850
vt 0.839858 0.842998
vt 0.403255 0.842998
vt 0.783256 0.164813
vt 0.389159 0.091666
vt 0.825762 0.091666
vt 0.445762 0.164813
vt 0.403255 0.091666
vt 0.431666 0.164813
vt 0.389159 0.842998
vt 0.797351 0.164813
vt 0.839858 0.091666
vt 0.431666 0.769850
vt 0.825762 0.842998
vt 0.797351 0.769850
vt 0.783255 0.769850
vt 0.632207 0.311112
vt 0.611478 0.659719
vt 0.611478 0.311112
vt 0.659432 0.694137
vt 0.638702 0.094232
vt 0.659432 0.094232
vt 0.632616 0.659719
vt 0.653346 0.311112
vt 0.653345 0.659719
vt 0.634236 0.694137
vt 0.613506 0.094232
vt 0.634236 0.094232
vt 0.447253 0.767284
vt 0.661461 0.091666
vt 0.661461 0.696703
vt 0.447253 0.167379
vt 0.636265 0.696703
vt 0.636265 0.091666
vt 0.781764 0.167380
vt 0.611478 0.091666
vt 0.613506 0.694137
vt 0.611478 0.696703
vt 0.433157 0.767284
vt 0.636673 0.696703
vt 0.636673 0.091666
vt 0.493968 0.470414
vt 0.661709 0.477342
vt 0.493785 0.477359
vt 0.494029 0.462031
vt 0.661709 0.470398
vt 0.493968 0.453612
vt 0.661709 0.446538
vt 0.661709 0.453596
vt 0.661709 0.462016
vt 0.501784 0.489075
vt 0.671822 0.494817
vt 0.501732 0.494817
vt 0.671822 0.501419
vt 0.501715 0.501419
vt 0.501784 0.513763
vt 0.671822 0.508021
vt 0.671822 0.513763
vt 0.501732 0.508021
vt 0.661708 0.481447
vt 0.493479 0.481467
vt 0.520186 0.482571
vt 0.683856 0.487465
vt 0.519350 0.486653
vt 0.683819 0.495876
vt 0.518841 0.490958
vt 0.683729 0.491872
vt 0.493785 0.446555
vt 0.452806 0.453634
vt 0.452440 0.446579
vt 0.452928 0.462053
vt 0.428994 0.453669
vt 0.428397 0.446617
vt 0.429192 0.462087
vt 0.452806 0.470436
vt 0.452440 0.477383
vt 0.428994 0.470471
vt 0.410096 0.470595
vt 0.415853 0.477476
vt 0.409004 0.477553
vt 0.410459 0.462209
vt 0.416700 0.470522
vt 0.428397 0.477420
vt 0.416983 0.462137
vt 0.410096 0.453793
vt 0.415854 0.446672
vt 0.416700 0.453720
vt 0.479554 0.481586
vt 0.451829 0.481494
vt 0.478353 0.485532
vt 0.455732 0.480053
vt 0.518583 0.494876
vt 0.477463 0.489700
vt 0.476857 0.493500
vt 0.452703 0.487777
vt 0.454073 0.483807
vt 0.430989 0.481271
vt 0.437525 0.488418
vt 0.428991 0.484368
vt 0.433397 0.477901
vt 0.439049 0.485023
vt 0.451659 0.491405
vt 0.440943 0.481316
vt 0.414442 0.481597
vt 0.407185 0.481681
vt 0.427404 0.481536
vt 0.436043 0.474732
vt 0.443102 0.477820
vt 0.458325 0.489075
vt 0.458221 0.494817
vt 0.431611 0.489075
vt 0.458187 0.501419
vt 0.431441 0.494817
vt 0.458325 0.513763
vt 0.458221 0.508021
vt 0.431611 0.513763
vt 0.431441 0.508021
vt 0.431384 0.501419
vt 0.406354 0.513763
vt 0.415879 0.508021
vt 0.416126 0.513763
vt 0.406027 0.508021
vt 0.415797 0.501419
vt 0.406354 0.489075
vt 0.415879 0.494817
vt 0.406027 0.494817
vt 0.416126 0.489075
vt 0.405918 0.501419
vt 0.523217 0.507184
vt 0.481217 0.512342
vt 0.480480 0.508562
vt 0.523597 0.511083
vt 0.481984 0.516529
vt 0.455849 0.514266
vt 0.454663 0.510658
vt 0.457109 0.518256
vt 0.493479 0.442262
vt 0.451829 0.442289
vt 0.427404 0.442331
vt 0.523972 0.515408
vt 0.482650 0.520557
vt 0.458246 0.522090
vt 0.409004 0.446749
vt 0.414442 0.442392
vt 0.438046 0.527415
vt 0.443646 0.520747
vt 0.445296 0.524325
vt 0.433566 0.520775
vt 0.440168 0.513646
vt 0.441847 0.517021
vt 0.435893 0.524164
vt 0.403349 0.453891
vt 0.402045 0.446852
vt 0.403784 0.462304
vt 0.396743 0.454007
vt 0.395260 0.446974
vt 0.397237 0.462418
vt 0.403349 0.470693
vt 0.402045 0.477656
vt 0.396743 0.470809
vt 0.385076 0.471068
vt 0.388929 0.477911
vt 0.383336 0.478049
vt 0.385655 0.462674
vt 0.390558 0.470936
vt 0.395260 0.477778
vt 0.391100 0.462544
vt 0.385076 0.454266
vt 0.388929 0.447108
vt 0.390558 0.454134
vt 0.428938 0.470633
vt 0.636421 0.442048
vt 0.628914 0.442048
vt 0.635947 0.438332
vt 0.425867 0.473401
vt 0.422060 0.465811
vt 0.423009 0.476355
vt 0.420592 0.479081
vt 0.415390 0.470622
vt 0.418630 0.468132
vt 0.402353 0.458087
vt 0.405337 0.466292
vt 0.399049 0.459536
vt 0.406144 0.456548
vt 0.408412 0.464417
vt 0.412613 0.472931
vt 0.411964 0.462409
vt 0.413844 0.454082
vt 0.415685 0.460551
vt 0.410087 0.455139
vt 0.419264 0.459127
vt 0.396778 0.489075
vt 0.396372 0.494817
vt 0.387717 0.489075
vt 0.396237 0.501419
vt 0.387238 0.494817
vt 0.396778 0.513763
vt 0.396372 0.508021
vt 0.387717 0.513763
vt 0.387238 0.508021
vt 0.387078 0.501419
vt 0.513441 0.435366
vt 0.521874 0.429482
vt 0.521518 0.435182
vt 0.513733 0.429668
vt 0.522078 0.422901
vt 0.379490 0.513763
vt 0.378945 0.508021
vt 0.513893 0.410715
vt 0.522116 0.416298
vt 0.513975 0.416483
vt 0.379490 0.489075
vt 0.378945 0.494817
vt 0.513916 0.423087
vt 0.378764 0.501419
vt 0.431399 0.517698
vt 0.425360 0.525694
vt 0.422761 0.522988
vt 0.428150 0.528667
vt 0.417516 0.531430
vt 0.414545 0.529141
vt 0.420702 0.533939
vt 0.407186 0.442476
vt 0.399873 0.442589
vt 0.392788 0.442720
vt 0.430740 0.531516
vt 0.423662 0.536341
vt 0.383336 0.447246
vt 0.386215 0.442864
vt 0.411325 0.547018
vt 0.413834 0.539665
vt 0.417096 0.541604
vt 0.404075 0.543972
vt 0.407047 0.535784
vt 0.410325 0.537638
vt 0.407832 0.545529
vt 0.530932 0.436304
vt 0.535975 0.429588
vt 0.535646 0.436791
vt 0.531455 0.429105
vt 0.535842 0.421182
vt 0.540656 0.429935
vt 0.540497 0.437140
vt 0.540466 0.421529
vt 0.380579 0.471198
vt 0.534414 0.406304
vt 0.539984 0.413306
vt 0.535303 0.412959
vt 0.381184 0.462802
vt 0.550592 0.413603
vt 0.544436 0.406866
vt 0.550114 0.406948
vt 0.550993 0.421826
vt 0.545017 0.413520
vt 0.539265 0.406653
vt 0.545453 0.421743
vt 0.551264 0.430232
vt 0.545668 0.437353
vt 0.545689 0.430149
vt 0.409418 0.449136
vt 0.405541 0.449863
vt 0.405925 0.444101
vt 0.401448 0.450865
vt 0.401973 0.444541
vt 0.397494 0.451978
vt 0.394031 0.453037
vt 0.393728 0.445932
vt 0.397785 0.445190
vt 0.389048 0.433399
vt 0.387325 0.440228
vt 0.385392 0.433627
vt 0.393198 0.433188
vt 0.390948 0.439792
vt 0.390164 0.446650
vt 0.395065 0.439354
vt 0.401487 0.433008
vt 0.399307 0.438994
vt 0.397469 0.433041
vt 0.403302 0.438788
vt 0.506225 0.410833
vt 0.506245 0.416602
vt 0.498842 0.410889
vt 0.506166 0.423206
vt 0.498805 0.416658
vt 0.505773 0.435484
vt 0.506003 0.429786
vt 0.498390 0.435540
vt 0.498564 0.429842
vt 0.498707 0.423262
vt 0.483985 0.435490
vt 0.491294 0.429843
vt 0.491169 0.435540
vt 0.484074 0.429792
vt 0.491422 0.423262
vt 0.484437 0.410839
vt 0.491536 0.416658
vt 0.484315 0.416608
vt 0.491621 0.410889
vt 0.484189 0.423212
vt 0.400558 0.542544
vt 0.399055 0.550084
vt 0.395374 0.549046
vt 0.402982 0.551215
vt 0.395155 0.556134
vt 0.391367 0.555437
vt 0.399190 0.556893
vt 0.529762 0.440912
vt 0.534800 0.441406
vt 0.539933 0.441756
vt 0.406632 0.552297
vt 0.402939 0.557622
vt 0.551346 0.437434
vt 0.545336 0.441969
vt 0.398244 0.569128
vt 0.396363 0.562732
vt 0.400169 0.563172
vt 0.390272 0.568673
vt 0.388413 0.561862
vt 0.392264 0.562277
vt 0.394405 0.568902
vt 0.557571 0.430185
vt 0.557716 0.437387
vt 0.557280 0.421779
vt 0.564428 0.430040
vt 0.564603 0.437242
vt 0.564127 0.421634
vt 0.556899 0.413556
vt 0.556484 0.406900
vt 0.563756 0.413411
vt 0.578386 0.412959
vt 0.570605 0.406546
vt 0.578011 0.406304
vt 0.578753 0.421183
vt 0.570979 0.413201
vt 0.563371 0.406755
vt 0.571347 0.421425
vt 0.579058 0.429588
vt 0.571837 0.437033
vt 0.571651 0.429830
vt 0.400418 0.426574
vt 0.396383 0.426502
vt 0.399907 0.419648
vt 0.392092 0.426521
vt 0.395862 0.419524
vt 0.387920 0.426597
vt 0.384245 0.426699
vt 0.387373 0.419487
vt 0.391558 0.419479
vt 0.387245 0.404755
vt 0.383520 0.412190
vt 0.383550 0.404773
vt 0.391442 0.404769
vt 0.387212 0.412172
vt 0.383686 0.419526
vt 0.391405 0.412186
vt 0.399819 0.404977
vt 0.395717 0.412254
vt 0.395761 0.404836
vt 0.399770 0.412394
vt 0.477167 0.410743
vt 0.477024 0.416512
vt 0.469833 0.410613
vt 0.476890 0.423115
vt 0.469678 0.416382
vt 0.476715 0.435394
vt 0.476782 0.429696
vt 0.469381 0.435264
vt 0.469437 0.429566
vt 0.469541 0.422985
vt 0.454604 0.434948
vt 0.462056 0.429413
vt 0.462003 0.435112
vt 0.454657 0.429249
vt 0.462159 0.422832
vt 0.455056 0.410297
vt 0.462297 0.416229
vt 0.454899 0.416065
vt 0.462455 0.410461
vt 0.454760 0.422668
vt 0.386386 0.568467
vt 0.389068 0.575480
vt 0.385161 0.575399
vt 0.393225 0.575572
vt 0.388456 0.582593
vt 0.384537 0.582576
vt 0.392627 0.582618
vt 0.551186 0.442048
vt 0.557658 0.441999
vt 0.564597 0.441854
vt 0.397085 0.575670
vt 0.396500 0.582652
vt 0.579243 0.436791
vt 0.571847 0.441646
vt 0.396290 0.597348
vt 0.392417 0.589915
vt 0.396300 0.589927
vt 0.388218 0.597333
vt 0.384314 0.589915
vt 0.388238 0.589912
vt 0.392402 0.597336
vt 0.501870 0.485054
vt 0.671822 0.489075
vt 0.502005 0.482412
vt 0.671822 0.485054
vt 0.683994 0.498850
vt 0.518496 0.497795
vt 0.684330 0.500981
vt 0.518641 0.499893
vt 0.476508 0.496340
vt 0.476463 0.498390
vt 0.450978 0.494128
vt 0.458498 0.485053
vt 0.431896 0.485054
vt 0.458766 0.482412
vt 0.432336 0.482412
vt 0.406899 0.485054
vt 0.407736 0.482412
vt 0.416538 0.485054
vt 0.417173 0.482412
vt 0.436477 0.490980
vt 0.427575 0.486718
vt 0.435919 0.492852
vt 0.426742 0.488449
vt 0.450691 0.496104
vt 0.458498 0.517785
vt 0.501870 0.517785
vt 0.458766 0.520426
vt 0.431896 0.517785
vt 0.432336 0.520426
vt 0.522910 0.504300
vt 0.479904 0.505756
vt 0.453745 0.507969
vt 0.522648 0.502264
vt 0.479447 0.503768
vt 0.453040 0.506055
vt 0.438873 0.511118
vt 0.429727 0.515382
vt 0.437890 0.509308
vt 0.406899 0.517785
vt 0.416538 0.517785
vt 0.407736 0.520426
vt 0.417173 0.520426
vt 0.418843 0.481164
vt 0.417755 0.482711
vt 0.410571 0.474709
vt 0.397454 0.485054
vt 0.388516 0.485054
vt 0.398483 0.482412
vt 0.389721 0.482412
vt 0.513656 0.406641
vt 0.521971 0.410531
vt 0.513233 0.403917
vt 0.521628 0.406459
vt 0.380397 0.485054
vt 0.521040 0.403738
vt 0.529567 0.406219
vt 0.403050 0.467747
vt 0.396567 0.460672
vt 0.401535 0.468854
vt 0.394896 0.461551
vt 0.409254 0.476043
vt 0.397454 0.517785
vt 0.398483 0.520426
vt 0.388516 0.517785
vt 0.389721 0.520427
vt 0.420745 0.520940
vt 0.412228 0.527399
vt 0.428461 0.513714
vt 0.419217 0.519456
vt 0.410463 0.526127
vt 0.404475 0.534364
vt 0.397787 0.541443
vt 0.402508 0.533319
vt 0.513056 0.439324
vt 0.521028 0.439142
vt 0.380397 0.517785
vt 0.512537 0.441875
vt 0.520344 0.441696
vt 0.381758 0.520427
vt 0.391415 0.453877
vt 0.389632 0.454539
vt 0.387459 0.447227
vt 0.506090 0.406758
vt 0.498802 0.406814
vt 0.505825 0.404032
vt 0.498679 0.404088
vt 0.484538 0.406765
vt 0.484627 0.404040
vt 0.491661 0.406814
vt 0.491658 0.404089
vt 0.384567 0.440587
vt 0.382605 0.433821
vt 0.382663 0.440888
vt 0.380676 0.433998
vt 0.385601 0.447693
vt 0.505491 0.439440
vt 0.505129 0.441990
vt 0.498202 0.439497
vt 0.497983 0.442046
vt 0.392461 0.548241
vt 0.388362 0.554895
vt 0.395656 0.540627
vt 0.390214 0.547643
vt 0.386037 0.554492
vt 0.385352 0.561539
vt 0.383294 0.568309
vt 0.382980 0.561300
vt 0.483939 0.439447
vt 0.491061 0.439497
vt 0.483930 0.441999
vt 0.490962 0.442048
vt 0.381441 0.426794
vt 0.379499 0.426897
vt 0.380875 0.419572
vt 0.477305 0.406669
vt 0.469989 0.406540
vt 0.477448 0.403946
vt 0.470158 0.403817
vt 0.455217 0.406224
vt 0.455395 0.403501
vt 0.462617 0.406387
vt 0.462795 0.403665
vt 0.380708 0.412220
vt 0.380741 0.404803
vt 0.378764 0.412274
vt 0.378801 0.404857
vt 0.378929 0.419638
vt 0.476706 0.439352
vt 0.476752 0.441904
vt 0.469389 0.439223
vt 0.469462 0.441775
vt 0.382052 0.575339
vt 0.381420 0.582565
vt 0.380895 0.568194
vt 0.379638 0.575299
vt 0.379002 0.582562
vt 0.384291 0.597336
vt 0.381196 0.589921
vt 0.381175 0.597342
vt 0.378780 0.589931
vt 0.454618 0.438907
vt 0.462017 0.439070
vt 0.454699 0.441460
vt 0.462099 0.441623
vt 0.661709 0.442243
vt 0.524265 0.519571
vt 0.692432 0.514595
vt 0.692350 0.518857
vt 0.692426 0.506185
vt 0.692449 0.510169
vt 0.692388 0.503244
vt 0.692321 0.501176
vt 0.671822 0.517785
vt 0.502005 0.520426
vt 0.800012 0.470414
vt 0.800195 0.477359
vt 0.799951 0.462031
vt 0.800012 0.453612
vt 0.812422 0.489075
vt 0.812474 0.494817
vt 0.812422 0.513763
vt 0.812474 0.508021
vt 0.812491 0.501419
vt 0.819756 0.482572
vt 0.684327 0.483285
vt 0.819908 0.490958
vt 0.819651 0.486653
vt 0.800195 0.446555
vt 0.841174 0.453634
vt 0.841540 0.446579
vt 0.864987 0.453669
vt 0.841052 0.462053
vt 0.864788 0.462087
vt 0.878127 0.446672
vt 0.883885 0.453793
vt 0.877280 0.453720
vt 0.883521 0.462209
vt 0.876998 0.462137
vt 0.865583 0.446617
vt 0.878127 0.477476
vt 0.883885 0.470595
vt 0.884976 0.477553
vt 0.865583 0.477420
vt 0.877280 0.470522
vt 0.864987 0.470471
vt 0.841174 0.470436
vt 0.841540 0.477383
vt 0.800500 0.481467
vt 0.842150 0.481494
vt 0.860402 0.481586
vt 0.884246 0.480054
vt 0.860664 0.485532
vt 0.879537 0.481597
vt 0.904013 0.474732
vt 0.898135 0.481316
vt 0.896909 0.477820
vt 0.866576 0.481536
vt 0.884969 0.483807
vt 0.901498 0.488419
vt 0.907902 0.481271
vt 0.910091 0.484368
vt 0.887320 0.491405
vt 0.899786 0.485023
vt 0.905732 0.477901
vt 0.886092 0.487777
vt 0.820346 0.494876
vt 0.861304 0.489700
vt 0.862091 0.493500
vt 0.855882 0.489075
vt 0.882596 0.489075
vt 0.855985 0.494817
vt 0.882766 0.494817
vt 0.856020 0.501419
vt 0.907856 0.489075
vt 0.898329 0.494817
vt 0.898082 0.489075
vt 0.908183 0.494817
vt 0.898411 0.501419
vt 0.882823 0.501419
vt 0.907856 0.513763
vt 0.898329 0.508021
vt 0.908183 0.508021
vt 0.898082 0.513763
vt 0.882766 0.508021
vt 0.908292 0.501419
vt 0.855882 0.513763
vt 0.855985 0.508021
vt 0.882596 0.513763
vt 0.832222 0.507184
vt 0.874269 0.512342
vt 0.831888 0.511083
vt 0.874959 0.508562
vt 0.899638 0.514266
vt 0.873469 0.516529
vt 0.831480 0.515408
vt 0.898345 0.518256
vt 0.915274 0.513646
vt 0.921924 0.520775
vt 0.913641 0.517021
vt 0.919563 0.524164
vt 0.911809 0.520747
vt 0.900778 0.510658
vt 0.884976 0.446749
vt 0.879537 0.442392
vt 0.886795 0.442476
vt 0.866576 0.442331
vt 0.917246 0.527415
vt 0.909994 0.524325
vt 0.800500 0.442262
vt 0.842150 0.442289
vt 0.872638 0.520557
vt 0.897044 0.522090
vt 0.890632 0.453891
vt 0.891936 0.446852
vt 0.897239 0.454007
vt 0.890198 0.462304
vt 0.896745 0.462418
vt 0.905053 0.447108
vt 0.908907 0.454266
vt 0.903425 0.454134
vt 0.908328 0.462674
vt 0.902882 0.462544
vt 0.898722 0.446974
vt 0.905053 0.477911
vt 0.908907 0.471068
vt 0.910646 0.478049
vt 0.898722 0.477778
vt 0.903425 0.470936
vt 0.897239 0.470809
vt 0.890632 0.470693
vt 0.891936 0.477656
vt 0.886795 0.481681
vt 0.894108 0.481793
vt 0.911179 0.470633
vt 0.918127 0.465811
vt 0.913327 0.473401
vt 0.907767 0.482069
vt 0.930256 0.455140
vt 0.927391 0.462409
vt 0.924579 0.460551
vt 0.901193 0.481925
vt 0.920641 0.468132
vt 0.934010 0.466292
vt 0.936877 0.458087
vt 0.940398 0.459536
vt 0.926637 0.472931
vt 0.930726 0.464417
vt 0.933297 0.456548
vt 0.923656 0.470622
vt 0.915953 0.476356
vt 0.918568 0.479081
vt 0.917433 0.489075
vt 0.926496 0.489075
vt 0.917839 0.494817
vt 0.926975 0.494817
vt 0.917974 0.501419
vt 0.395653 0.409508
vt 0.387115 0.415600
vt 0.387676 0.410015
vt 0.395155 0.415090
vt 0.386680 0.422097
vt 0.934725 0.489075
vt 0.935269 0.494817
vt 0.927135 0.501419
vt 0.394349 0.433918
vt 0.386418 0.428655
vt 0.394458 0.428145
vt 0.934725 0.513763
vt 0.926975 0.508021
vt 0.935269 0.508021
vt 0.394741 0.421585
vt 0.935451 0.501419
vt 0.917433 0.513763
vt 0.917839 0.508021
vt 0.926496 0.513763
vt 0.924045 0.517698
vt 0.930133 0.525694
vt 0.932686 0.522988
vt 0.937980 0.531430
vt 0.927309 0.528667
vt 0.934760 0.533939
vt 0.948407 0.535785
vt 0.951427 0.543972
vt 0.945174 0.537638
vt 0.947635 0.545529
vt 0.941631 0.539665
vt 0.940905 0.529141
vt 0.910646 0.447246
vt 0.907767 0.442864
vt 0.913545 0.443012
vt 0.901194 0.442720
vt 0.943977 0.547018
vt 0.938203 0.541604
vt 0.894108 0.442589
vt 0.924554 0.531516
vt 0.931634 0.536341
vt 0.913405 0.454396
vt 0.623271 0.438020
vt 0.617919 0.431000
vt 0.622506 0.431128
vt 0.912800 0.462802
vt 0.617624 0.422642
vt 0.622155 0.422769
vt 0.613418 0.437813
vt 0.607436 0.430890
vt 0.612959 0.430921
vt 0.607221 0.422532
vt 0.612710 0.422563
vt 0.618516 0.437892
vt 0.612928 0.407042
vt 0.607170 0.414106
vt 0.607303 0.407012
vt 0.618027 0.407121
vt 0.612692 0.414137
vt 0.617652 0.414216
vt 0.627376 0.407429
vt 0.622239 0.414344
vt 0.622781 0.407249
vt 0.913405 0.471198
vt 0.628720 0.403067
vt 0.623804 0.402885
vt 0.934879 0.449863
vt 0.938526 0.444541
vt 0.938076 0.450865
vt 0.613441 0.402677
vt 0.943198 0.433041
vt 0.944628 0.439354
vt 0.941273 0.438994
vt 0.618769 0.402756
vt 0.941822 0.445191
vt 0.952404 0.440228
vt 0.950544 0.433399
vt 0.954433 0.433627
vt 0.949471 0.446650
vt 0.948551 0.439792
vt 0.946586 0.433188
vt 0.945681 0.445932
vt 0.941826 0.451978
vt 0.945510 0.453037
vt 0.403242 0.409185
vt 0.410563 0.409030
vt 0.402805 0.414764
vt 0.410182 0.414609
vt 0.402411 0.421259
vt 0.424892 0.409167
vt 0.417406 0.414608
vt 0.417739 0.409029
vt 0.424595 0.414748
vt 0.417048 0.421103
vt 0.409808 0.421104
vt 0.423588 0.433577
vt 0.416709 0.427663
vt 0.423898 0.427803
vt 0.416436 0.433438
vt 0.409485 0.427664
vt 0.424249 0.421243
vt 0.401938 0.433594
vt 0.402107 0.427819
vt 0.409259 0.433439
vt 0.954899 0.542544
vt 0.956450 0.550084
vt 0.960087 0.549046
vt 0.960354 0.556134
vt 0.952488 0.551215
vt 0.956283 0.556893
vt 0.967053 0.561862
vt 0.965243 0.568673
vt 0.963248 0.562277
vt 0.961074 0.568902
vt 0.959114 0.562732
vt 0.964096 0.555437
vt 0.607793 0.437783
vt 0.614064 0.441840
vt 0.608268 0.441811
vt 0.619392 0.441919
vt 0.957069 0.569128
vt 0.955141 0.563172
vt 0.945478 0.553190
vt 0.948673 0.552297
vt 0.624427 0.442048
vt 0.952368 0.557622
vt 0.601163 0.430908
vt 0.601458 0.437801
vt 0.594327 0.430961
vt 0.600969 0.422549
vt 0.594142 0.422603
vt 0.587369 0.437931
vt 0.579715 0.431127
vt 0.587115 0.431038
vt 0.579534 0.422769
vt 0.586934 0.422680
vt 0.594591 0.437854
vt 0.586880 0.407160
vt 0.579448 0.414343
vt 0.579480 0.407249
vt 0.594101 0.407083
vt 0.586848 0.414254
vt 0.594060 0.414177
vt 0.600896 0.414124
vt 0.600969 0.407030
vt 0.607645 0.402648
vt 0.601208 0.402666
vt 0.944380 0.426503
vt 0.945003 0.419525
vt 0.947789 0.426521
vt 0.587051 0.402796
vt 0.945319 0.404837
vt 0.948686 0.412187
vt 0.945254 0.412254
vt 0.594290 0.402719
vt 0.948427 0.419479
vt 0.956619 0.412190
vt 0.952767 0.404755
vt 0.956698 0.404773
vt 0.956346 0.419526
vt 0.952691 0.412172
vt 0.948758 0.404769
vt 0.952423 0.419487
vt 0.951771 0.426597
vt 0.955682 0.426699
vt 0.432142 0.409431
vt 0.439465 0.409788
vt 0.431867 0.415012
vt 0.439202 0.415370
vt 0.431528 0.421508
vt 0.454235 0.410659
vt 0.446578 0.415791
vt 0.446838 0.410208
vt 0.453975 0.416242
vt 0.446244 0.422286
vt 0.438866 0.421866
vt 0.452931 0.435069
vt 0.445880 0.428846
vt 0.453277 0.429297
vt 0.445534 0.434618
vt 0.438504 0.428425
vt 0.453640 0.422738
vt 0.430838 0.433841
vt 0.431170 0.428067
vt 0.438162 0.434198
vt 0.969083 0.568467
vt 0.966450 0.575480
vt 0.970312 0.575399
vt 0.967066 0.582593
vt 0.962258 0.575572
vt 0.962859 0.582618
vt 0.971167 0.589915
vt 0.967311 0.597333
vt 0.967287 0.589912
vt 0.963092 0.597336
vt 0.963073 0.589914
vt 0.970940 0.582576
vt 0.579969 0.438020
vt 0.587674 0.441959
vt 0.580275 0.442048
vt 0.594913 0.441882
vt 0.959037 0.597348
vt 0.959024 0.589927
vt 0.601831 0.441829
vt 0.958232 0.575670
vt 0.958820 0.582652
vt 0.812336 0.485054
vt 0.812202 0.482412
vt 0.820785 0.497795
vt 0.862794 0.496340
vt 0.821311 0.499893
vt 0.888356 0.494128
vt 0.863511 0.498390
vt 0.902904 0.490980
vt 0.911868 0.486719
vt 0.904136 0.492852
vt 0.889316 0.496104
vt 0.907310 0.485054
vt 0.897671 0.485054
vt 0.906474 0.482412
vt 0.882312 0.485054
vt 0.897036 0.482412
vt 0.855709 0.485054
vt 0.855441 0.482412
vt 0.881872 0.482412
vt 0.855709 0.517785
vt 0.812336 0.517785
vt 0.882312 0.517785
vt 0.855441 0.520426
vt 0.812202 0.520426
vt 0.881872 0.520426
vt 0.907310 0.517785
vt 0.897671 0.517785
vt 0.906475 0.520427
vt 0.897036 0.520426
vt 0.916494 0.511118
vt 0.925642 0.515382
vt 0.901620 0.507969
vt 0.917343 0.509308
vt 0.926774 0.513714
vt 0.902192 0.506055
vt 0.832453 0.504300
vt 0.875460 0.505756
vt 0.832581 0.502264
vt 0.875783 0.503768
vt 0.920681 0.481164
vt 0.913377 0.488449
vt 0.929047 0.474709
vt 0.922448 0.482711
vt 0.936671 0.467747
vt 0.943257 0.460672
vt 0.938871 0.468854
vt 0.931047 0.476043
vt 0.396190 0.405692
vt 0.933818 0.485054
vt 0.940771 0.469684
vt 0.945617 0.461551
vt 0.947642 0.462224
vt 0.925697 0.485054
vt 0.932458 0.482412
vt 0.916757 0.485054
vt 0.915729 0.482412
vt 0.924492 0.482412
vt 0.916757 0.517785
vt 0.925698 0.517785
vt 0.915729 0.520427
vt 0.924492 0.520427
vt 0.386372 0.434424
vt 0.394462 0.438054
vt 0.386589 0.438555
vt 0.394814 0.440905
vt 0.387104 0.441398
vt 0.933818 0.517785
vt 0.378764 0.439217
vt 0.379440 0.442048
vt 0.950903 0.534364
vt 0.957595 0.541443
vt 0.943147 0.527399
vt 0.952738 0.533319
vt 0.959593 0.540627
vt 0.944778 0.526127
vt 0.934626 0.520940
vt 0.936022 0.519456
vt 0.948509 0.453877
vt 0.952562 0.447227
vt 0.950984 0.454539
vt 0.955552 0.440587
vt 0.957612 0.433821
vt 0.958153 0.440888
vt 0.955115 0.447693
vt 0.425092 0.405352
vt 0.418001 0.405215
vt 0.425215 0.402978
vt 0.410905 0.405217
vt 0.418215 0.402843
vt 0.403677 0.405371
vt 0.953099 0.455062
vt 0.411238 0.402847
vt 0.401949 0.437734
vt 0.409176 0.437579
vt 0.402144 0.440588
vt 0.409231 0.440434
vt 0.423364 0.437715
vt 0.416272 0.437578
vt 0.423208 0.440564
vt 0.416207 0.440430
vt 0.970040 0.561539
vt 0.972101 0.568309
vt 0.967026 0.554895
vt 0.972280 0.561300
vt 0.974368 0.568194
vt 0.969219 0.554492
vt 0.962924 0.548241
vt 0.965038 0.547643
vt 0.958879 0.426794
vt 0.960241 0.433998
vt 0.959551 0.419573
vt 0.961522 0.426898
vt 0.959826 0.412220
vt 0.959902 0.404803
vt 0.962471 0.412274
vt 0.962198 0.419638
vt 0.454376 0.406840
vt 0.446978 0.406390
vt 0.454409 0.404461
vt 0.439612 0.405971
vt 0.447011 0.404012
vt 0.432306 0.405614
vt 0.432375 0.403238
vt 0.439653 0.403593
vt 0.430577 0.437977
vt 0.437883 0.438333
vt 0.430367 0.440825
vt 0.437646 0.441180
vt 0.452647 0.439203
vt 0.445250 0.438753
vt 0.452402 0.442048
vt 0.445004 0.441598
vt 0.971193 0.597336
vt 0.974211 0.589921
vt 0.974235 0.597342
vt 0.973983 0.582565
vt 0.976494 0.589931
vt 0.976514 0.597352
vt 0.976268 0.582562
vt 0.973347 0.575339
vt 0.975628 0.575299
vt 0.831024 0.519571
vt 0.167539 0.129334
vt 0.165217 0.129334
vt 0.141858 0.070729
vt 0.160853 0.103994
vt 0.161352 0.092930
vt 0.165195 0.095787
vt 0.159135 0.127413
vt 0.163024 0.095787
vt 0.197123 0.129334
vt 0.169862 0.092174
vt 0.165195 0.095765
vt 0.159295 0.129334
vt 0.686656 0.091666
vt 0.586282 0.091666
vt 0.658769 0.669192
vt 0.561087 0.091666
vt 0.632208 0.659719
vt 0.638702 0.694137
vt 0.632616 0.311112
vt 0.795860 0.767284
vt 0.795860 0.167380
vt 0.433157 0.167380
vt 0.781764 0.767284
vt 0.399873 0.481793
vt 0.642732 0.437297
vt 0.637475 0.442048
vt 0.636616 0.437297
vt 0.425405 0.464009
vt 0.380438 0.443012
vt 0.378764 0.478184
vt 0.579253 0.441405
vt 0.671822 0.482412
vt 0.528817 0.403501
vt 0.378764 0.597352
vt 0.671822 0.520426
vt 0.913545 0.482217
vt 0.915220 0.447381
vt 0.626641 0.414521
vt 0.940908 0.548242
vt 0.949094 0.558228
vt 0.579652 0.402885
vt 0.388318 0.406192
vt 0.404152 0.403001
vt 0.962542 0.404857
s 1
f 11/1/1 13/2/1 12/3/1
f 19/4/2 21/5/2 20/6/2
f 9/7/3 15/8/3 10/9/3
f 17/10/4 23/11/4 18/12/4
f 26/13/5 19/14/5 20/15/5
f 28/16/5 17/17/5 18/18/5
f 37/19/6 90/20/7 91/21/7
f 40/22/6 71/23/8 72/24/8
f 6/25/1 11/1/1 2/26/1
f 5/27/1 12/3/1 13/2/1
f 7/28/3 9/7/3 3/29/3
f 8/30/3 10/9/3 15/8/3
f 50/31/5 26/13/5 57/32/5
f 49/33/5 28/16/5 58/34/5
f 52/35/9 30/36/10 59/37/9
f 51/38/11 32/39/12 60/40/11
f 46/41/2 22/42/2 19/4/2
f 47/43/2 20/6/2 21/5/2
f 45/44/4 24/45/4 17/10/4
f 53/46/4 23/11/4 48/47/4
f 57/32/5 20/15/5 54/48/5
f 46/49/5 25/50/5 49/33/5
f 58/34/5 18/18/5 53/51/5
f 50/31/5 17/17/5 27/52/5
f 59/37/9 91/21/7 74/53/13
f 73/54/7 38/55/6 51/38/11
f 60/40/11 72/24/8 64/56/8
f 52/35/9 71/23/8 41/57/6
f 25/58/4 29/59/4 30/36/4
f 27/60/3 29/61/3 26/62/3
f 27/63/2 31/64/2 32/65/2
f 25/66/1 31/67/1 28/68/1
f 61/69/14 6/70/2 47/43/2
f 22/42/2 34/71/15 21/5/2
f 62/72/14 22/42/2 55/73/2
f 8/30/3 15/8/3 36/74/3
f 29/59/4 37/19/4 30/36/4
f 29/59/4 51/38/4 38/55/4
f 14/75/1 6/25/1 65/76/1
f 5/27/1 13/2/1 39/77/1
f 31/64/2 40/78/2 32/65/2
f 31/64/2 52/79/2 41/80/2
f 16/81/3 7/28/3 70/82/3
f 63/83/16 7/84/4 48/47/4
f 24/45/4 43/85/17 23/11/4
f 100/86/18 24/45/4 56/87/4
f 11/88/5 50/31/5 57/32/5
f 9/89/5 49/33/5 58/34/5
f 15/90/6 52/35/9 59/37/9
f 14/91/6 60/40/11 13/92/6
f 8/93/2 46/41/2 4/94/2
f 2/95/2 47/43/2 6/70/2
f 5/96/4 45/44/4 1/97/4
f 3/98/4 48/47/4 7/84/4
f 2/99/5 57/32/5 54/48/5
f 10/100/5 46/49/5 49/33/5
f 9/89/5 53/51/5 3/101/5
f 12/102/5 45/103/5 50/31/5
f 68/104/7 59/37/9 74/53/13
f 14/91/6 73/54/7 51/38/11
f 13/92/6 64/56/8 69/105/8
f 16/106/6 75/107/8 52/35/9
f 34/71/15 47/43/2 21/5/2
f 8/93/2 62/72/14 55/73/2
f 59/37/4 30/36/4 37/19/4
f 60/108/2 32/65/2 40/78/2
f 43/85/17 48/47/4 23/11/4
f 39/109/16 56/87/4 5/96/4
f 77/110/19 97/111/20 89/112/21
f 78/113/22 67/114/21 66/115/21
f 79/116/23 98/117/24 67/114/21
f 82/118/25 99/119/26 94/120/26
f 83/121/25 96/122/26 95/123/26
f 84/124/27 88/125/26 96/122/26
f 85/126/28 66/115/21 97/111/20
f 86/127/22 92/128/20 98/117/24
f 99/119/26 83/121/25 95/123/26
f 76/129/27 93/130/26 88/125/26
f 89/112/21 73/131/7 65/132/7
f 66/115/21 91/133/7 90/134/7
f 67/114/21 74/135/13 91/133/7
f 94/120/26 75/107/8 70/136/29
f 95/123/26 72/24/8 71/23/8
f 96/122/26 64/56/8 72/24/8
f 97/111/20 90/134/7 73/131/7
f 98/117/24 68/137/7 74/135/13
f 99/119/26 71/23/8 75/107/8
f 88/125/26 69/105/8 64/56/8
f 33/138/14 85/126/28 77/110/19
f 34/71/15 79/116/23 78/113/22
f 35/139/14 86/127/22 79/116/23
f 42/140/16 87/141/25 82/118/25
f 43/85/17 84/124/27 83/121/25
f 44/142/16 76/129/27 84/124/27
f 61/69/14 78/113/22 85/126/28
f 62/72/14 80/143/28 86/127/22
f 63/83/16 83/121/25 87/141/25
f 100/86/18 81/144/27 76/129/27
f 15/8/3 68/145/3 92/146/3
f 92/146/3 80/147/30 36/74/3
f 15/8/3 92/146/3 36/74/3
f 6/25/1 33/148/1 77/149/1
f 77/149/1 89/150/31 65/76/1
f 6/25/1 77/149/1 65/76/1
f 13/2/1 69/151/1 93/152/1
f 93/152/1 81/153/1 39/77/1
f 13/2/1 93/152/1 39/77/1
f 7/28/3 42/154/3 82/155/3
f 82/155/3 94/156/32 70/82/3
f 7/28/3 82/155/3 70/82/3
f 101/157/2 103/158/2 102/159/2
f 103/160/1 105/161/1 102/162/1
f 105/163/4 108/164/4 107/165/4
f 108/166/3 101/167/3 107/168/3
f 111/169/33 101/170/5 102/171/5
f 114/172/8 103/173/6 104/174/6
f 112/175/34 102/171/5 105/176/5
f 110/177/8 106/178/6 103/173/6
f 113/179/34 105/176/5 107/180/5
f 116/181/7 108/182/6 106/178/6
f 109/183/33 107/180/5 101/170/5
f 115/184/7 104/174/6 108/182/6
f 117/185/35 118/186/36 122/187/37
f 120/188/38 118/189/39 119/190/40
f 120/191/41 123/192/42 124/193/43
f 117/194/44 123/195/45 121/196/44
f 119/197/35 109/183/33 111/169/33
f 120/188/38 111/198/46 112/199/46
f 113/179/34 120/200/41 112/175/34
f 109/201/47 121/196/44 113/202/48
f 122/203/37 110/177/8 114/172/8
f 115/204/49 122/205/45 114/206/50
f 124/207/43 115/184/7 116/181/7
f 118/189/39 116/208/51 110/209/51
f 342/210/52 454/211/53 125/212/54
f 233/213/55 761/214/56 342/210/52
f 341/215/57 343/216/58 863/217/59
f 233/213/55 863/217/59 563/218/60
f 145/219/61 864/220/62 345/221/63
f 345/221/63 661/222/64 234/223/65
f 146/224/66 762/225/67 455/226/68
f 346/227/69 661/222/64 762/225/67
f 125/212/54 865/228/70 347/229/71
f 347/230/71 662/231/72 235/232/73
f 458/233/74 348/234/75 763/235/76
f 763/235/76 235/232/73 662/231/72
f 126/236/77 764/237/78 359/238/79
f 341/215/57 564/239/80 764/237/78
f 359/238/79 567/240/81 241/241/82
f 764/237/78 185/242/83 567/240/81
f 125/212/54 765/243/84 342/210/52
f 361/244/85 565/245/86 765/243/84
f 342/210/52 564/239/80 233/213/55
f 765/243/84 185/242/83 564/239/80
f 352/246/87 362/247/88 130/248/89
f 237/249/90 766/250/91 352/246/87
f 766/250/91 242/251/92 362/247/88
f 566/252/93 565/245/86 766/250/91
f 351/253/94 360/254/95 767/255/96
f 767/255/96 241/241/82 567/240/81
f 237/249/90 767/255/96 566/252/93
f 566/252/93 567/240/81 185/242/83
f 347/229/71 361/244/85 125/212/54
f 235/232/73 768/256/97 347/230/71
f 768/257/97 242/251/92 361/244/85
f 568/258/98 571/259/99 768/256/97
f 127/260/100 769/261/101 348/234/75
f 363/262/102 569/263/103 769/261/101
f 348/234/75 568/258/98 235/232/73
f 769/261/101 186/264/104 568/258/98
f 354/265/105 364/266/106 147/267/107
f 238/268/108 770/269/109 354/265/105
f 770/269/109 243/270/110 364/266/106
f 570/271/111 569/263/103 770/269/109
f 130/248/89 771/272/112 353/273/113
f 362/247/88 571/274/99 771/272/112
f 353/275/113 570/271/111 238/268/108
f 771/276/112 186/264/104 570/271/111
f 345/221/63 435/277/114 145/219/61
f 234/223/65 772/278/115 345/221/63
f 772/278/115 279/279/116 435/277/114
f 572/280/117 575/281/118 772/278/115
f 346/227/69 365/282/119 773/283/120
f 773/283/120 244/284/121 573/285/122
f 234/223/65 773/283/120 572/280/117
f 572/280/117 573/285/122 187/286/123
f 148/287/124 774/288/125 366/289/126
f 356/290/127 574/291/128 774/288/125
f 366/289/126 573/285/122 244/284/121
f 774/288/125 187/286/123 573/285/122
f 131/292/129 775/293/130 355/294/131
f 436/295/132 575/281/118 775/293/130
f 355/294/131 574/291/128 239/296/133
f 775/293/130 187/286/123 574/291/128
f 128/297/134 776/298/135 437/299/136
f 349/300/137 576/301/138 776/298/135
f 437/299/136 579/302/139 280/303/140
f 776/298/135 188/304/141 579/302/139
f 350/305/142 359/238/79 777/306/143
f 777/306/143 241/241/82 577/307/144
f 236/308/145 777/309/143 576/301/138
f 576/301/138 577/310/144 188/304/141
f 129/311/146 778/312/147 360/254/95
f 358/313/148 578/314/149 778/315/147
f 360/254/95 577/307/144 241/241/82
f 778/315/147 188/304/141 577/310/144
f 357/316/150 438/317/151 779/318/152
f 779/318/152 280/303/140 579/302/139
f 240/319/153 779/318/152 578/314/149
f 578/314/149 579/302/139 188/304/141
f 129/311/146 780/320/154 375/321/155
f 351/253/94 580/322/156 780/320/154
f 375/321/155 583/323/157 249/324/158
f 780/320/154 189/325/159 583/323/157
f 130/248/89 781/326/160 352/246/87
f 377/327/161 581/328/162 781/326/160
f 352/246/87 580/322/156 237/249/90
f 781/326/160 189/325/159 580/322/156
f 368/329/163 378/330/164 134/331/165
f 245/332/166 782/333/167 368/329/163
f 782/333/167 250/334/168 378/330/164
f 582/335/169 581/328/162 782/333/167
f 367/336/170 376/337/171 783/338/172
f 783/338/172 249/324/158 583/323/157
f 245/332/166 783/338/172 582/335/169
f 582/335/169 583/323/157 189/325/159
f 353/273/113 377/327/161 130/248/89
f 238/268/108 784/339/173 353/275/113
f 784/340/173 250/341/168 377/342/161
f 584/343/174 587/344/175 784/339/173
f 147/267/107 785/345/176 354/265/105
f 379/346/177 585/347/178 785/345/176
f 354/265/105 584/343/174 238/268/108
f 785/345/176 190/348/179 584/343/174
f 370/349/180 380/350/181 149/351/182
f 246/352/183 786/353/184 370/349/180
f 786/353/184 251/354/185 380/350/181
f 586/355/186 585/347/178 786/353/184
f 134/356/165 787/357/187 369/358/188
f 378/359/164 587/344/175 787/357/187
f 369/358/188 586/355/186 246/352/183
f 787/357/187 190/348/179 586/355/186
f 355/294/131 439/360/189 131/292/129
f 239/296/133 788/361/190 355/294/131
f 788/361/190 281/362/191 439/360/189
f 588/363/192 591/364/193 788/361/190
f 356/290/127 381/365/194 789/366/195
f 789/366/195 252/367/196 589/368/197
f 239/296/133 789/366/195 588/363/192
f 588/363/192 589/368/197 191/369/198
f 150/370/199 790/371/200 382/372/201
f 372/373/202 590/374/203 790/371/200
f 382/375/201 589/368/197 252/367/196
f 790/376/200 191/369/198 589/368/197
f 135/377/204 791/378/205 371/379/206
f 440/380/207 591/364/193 791/381/205
f 371/379/206 590/374/203 247/382/208
f 791/381/205 191/369/198 590/383/203
f 132/384/209 792/385/210 441/386/211
f 357/316/150 592/387/212 792/385/210
f 441/386/211 595/388/213 282/389/214
f 792/385/210 192/390/215 595/388/213
f 358/391/148 375/321/155 793/392/216
f 793/392/216 249/324/158 593/393/217
f 240/319/153 793/394/216 592/387/212
f 592/387/212 593/395/217 192/390/215
f 133/396/218 794/397/219 376/337/171
f 374/398/220 594/399/221 794/400/219
f 376/337/171 593/393/217 249/324/158
f 794/400/219 192/390/215 593/395/217
f 373/401/222 442/402/223 795/403/224
f 795/403/224 282/389/214 595/388/213
f 248/404/225 795/403/224 594/399/221
f 594/399/221 595/388/213 192/390/215
f 133/405/218 796/406/226 391/407/227
f 367/408/170 596/409/228 796/406/226
f 391/407/227 599/410/229 257/411/230
f 796/406/226 193/412/231 599/410/229
f 134/331/165 797/413/232 368/329/163
f 393/414/233 597/415/234 797/416/232
f 368/329/163 596/417/228 245/332/166
f 797/416/232 193/412/231 596/409/228
f 384/418/235 394/419/236 138/420/237
f 253/421/238 798/422/239 384/418/235
f 798/422/239 258/423/240 394/419/236
f 598/424/241 597/415/234 798/422/239
f 383/425/242 392/426/243 799/427/244
f 799/427/244 257/411/230 599/410/229
f 253/421/238 799/427/244 598/424/241
f 598/424/241 599/410/229 193/412/231
f 369/358/188 393/428/233 134/356/165
f 246/352/183 800/429/245 369/358/188
f 800/429/245 258/430/240 393/428/233
f 600/431/246 603/432/247 800/429/245
f 149/351/182 801/433/248 370/349/180
f 395/434/249 601/435/250 801/433/248
f 370/349/180 600/431/246 246/352/183
f 801/433/248 194/436/251 600/431/246
f 386/437/252 396/438/253 151/439/254
f 254/440/255 802/441/256 386/437/252
f 802/441/256 259/442/257 396/438/253
f 602/443/258 601/435/250 802/441/256
f 138/444/237 803/445/259 385/446/260
f 394/447/236 603/432/247 803/445/259
f 385/446/260 602/443/258 254/440/255
f 803/445/259 194/436/251 602/443/258
f 371/379/206 443/448/261 135/377/204
f 247/382/208 804/449/262 371/379/206
f 804/449/262 283/450/263 443/448/261
f 604/451/264 607/452/265 804/449/262
f 372/373/202 397/453/266 805/454/267
f 805/454/267 260/455/268 605/456/269
f 247/382/208 805/454/267 604/451/264
f 604/451/264 605/456/269 195/457/270
f 152/458/271 806/459/272 398/460/273
f 388/461/274 606/462/275 806/459/272
f 398/460/273 605/456/269 260/455/268
f 806/459/272 195/457/270 605/456/269
f 139/463/276 807/464/277 387/465/278
f 444/466/279 607/452/265 807/464/277
f 387/465/278 606/462/275 255/467/280
f 807/464/277 195/457/270 606/462/275
f 136/468/281 808/469/282 445/470/283
f 373/401/222 608/471/284 808/469/282
f 445/470/283 611/472/285 284/473/286
f 808/469/282 196/474/287 611/472/285
f 374/475/220 391/407/227 809/476/288
f 809/476/288 257/411/230 609/477/289
f 248/404/225 809/478/288 608/471/284
f 608/471/284 609/479/289 196/474/287
f 137/480/290 810/481/291 392/426/243
f 390/482/292 610/483/293 810/484/291
f 392/426/243 609/477/289 257/411/230
f 810/484/291 196/474/287 609/479/289
f 389/485/294 446/486/295 811/487/296
f 811/487/296 284/473/286 611/472/285
f 256/488/297 811/487/296 610/483/293
f 610/483/293 611/472/285 196/474/287
f 137/480/290 812/489/298 407/490/299
f 383/425/242 612/491/300 812/489/298
f 407/490/299 615/492/301 265/493/302
f 812/489/298 197/494/303 615/492/301
f 138/420/237 813/495/304 384/418/235
f 409/496/305 613/497/306 813/495/304
f 384/418/235 612/491/300 253/421/238
f 813/495/304 197/494/303 612/491/300
f 399/498/307 410/499/308 142/500/309
f 261/501/310 814/502/311 399/498/307
f 814/502/311 266/503/312 410/499/308
f 614/504/313 613/497/306 814/502/311
f 400/505/314 408/506/315 815/507/316
f 815/507/316 265/493/302 615/492/301
f 261/501/310 815/507/316 614/504/313
f 614/504/313 615/492/301 197/494/303
f 385/446/260 409/508/305 138/444/237
f 254/440/255 816/509/317 385/446/260
f 816/509/317 266/510/312 409/508/305
f 616/511/318 619/512/319 816/509/317
f 151/439/254 817/513/320 386/437/252
f 411/514/321 617/515/322 817/513/320
f 386/437/252 616/511/318 254/440/255
f 817/513/320 198/516/323 616/511/318
f 401/517/324 412/518/325 143/519/326
f 262/520/327 818/521/328 401/517/324
f 818/521/328 267/522/329 412/518/325
f 618/523/330 617/515/322 818/521/328
f 142/524/309 819/525/331 402/526/332
f 410/527/308 619/512/319 819/525/331
f 402/526/332 618/523/330 262/520/327
f 819/525/331 198/516/323 618/523/330
f 387/465/278 447/528/333 139/463/276
f 255/467/280 820/529/334 387/465/278
f 820/529/334 285/530/335 447/528/333
f 620/531/336 623/532/337 820/529/334
f 388/461/274 413/533/338 821/534/339
f 821/534/339 268/535/340 621/536/341
f 255/467/280 821/534/339 620/531/336
f 620/531/336 621/536/341 199/537/342
f 144/538/343 822/539/344 414/540/345
f 403/541/346 622/542/347 822/539/344
f 414/540/345 621/536/341 268/535/340
f 822/539/344 199/537/342 621/536/341
f 153/543/348 823/544/349 404/545/350
f 448/546/351 623/532/337 823/544/349
f 404/545/350 622/542/347 263/547/352
f 823/544/349 199/537/342 622/542/347
f 140/548/353 824/549/354 449/550/355
f 389/485/294 624/551/356 824/549/354
f 449/550/355 627/552/357 286/553/358
f 824/549/354 200/554/359 627/552/357
f 390/555/292 407/490/299 825/556/360
f 825/556/360 265/493/302 625/557/361
f 256/488/297 825/558/360 624/551/356
f 624/551/356 625/559/361 200/554/359
f 141/560/362 826/561/363 408/506/315
f 405/562/364 626/563/365 826/564/363
f 408/506/315 625/557/361 265/493/302
f 826/564/363 200/554/359 625/559/361
f 406/565/366 450/566/367 827/567/368
f 827/567/368 286/553/358 627/552/357
f 264/568/369 827/567/368 626/563/365
f 626/563/365 627/552/357 200/554/359
f 415/569/370 344/570/371 145/219/61
f 269/571/372 828/572/373 415/569/370
f 127/260/100 930/573/374 416/574/375
f 416/574/375 628/575/376 269/576/372
f 416/574/375 363/262/102 127/260/100
f 269/576/372 829/577/377 416/574/375
f 829/577/377 243/270/110 363/262/102
f 629/578/378 632/579/379 829/577/377
f 145/219/61 830/580/380 415/569/370
f 435/277/114 630/581/381 830/580/380
f 415/569/370 629/582/378 269/571/372
f 830/580/380 201/583/382 629/582/378
f 420/584/383 436/295/132 131/292/129
f 271/585/384 831/586/385 420/584/383
f 831/586/385 279/279/116 436/295/132
f 631/587/386 630/581/381 831/586/385
f 147/267/107 832/588/387 419/589/388
f 364/266/106 632/579/379 832/588/387
f 419/589/388 631/590/386 271/591/384
f 832/588/387 201/592/382 631/590/386
f 146/224/66 833/593/389 365/282/119
f 417/594/390 633/595/391 833/593/389
f 365/282/119 636/596/392 244/284/121
f 833/593/389 202/597/393 636/596/392
f 418/598/394 437/299/136 834/599/395
f 834/599/395 280/303/140 634/600/396
f 270/601/397 834/599/395 633/602/391
f 633/602/391 634/600/396 202/603/393
f 132/384/209 835/604/398 438/317/151
f 422/605/399 635/606/400 835/604/398
f 438/317/151 634/600/396 280/303/140
f 835/604/398 202/603/393 634/600/396
f 421/607/401 366/289/126 836/608/402
f 836/608/402 244/284/121 636/596/392
f 272/609/403 836/608/402 635/610/400
f 635/610/400 636/596/392 202/597/393
f 419/589/388 379/346/177 147/267/107
f 271/591/384 837/611/404 419/589/388
f 837/611/404 251/354/185 379/346/177
f 637/612/405 640/613/406 837/611/404
f 131/292/129 838/614/407 420/584/383
f 439/360/189 638/615/408 838/614/407
f 420/584/383 637/616/405 271/585/384
f 838/614/407 203/617/409 637/616/405
f 424/618/410 440/619/207 135/377/204
f 273/620/411 839/621/412 424/618/410
f 839/622/412 281/362/191 440/380/207
f 639/623/413 638/624/408 839/621/412
f 149/351/182 840/625/414 423/626/415
f 380/350/181 640/613/406 840/625/414
f 423/626/415 639/627/413 273/628/411
f 840/625/414 203/629/409 639/627/413
f 148/287/124 841/630/416 381/365/194
f 421/607/401 641/631/417 841/630/416
f 381/365/194 644/632/418 252/367/196
f 841/630/416 204/633/419 644/632/418
f 422/605/399 441/386/211 842/634/420
f 842/634/420 282/389/214 642/635/421
f 272/636/403 842/634/420 641/637/417
f 641/637/417 642/635/421 204/638/419
f 136/468/281 843/639/422 442/402/223
f 426/640/423 643/641/424 843/639/422
f 442/402/223 642/635/421 282/389/214
f 843/639/422 204/638/419 642/635/421
f 425/642/425 382/372/201 844/643/426
f 844/644/426 252/367/196 644/632/418
f 274/645/427 844/643/426 643/646/424
f 643/647/424 644/632/418 204/633/419
f 423/626/415 395/434/249 149/351/182
f 273/628/411 845/648/428 423/626/415
f 845/648/428 259/442/257 395/434/249
f 645/649/429 648/650/430 845/648/428
f 135/377/204 846/651/431 424/618/410
f 443/448/261 646/652/432 846/651/431
f 424/618/410 645/653/429 273/620/411
f 846/651/431 205/654/433 645/653/429
f 428/655/434 444/466/279 139/463/276
f 275/656/435 847/657/436 428/655/434
f 847/657/436 283/450/263 444/466/279
f 647/658/437 646/652/432 847/657/436
f 151/439/254 848/659/438 427/660/439
f 396/438/253 648/650/430 848/659/438
f 427/660/439 647/661/437 275/662/435
f 848/659/438 205/663/433 647/661/437
f 150/370/199 849/664/440 397/453/266
f 425/642/425 649/665/441 849/664/440
f 397/453/266 652/666/442 260/455/268
f 849/664/440 206/667/443 652/666/442
f 426/640/423 445/470/283 850/668/444
f 850/668/444 284/473/286 650/669/445
f 274/670/427 850/668/444 649/671/441
f 649/671/441 650/669/445 206/672/443
f 140/548/353 851/673/446 446/486/295
f 430/674/447 651/675/448 851/673/446
f 446/486/295 650/669/445 284/473/286
f 851/673/446 206/672/443 650/669/445
f 429/676/449 398/460/273 852/677/450
f 852/677/450 260/455/268 652/666/442
f 276/678/451 852/677/450 651/679/448
f 651/679/448 652/666/442 206/667/443
f 427/660/439 411/514/321 151/439/254
f 275/662/435 853/680/452 427/660/439
f 853/680/452 267/522/329 411/514/321
f 653/681/453 656/682/454 853/680/452
f 139/463/276 854/683/455 428/655/434
f 447/528/333 654/684/456 854/683/455
f 428/655/434 653/685/453 275/656/435
f 854/683/455 207/686/457 653/685/453
f 431/687/458 448/546/351 153/543/348
f 277/688/459 855/689/460 431/687/458
f 855/689/460 285/530/335 448/546/351
f 655/690/461 654/684/456 855/689/460
f 143/519/326 856/691/462 432/692/463
f 412/518/325 656/682/454 856/691/462
f 432/692/463 655/693/461 277/694/459
f 856/691/462 207/695/457 655/693/461
f 152/458/271 857/696/464 413/533/338
f 429/676/449 657/697/465 857/696/464
f 413/533/338 660/698/466 268/535/340
f 857/696/464 208/699/467 660/698/466
f 430/674/447 449/550/355 858/700/468
f 858/700/468 286/553/358 658/701/469
f 276/702/451 858/700/468 657/703/465
f 657/703/465 658/701/469 208/704/467
f 154/705/470 859/706/471 450/566/367
f 433/707/472 659/708/473 859/706/471
f 450/566/367 658/701/469 286/553/358
f 859/706/471 208/704/467 658/701/469
f 434/709/474 414/540/345 860/710/475
f 860/710/475 268/535/340 660/698/466
f 278/711/476 860/710/475 659/712/473
f 659/712/473 660/698/466 208/699/467
f 126/236/77 861/713/477 343/216/58
f 350/714/142 759/715/478 861/716/477
f 451/717/479 349/300/137 128/297/134
f 963/718/480 236/308/145 349/300/137
f 128/297/134 862/719/481 451/717/479
f 418/598/394 760/720/482 862/719/481
f 455/226/68 417/594/390 146/224/66
f 964/721/483 270/722/397 417/594/390
f 454/211/53 452/723/484 155/724/485
f 761/214/56 287/725/486 452/723/484
f 343/216/58 453/726/487 863/217/59
f 863/217/59 287/725/486 563/218/60
f 157/727/488 864/220/62 344/570/371
f 457/728/489 661/222/64 864/220/62
f 158/729/490 762/225/67 456/730/491
f 456/730/491 661/222/64 288/731/492
f 155/724/485 865/228/70 454/211/53
f 460/732/493 662/231/72 865/733/70
f 459/734/494 458/233/74 763/235/76
f 289/735/495 763/235/76 662/231/72
f 156/736/496 866/737/497 453/726/487
f 466/738/498 663/739/499 866/737/497
f 453/726/487 666/740/500 287/725/486
f 866/737/497 209/741/501 666/740/500
f 465/742/502 464/743/503 867/744/504
f 867/744/504 291/745/505 664/746/506
f 292/747/507 867/744/504 663/739/499
f 663/739/499 664/746/506 209/741/501
f 461/748/508 463/749/509 160/750/510
f 290/751/511 868/752/512 461/748/508
f 868/752/512 291/745/505 463/749/509
f 665/753/513 664/746/506 868/752/512
f 155/724/485 869/754/514 462/755/515
f 452/723/484 666/740/500 869/754/514
f 462/755/515 665/753/513 290/751/511
f 869/754/514 209/741/501 665/753/513
f 462/755/515 460/756/493 155/724/485
f 290/751/511 870/757/516 462/755/515
f 870/758/516 289/735/495 460/732/493
f 667/759/517 670/760/518 870/758/516
f 160/750/510 871/761/519 461/748/508
f 470/762/520 668/763/521 871/764/519
f 461/748/508 667/765/517 290/751/511
f 871/764/519 210/766/522 667/759/517
f 467/767/523 469/768/524 162/769/525
f 293/770/526 872/771/527 467/767/523
f 872/771/527 294/772/528 469/768/524
f 669/773/529 668/763/521 872/771/527
f 159/774/530 873/775/531 468/776/532
f 459/734/494 670/760/518 873/775/531
f 468/776/532 669/773/529 293/770/526
f 873/775/531 210/766/522 669/773/529
f 476/777/533 457/728/489 157/727/488
f 297/778/534 874/779/535 476/777/533
f 874/779/535 288/731/492 457/728/489
f 671/780/536 674/781/537 874/779/535
f 164/782/538 875/783/539 475/784/540
f 474/785/541 672/786/542 875/783/539
f 475/784/540 671/780/536 297/778/534
f 875/783/539 211/787/543 671/780/536
f 163/788/544 876/789/545 473/790/546
f 471/791/547 673/792/548 876/789/545
f 473/790/546 672/786/542 296/793/549
f 876/789/545 211/787/543 672/786/542
f 472/794/550 456/730/491 877/795/551
f 877/795/551 288/731/492 674/781/537
f 295/796/552 877/795/551 673/792/548
f 673/792/548 674/781/537 211/787/543
f 165/797/553 878/798/554 478/799/555
f 482/800/556 675/801/557 878/798/554
f 478/799/555 678/802/558 298/803/559
f 878/798/554 212/804/560 678/802/558
f 481/805/561 480/806/562 879/807/563
f 879/807/563 299/808/564 676/809/565
f 300/810/566 879/807/563 675/801/557
f 675/801/557 676/809/565 212/804/560
f 161/811/567 880/812/568 479/813/569
f 465/742/502 677/814/570 880/812/568
f 479/815/569 676/809/565 299/808/564
f 880/816/568 212/804/560 676/809/565
f 466/738/498 477/817/571 881/818/572
f 881/819/572 298/803/559 678/802/558
f 292/747/507 881/818/572 677/814/570
f 677/820/570 678/802/558 212/804/560
f 161/811/567 882/821/573 464/743/503
f 488/822/574 679/823/575 882/821/573
f 464/743/503 682/824/576 291/745/505
f 882/821/573 213/825/577 682/824/576
f 487/826/578 486/827/579 883/828/580
f 883/828/580 302/829/581 680/830/582
f 303/831/583 883/828/580 679/823/575
f 679/823/575 680/830/582 213/825/577
f 483/832/584 485/833/585 167/834/586
f 301/835/587 884/836/588 483/832/584
f 884/836/588 302/829/581 485/833/585
f 681/837/589 680/830/582 884/836/588
f 160/750/510 885/838/590 484/839/591
f 463/749/509 682/824/576 885/838/590
f 484/839/591 681/837/589 301/835/587
f 885/838/590 213/825/577 681/837/589
f 484/839/591 470/840/520 160/750/510
f 301/835/587 886/841/592 484/839/591
f 886/842/592 294/772/528 470/762/520
f 683/843/593 686/844/594 886/842/592
f 167/834/586 887/845/595 483/832/584
f 492/846/596 684/847/597 887/848/595
f 483/832/584 683/849/593 301/835/587
f 887/848/595 214/850/598 683/843/593
f 489/851/599 491/852/600 169/853/601
f 304/854/602 888/855/603 489/851/599
f 888/855/603 305/856/604 491/852/600
f 685/857/605 684/847/597 888/855/603
f 162/769/525 889/858/606 490/859/607
f 469/768/524 686/844/594 889/858/606
f 490/859/607 685/857/605 304/854/602
f 889/858/606 214/850/598 685/857/605
f 498/860/608 474/785/541 164/782/538
f 308/861/609 890/862/610 498/860/608
f 890/862/610 296/793/549 474/785/541
f 687/863/611 690/864/612 890/862/610
f 171/865/613 891/866/614 497/867/615
f 496/868/616 688/869/617 891/866/614
f 497/870/615 687/863/611 308/861/609
f 891/871/614 215/872/618 687/863/611
f 170/873/619 892/874/620 495/875/621
f 493/876/622 689/877/623 892/878/620
f 495/875/621 688/869/617 307/879/624
f 892/878/620 215/872/618 688/880/617
f 494/881/625 473/790/546 893/882/626
f 893/882/626 296/793/549 690/864/612
f 306/883/627 893/882/626 689/877/623
f 689/877/623 690/864/612 215/872/618
f 166/884/628 894/885/629 480/806/562
f 502/886/630 691/887/631 894/885/629
f 480/806/562 694/888/632 299/808/564
f 894/885/629 216/889/633 694/888/632
f 501/890/634 500/891/635 895/892/636
f 895/892/636 309/893/637 692/894/638
f 310/895/639 895/892/636 691/887/631
f 691/887/631 692/894/638 216/889/633
f 168/896/640 896/897/641 499/898/642
f 487/826/578 693/899/643 896/897/641
f 499/900/642 692/894/638 309/893/637
f 896/901/641 216/889/633 692/894/638
f 488/822/574 479/813/569 897/902/644
f 897/903/644 299/808/564 694/888/632
f 303/831/583 897/902/644 693/899/643
f 693/904/643 694/888/632 216/889/633
f 168/896/640 898/905/645 486/827/579
f 508/906/646 695/907/647 898/908/645
f 486/827/579 698/909/648 302/829/581
f 898/908/645 217/910/649 698/911/648
f 507/912/650 506/913/651 899/914/652
f 899/914/652 312/915/653 696/916/654
f 313/917/655 899/914/652 695/907/647
f 695/907/647 696/916/654 217/910/649
f 503/918/656 505/919/657 173/920/658
f 311/921/659 900/922/660 503/918/656
f 900/922/660 312/915/653 505/919/657
f 697/923/661 696/916/654 900/922/660
f 167/924/586 901/925/662 504/926/663
f 485/833/585 698/909/648 901/927/662
f 504/926/663 697/923/661 311/921/659
f 901/925/662 217/910/649 697/923/661
f 504/926/663 492/928/596 167/924/586
f 311/921/659 902/929/664 504/926/663
f 902/930/664 305/856/604 492/846/596
f 699/931/665 702/932/666 902/930/664
f 173/920/658 903/933/667 503/918/656
f 512/934/668 700/935/669 903/936/667
f 503/918/656 699/937/665 311/921/659
f 903/936/667 218/938/670 699/931/665
f 509/939/671 511/940/672 175/941/673
f 314/942/674 904/943/675 509/939/671
f 904/943/675 315/944/676 511/940/672
f 701/945/677 700/935/669 904/943/675
f 169/853/601 905/946/678 510/947/679
f 491/852/600 702/932/666 905/946/678
f 510/947/679 701/945/677 314/942/674
f 905/946/678 218/938/670 701/945/677
f 518/948/680 496/868/616 171/865/613
f 318/949/681 906/950/682 518/948/680
f 906/950/682 307/879/624 496/868/616
f 703/951/683 706/952/684 906/950/682
f 177/953/685 907/954/686 517/955/687
f 516/956/688 704/957/689 907/954/686
f 517/955/687 703/951/683 318/949/681
f 907/954/686 219/958/690 703/951/683
f 176/959/691 908/960/692 515/961/693
f 513/962/694 705/963/695 908/960/692
f 515/961/693 704/957/689 317/964/696
f 908/960/692 219/958/690 704/957/689
f 514/965/697 495/875/621 909/966/698
f 909/966/698 307/879/624 706/952/684
f 316/967/699 909/966/698 705/963/695
f 705/963/695 706/952/684 219/958/690
f 172/968/700 910/969/701 500/891/635
f 522/970/702 707/971/703 910/969/701
f 500/891/635 710/972/704 309/893/637
f 910/969/701 220/973/705 710/972/704
f 521/974/706 520/975/707 911/976/708
f 911/976/708 319/977/709 708/978/710
f 320/979/711 911/976/708 707/971/703
f 707/971/703 708/978/710 220/973/705
f 174/980/712 912/981/713 519/982/714
f 507/912/650 709/983/715 912/981/713
f 519/984/714 708/978/710 319/977/709
f 912/985/713 220/973/705 708/978/710
f 508/986/646 499/900/642 913/987/716
f 913/987/716 309/893/637 710/972/704
f 313/917/655 913/988/716 709/983/715
f 709/989/715 710/972/704 220/973/705
f 174/980/712 914/990/717 506/913/651
f 528/991/718 711/992/719 914/990/717
f 506/913/651 714/993/720 312/915/653
f 914/990/717 221/994/721 714/993/720
f 527/995/722 525/996/723 915/997/724
f 915/997/724 322/998/725 712/999/726
f 323/1000/727 915/997/724 711/992/719
f 711/992/719 712/999/726 221/994/721
f 523/1001/728 526/1002/729 179/1003/730
f 321/1004/731 916/1005/732 523/1001/728
f 916/1005/732 322/998/725 526/1002/729
f 713/1006/733 712/999/726 916/1005/732
f 173/920/658 917/1007/734 524/1008/735
f 505/919/657 714/993/720 917/1007/734
f 524/1008/735 713/1006/733 321/1004/731
f 917/1007/734 221/994/721 713/1006/733
f 524/1008/735 512/1009/668 173/920/658
f 321/1004/731 918/1010/736 524/1008/735
f 918/1011/736 315/944/676 512/934/668
f 715/1012/737 718/1013/738 918/1011/736
f 179/1003/730 919/1014/739 523/1001/728
f 531/1015/740 716/1016/741 919/1017/739
f 523/1001/728 715/1018/737 321/1004/731
f 919/1017/739 222/1019/742 715/1012/737
f 529/1020/743 532/1021/744 181/1022/745
f 324/1023/746 920/1024/747 529/1020/743
f 920/1024/747 325/1025/748 532/1021/744
f 717/1026/749 716/1016/741 920/1024/747
f 175/941/673 921/1027/750 530/1028/751
f 511/940/672 718/1013/738 921/1027/750
f 530/1028/751 717/1026/749 324/1023/746
f 921/1027/750 222/1019/742 717/1026/749
f 538/1029/752 516/956/688 177/953/685
f 328/1030/753 922/1031/754 538/1029/752
f 922/1031/754 317/964/696 516/956/688
f 719/1032/755 722/1033/756 922/1031/754
f 183/1034/757 923/1035/758 537/1036/759
f 535/1037/760 720/1038/761 923/1035/758
f 537/1036/759 719/1032/755 328/1030/753
f 923/1035/758 223/1039/762 719/1032/755
f 182/1040/763 924/1041/764 536/1042/765
f 533/1043/766 721/1044/767 924/1041/764
f 536/1042/765 720/1038/761 327/1045/768
f 924/1041/764 223/1039/762 720/1038/761
f 534/1046/769 515/961/693 925/1047/770
f 925/1047/770 317/964/696 722/1033/756
f 326/1048/771 925/1047/770 721/1044/767
f 721/1044/767 722/1033/756 223/1039/762
f 178/1049/772 926/1050/773 520/975/707
f 542/1051/774 723/1052/775 926/1050/773
f 520/975/707 726/1053/776 319/977/709
f 926/1050/773 224/1054/777 726/1053/776
f 541/1055/778 539/1056/779 927/1057/780
f 927/1057/780 329/1058/781 724/1059/782
f 330/1060/783 927/1057/780 723/1052/775
f 723/1052/775 724/1059/782 224/1054/777
f 180/1061/784 928/1062/785 540/1063/786
f 527/995/722 725/1064/787 928/1062/785
f 540/1065/786 724/1059/782 329/1058/781
f 928/1066/785 224/1054/777 724/1059/782
f 528/991/718 519/982/714 929/1067/788
f 929/1068/788 319/977/709 726/1053/776
f 323/1000/727 929/1067/788 725/1064/787
f 725/1069/787 726/1053/776 224/1054/777
f 344/570/371 544/1070/789 157/727/488
f 828/572/373 331/1071/790 544/1070/789
f 159/774/530 930/573/374 458/233/74
f 543/1072/791 628/575/376 930/573/374
f 468/776/532 543/1072/791 159/774/530
f 293/770/526 931/1073/792 468/776/532
f 931/1073/792 331/1074/790 543/1072/791
f 727/1075/793 730/1076/794 931/1073/792
f 162/769/525 932/1077/795 467/767/523
f 546/1078/796 728/1079/797 932/1077/795
f 467/767/523 727/1075/793 293/770/526
f 932/1077/795 225/1080/798 727/1075/793
f 475/784/540 545/1081/799 164/782/538
f 297/778/534 933/1082/800 475/784/540
f 933/1082/800 332/1083/801 545/1081/799
f 729/1084/802 728/1085/797 933/1082/800
f 157/727/488 934/1086/803 476/777/533
f 544/1070/789 730/1087/794 934/1086/803
f 476/777/533 729/1084/802 297/778/534
f 934/1086/803 225/1088/798 729/1084/802
f 158/729/490 935/1089/804 548/1090/805
f 472/794/550 731/1091/806 935/1089/804
f 548/1090/805 734/1092/807 333/1093/808
f 935/1089/804 226/1094/809 734/1092/807
f 471/791/547 550/1095/810 936/1096/811
f 936/1096/811 334/1097/812 732/1098/813
f 295/796/552 936/1096/811 731/1091/806
f 731/1091/806 732/1098/813 226/1094/809
f 166/884/628 937/1099/814 549/1100/815
f 481/805/561 733/1101/816 937/1099/814
f 549/1100/815 732/1102/813 334/1103/812
f 937/1099/814 226/1104/809 732/1102/813
f 482/800/556 547/1105/817 938/1106/818
f 938/1106/818 333/1107/808 734/1108/807
f 300/810/566 938/1106/818 733/1101/816
f 733/1101/816 734/1108/807 226/1104/809
f 490/859/607 546/1078/796 162/769/525
f 304/854/602 939/1109/819 490/859/607
f 939/1109/819 332/1110/801 546/1078/796
f 735/1111/820 738/1112/821 939/1109/819
f 169/853/601 940/1113/822 489/851/599
f 552/1114/823 736/1115/824 940/1113/822
f 489/851/599 735/1111/820 304/854/602
f 940/1113/822 227/1116/825 735/1111/820
f 497/867/615 551/1117/826 171/865/613
f 308/861/609 941/1118/827 497/870/615
f 941/1119/827 335/1120/828 551/1121/826
f 737/1122/829 736/1123/824 941/1118/827
f 164/782/538 942/1124/830 498/860/608
f 545/1081/799 738/1125/821 942/1124/830
f 498/860/608 737/1122/829 308/861/609
f 942/1124/830 227/1126/825 737/1122/829
f 163/788/544 943/1127/831 550/1095/810
f 494/881/625 739/1128/832 943/1127/831
f 550/1095/810 742/1129/833 334/1097/812
f 943/1127/831 228/1130/834 742/1129/833
f 493/1131/622 554/1132/835 944/1133/836
f 944/1133/836 336/1134/837 740/1135/838
f 306/883/627 944/1136/836 739/1128/832
f 739/1137/832 740/1135/838 228/1138/834
f 172/968/700 945/1139/839 553/1140/840
f 501/890/634 741/1141/841 945/1139/839
f 553/1140/840 740/1142/838 336/1143/837
f 945/1139/839 228/1144/834 740/1142/838
f 502/886/630 549/1100/815 946/1145/842
f 946/1145/842 334/1103/812 742/1146/833
f 310/895/639 946/1145/842 741/1141/841
f 741/1141/841 742/1146/833 228/1144/834
f 510/947/679 552/1114/823 169/853/601
f 314/942/674 947/1147/843 510/947/679
f 947/1147/843 335/1120/828 552/1114/823
f 743/1148/844 746/1149/845 947/1147/843
f 175/941/673 948/1150/846 509/939/671
f 556/1151/847 744/1152/848 948/1150/846
f 509/939/671 743/1148/844 314/942/674
f 948/1150/846 229/1153/849 743/1148/844
f 517/955/687 555/1154/850 177/953/685
f 318/949/681 949/1155/851 517/955/687
f 949/1155/851 337/1156/852 555/1154/850
f 745/1157/853 744/1158/848 949/1155/851
f 171/865/613 950/1159/854 518/948/680
f 551/1121/826 746/1149/845 950/1160/854
f 518/948/680 745/1157/853 318/949/681
f 950/1159/854 229/1161/849 745/1157/853
f 170/873/619 951/1162/855 554/1132/835
f 514/965/697 747/1163/856 951/1162/855
f 554/1132/835 750/1164/857 336/1134/837
f 951/1162/855 230/1165/858 750/1164/857
f 513/962/694 558/1166/859 952/1167/860
f 952/1167/860 338/1168/861 748/1169/862
f 316/967/699 952/1167/860 747/1163/856
f 747/1163/856 748/1169/862 230/1165/858
f 178/1049/772 953/1170/863 557/1171/864
f 521/974/706 749/1172/865 953/1170/863
f 557/1171/864 748/1173/862 338/1174/861
f 953/1170/863 230/1175/858 748/1173/862
f 522/970/702 553/1140/840 954/1176/866
f 954/1176/866 336/1143/837 750/1177/857
f 320/979/711 954/1176/866 749/1172/865
f 749/1172/865 750/1177/857 230/1175/858
f 530/1028/751 556/1151/847 175/941/673
f 324/1023/746 955/1178/867 530/1028/751
f 955/1178/867 337/1179/852 556/1151/847
f 751/1180/868 754/1181/869 955/1178/867
f 181/1022/745 956/1182/870 529/1020/743
f 559/1183/871 752/1184/872 956/1182/870
f 529/1020/743 751/1180/868 324/1023/746
f 956/1182/870 231/1185/873 751/1180/868
f 537/1036/759 560/1186/874 183/1034/757
f 328/1030/753 957/1187/875 537/1036/759
f 957/1187/875 339/1188/876 560/1186/874
f 753/1189/877 752/1190/872 957/1187/875
f 177/953/685 958/1191/878 538/1029/752
f 555/1154/850 754/1192/869 958/1191/878
f 538/1029/752 753/1189/877 328/1030/753
f 958/1191/878 231/1193/873 753/1189/877
f 176/959/691 959/1194/879 558/1166/859
f 534/1046/769 755/1195/880 959/1194/879
f 558/1166/859 758/1196/881 338/1168/861
f 959/1194/879 232/1197/882 758/1196/881
f 533/1043/766 561/1198/883 960/1199/884
f 960/1199/884 340/1200/885 756/1201/886
f 326/1048/771 960/1199/884 755/1195/880
f 755/1195/880 756/1201/886 232/1197/882
f 184/1202/887 961/1203/888 562/1204/889
f 541/1055/778 757/1205/890 961/1203/888
f 562/1204/889 756/1206/886 340/1207/885
f 961/1203/888 232/1208/882 756/1206/886
f 542/1051/774 557/1171/864 962/1209/891
f 962/1209/891 338/1174/861 758/1210/881
f 330/1060/783 962/1209/891 757/1205/890
f 757/1205/890 758/1210/881 232/1208/882
f 478/799/555 451/717/479 165/797/553
f 298/803/559 963/718/480 478/799/555
f 156/736/496 861/713/477 477/817/571
f 477/1211/571 759/715/478 298/803/559
f 548/1090/805 455/226/68 158/729/490
f 333/1093/808 964/721/483 548/1090/805
f 165/797/553 862/719/481 547/1105/817
f 547/1105/817 760/720/482 333/1107/808
f 11/1/1 14/75/1 13/2/1
f 19/4/2 22/42/2 21/5/2
f 9/7/3 16/81/3 15/8/3
f 17/10/4 24/45/4 23/11/4
f 26/13/5 25/50/5 19/14/5
f 28/16/5 27/52/5 17/17/5
f 37/19/6 38/55/6 90/20/7
f 40/22/6 41/57/6 71/23/8
f 6/25/1 14/75/1 11/1/1
f 5/27/1 1/1212/1 12/3/1
f 7/28/3 16/81/3 9/7/3
f 8/30/3 4/1213/3 10/9/3
f 50/31/5 27/52/5 26/13/5
f 49/33/5 25/50/5 28/16/5
f 52/35/9 31/1214/10 30/36/10
f 51/38/11 29/59/12 32/39/12
f 46/41/2 55/73/2 22/42/2
f 47/43/2 54/1215/2 20/6/2
f 45/44/4 56/87/4 24/45/4
f 53/46/4 18/12/4 23/11/4
f 57/32/5 26/13/5 20/15/5
f 46/49/5 19/14/5 25/50/5
f 58/34/5 28/16/5 18/18/5
f 50/31/5 45/103/5 17/17/5
f 59/37/9 37/19/6 91/21/7
f 73/54/7 90/20/7 38/55/6
f 60/40/11 40/22/6 72/24/8
f 52/35/9 75/107/8 71/23/8
f 25/58/4 26/1216/4 29/59/4
f 27/60/3 32/1217/3 29/61/3
f 27/63/2 28/1218/2 31/64/2
f 25/66/1 30/1219/1 31/67/1
f 61/69/14 33/138/14 6/70/2
f 22/42/2 35/139/14 34/71/15
f 62/72/14 35/139/14 22/42/2
f 29/59/4 38/55/4 37/19/4
f 31/64/2 41/80/2 40/78/2
f 63/83/16 42/140/16 7/84/4
f 24/45/4 44/142/16 43/85/17
f 100/86/18 44/142/16 24/45/4
f 11/88/5 12/102/5 50/31/5
f 9/89/5 10/100/5 49/33/5
f 15/90/6 16/106/6 52/35/9
f 14/91/6 51/38/11 60/40/11
f 8/93/2 55/73/2 46/41/2
f 2/95/2 54/1215/2 47/43/2
f 5/96/4 56/87/4 45/44/4
f 3/98/4 53/46/4 48/47/4
f 2/99/5 11/88/5 57/32/5
f 10/100/5 4/1220/5 46/49/5
f 9/89/5 58/34/5 53/51/5
f 12/102/5 1/1221/5 45/103/5
f 68/104/7 15/90/6 59/37/9
f 14/91/6 65/1222/7 73/54/7
f 13/92/6 60/40/11 64/56/8
f 16/106/6 70/136/29 75/107/8
f 34/71/15 61/69/14 47/43/2
f 8/93/2 36/1223/14 62/72/14
f 43/85/17 63/83/16 48/47/4
f 39/109/16 100/86/18 56/87/4
f 77/110/19 85/126/28 97/111/20
f 78/113/22 79/116/23 67/114/21
f 79/116/23 86/127/22 98/117/24
f 82/118/25 87/141/25 99/119/26
f 83/121/25 84/124/27 96/122/26
f 84/124/27 76/129/27 88/125/26
f 85/126/28 78/113/22 66/115/21
f 86/127/22 80/143/28 92/128/20
f 99/119/26 87/141/25 83/121/25
f 76/129/27 81/144/27 93/130/26
f 89/112/21 97/111/20 73/131/7
f 66/115/21 67/114/21 91/133/7
f 67/114/21 98/117/24 74/135/13
f 94/120/26 99/119/26 75/107/8
f 95/123/26 96/122/26 72/24/8
f 96/122/26 88/125/26 64/56/8
f 97/111/20 66/115/21 90/134/7
f 98/117/24 92/128/20 68/137/7
f 99/119/26 95/123/26 71/23/8
f 88/125/26 93/130/26 69/105/8
f 33/138/14 61/69/14 85/126/28
f 34/71/15 35/139/14 79/116/23
f 35/139/14 62/72/14 86/127/22
f 42/140/16 63/83/16 87/141/25
f 43/85/17 44/142/16 84/124/27
f 44/142/16 100/86/18 76/129/27
f 61/69/14 34/71/15 78/113/22
f 62/72/14 36/1223/14 80/143/28
f 63/83/16 43/85/17 83/121/25
f 100/86/18 39/109/16 81/144/27
f 101/157/2 104/1224/2 103/158/2
f 103/160/1 106/1225/1 105/161/1
f 105/163/4 106/1226/4 108/164/4
f 108/166/3 104/1227/3 101/167/3
f 111/169/33 109/183/33 101/170/5
f 114/172/8 110/177/8 103/173/6
f 112/175/34 111/169/33 102/171/5
f 110/177/8 116/181/7 106/178/6
f 113/179/34 112/175/34 105/176/5
f 116/181/7 115/184/7 108/182/6
f 109/183/33 113/179/34 107/180/5
f 115/184/7 114/172/8 104/174/6
f 117/185/35 119/1228/35 118/186/36
f 120/188/38 124/1229/892 118/189/39
f 120/191/41 121/1230/41 123/192/42
f 117/194/44 122/205/45 123/195/45
f 119/197/35 117/1231/35 109/183/33
f 120/188/38 119/190/40 111/198/46
f 113/179/34 121/1232/41 120/200/41
f 109/201/47 117/194/44 121/196/44
f 122/203/37 118/1233/36 110/177/8
f 115/204/49 123/195/45 122/205/45
f 124/207/43 123/1234/42 115/184/7
f 118/189/39 124/1229/892 116/208/51
f 342/210/52 761/214/56 454/211/53
f 233/213/55 563/218/60 761/214/56
f 341/215/57 126/236/77 343/216/58
f 233/213/55 341/215/57 863/217/59
f 145/219/61 344/570/371 864/220/62
f 345/221/63 864/220/62 661/222/64
f 146/224/66 346/227/69 762/225/67
f 346/227/69 234/223/65 661/222/64
f 125/212/54 454/211/53 865/228/70
f 347/230/71 865/733/70 662/231/72
f 458/233/74 127/260/100 348/234/75
f 763/235/76 348/234/75 235/232/73
f 126/236/77 341/215/57 764/237/78
f 341/215/57 233/213/55 564/239/80
f 359/238/79 764/237/78 567/240/81
f 764/237/78 564/239/80 185/242/83
f 125/212/54 361/244/85 765/243/84
f 361/244/85 242/251/92 565/245/86
f 342/210/52 765/243/84 564/239/80
f 765/243/84 565/245/86 185/242/83
f 352/246/87 766/250/91 362/247/88
f 237/249/90 566/252/93 766/250/91
f 766/250/91 565/245/86 242/251/92
f 566/252/93 185/242/83 565/245/86
f 351/253/94 129/311/146 360/254/95
f 767/255/96 360/254/95 241/241/82
f 237/249/90 351/253/94 767/255/96
f 566/252/93 767/255/96 567/240/81
f 347/229/71 768/257/97 361/244/85
f 235/232/73 568/258/98 768/256/97
f 768/257/97 571/274/99 242/251/92
f 568/258/98 186/264/104 571/259/99
f 127/260/100 363/262/102 769/261/101
f 363/262/102 243/270/110 569/263/103
f 348/234/75 769/261/101 568/258/98
f 769/261/101 569/263/103 186/264/104
f 354/265/105 770/269/109 364/266/106
f 238/268/108 570/271/111 770/269/109
f 770/269/109 569/263/103 243/270/110
f 570/271/111 186/264/104 569/263/103
f 130/248/89 362/247/88 771/272/112
f 362/247/88 242/251/92 571/274/99
f 353/275/113 771/276/112 570/271/111
f 771/276/112 571/259/99 186/264/104
f 345/221/63 772/278/115 435/277/114
f 234/223/65 572/280/117 772/278/115
f 772/278/115 575/281/118 279/279/116
f 572/280/117 187/286/123 575/281/118
f 346/227/69 146/224/66 365/282/119
f 773/283/120 365/282/119 244/284/121
f 234/223/65 346/227/69 773/283/120
f 572/280/117 773/283/120 573/285/122
f 148/287/124 356/290/127 774/288/125
f 356/290/127 239/296/133 574/291/128
f 366/289/126 774/288/125 573/285/122
f 774/288/125 574/291/128 187/286/123
f 131/292/129 436/295/132 775/293/130
f 436/295/132 279/279/116 575/281/118
f 355/294/131 775/293/130 574/291/128
f 775/293/130 575/281/118 187/286/123
f 128/297/134 349/300/137 776/298/135
f 349/300/137 236/308/145 576/301/138
f 437/299/136 776/298/135 579/302/139
f 776/298/135 576/301/138 188/304/141
f 350/305/142 126/236/77 359/238/79
f 777/306/143 359/238/79 241/241/82
f 236/308/145 350/714/142 777/309/143
f 576/301/138 777/309/143 577/310/144
f 129/311/146 358/391/148 778/312/147
f 358/313/148 240/319/153 578/314/149
f 360/254/95 778/312/147 577/307/144
f 778/315/147 578/314/149 188/304/141
f 357/316/150 132/384/209 438/317/151
f 779/318/152 438/317/151 280/303/140
f 240/319/153 357/316/150 779/318/152
f 578/314/149 779/318/152 579/302/139
f 129/311/146 351/253/94 780/320/154
f 351/253/94 237/249/90 580/322/156
f 375/321/155 780/320/154 583/323/157
f 780/320/154 580/322/156 189/325/159
f 130/248/89 377/327/161 781/326/160
f 377/327/161 250/334/168 581/328/162
f 352/246/87 781/326/160 580/322/156
f 781/326/160 581/328/162 189/325/159
f 368/329/163 782/333/167 378/330/164
f 245/332/166 582/335/169 782/333/167
f 782/333/167 581/328/162 250/334/168
f 582/335/169 189/325/159 581/328/162
f 367/336/170 133/396/218 376/337/171
f 783/338/172 376/337/171 249/324/158
f 245/332/166 367/336/170 783/338/172
f 582/335/169 783/338/172 583/323/157
f 353/273/113 784/1235/173 377/327/161
f 238/268/108 584/343/174 784/339/173
f 784/1236/173 587/1237/175 250/1238/168
f 584/343/174 190/348/179 587/344/175
f 147/267/107 379/346/177 785/345/176
f 379/346/177 251/354/185 585/347/178
f 354/265/105 785/345/176 584/343/174
f 785/345/176 585/347/178 190/348/179
f 370/349/180 786/353/184 380/350/181
f 246/352/183 586/355/186 786/353/184
f 786/353/184 585/347/178 251/354/185
f 586/355/186 190/348/179 585/347/178
f 134/356/165 378/359/164 787/357/187
f 378/359/164 250/1239/168 587/344/175
f 369/358/188 787/357/187 586/355/186
f 787/357/187 587/344/175 190/348/179
f 355/294/131 788/361/190 439/360/189
f 239/296/133 588/363/192 788/361/190
f 788/361/190 591/364/193 281/362/191
f 588/363/192 191/369/198 591/364/193
f 356/290/127 148/287/124 381/365/194
f 789/366/195 381/365/194 252/367/196
f 239/296/133 356/290/127 789/366/195
f 588/363/192 789/366/195 589/368/197
f 150/370/199 372/373/202 790/371/200
f 372/373/202 247/382/208 590/374/203
f 382/375/201 790/376/200 589/368/197
f 790/376/200 590/383/203 191/369/198
f 135/377/204 440/619/207 791/378/205
f 440/380/207 281/362/191 591/364/193
f 371/379/206 791/378/205 590/374/203
f 791/381/205 591/364/193 191/369/198
f 132/384/209 357/316/150 792/385/210
f 357/316/150 240/319/153 592/387/212
f 441/386/211 792/385/210 595/388/213
f 792/385/210 592/387/212 192/390/215
f 358/391/148 129/311/146 375/321/155
f 793/392/216 375/321/155 249/324/158
f 240/319/153 358/313/148 793/394/216
f 592/387/212 793/394/216 593/395/217
f 133/396/218 374/1240/220 794/397/219
f 374/398/220 248/404/225 594/399/221
f 376/337/171 794/397/219 593/393/217
f 794/400/219 594/399/221 192/390/215
f 373/401/222 136/468/281 442/402/223
f 795/403/224 442/402/223 282/389/214
f 248/404/225 373/401/222 795/403/224
f 594/399/221 795/403/224 595/388/213
f 133/405/218 367/408/170 796/406/226
f 367/336/170 245/332/166 596/417/228
f 391/407/227 796/406/226 599/410/229
f 796/406/226 596/409/228 193/412/231
f 134/331/165 393/1241/233 797/413/232
f 393/414/233 258/423/240 597/415/234
f 368/329/163 797/413/232 596/417/228
f 797/416/232 597/415/234 193/412/231
f 384/418/235 798/422/239 394/419/236
f 253/421/238 598/424/241 798/422/239
f 798/422/239 597/415/234 258/423/240
f 598/424/241 193/412/231 597/415/234
f 383/425/242 137/480/290 392/426/243
f 799/427/244 392/426/243 257/411/230
f 253/421/238 383/425/242 799/427/244
f 598/424/241 799/427/244 599/410/229
f 369/358/188 800/429/245 393/428/233
f 246/352/183 600/431/246 800/429/245
f 800/429/245 603/432/247 258/430/240
f 600/431/246 194/436/251 603/432/247
f 149/351/182 395/434/249 801/433/248
f 395/434/249 259/442/257 601/435/250
f 370/349/180 801/433/248 600/431/246
f 801/433/248 601/435/250 194/436/251
f 386/437/252 802/441/256 396/438/253
f 254/440/255 602/443/258 802/441/256
f 802/441/256 601/435/250 259/442/257
f 602/443/258 194/436/251 601/435/250
f 138/444/237 394/447/236 803/445/259
f 394/447/236 258/430/240 603/432/247
f 385/446/260 803/445/259 602/443/258
f 803/445/259 603/432/247 194/436/251
f 371/379/206 804/449/262 443/448/261
f 247/382/208 604/451/264 804/449/262
f 804/449/262 607/452/265 283/450/263
f 604/451/264 195/457/270 607/452/265
f 372/373/202 150/370/199 397/453/266
f 805/454/267 397/453/266 260/455/268
f 247/382/208 372/373/202 805/454/267
f 604/451/264 805/454/267 605/456/269
f 152/458/271 388/461/274 806/459/272
f 388/461/274 255/467/280 606/462/275
f 398/460/273 806/459/272 605/456/269
f 806/459/272 606/462/275 195/457/270
f 139/463/276 444/466/279 807/464/277
f 444/466/279 283/450/263 607/452/265
f 387/465/278 807/464/277 606/462/275
f 807/464/277 607/452/265 195/457/270
f 136/468/281 373/401/222 808/469/282
f 373/401/222 248/404/225 608/471/284
f 445/470/283 808/469/282 611/472/285
f 808/469/282 608/471/284 196/474/287
f 374/475/220 133/405/218 391/407/227
f 809/476/288 391/407/227 257/411/230
f 248/404/225 374/398/220 809/478/288
f 608/471/284 809/478/288 609/479/289
f 137/480/290 390/555/292 810/481/291
f 390/482/292 256/488/297 610/483/293
f 392/426/243 810/481/291 609/477/289
f 810/484/291 610/483/293 196/474/287
f 389/485/294 140/548/353 446/486/295
f 811/487/296 446/486/295 284/473/286
f 256/488/297 389/485/294 811/487/296
f 610/483/293 811/487/296 611/472/285
f 137/480/290 383/425/242 812/489/298
f 383/425/242 253/421/238 612/491/300
f 407/490/299 812/489/298 615/492/301
f 812/489/298 612/491/300 197/494/303
f 138/420/237 409/496/305 813/495/304
f 409/496/305 266/503/312 613/497/306
f 384/418/235 813/495/304 612/491/300
f 813/495/304 613/497/306 197/494/303
f 399/498/307 814/502/311 410/499/308
f 261/501/310 614/504/313 814/502/311
f 814/502/311 613/497/306 266/503/312
f 614/504/313 197/494/303 613/497/306
f 400/505/314 141/560/362 408/506/315
f 815/507/316 408/506/315 265/493/302
f 261/501/310 400/505/314 815/507/316
f 614/504/313 815/507/316 615/492/301
f 385/446/260 816/509/317 409/508/305
f 254/440/255 616/511/318 816/509/317
f 816/509/317 619/512/319 266/510/312
f 616/511/318 198/516/323 619/512/319
f 151/439/254 411/514/321 817/513/320
f 411/514/321 267/522/329 617/515/322
f 386/437/252 817/513/320 616/511/318
f 817/513/320 617/515/322 198/516/323
f 401/517/324 818/521/328 412/518/325
f 262/520/327 618/523/330 818/521/328
f 818/521/328 617/515/322 267/522/329
f 618/523/330 198/516/323 617/515/322
f 142/524/309 410/527/308 819/525/331
f 410/527/308 266/510/312 619/512/319
f 402/526/332 819/525/331 618/523/330
f 819/525/331 619/512/319 198/516/323
f 387/465/278 820/529/334 447/528/333
f 255/467/280 620/531/336 820/529/334
f 820/529/334 623/532/337 285/530/335
f 620/531/336 199/537/342 623/532/337
f 388/461/274 152/458/271 413/533/338
f 821/534/339 413/533/338 268/535/340
f 255/467/280 388/461/274 821/534/339
f 620/531/336 821/534/339 621/536/341
f 144/538/343 403/541/346 822/539/344
f 403/541/346 263/547/352 622/542/347
f 414/540/345 822/539/344 621/536/341
f 822/539/344 622/542/347 199/537/342
f 153/543/348 448/546/351 823/544/349
f 448/546/351 285/530/335 623/532/337
f 404/545/350 823/544/349 622/542/347
f 823/544/349 623/532/337 199/537/342
f 140/548/353 389/485/294 824/549/354
f 389/485/294 256/488/297 624/551/356
f 449/550/355 824/549/354 627/552/357
f 824/549/354 624/551/356 200/554/359
f 390/555/292 137/480/290 407/490/299
f 825/556/360 407/490/299 265/493/302
f 256/488/297 390/482/292 825/558/360
f 624/551/356 825/558/360 625/559/361
f 141/560/362 405/1242/364 826/561/363
f 405/562/364 264/568/369 626/563/365
f 408/506/315 826/561/363 625/557/361
f 826/564/363 626/563/365 200/554/359
f 406/565/366 154/705/470 450/566/367
f 827/567/368 450/566/367 286/553/358
f 264/568/369 406/565/366 827/567/368
f 626/563/365 827/567/368 627/552/357
f 415/569/370 828/572/373 344/570/371
f 269/571/372 628/1243/376 828/572/373
f 127/260/100 458/233/74 930/573/374
f 416/574/375 930/573/374 628/575/376
f 416/574/375 829/577/377 363/262/102
f 269/576/372 629/578/378 829/577/377
f 829/577/377 632/579/379 243/270/110
f 629/578/378 201/592/382 632/579/379
f 145/219/61 435/277/114 830/580/380
f 435/277/114 279/279/116 630/581/381
f 415/569/370 830/580/380 629/582/378
f 830/580/380 630/581/381 201/583/382
f 420/584/383 831/586/385 436/295/132
f 271/585/384 631/587/386 831/586/385
f 831/586/385 630/581/381 279/279/116
f 631/587/386 201/583/382 630/581/381
f 147/267/107 364/266/106 832/588/387
f 364/266/106 243/270/110 632/579/379
f 419/589/388 832/588/387 631/590/386
f 832/588/387 632/579/379 201/592/382
f 146/224/66 417/594/390 833/593/389
f 417/594/390 270/722/397 633/595/391
f 365/282/119 833/593/389 636/596/392
f 833/593/389 633/595/391 202/597/393
f 418/598/394 128/297/134 437/299/136
f 834/599/395 437/299/136 280/303/140
f 270/601/397 418/598/394 834/599/395
f 633/602/391 834/599/395 634/600/396
f 132/384/209 422/605/399 835/604/398
f 422/605/399 272/636/403 635/606/400
f 438/317/151 835/604/398 634/600/396
f 835/604/398 635/606/400 202/603/393
f 421/607/401 148/287/124 366/289/126
f 836/608/402 366/289/126 244/284/121
f 272/609/403 421/607/401 836/608/402
f 635/610/400 836/608/402 636/596/392
f 419/589/388 837/611/404 379/346/177
f 271/591/384 637/612/405 837/611/404
f 837/611/404 640/613/406 251/354/185
f 637/612/405 203/629/409 640/613/406
f 131/292/129 439/360/189 838/614/407
f 439/360/189 281/362/191 638/615/408
f 420/584/383 838/614/407 637/616/405
f 838/614/407 638/615/408 203/617/409
f 424/618/410 839/621/412 440/619/207
f 273/620/411 639/623/413 839/621/412
f 839/622/412 638/615/408 281/362/191
f 639/623/413 203/1244/409 638/624/408
f 149/351/182 380/350/181 840/625/414
f 380/350/181 251/354/185 640/613/406
f 423/626/415 840/625/414 639/627/413
f 840/625/414 640/613/406 203/629/409
f 148/287/124 421/607/401 841/630/416
f 421/607/401 272/609/403 641/631/417
f 381/365/194 841/630/416 644/632/418
f 841/630/416 641/631/417 204/633/419
f 422/605/399 132/384/209 441/386/211
f 842/634/420 441/386/211 282/389/214
f 272/636/403 422/605/399 842/634/420
f 641/637/417 842/634/420 642/635/421
f 136/468/281 426/640/423 843/639/422
f 426/640/423 274/670/427 643/641/424
f 442/402/223 843/639/422 642/635/421
f 843/639/422 643/641/424 204/638/419
f 425/642/425 150/370/199 382/372/201
f 844/644/426 382/375/201 252/367/196
f 274/645/427 425/642/425 844/643/426
f 643/647/424 844/644/426 644/632/418
f 423/626/415 845/648/428 395/434/249
f 273/628/411 645/649/429 845/648/428
f 845/648/428 648/650/430 259/442/257
f 645/649/429 205/663/433 648/650/430
f 135/377/204 443/448/261 846/651/431
f 443/448/261 283/450/263 646/652/432
f 424/618/410 846/651/431 645/653/429
f 846/651/431 646/652/432 205/654/433
f 428/655/434 847/657/436 444/466/279
f 275/656/435 647/658/437 847/657/436
f 847/657/436 646/652/432 283/450/263
f 647/658/437 205/654/433 646/652/432
f 151/439/254 396/438/253 848/659/438
f 396/438/253 259/442/257 648/650/430
f 427/660/439 848/659/438 647/661/437
f 848/659/438 648/650/430 205/663/433
f 150/370/199 425/642/425 849/664/440
f 425/642/425 274/645/427 649/665/441
f 397/453/266 849/664/440 652/666/442
f 849/664/440 649/665/441 206/667/443
f 426/640/423 136/468/281 445/470/283
f 850/668/444 445/470/283 284/473/286
f 274/670/427 426/640/423 850/668/444
f 649/671/441 850/668/444 650/669/445
f 140/548/353 430/674/447 851/673/446
f 430/674/447 276/702/451 651/675/448
f 446/486/295 851/673/446 650/669/445
f 851/673/446 651/675/448 206/672/443
f 429/676/449 152/458/271 398/460/273
f 852/677/450 398/460/273 260/455/268
f 276/678/451 429/676/449 852/677/450
f 651/679/448 852/677/450 652/666/442
f 427/660/439 853/680/452 411/514/321
f 275/662/435 653/681/453 853/680/452
f 853/680/452 656/682/454 267/522/329
f 653/681/453 207/695/457 656/682/454
f 139/463/276 447/528/333 854/683/455
f 447/528/333 285/530/335 654/684/456
f 428/655/434 854/683/455 653/685/453
f 854/683/455 654/684/456 207/686/457
f 431/687/458 855/689/460 448/546/351
f 277/688/459 655/690/461 855/689/460
f 855/689/460 654/684/456 285/530/335
f 655/690/461 207/686/457 654/684/456
f 143/519/326 412/518/325 856/691/462
f 412/518/325 267/522/329 656/682/454
f 432/692/463 856/691/462 655/693/461
f 856/691/462 656/682/454 207/695/457
f 152/458/271 429/676/449 857/696/464
f 429/676/449 276/678/451 657/697/465
f 413/533/338 857/696/464 660/698/466
f 857/696/464 657/697/465 208/699/467
f 430/674/447 140/548/353 449/550/355
f 858/700/468 449/550/355 286/553/358
f 276/702/451 430/674/447 858/700/468
f 657/703/465 858/700/468 658/701/469
f 154/705/470 433/707/472 859/706/471
f 433/707/472 278/1245/476 659/708/473
f 450/566/367 859/706/471 658/701/469
f 859/706/471 659/708/473 208/704/467
f 434/709/474 144/538/343 414/540/345
f 860/710/475 414/540/345 268/535/340
f 278/711/476 434/709/474 860/710/475
f 659/712/473 860/710/475 660/698/466
f 126/236/77 350/305/142 861/713/477
f 350/714/142 236/308/145 759/715/478
f 451/717/479 963/718/480 349/300/137
f 963/718/480 759/715/478 236/308/145
f 128/297/134 418/598/394 862/719/481
f 418/598/394 270/601/397 760/720/482
f 455/226/68 964/721/483 417/594/390
f 964/721/483 760/1246/482 270/722/397
f 454/211/53 761/214/56 452/723/484
f 761/214/56 563/218/60 287/725/486
f 343/216/58 156/736/496 453/726/487
f 863/217/59 453/726/487 287/725/486
f 157/727/488 457/728/489 864/220/62
f 457/728/489 288/731/492 661/222/64
f 158/729/490 455/226/68 762/225/67
f 456/730/491 762/225/67 661/222/64
f 155/724/485 460/756/493 865/228/70
f 460/732/493 289/735/495 662/231/72
f 459/734/494 159/774/530 458/233/74
f 289/735/495 459/734/494 763/235/76
f 156/736/496 466/738/498 866/737/497
f 466/738/498 292/747/507 663/739/499
f 453/726/487 866/737/497 666/740/500
f 866/737/497 663/739/499 209/741/501
f 465/742/502 161/811/567 464/743/503
f 867/744/504 464/743/503 291/745/505
f 292/747/507 465/742/502 867/744/504
f 663/739/499 867/744/504 664/746/506
f 461/748/508 868/752/512 463/749/509
f 290/751/511 665/753/513 868/752/512
f 868/752/512 664/746/506 291/745/505
f 665/753/513 209/741/501 664/746/506
f 155/724/485 452/723/484 869/754/514
f 452/723/484 287/725/486 666/740/500
f 462/755/515 869/754/514 665/753/513
f 869/754/514 666/740/500 209/741/501
f 462/755/515 870/757/516 460/756/493
f 290/751/511 667/765/517 870/757/516
f 870/758/516 670/760/518 289/735/495
f 667/759/517 210/766/522 670/760/518
f 160/750/510 470/840/520 871/761/519
f 470/762/520 294/772/528 668/763/521
f 461/748/508 871/761/519 667/765/517
f 871/764/519 668/763/521 210/766/522
f 467/767/523 872/771/527 469/768/524
f 293/770/526 669/773/529 872/771/527
f 872/771/527 668/763/521 294/772/528
f 669/773/529 210/766/522 668/763/521
f 159/774/530 459/734/494 873/775/531
f 459/734/494 289/735/495 670/760/518
f 468/776/532 873/775/531 669/773/529
f 873/775/531 670/760/518 210/766/522
f 476/777/533 874/779/535 457/728/489
f 297/778/534 671/780/536 874/779/535
f 874/779/535 674/781/537 288/731/492
f 671/780/536 211/787/543 674/781/537
f 164/782/538 474/785/541 875/783/539
f 474/785/541 296/793/549 672/786/542
f 475/784/540 875/783/539 671/780/536
f 875/783/539 672/786/542 211/787/543
f 163/788/544 471/791/547 876/789/545
f 471/791/547 295/796/552 673/792/548
f 473/790/546 876/789/545 672/786/542
f 876/789/545 673/792/548 211/787/543
f 472/794/550 158/729/490 456/730/491
f 877/795/551 456/730/491 288/731/492
f 295/796/552 472/794/550 877/795/551
f 673/792/548 877/795/551 674/781/537
f 165/797/553 482/800/556 878/798/554
f 482/800/556 300/810/566 675/801/557
f 478/799/555 878/798/554 678/802/558
f 878/798/554 675/801/557 212/804/560
f 481/805/561 166/884/628 480/806/562
f 879/807/563 480/806/562 299/808/564
f 300/810/566 481/805/561 879/807/563
f 675/801/557 879/807/563 676/809/565
f 161/811/567 465/742/502 880/812/568
f 465/742/502 292/747/507 677/814/570
f 479/815/569 880/816/568 676/809/565
f 880/816/568 677/820/570 212/804/560
f 466/738/498 156/736/496 477/817/571
f 881/819/572 477/1211/571 298/803/559
f 292/747/507 466/738/498 881/818/572
f 677/820/570 881/819/572 678/802/558
f 161/811/567 488/822/574 882/821/573
f 488/822/574 303/831/583 679/823/575
f 464/743/503 882/821/573 682/824/576
f 882/821/573 679/823/575 213/825/577
f 487/826/578 168/896/640 486/827/579
f 883/828/580 486/827/579 302/829/581
f 303/831/583 487/826/578 883/828/580
f 679/823/575 883/828/580 680/830/582
f 483/832/584 884/836/588 485/833/585
f 301/835/587 681/837/589 884/836/588
f 884/836/588 680/830/582 302/829/581
f 681/837/589 213/825/577 680/830/582
f 160/750/510 463/749/509 885/838/590
f 463/749/509 291/745/505 682/824/576
f 484/839/591 885/838/590 681/837/589
f 885/838/590 682/824/576 213/825/577
f 484/839/591 886/841/592 470/840/520
f 301/835/587 683/849/593 886/841/592
f 886/842/592 686/844/594 294/772/528
f 683/843/593 214/850/598 686/844/594
f 167/834/586 492/1247/596 887/845/595
f 492/846/596 305/856/604 684/847/597
f 483/832/584 887/845/595 683/849/593
f 887/848/595 684/847/597 214/850/598
f 489/851/599 888/855/603 491/852/600
f 304/854/602 685/857/605 888/855/603
f 888/855/603 684/847/597 305/856/604
f 685/857/605 214/850/598 684/847/597
f 162/769/525 469/768/524 889/858/606
f 469/768/524 294/772/528 686/844/594
f 490/859/607 889/858/606 685/857/605
f 889/858/606 686/844/594 214/850/598
f 498/860/608 890/862/610 474/785/541
f 308/861/609 687/863/611 890/862/610
f 890/862/610 690/864/612 296/793/549
f 687/863/611 215/872/618 690/864/612
f 171/865/613 496/868/616 891/866/614
f 496/868/616 307/879/624 688/869/617
f 497/870/615 891/871/614 687/863/611
f 891/871/614 688/880/617 215/872/618
f 170/873/619 493/1131/622 892/874/620
f 493/876/622 306/883/627 689/877/623
f 495/875/621 892/874/620 688/869/617
f 892/878/620 689/877/623 215/872/618
f 494/881/625 163/788/544 473/790/546
f 893/882/626 473/790/546 296/793/549
f 306/883/627 494/881/625 893/882/626
f 689/877/623 893/882/626 690/864/612
f 166/884/628 502/886/630 894/885/629
f 502/886/630 310/895/639 691/887/631
f 480/806/562 894/885/629 694/888/632
f 894/885/629 691/887/631 216/889/633
f 501/890/634 172/968/700 500/891/635
f 895/892/636 500/891/635 309/893/637
f 310/895/639 501/890/634 895/892/636
f 691/887/631 895/892/636 692/894/638
f 168/896/640 487/826/578 896/897/641
f 487/826/578 303/831/583 693/899/643
f 499/900/642 896/901/641 692/894/638
f 896/901/641 693/904/643 216/889/633
f 488/822/574 161/811/567 479/813/569
f 897/903/644 479/815/569 299/808/564
f 303/831/583 488/822/574 897/902/644
f 693/904/643 897/903/644 694/888/632
f 168/896/640 508/1248/646 898/905/645
f 508/906/646 313/917/655 695/907/647
f 486/827/579 898/905/645 698/909/648
f 898/908/645 695/907/647 217/910/649
f 507/912/650 174/980/712 506/913/651
f 899/914/652 506/913/651 312/915/653
f 313/917/655 507/912/650 899/914/652
f 695/907/647 899/914/652 696/916/654
f 503/918/656 900/922/660 505/919/657
f 311/921/659 697/923/661 900/922/660
f 900/922/660 696/916/654 312/915/653
f 697/923/661 217/910/649 696/916/654
f 167/924/586 485/1249/585 901/925/662
f 485/833/585 302/829/581 698/909/648
f 504/926/663 901/925/662 697/923/661
f 901/925/662 698/911/648 217/910/649
f 504/926/663 902/929/664 492/928/596
f 311/921/659 699/937/665 902/929/664
f 902/930/664 702/932/666 305/856/604
f 699/931/665 218/938/670 702/932/666
f 173/920/658 512/1009/668 903/933/667
f 512/934/668 315/944/676 700/935/669
f 503/918/656 903/933/667 699/937/665
f 903/936/667 700/935/669 218/938/670
f 509/939/671 904/943/675 511/940/672
f 314/942/674 701/945/677 904/943/675
f 904/943/675 700/935/669 315/944/676
f 701/945/677 218/938/670 700/935/669
f 169/853/601 491/852/600 905/946/678
f 491/852/600 305/856/604 702/932/666
f 510/947/679 905/946/678 701/945/677
f 905/946/678 702/932/666 218/938/670
f 518/948/680 906/950/682 496/868/616
f 318/949/681 703/951/683 906/950/682
f 906/950/682 706/952/684 307/879/624
f 703/951/683 219/958/690 706/952/684
f 177/953/685 516/956/688 907/954/686
f 516/956/688 317/964/696 704/957/689
f 517/955/687 907/954/686 703/951/683
f 907/954/686 704/957/689 219/958/690
f 176/959/691 513/962/694 908/960/692
f 513/962/694 316/967/699 705/963/695
f 515/961/693 908/960/692 704/957/689
f 908/960/692 705/963/695 219/958/690
f 514/965/697 170/873/619 495/875/621
f 909/966/698 495/875/621 307/879/624
f 316/967/699 514/965/697 909/966/698
f 705/963/695 909/966/698 706/952/684
f 172/968/700 522/970/702 910/969/701
f 522/970/702 320/979/711 707/971/703
f 500/891/635 910/969/701 710/972/704
f 910/969/701 707/971/703 220/973/705
f 521/974/706 178/1049/772 520/975/707
f 911/976/708 520/975/707 319/977/709
f 320/979/711 521/974/706 911/976/708
f 707/971/703 911/976/708 708/978/710
f 174/980/712 507/912/650 912/981/713
f 507/912/650 313/917/655 709/983/715
f 519/984/714 912/985/713 708/978/710
f 912/985/713 709/989/715 220/973/705
f 508/986/646 168/1250/640 499/900/642
f 913/987/716 499/900/642 309/893/637
f 313/1251/655 508/986/646 913/987/716
f 709/989/715 913/987/716 710/972/704
f 174/980/712 528/991/718 914/990/717
f 528/991/718 323/1000/727 711/992/719
f 506/913/651 914/990/717 714/993/720
f 914/990/717 711/992/719 221/994/721
f 527/995/722 180/1061/784 525/996/723
f 915/997/724 525/996/723 322/998/725
f 323/1000/727 527/995/722 915/997/724
f 711/992/719 915/997/724 712/999/726
f 523/1001/728 916/1005/732 526/1002/729
f 321/1004/731 713/1006/733 916/1005/732
f 916/1005/732 712/999/726 322/998/725
f 713/1006/733 221/994/721 712/999/726
f 173/920/658 505/919/657 917/1007/734
f 505/919/657 312/915/653 714/993/720
f 524/1008/735 917/1007/734 713/1006/733
f 917/1007/734 714/993/720 221/994/721
f 524/1008/735 918/1010/736 512/1009/668
f 321/1004/731 715/1018/737 918/1010/736
f 918/1011/736 718/1013/738 315/944/676
f 715/1012/737 222/1019/742 718/1013/738
f 179/1003/730 531/1252/740 919/1014/739
f 531/1015/740 325/1025/748 716/1016/741
f 523/1001/728 919/1014/739 715/1018/737
f 919/1017/739 716/1016/741 222/1019/742
f 529/1020/743 920/1024/747 532/1021/744
f 324/1023/746 717/1026/749 920/1024/747
f 920/1024/747 716/1016/741 325/1025/748
f 717/1026/749 222/1019/742 716/1016/741
f 175/941/673 511/940/672 921/1027/750
f 511/940/672 315/944/676 718/1013/738
f 530/1028/751 921/1027/750 717/1026/749
f 921/1027/750 718/1013/738 222/1019/742
f 538/1029/752 922/1031/754 516/956/688
f 328/1030/753 719/1032/755 922/1031/754
f 922/1031/754 722/1033/756 317/964/696
f 719/1032/755 223/1039/762 722/1033/756
f 183/1034/757 535/1037/760 923/1035/758
f 535/1037/760 327/1045/768 720/1038/761
f 537/1036/759 923/1035/758 719/1032/755
f 923/1035/758 720/1038/761 223/1039/762
f 182/1040/763 533/1043/766 924/1041/764
f 533/1043/766 326/1048/771 721/1044/767
f 536/1042/765 924/1041/764 720/1038/761
f 924/1041/764 721/1044/767 223/1039/762
f 534/1046/769 176/959/691 515/961/693
f 925/1047/770 515/961/693 317/964/696
f 326/1048/771 534/1046/769 925/1047/770
f 721/1044/767 925/1047/770 722/1033/756
f 178/1049/772 542/1051/774 926/1050/773
f 542/1051/774 330/1060/783 723/1052/775
f 520/975/707 926/1050/773 726/1053/776
f 926/1050/773 723/1052/775 224/1054/777
f 541/1055/778 184/1202/887 539/1056/779
f 927/1057/780 539/1056/779 329/1058/781
f 330/1060/783 541/1055/778 927/1057/780
f 723/1052/775 927/1057/780 724/1059/782
f 180/1061/784 527/995/722 928/1062/785
f 527/995/722 323/1000/727 725/1064/787
f 540/1065/786 928/1066/785 724/1059/782
f 928/1066/785 725/1069/787 224/1054/777
f 528/991/718 174/980/712 519/982/714
f 929/1068/788 519/984/714 319/977/709
f 323/1000/727 528/991/718 929/1067/788
f 725/1069/787 929/1068/788 726/1053/776
f 344/570/371 828/572/373 544/1070/789
f 828/572/373 628/1243/376 331/1071/790
f 159/774/530 543/1072/791 930/573/374
f 543/1072/791 331/1074/790 628/575/376
f 468/776/532 931/1073/792 543/1072/791
f 293/770/526 727/1075/793 931/1073/792
f 931/1073/792 730/1076/794 331/1074/790
f 727/1075/793 225/1080/798 730/1076/794
f 162/769/525 546/1078/796 932/1077/795
f 546/1078/796 332/1110/801 728/1079/797
f 467/767/523 932/1077/795 727/1075/793
f 932/1077/795 728/1079/797 225/1080/798
f 475/784/540 933/1082/800 545/1081/799
f 297/778/534 729/1084/802 933/1082/800
f 933/1082/800 728/1085/797 332/1083/801
f 729/1084/802 225/1088/798 728/1085/797
f 157/727/488 544/1070/789 934/1086/803
f 544/1070/789 331/1071/790 730/1087/794
f 476/777/533 934/1086/803 729/1084/802
f 934/1086/803 730/1087/794 225/1088/798
f 158/729/490 472/794/550 935/1089/804
f 472/794/550 295/796/552 731/1091/806
f 548/1090/805 935/1089/804 734/1092/807
f 935/1089/804 731/1091/806 226/1094/809
f 471/791/547 163/788/544 550/1095/810
f 936/1096/811 550/1095/810 334/1097/812
f 295/796/552 471/791/547 936/1096/811
f 731/1091/806 936/1096/811 732/1098/813
f 166/884/628 481/805/561 937/1099/814
f 481/805/561 300/810/566 733/1101/816
f 549/1100/815 937/1099/814 732/1102/813
f 937/1099/814 733/1101/816 226/1104/809
f 482/800/556 165/797/553 547/1105/817
f 938/1106/818 547/1105/817 333/1107/808
f 300/810/566 482/800/556 938/1106/818
f 733/1101/816 938/1106/818 734/1108/807
f 490/859/607 939/1109/819 546/1078/796
f 304/854/602 735/1111/820 939/1109/819
f 939/1109/819 738/1112/821 332/1110/801
f 735/1111/820 227/1116/825 738/1112/821
f 169/853/601 552/1114/823 940/1113/822
f 552/1114/823 335/1120/828 736/1115/824
f 489/851/599 940/1113/822 735/1111/820
f 940/1113/822 736/1115/824 227/1116/825
f 497/867/615 941/1253/827 551/1117/826
f 308/861/609 737/1122/829 941/1118/827
f 941/1119/827 736/1115/824 335/1120/828
f 737/1122/829 227/1126/825 736/1123/824
f 164/782/538 545/1081/799 942/1124/830
f 545/1081/799 332/1083/801 738/1125/821
f 498/860/608 942/1124/830 737/1122/829
f 942/1124/830 738/1125/821 227/1126/825
f 163/788/544 494/881/625 943/1127/831
f 494/881/625 306/883/627 739/1128/832
f 550/1095/810 943/1127/831 742/1129/833
f 943/1127/831 739/1128/832 228/1130/834
f 493/1131/622 170/873/619 554/1132/835
f 944/1133/836 554/1132/835 336/1134/837
f 306/883/627 493/876/622 944/1136/836
f 739/1137/832 944/1133/836 740/1135/838
f 172/968/700 501/890/634 945/1139/839
f 501/890/634 310/895/639 741/1141/841
f 553/1140/840 945/1139/839 740/1142/838
f 945/1139/839 741/1141/841 228/1144/834
f 502/886/630 166/884/628 549/1100/815
f 946/1145/842 549/1100/815 334/1103/812
f 310/895/639 502/886/630 946/1145/842
f 741/1141/841 946/1145/842 742/1146/833
f 510/947/679 947/1147/843 552/1114/823
f 314/942/674 743/1148/844 947/1147/843
f 947/1147/843 746/1149/845 335/1120/828
f 743/1148/844 229/1153/849 746/1149/845
f 175/941/673 556/1151/847 948/1150/846
f 556/1151/847 337/1179/852 744/1152/848
f 509/939/671 948/1150/846 743/1148/844
f 948/1150/846 744/1152/848 229/1153/849
f 517/955/687 949/1155/851 555/1154/850
f 318/949/681 745/1157/853 949/1155/851
f 949/1155/851 744/1158/848 337/1156/852
f 745/1157/853 229/1161/849 744/1158/848
f 171/865/613 551/1117/826 950/1159/854
f 551/1121/826 335/1120/828 746/1149/845
f 518/948/680 950/1159/854 745/1157/853
f 950/1159/854 746/1254/845 229/1161/849
f 170/873/619 514/965/697 951/1162/855
f 514/965/697 316/967/699 747/1163/856
f 554/1132/835 951/1162/855 750/1164/857
f 951/1162/855 747/1163/856 230/1165/858
f 513/962/694 176/959/691 558/1166/859
f 952/1167/860 558/1166/859 338/1168/861
f 316/967/699 513/962/694 952/1167/860
f 747/1163/856 952/1167/860 748/1169/862
f 178/1049/772 521/974/706 953/1170/863
f 521/974/706 320/979/711 749/1172/865
f 557/1171/864 953/1170/863 748/1173/862
f 953/1170/863 749/1172/865 230/1175/858
f 522/970/702 172/968/700 553/1140/840
f 954/1176/866 553/1140/840 336/1143/837
f 320/979/711 522/970/702 954/1176/866
f 749/1172/865 954/1176/866 750/1177/857
f 530/1028/751 955/1178/867 556/1151/847
f 324/1023/746 751/1180/868 955/1178/867
f 955/1178/867 754/1181/869 337/1179/852
f 751/1180/868 231/1185/873 754/1181/869
f 181/1022/745 559/1183/871 956/1182/870
f 559/1183/871 339/1255/876 752/1184/872
f 529/1020/743 956/1182/870 751/1180/868
f 956/1182/870 752/1184/872 231/1185/873
f 537/1036/759 957/1187/875 560/1186/874
f 328/1030/753 753/1189/877 957/1187/875
f 957/1187/875 752/1190/872 339/1188/876
f 753/1189/877 231/1193/873 752/1190/872
f 177/953/685 555/1154/850 958/1191/878
f 555/1154/850 337/1156/852 754/1192/869
f 538/1029/752 958/1191/878 753/1189/877
f 958/1191/878 754/1192/869 231/1193/873
f 176/959/691 534/1046/769 959/1194/879
f 534/1046/769 326/1048/771 755/1195/880
f 558/1166/859 959/1194/879 758/1196/881
f 959/1194/879 755/1195/880 232/1197/882
f 533/1043/766 182/1040/763 561/1198/883
f 960/1199/884 561/1198/883 340/1200/885
f 326/1048/771 533/1043/766 960/1199/884
f 755/1195/880 960/1199/884 756/1201/886
f 184/1202/887 541/1055/778 961/1203/888
f 541/1055/778 330/1060/783 757/1205/890
f 562/1204/889 961/1203/888 756/1206/886
f 961/1203/888 757/1205/890 232/1208/882
f 542/1051/774 178/1049/772 557/1171/864
f 962/1209/891 557/1171/864 338/1174/861
f 330/1060/783 542/1051/774 962/1209/891
f 757/1205/890 962/1209/891 758/1210/881
f 478/799/555 963/718/480 451/717/479
f 298/803/559 759/715/478 963/718/480
f 156/736/496 343/216/58 861/713/477
f 477/1211/571 861/716/477 759/715/478
f 548/1090/805 964/721/483 455/226/68
f 333/1093/808 760/1246/482 964/721/483
f 165/797/553 451/717/479 862/719/481
f 547/1105/817 862/719/481 760/720/482
