# Blender 4.0.0
# www.blender.org
o ToasterOven027_Body001
v -0.27507000 -0.18442150 -0.14625900
v 0.27720400 -0.18442150 -0.14625900
v 0.27720400 -0.18442150 0.17112000
v -0.27507000 0.23688550 -0.14625900
v 0.27720400 0.23688550 -0.14625900
v -0.27507000 0.23688550 0.17112000
v 0.27720400 0.23688550 0.17112000
v -0.26325000 -0.19484350 -0.14625900
v 0.26538400 -0.19484450 0.17112000
v 0.26538400 -0.19484450 -0.14625900
v 0.18092400 -0.18442150 0.17112000
v 0.18092400 -0.18442150 -0.14625900
v 0.18092400 -0.19484450 0.17112000
v 0.18092400 -0.19484450 -0.14625900
v -0.27507000 -0.18442150 -0.11013300
v 0.27720400 -0.18442150 -0.11013300
v 0.27720400 -0.18442150 0.13499400
v -0.25539600 -0.20176950 -0.11013300
v 0.25752900 -0.20176950 -0.11013300
v 0.25752900 -0.20176950 0.13499400
v 0.18092400 -0.20176950 0.13499400
v 0.18092400 -0.20176950 -0.11013300
v -0.25281800 0.23688550 -0.14625900
v -0.25281800 0.23688550 0.17112000
v 0.27720400 -0.18442150 -0.08865200
v 0.27720400 -0.18442150 0.11351300
v 0.25752900 -0.20176950 -0.09026100
v 0.25752900 -0.20176950 0.12430200
v 0.18092400 -0.20176950 0.12430200
v 0.18092400 -0.20176950 -0.09026100
v 0.27720400 -0.18315450 -0.14625900
v -0.27507000 -0.18315450 -0.14625900
v 0.27720400 -0.18315550 0.17112000
v -0.27390200 -0.18545150 -0.14625900
v 0.27603600 -0.18545150 0.17112000
v 0.27603600 -0.18545150 -0.14625900
v 0.18092400 -0.18315450 -0.14625900
v 0.18092400 -0.18315550 0.17112000
v 0.18092400 -0.18568750 0.17112000
v 0.18092400 -0.18568750 -0.14625900
v 0.27720400 -0.18315550 0.13499400
v 0.27720400 -0.18315450 -0.11013300
v -0.27507000 -0.18315450 -0.11013300
v -0.27412000 -0.18525850 -0.11013300
v 0.27625400 -0.18525850 -0.11013300
v 0.27625400 -0.18525950 0.13499400
v 0.27720400 -0.18315550 0.11351300
v 0.27720400 -0.18315450 -0.08865200
v 0.27625400 -0.18525850 -0.08865200
v 0.27625400 -0.18525950 0.11351300
v -0.24433100 0.23688550 -0.14625900
v -0.24433100 0.23688550 0.17112000
v 0.27720400 -0.18442150 -0.08039700
v 0.27720400 -0.18442150 0.07206500
v 0.27720400 0.23688550 0.10525800
v -0.27507000 0.23688550 0.10525800
v 0.25752900 -0.20176950 -0.08039700
v 0.25752900 -0.20176950 0.07189400
v 0.18092400 -0.20176950 0.07206500
v 0.18092400 -0.20176950 -0.08039700
v -0.25281800 0.23688550 0.10525800
v 0.27720400 -0.18315550 0.07206500
v 0.27720400 -0.18315450 -0.08039700
v 0.27625400 -0.18525850 -0.08039700
v 0.27625400 -0.18525950 0.07206500
v -0.24433100 0.23688550 0.10525800
v -0.27173600 -0.18442150 -0.14625900
v -0.27173600 0.23688550 0.17112000
v -0.25615200 0.23688550 0.17112000
v -0.26000200 -0.19484350 -0.14625900
v -0.25220600 -0.20176950 -0.11013300
v -0.25615200 0.23688550 -0.14625900
v -0.27173600 0.23688550 -0.14625900
v -0.27173600 -0.18315450 -0.14625900
v -0.27053900 -0.18548650 -0.14625900
v -0.27173600 0.23688550 0.10525800
v -0.25615200 0.23688550 0.10525800
v 0.17767700 -0.19447950 0.17067900
v 0.17773400 -0.20119950 0.13494000
v 0.17759000 -0.18442150 -0.14568600
v 0.17767700 -0.19447950 -0.14581700
v 0.17773400 -0.20119950 -0.11007900
v 0.17759000 -0.18315450 -0.14568600
v 0.17759000 -0.18315550 0.17054700
v 0.17760100 -0.18568750 -0.14568600
v 0.17773400 -0.20119750 0.07206500
v 0.17773400 -0.20119750 -0.08039700
v 0.18092400 -0.20176950 0.13177600
v 0.18092400 -0.20176950 0.12752100
v 0.27720400 -0.18442150 0.11673100
v 0.27720400 -0.18442150 0.13177600
v 0.25752900 -0.20176950 0.12752100
v 0.25752900 -0.20176950 0.13177600
v 0.27720400 -0.18315550 0.13177600
v 0.27720400 -0.18315550 0.11673100
v 0.27625400 -0.18525950 0.11673100
v 0.27625400 -0.18525950 0.13177600
v 0.17773400 -0.20119750 0.12752100
v 0.27720400 -0.18442150 -0.10691500
v 0.27720400 -0.18442150 -0.09187000
v 0.25752900 -0.20176950 -0.10691500
v -0.27454900 -0.18418550 -0.10691500
v 0.18092400 -0.20176950 -0.10691500
v 0.27720400 -0.18315450 -0.09187000
v 0.27720400 -0.18315450 -0.10691500
v -0.27374200 -0.18482950 -0.10691500
v 0.27625400 -0.18525850 -0.10691500
v 0.27625400 -0.18525850 -0.09187000
v -0.25220600 -0.20119750 -0.10691500
v 0.17773400 -0.20119750 -0.10691500
v 0.27720400 -0.18442150 -0.14295600
v 0.27720400 -0.18442150 -0.11343600
v -0.27507000 0.23688550 -0.14295600
v 0.26466600 -0.19547750 -0.14295600
v 0.25824800 -0.20113650 -0.11343600
v -0.27507000 -0.18442150 -0.11343600
v -0.27507000 -0.18442150 -0.14295600
v 0.27720400 0.23688550 -0.14295600
v -0.25611400 -0.20113650 -0.11343600
v -0.26253200 -0.19547750 -0.14295600
v 0.18092400 -0.20113650 -0.11343600
v 0.18092400 -0.19547750 -0.14295600
v -0.25281800 0.23688550 -0.14295600
v 0.27720400 -0.18315450 -0.11343600
v 0.27720400 -0.18315450 -0.14295600
v -0.27507000 -0.18315450 -0.14295600
v -0.27507000 -0.18315450 -0.11343600
v -0.27410000 -0.18527650 -0.11343600
v -0.27392200 -0.18543350 -0.14295600
v 0.27605600 -0.18543350 -0.14295600
v 0.27623400 -0.18527650 -0.11343600
v -0.24433100 0.23688550 -0.14295600
v -0.25291800 -0.20113650 -0.11343600
v -0.25929000 -0.19547750 -0.14295600
v -0.27173600 0.23688550 -0.14295600
v -0.25615200 0.23688550 -0.14295600
v 0.17768200 -0.19491450 -0.14284800
v 0.17772900 -0.20057450 -0.11332800
v 0.27720400 0.23688550 0.16781700
v 0.18092400 -0.19547750 0.16781700
v 0.18092400 -0.20113650 0.13829700
v 0.27720400 -0.18442150 0.13829700
v 0.27720400 -0.18442150 0.16781700
v -0.27507000 0.23688550 0.16781700
v 0.25824800 -0.20113650 0.13829700
v 0.26466600 -0.19547750 0.16781700
v -0.25281800 0.23688550 0.16781700
v 0.27720400 -0.18315550 0.16781700
v 0.27720400 -0.18315550 0.13829700
v 0.27623400 -0.18527650 0.13829700
v 0.27605600 -0.18543350 0.16781700
v -0.24433100 0.23688550 0.16781700
v -0.27173600 0.23688550 0.16781700
v -0.25615200 0.23688550 0.16781700
v 0.17772900 -0.20057450 0.13818900
v 0.27720400 0.23391650 -0.14625900
v -0.27507000 0.23391650 -0.14625900
v 0.27720400 0.23391650 0.17112000
v -0.27507000 0.23391650 0.17112000
v -0.25281800 0.23391650 -0.14625900
v -0.25281800 0.23391650 0.17112000
v -0.24433100 0.23391650 -0.14625900
v -0.24433100 0.23391650 0.17112000
v 0.27720400 0.23391650 0.10525800
v -0.27507000 0.23391650 0.10525800
v -0.25615200 0.23391650 -0.14625900
v -0.27173600 0.23391650 -0.14625900
v -0.27173600 0.23391650 0.17112000
v -0.25615200 0.23391650 0.17112000
v 0.27720400 0.23391650 -0.14295600
v -0.27507000 0.23391650 -0.14295600
v 0.27720400 0.23391650 0.16781700
v -0.27507000 0.23391650 0.16781700
v 0.27196200 -0.18442150 0.17112000
v 0.27196300 0.23688550 -0.14625900
v 0.26121600 -0.19484450 0.17112000
v 0.25407600 -0.20176950 0.13499400
v 0.27196200 -0.18442150 -0.14625900
v 0.27196300 0.23688550 0.17112000
v 0.26121600 -0.19484450 -0.14625900
v 0.25407600 -0.20176950 -0.11013300
v 0.25407600 -0.20176950 0.12430200
v 0.25407600 -0.20176950 -0.09026100
v 0.27196200 -0.18315450 -0.14625900
v 0.27196200 -0.18315550 0.17112000
v 0.27090000 -0.18547250 0.17112000
v 0.27090000 -0.18547250 -0.14625900
v 0.25407600 -0.20176950 0.07189400
v 0.25407600 -0.20176950 -0.08039700
v 0.27196300 0.23688550 0.10525800
v 0.25407600 -0.20176950 0.13177600
v 0.25407600 -0.20176950 0.12752100
v 0.25407600 -0.20176950 -0.10691500
v 0.27196300 0.23688550 -0.14295600
v 0.25472900 -0.20113650 -0.11343600
v 0.26056300 -0.19547750 -0.14295600
v 0.26056300 -0.19547750 0.16781700
v 0.25472900 -0.20113650 0.13829700
v 0.27196300 0.23688550 0.16781700
v 0.27196300 0.23391650 -0.14625900
v 0.27196300 0.23391650 0.17112000
v -0.26422400 -0.19398550 -0.14625900
v 0.26635800 -0.19398550 0.17112000
v 0.26635800 -0.19398550 -0.14625900
v 0.18092400 -0.19400750 0.17112000
v 0.18092400 -0.19400650 -0.14625900
v -0.25710800 -0.20026050 -0.11013300
v 0.25924100 -0.20026050 -0.11013300
v 0.25924100 -0.20026050 0.13499400
v 0.25924100 -0.20026050 -0.09026100
v 0.25924100 -0.20026050 0.12430200
v 0.25924100 -0.20026050 -0.08039700
v 0.25924100 -0.20026050 0.07189400
v -0.26096600 -0.19398850 -0.14625900
v 0.17767000 -0.19400650 -0.14568600
v 0.25924100 -0.20026050 0.12752100
v 0.25924100 -0.20026050 0.13177600
v 0.25924100 -0.20026050 -0.10691500
v -0.25775800 -0.19968650 -0.11343600
v -0.26357300 -0.19455850 -0.14295600
v 0.26570700 -0.19455850 -0.14295600
v 0.25989200 -0.19968650 -0.11343600
v 0.25989200 -0.19968650 0.13829700
v 0.26570700 -0.19455950 0.16781700
v 0.26210200 -0.19398750 0.17112000
v 0.26210200 -0.19398750 -0.14625900
v -0.27507000 0.05959450 -0.14625900
v -0.25281800 0.05959450 -0.14625900
v -0.24433100 0.05959450 -0.14625900
v -0.27507000 -0.04865050 0.10525800
v -0.27507000 0.16784050 0.10525800
v -0.27173600 0.05959450 -0.14625900
v -0.25615200 -0.04865050 0.17112000
v -0.25615200 0.16784050 0.17112000
v 0.27720400 0.05959450 -0.14295600
v -0.27507000 -0.04865050 0.16781700
v -0.27507000 0.16784050 0.16781700
v 0.27720400 0.05959450 -0.14625900
v 0.27720400 0.05959450 0.17112000
v -0.27507000 0.16784050 0.17112000
v -0.27507000 -0.04865050 0.17112000
v -0.25281800 0.16784050 0.17112000
v -0.25281800 -0.04865050 0.17112000
v -0.24433100 0.16784050 0.17112000
v -0.24433100 -0.04865050 0.17112000
v 0.27720400 0.05959450 0.10525800
v -0.25615200 0.05959550 -0.14625900
v -0.27173600 0.16784050 0.17112000
v -0.27173600 -0.04865050 0.17112000
v -0.27507000 0.05959550 -0.14295600
v 0.27720400 0.05959450 0.16781700
v 0.27196200 0.05959450 -0.14625900
v 0.27196200 0.05959450 0.17112000
v 0.27720400 -0.18442150 -0.06342300
v 0.27720400 -0.18442150 0.05519200
v 0.27720400 0.23688550 0.05519200
v 0.27720400 0.23688550 -0.06342300
v -0.27507000 0.23688550 -0.06342300
v -0.27507000 0.23688550 0.05519200
v 0.25752900 -0.20176950 -0.06342300
v 0.25752900 -0.20176950 0.05562700
v 0.18092400 -0.20176950 0.05519200
v 0.18092400 -0.20176950 -0.06342300
v -0.25281800 0.23688550 -0.06342300
v -0.25281800 0.23688550 0.05519200
v 0.27720400 -0.18315550 0.05519200
v 0.27720400 -0.18315450 -0.06342300
v 0.27625400 -0.18525850 -0.06342300
v 0.27625400 -0.18525950 0.05519200
v -0.24433100 0.23688550 -0.06342300
v -0.24433100 0.23688550 0.05519200
v -0.25615200 0.23688550 0.05519200
v -0.25615200 0.23688550 -0.06342300
v -0.27173600 0.23688550 -0.06342300
v -0.27173600 0.23688550 0.05519200
v 0.17773400 -0.20119750 -0.06342300
v 0.27720400 0.23391650 -0.06342300
v 0.27720400 0.23391650 0.05519200
v -0.27507000 0.23391650 0.05519200
v -0.27507000 0.23391650 -0.06342300
v 0.25407600 -0.20176950 -0.06342300
v 0.25407600 -0.20176950 0.05519200
v 0.27196300 0.23688550 0.05519200
v 0.27196300 0.23688550 -0.06342300
v 0.25924100 -0.20026050 0.05562700
v 0.25924100 -0.20026050 -0.06342300
v 0.27720400 0.05959450 -0.06342300
v 0.27720400 0.05959450 0.05519200
v -0.27507000 -0.04865050 0.05519200
v -0.27507000 0.16784050 0.05519200
v -0.27507000 0.05959550 -0.06342300
v -0.27299000 -0.04476750 0.10144800
v -0.27243200 0.16403150 0.10144800
v -0.27243200 0.16403150 0.05900100
v -0.27299000 -0.04476750 0.05900100
v -0.27507000 -0.04418550 0.10525800
v -0.27507000 0.16337550 0.10525800
v -0.25615200 -0.04418550 0.17112000
v -0.25615200 0.16337550 0.17112000
v -0.27507000 -0.04418550 0.16781700
v -0.27507000 0.16337550 0.16781700
v -0.27507000 0.16337550 0.17112000
v -0.27507000 -0.04418550 0.17112000
v -0.25281800 0.16337550 0.17112000
v -0.25281800 -0.04418550 0.17112000
v -0.24433100 0.16337550 0.17112000
v -0.24433100 -0.04418550 0.17112000
v -0.27173600 0.16337550 0.17112000
v -0.27173600 -0.04418550 0.17112000
v -0.27507000 0.16337550 0.05519200
v -0.27507000 -0.04418550 0.05519200
v -0.27187500 -0.04060650 0.10144800
v -0.27135200 0.15958150 0.10144800
v -0.27135200 0.15958150 0.05900100
v -0.27187500 -0.04060650 0.05900100
v 0.27720400 0.23688550 0.10188600
v 0.27720400 0.23688550 0.05834000
v 0.18092400 -0.20176950 0.06869300
v 0.18092400 -0.20176950 0.05834000
v 0.27720400 -0.18315550 0.06869300
v 0.27720400 -0.18315550 0.05834000
v -0.25615200 0.23688550 0.10188600
v -0.25615200 0.23688550 0.05834000
v -0.27507000 0.23391650 0.10188600
v -0.27507000 0.23391650 0.05834000
v 0.27196300 0.23688550 0.10188600
v 0.27196300 0.23688550 0.05834000
v 0.27720400 0.05959450 0.05834000
v -0.27507000 0.16784050 0.10188600
v -0.27507000 0.16784050 0.05834000
v 0.27720400 -0.18442150 0.05834000
v 0.27720400 -0.18442150 0.06869300
v -0.27507000 0.23688550 0.05834000
v -0.27507000 0.23688550 0.10188600
v -0.25281800 0.23688550 0.05834000
v -0.25281800 0.23688550 0.10188600
v 0.27625400 -0.18525950 0.05834000
v 0.27625400 -0.18525950 0.06869300
v -0.24433100 0.23688550 0.05834000
v -0.24433100 0.23688550 0.10188600
v -0.27173600 0.23688550 0.05834000
v -0.27173600 0.23688550 0.10188600
v 0.17773400 -0.20119750 0.05834000
v 0.27720400 0.23391650 0.05834000
v 0.27720400 0.23391650 0.10188600
v 0.25407600 -0.20176950 0.05834000
v 0.27720400 0.05959450 0.10188600
v -0.27507000 -0.04865050 0.05834000
v -0.27507000 -0.04865050 0.10188600
v -0.27243200 0.16403150 0.09891600
v -0.27243200 0.16403150 0.06131000
v -0.27299000 -0.04476750 0.06131000
v -0.27299000 -0.04476750 0.09891600
v -0.27135200 0.15958150 0.09891600
v -0.27135200 0.15958150 0.06131000
v -0.27187500 -0.04060650 0.06131000
v -0.27187500 -0.04060650 0.09891600
v -0.27453200 -0.04787350 0.10448100
v -0.27297000 -0.04561850 0.10222500
v -0.27453200 0.16706350 0.10448100
v -0.27297000 0.16480850 0.10222500
v -0.27453200 0.16706350 0.05596900
v -0.27297000 0.16480850 0.05822400
v -0.27453200 -0.04787350 0.05596900
v -0.27297000 -0.04561850 0.05822400
v -0.27453200 0.16263050 0.10448100
v -0.27297000 0.16046850 0.10222500
v -0.27297000 -0.04127850 0.10222500
v -0.27453200 -0.04344050 0.10448100
v -0.27453200 -0.04344050 0.05596900
v -0.27297000 -0.04127850 0.05822400
v -0.27297000 0.16046850 0.05822400
v -0.27453200 0.16263050 0.05596900
v -0.27453200 0.16706350 0.05894500
v -0.27297000 0.16480850 0.06070400
v -0.27297000 0.16480850 0.09952200
v -0.27453200 0.16706350 0.10128000
v -0.27453200 -0.04787350 0.10128000
v -0.27297000 -0.04561850 0.09952200
v -0.27297000 -0.04561850 0.06070400
v -0.27453200 -0.04787350 0.05894500
v -0.27507000 -0.05080150 -0.14625900
v -0.25281800 -0.05080150 -0.14625900
v -0.24433100 -0.05080150 -0.14625900
v -0.27507000 -0.05080150 0.10525800
v -0.27173600 -0.05080150 -0.14625900
v -0.25615200 -0.05080150 0.17112000
v 0.27720400 -0.05080250 -0.14295600
v -0.27507000 -0.05080150 0.16781700
v 0.27196200 -0.05080250 0.17112000
v 0.27720400 -0.05080250 -0.14625900
v 0.27720400 -0.05080250 0.17112000
v -0.27507000 -0.05080150 0.17112000
v -0.25281800 -0.05080150 0.17112000
v -0.24433100 -0.05080150 0.17112000
v 0.27720400 -0.05080250 0.10525800
v -0.25615200 -0.05080150 -0.14625900
v -0.27173600 -0.05080150 0.17112000
v -0.27507000 -0.05080150 -0.14295600
v 0.27720400 -0.05080250 0.16781700
v 0.27196200 -0.05080250 -0.14625900
v 0.27720400 -0.05080250 -0.06342300
v 0.27720400 -0.05080250 0.05519200
v -0.27507000 -0.05080150 0.05519200
v -0.27507000 -0.05080150 -0.06342300
v 0.27720400 -0.05080250 0.10188600
v 0.27720400 -0.05080250 0.05834000
v -0.27507000 -0.05080150 0.10188600
v -0.27507000 -0.05080150 0.05834000
v 0.27720400 0.17076250 -0.14625900
v 0.27720400 0.17076250 0.17112000
v -0.27507000 0.17076250 0.17112000
v -0.25281800 0.17076250 0.17112000
v -0.24433100 0.17076250 0.17112000
v 0.27720400 0.17076250 0.10525800
v -0.25615200 0.17076250 -0.14625900
v -0.27173600 0.17076250 0.17112000
v -0.27507000 0.17076250 -0.14295600
v 0.27720400 0.17076250 0.16781700
v 0.27196300 0.17076250 -0.14625900
v -0.27507000 0.17076250 -0.14625900
v -0.25281800 0.17076250 -0.14625900
v -0.24433100 0.17076250 -0.14625900
v -0.27507000 0.17076250 0.10525800
v -0.27173600 0.17076250 -0.14625900
v -0.25615200 0.17076250 0.17112000
v 0.27720400 0.17076250 -0.14295600
v -0.27507000 0.17076250 0.16781700
v 0.27196300 0.17076250 0.17112000
v 0.27720400 0.17076250 0.05519200
v 0.27720400 0.17076250 -0.06342300
v -0.27507000 0.17076250 -0.06342300
v -0.27507000 0.17076250 0.05519200
v 0.27720400 0.17076250 0.10188600
v 0.27720400 0.17076250 0.05834000
v -0.27507000 0.17076250 0.10188600
v -0.27507000 0.17076250 0.05834000
v 0.27720400 -0.18442150 0.05334900
v 0.27720400 0.23688550 0.05334900
v -0.27507000 0.23688550 0.05334900
v 0.18092400 -0.20176950 0.05334900
v -0.25281800 0.23688550 0.05334900
v 0.27720400 -0.18315550 0.05334900
v 0.27625400 -0.18525950 0.05334900
v -0.24433100 0.23688550 0.05334900
v -0.25615200 0.23688550 0.05334900
v -0.27173600 0.23688550 0.05334900
v 0.17773400 -0.20119750 0.05334900
v 0.27720400 0.23391650 0.05334900
v -0.27507000 0.23391650 0.05334900
v 0.25407600 -0.20176950 0.05334900
v 0.27196300 0.23688550 0.05334900
v 0.27720400 0.05959450 0.05334900
v -0.27507000 -0.04865050 0.05334900
v -0.27507000 0.16784050 0.05334900
v -0.27507000 0.16337550 0.05334900
v -0.27507000 -0.04418550 0.05334900
v 0.27720400 -0.05080250 0.05334900
v -0.27507000 -0.05080150 0.05334900
v 0.27720400 0.17076250 0.05334900
v -0.27507000 0.17076250 0.05334900
v 0.27720400 0.23688550 0.10811600
v 0.18092400 -0.20176950 0.07492300
v 0.27720400 -0.18315550 0.07492300
v 0.27720400 -0.18442150 0.07492300
v -0.27507000 0.23688550 0.10811600
v -0.25281800 0.23688550 0.10811600
v 0.27625400 -0.18525950 0.07492300
v -0.24433100 0.23688550 0.10811600
v -0.25615200 0.23688550 0.10811600
v -0.27173600 0.23688550 0.10811600
v 0.27720400 0.23391650 0.10811600
v -0.27507000 0.23391650 0.10811600
v 0.27196300 0.23688550 0.10811600
v 0.27720400 0.05959450 0.10811600
v -0.27507000 -0.04865050 0.10811600
v -0.27507000 0.16784050 0.10811600
v -0.27507000 -0.04418550 0.10811600
v -0.27507000 0.16337550 0.10811600
v 0.27720400 -0.05080250 0.10811600
v -0.27507000 -0.05080150 0.10811600
v 0.27720400 0.17076250 0.10811600
v -0.27507000 0.17076250 0.10811600
v 0.19359700 -0.18442150 -0.14625900
v 0.25929000 -0.18442150 -0.14625900
v 0.25929000 0.23688550 0.17112000
v 0.19210100 -0.19484450 -0.14625900
v 0.25004000 -0.19484450 -0.14625900
v 0.19584600 -0.20176950 -0.11013300
v 0.23842300 -0.20176950 -0.11013300
v 0.25929000 -0.18442150 0.17112000
v 0.19359700 -0.18442150 0.17112000
v 0.25929000 0.23688550 -0.14625900
v 0.25004000 -0.19484450 0.17112000
v 0.19210100 -0.19484450 0.17112000
v 0.24389300 -0.20176950 0.13499400
v 0.19110700 -0.20176950 0.13499400
v 0.19110700 -0.20176950 -0.09026100
v 0.24389300 -0.20176950 -0.09026100
v 0.24389300 -0.20176950 0.12430200
v 0.19110700 -0.20176950 0.12430200
v 0.25929000 -0.18315450 -0.14625900
v 0.19359700 -0.18315450 -0.14625900
v 0.25837600 -0.18550250 0.17112000
v 0.19344900 -0.18565850 0.17112000
v 0.19359700 -0.18315550 0.17112000
v 0.25929000 -0.18315550 0.17112000
v 0.19344900 -0.18565750 -0.14625900
v 0.25837600 -0.18550250 -0.14625900
v 0.24389300 -0.20176950 0.07206500
v 0.19110700 -0.20176950 0.07206500
v 0.19110700 -0.20176950 -0.08039700
v 0.24389300 -0.20176950 -0.08039700
v 0.25929000 0.23688550 0.10525800
v 0.24389300 -0.20176950 0.13177600
v 0.19110700 -0.20176950 0.13177600
v 0.19110700 -0.20176950 0.12752100
v 0.24389300 -0.20176950 0.12752100
v 0.19110700 -0.20176950 -0.10691500
v 0.24389300 -0.20176950 -0.10691500
v 0.23276600 -0.20085650 -0.11489800
v 0.20167500 -0.20089750 -0.11468200
v 0.19201000 -0.19547750 -0.14295600
v 0.24947800 -0.19547750 -0.14295600
v 0.25929000 0.23688550 -0.14295600
v 0.19119800 -0.20113650 0.13829700
v 0.24445500 -0.20113650 0.13829700
v 0.24947800 -0.19547750 0.16781700
v 0.19201000 -0.19547750 0.16781700
v 0.25929000 0.23688550 0.16781700
v 0.25929000 0.23391650 0.17112000
v 0.25929000 0.23391650 -0.14625900
v 0.25080200 -0.19399050 -0.14625900
v 0.19222400 -0.19400450 -0.14625900
v 0.19222400 -0.19400450 0.17112000
v 0.25080200 -0.19399050 0.17112000
v 0.25929000 0.05959450 -0.14625900
v 0.25929000 0.05959450 0.17112000
v 0.24389300 -0.20176950 0.05519200
v 0.19110700 -0.20176950 0.05519200
v 0.25929000 0.23688550 0.05519200
v 0.25929000 0.23688550 -0.06342300
v 0.19110700 -0.20176950 -0.06342300
v 0.24389300 -0.20176950 -0.06342300
v 0.24389300 -0.20176950 0.06869300
v 0.19110700 -0.20176950 0.06869300
v 0.25929000 0.23688550 0.05834000
v 0.19110700 -0.20176950 0.05834000
v 0.24389300 -0.20176950 0.05834000
v 0.25929000 0.23688550 0.10188600
v 0.25929000 -0.05080250 -0.14625900
v 0.25929000 -0.05080250 0.17112000
v 0.25929000 0.17076250 0.17112000
v 0.25929000 0.17076250 -0.14625900
v 0.19110700 -0.20176950 0.05334900
v 0.24389300 -0.20176950 0.05334900
v 0.25929000 0.23688550 0.05334900
v 0.19110700 -0.20176950 0.07492300
v 0.24389300 -0.20176950 0.07492300
v 0.25929000 0.23688550 0.10811600
v 0.22262600 -0.20013750 -0.11864800
v 0.21191200 -0.20012250 -0.11872400
v 0.20167500 -0.20176150 -0.11468200
v 0.21191200 -0.20175350 -0.11872400
v 0.22262600 -0.20175450 -0.11864800
v 0.23276600 -0.20176050 -0.11489800
v 0.24017800 -0.20176950 -0.11013300
v 0.23374900 -0.20079350 -0.11522200
v 0.22264000 -0.19993850 -0.11968700
v 0.21134700 -0.19996750 -0.11953100
v 0.20054100 -0.20080050 -0.11518800
v 0.19442200 -0.20176950 -0.11013300
v 0.23627600 -0.20176950 -0.11013300
v 0.23043800 -0.20176050 -0.11488200
v 0.22237400 -0.20175650 -0.11747200
v 0.21208900 -0.20175650 -0.11730600
v 0.20402700 -0.20176150 -0.11469800
v 0.19777300 -0.20176950 -0.11013300
v 0.19845500 -0.20176950 0.12430200
v 0.23654500 -0.20176950 0.12430200
v 0.20274100 -0.18442150 -0.14625900
v 0.25014500 -0.18442150 -0.14625900
v 0.20016600 -0.19484450 -0.14625900
v 0.24197500 -0.19484450 -0.14625900
v 0.25014500 -0.18442150 0.17112000
v 0.20274100 -0.18442150 0.17112000
v 0.24197500 -0.19484450 0.17112000
v 0.20016600 -0.19484450 0.17112000
v 0.23654500 -0.20176950 0.13499400
v 0.19845500 -0.20176950 0.13499400
v 0.19845500 -0.20176950 -0.08865200
v 0.23654500 -0.20176950 -0.08865200
v 0.25014500 -0.18315450 -0.14625900
v 0.20274100 -0.18315450 -0.14625900
v 0.24933800 -0.18552450 0.17112000
v 0.20248700 -0.18563650 0.17112000
v 0.20274100 -0.18315550 0.17112000
v 0.25014500 -0.18315550 0.17112000
v 0.20248700 -0.18563650 -0.14625900
v 0.24933800 -0.18552450 -0.14625900
v 0.19845500 -0.20176950 0.07206500
v 0.23654500 -0.20176950 0.07206500
v 0.19845500 -0.20176950 -0.08039700
v 0.23654500 -0.20176950 -0.08039700
v 0.23654500 -0.20176950 0.13177600
v 0.19845500 -0.20176950 0.13177600
v 0.23654500 -0.20176950 -0.09187000
v 0.19845500 -0.20176950 -0.09187000
v 0.19845500 -0.20176950 -0.10691500
v 0.23654500 -0.20176950 -0.10691500
v 0.20000900 -0.19547750 -0.14295600
v 0.24147800 -0.19547750 -0.14295600
v 0.19861100 -0.20113650 0.13829700
v 0.23704200 -0.20113650 0.13829700
v 0.24147800 -0.19547750 0.16781700
v 0.20000900 -0.19547750 0.16781700
v 0.24264800 -0.19399250 -0.14625900
v 0.20037800 -0.19400250 -0.14625900
v 0.20037800 -0.19400250 0.17112000
v 0.24264800 -0.19399250 0.17112000
v 0.23654500 -0.20176950 0.05519200
v 0.19845500 -0.20176950 0.05519200
v 0.19845500 -0.20176950 -0.06342300
v 0.23654500 -0.20176950 -0.06342300
v 0.23654500 -0.20176950 0.06869300
v 0.19845500 -0.20176950 0.06869300
v 0.19845500 -0.20176950 0.05834000
v 0.23654500 -0.20176950 0.05834000
v 0.19845500 -0.20176950 0.05334900
v 0.23654500 -0.20176950 0.05334900
v 0.19845500 -0.20176950 0.12752100
v 0.19845500 -0.20176950 0.07492300
v 0.23654500 -0.20176950 0.12752100
v 0.20410500 -0.20176950 -0.11013300
v 0.21222500 -0.20176150 -0.11475500
v 0.21208900 -0.20175650 -0.11730600
v 0.22207700 -0.20176150 -0.11482400
v 0.23066200 -0.20176950 -0.11013300
v -0.11685100 -0.18442150 -0.14625900
v -0.11672900 -0.19484350 -0.14625900
v 0.03011400 -0.18315450 -0.14625900
v -0.11683800 -0.18568750 -0.14625900
v 0.02315100 -0.20113650 -0.11343600
v 0.03024400 -0.19547750 -0.14295600
v -0.11674100 -0.19400650 -0.14625900
v 0.03011700 -0.18442150 -0.14625900
v 0.03023900 -0.19484350 -0.14625900
v 0.02315800 -0.20176950 -0.11013300
v -0.11684900 -0.18315450 -0.14625900
v 0.03013300 -0.18568750 -0.14625900
v -0.11672000 -0.19547750 -0.14295600
v 0.03023100 -0.19400650 -0.14625900
v 0.27720400 -0.18442150 -0.13189600
v 0.26226100 -0.19759750 -0.13189600
v -0.27507000 -0.18442150 -0.13189600
v -0.26012700 -0.19759750 -0.13189600
v 0.18092400 -0.19759750 -0.13189600
v 0.27720400 -0.18315450 -0.13189600
v -0.27507000 -0.18315450 -0.13189600
v -0.27398900 -0.18537450 -0.13189600
v 0.27612300 -0.18537450 -0.13189600
v -0.25690200 -0.19759750 -0.13189600
v 0.17769900 -0.19703550 -0.13178800
v 0.25837700 -0.19759750 -0.13189600
v -0.26139500 -0.19647950 -0.13189600
v 0.26352800 -0.19648050 -0.13189600
v 0.24371200 -0.19742650 -0.13278900
v 0.19513900 -0.19742950 -0.13277200
v 0.20388800 -0.19701350 -0.13494300
v 0.23505400 -0.19699850 -0.13502100
v 0.02311400 -0.19759750 -0.13189600
v -0.10956600 -0.19759750 -0.13189600
v -0.11811700 -0.18442150 -0.14625900
v -0.11799600 -0.19484350 -0.14625900
v -0.10960200 -0.20176950 -0.11013300
v 0.03138100 -0.18315450 -0.14625900
v -0.11810500 -0.18568750 -0.14625900
v 0.02441800 -0.20113650 -0.11343600
v -0.11809800 -0.19547750 -0.14295600
v 0.03149700 -0.19400650 -0.14625900
v 0.03138300 -0.18442150 -0.14625900
v 0.03150500 -0.19484350 -0.14625900
v 0.02442400 -0.20176950 -0.11013300
v -0.11811500 -0.18315450 -0.14625900
v 0.03140000 -0.18568750 -0.14625900
v 0.02442400 -0.20119750 -0.10691500
v 0.03162200 -0.19547750 -0.14295600
v -0.11800700 -0.19400650 -0.14625900
v 0.02885000 -0.18442150 -0.14527500
v -0.11558500 -0.18442150 -0.14527500
v 0.02897200 -0.19242950 -0.14527500
v -0.11546300 -0.19242950 -0.14527500
v 0.02189100 -0.20176950 -0.11013300
v -0.11558300 -0.18315450 -0.14625900
v 0.02884800 -0.18315450 -0.14625900
v 0.02886700 -0.18568750 -0.14527500
v -0.11557200 -0.18568750 -0.14527500
v 0.02188500 -0.20113650 -0.11343600
v -0.11534100 -0.19306250 -0.14295600
v 0.02886600 -0.19306250 -0.14295600
v 0.02896400 -0.19159250 -0.14527500
v -0.11547400 -0.19159250 -0.14527500
v 0.02449200 -0.19759750 -0.13189600
v -0.11094400 -0.19759750 -0.13189600
v -0.10818700 -0.19759750 -0.13189600
v 0.02173600 -0.19759750 -0.13189600
v 0.27720400 -0.18442150 -0.13316200
v 0.26253400 -0.19735650 -0.13315100
v -0.27507000 -0.18442150 -0.13062900
v -0.25985400 -0.19783850 -0.13064100
v 0.18092400 -0.19783650 -0.13065100
v 0.27720400 -0.18315450 -0.13062900
v -0.27507000 -0.18315450 -0.13316200
v -0.27399700 -0.18536750 -0.13062900
v 0.27611500 -0.18538150 -0.13316200
v -0.25663400 -0.19783550 -0.13065200
v 0.17769700 -0.19679650 -0.13303200
v 0.25862200 -0.19736050 -0.13313300
v -0.26164400 -0.19626050 -0.13316200
v 0.26327900 -0.19670050 -0.13062900
v 0.24437100 -0.19720350 -0.13395100
v 0.19551000 -0.19766150 -0.13156400
v 0.20446500 -0.19724150 -0.13375000
v 0.23412200 -0.19721950 -0.13387000
v 0.02311600 -0.19783550 -0.13065200
v -0.10956300 -0.19783550 -0.13065200
v 0.27720400 -0.18442150 -0.13062900
v 0.26198800 -0.19783850 -0.13064100
v -0.27507000 -0.18442150 -0.13316200
v -0.26040000 -0.19735650 -0.13315100
v 0.18092400 -0.19735850 -0.13314100
v 0.27720400 -0.18315450 -0.13316200
v -0.27507000 -0.18315450 -0.13062900
v -0.27398100 -0.18538150 -0.13316200
v 0.27613100 -0.18536850 -0.13062900
v -0.25717100 -0.19735850 -0.13313900
v 0.17770100 -0.19727350 -0.13054400
v 0.25813300 -0.19783450 -0.13065800
v -0.26114500 -0.19669950 -0.13062900
v 0.26377800 -0.19626050 -0.13316200
v 0.24305200 -0.19764950 -0.13162600
v 0.19476800 -0.19719850 -0.13397900
v 0.20331000 -0.19678450 -0.13613600
v 0.23598700 -0.19677750 -0.13617300
v 0.02391600 -0.19735950 -0.13313900
v -0.11037000 -0.19735950 -0.13313900
v 0.02529300 -0.19735950 -0.13313900
v -0.11093400 -0.19783550 -0.13065200
v -0.10819200 -0.19783550 -0.13065200
v 0.02174600 -0.19783550 -0.13065200
v 0.02448700 -0.19783550 -0.13065200
v -0.11174900 -0.19735950 -0.13313900
v 0.02253800 -0.19494450 -0.13313900
v -0.10899200 -0.19494450 -0.13313900
v 0.02705500 -0.18442150 -0.14527500
v -0.11379000 -0.18442150 -0.14527500
v 0.02717800 -0.19242950 -0.14527500
v -0.11366800 -0.19242950 -0.14527500
v 0.02027400 -0.20176950 -0.11013300
v -0.11378800 -0.18315450 -0.14625900
v 0.02705400 -0.18315450 -0.14625900
v 0.02707200 -0.18568750 -0.14527500
v -0.11377700 -0.18568750 -0.14527500
v -0.10960100 -0.20119750 -0.10691500
v -0.10960800 -0.20113650 -0.11343600
v 0.02026800 -0.20113650 -0.11343600
v -0.11355000 -0.19306250 -0.14295600
v 0.02707400 -0.19306250 -0.14295600
v 0.02717000 -0.19159250 -0.14527500
v -0.11368000 -0.19159250 -0.14527500
v -0.10657300 -0.19759750 -0.13189600
v 0.02012200 -0.19759750 -0.13189600
v -0.10657800 -0.19783550 -0.13065200
v 0.02013200 -0.19783550 -0.13065200
v 0.02090400 -0.19494450 -0.13313900
v -0.10735700 -0.19494450 -0.13313900
v 0.27720400 -0.18442150 -0.14118500
v 0.27720400 -0.18442150 -0.13493300
v -0.27507000 0.23688550 -0.14118500
v 0.26428000 -0.19581750 -0.14118300
v 0.26291900 -0.19701750 -0.13492300
v -0.25281800 0.23688550 -0.14118500
v -0.27507000 -0.18315450 -0.14118500
v -0.27507000 -0.18315450 -0.13493300
v 0.27606700 -0.18542450 -0.14118500
v 0.27610400 -0.18539150 -0.13493300
v -0.24433100 0.23688550 -0.14118500
v -0.27173600 0.23688550 -0.14118500
v 0.17768500 -0.19525550 -0.14107300
v 0.17769500 -0.19645650 -0.13480600
v 0.27720400 0.23391650 -0.14118500
v 0.26021200 -0.19581750 -0.14118000
v 0.25897300 -0.19701950 -0.13490900
v -0.26322400 -0.19486650 -0.14118500
v -0.26199300 -0.19595250 -0.13493300
v -0.27507000 -0.05080150 -0.14118500
v 0.27720400 0.17076250 -0.14118500
v 0.24855400 -0.19578950 -0.14132800
v 0.24529400 -0.19689150 -0.13557900
v -0.27507000 -0.18442150 -0.13493300
v -0.27507000 -0.18442150 -0.14118500
v 0.27720400 0.23688550 -0.14118500
v -0.26078500 -0.19701650 -0.13492300
v -0.26214600 -0.19581650 -0.14118300
v 0.18092400 -0.19701850 -0.13491500
v 0.18092400 -0.19581750 -0.14118100
v 0.27720400 -0.18315450 -0.13493300
v 0.27720400 -0.18315450 -0.14118500
v -0.27397100 -0.18539050 -0.13493300
v -0.27393300 -0.18542450 -0.14118500
v -0.25755400 -0.19701850 -0.13491400
v -0.25890600 -0.19581750 -0.14118100
v -0.25615200 0.23688550 -0.14118500
v -0.27507000 0.23391650 -0.14118500
v 0.27196300 0.23688550 -0.14118500
v 0.26412700 -0.19595250 -0.13493300
v 0.26535800 -0.19486650 -0.14118500
v 0.27720400 0.05959450 -0.14118500
v -0.27507000 0.05959550 -0.14118500
v 0.27720400 -0.05080250 -0.14118500
v -0.27507000 0.17076250 -0.14118500
v 0.25929000 0.23688550 -0.14118500
v 0.19426900 -0.19688650 -0.13560200
v 0.19250900 -0.19578850 -0.14133300
v 0.20271300 -0.19654850 -0.13736900
v 0.20060600 -0.19571350 -0.14172300
v 0.23697900 -0.19654250 -0.13739900
v 0.24048500 -0.19571250 -0.14172900
v 0.02506000 -0.19701850 -0.13491400
v 0.02910000 -0.19581750 -0.14118100
v -0.11151800 -0.19701850 -0.13491400
v -0.11557200 -0.19581750 -0.14118100
v 0.02643800 -0.19701850 -0.13491400
v 0.03047800 -0.19581750 -0.14118100
v -0.11695000 -0.19581750 -0.14118100
v -0.11289700 -0.19701850 -0.13491400
v 0.02772200 -0.19340350 -0.14118100
v 0.02368200 -0.19460450 -0.13491400
v -0.11014000 -0.19460450 -0.13491400
v -0.11419300 -0.19340350 -0.14118100
v 0.02595900 -0.19340350 -0.14118100
v 0.02201900 -0.19460450 -0.13491400
v -0.10847700 -0.19460450 -0.13491400
v -0.11243000 -0.19340350 -0.14118100
v -0.27466600 -0.18140650 -0.14585400
v 0.27663200 -0.18140650 -0.11013300
v 0.27663200 -0.18140650 -0.08865200
v -0.24433100 -0.18140650 -0.14568600
v -0.27173600 -0.18140650 -0.14568600
v -0.25615200 -0.18140650 0.17054700
v 0.27663200 -0.18140650 -0.14295600
v -0.27449800 -0.18140650 0.16781700
v 0.27196200 -0.18140650 0.17054700
v 0.27663200 -0.18140650 -0.06342300
v -0.27449800 -0.18140650 0.05519200
v 0.27663200 -0.18140650 0.05834000
v -0.27449800 -0.18140650 0.10188600
v 0.27679900 -0.18140650 -0.14585400
v 0.27679900 -0.18140650 0.17071500
v 0.18092400 -0.18140650 0.17054700
v 0.27663200 -0.18140650 0.13499400
v -0.27449800 -0.18140650 -0.11013300
v 0.27663200 -0.18140650 0.11351300
v 0.27663200 -0.18140650 0.07806600
v -0.27173600 -0.18140650 0.17054700
v 0.27663200 -0.18140650 -0.09187000
v 0.27663200 -0.18140650 -0.11343600
v -0.27449800 -0.18140650 -0.14295600
v 0.27663200 -0.18140650 0.16781700
v 0.27196200 -0.18140650 -0.14568600
v 0.27663200 -0.18140650 0.05519200
v 0.27663200 -0.18140650 0.07469500
v 0.27663200 -0.18140650 0.05334900
v -0.27449800 -0.18140650 0.05334900
v 0.27663200 -0.18140650 0.08092400
v -0.27449800 -0.18140650 0.10811600
v 0.25929000 -0.18140650 -0.14568600
v 0.25929000 -0.18140650 0.17054700
v 0.19359700 -0.18140650 0.17054700
v 0.25014500 -0.18140650 -0.14568600
v 0.20274100 -0.18140650 0.17054700
v 0.03011400 -0.18140650 -0.14568600
v 0.27663200 -0.18140650 -0.13189600
v -0.27449800 -0.18140650 -0.13189600
v -0.11811500 -0.18140650 -0.14568600
v 0.02884800 -0.18140650 -0.14568600
v 0.27663200 -0.18140650 -0.13062900
v 0.27663200 -0.18140650 -0.13316200
v 0.02705400 -0.18140650 -0.14568600
v -0.27449800 -0.18140650 -0.14118500
v 0.27663200 -0.18140650 -0.14118500
v 0.27663200 -0.18140650 -0.13493300
v -0.12013500 -0.18442150 -0.14625900
v -0.12001300 -0.19484350 -0.14625900
v -0.12012200 -0.18568750 -0.14625900
v -0.12011500 -0.19547750 -0.14295600
v -0.11298800 0.05959450 0.17112000
v -0.11298800 -0.05080150 0.17112000
v -0.12013300 -0.18315450 -0.14625900
v -0.12002500 -0.19400650 -0.14625900
v -0.11296100 -0.19759750 -0.13189600
v -0.11295100 -0.19783550 -0.13065200
v -0.11376600 -0.19735950 -0.13313900
v -0.11896700 -0.19581750 -0.14118100
v -0.11491400 -0.19701850 -0.13491400
v 0.03362400 -0.18315450 -0.14625900
v 0.02666000 -0.20113650 -0.11343600
v 0.03374000 -0.19400650 -0.14625900
v 0.03362600 -0.18442150 -0.14625900
v 0.03374800 -0.19484350 -0.14625900
v 0.02666700 -0.20176950 -0.11013300
v 0.03364300 -0.18568750 -0.14625900
v 0.03386500 -0.19547750 -0.14295600
v 0.02673400 -0.19759750 -0.13189600
v 0.02753600 -0.19735950 -0.13313900
v 0.02672900 -0.19783550 -0.13065200
v 0.02868000 -0.19701850 -0.13491400
v 0.03272000 -0.19581750 -0.14118100
v 0.03362400 -0.18140650 -0.14568600
v -0.27507000 -0.18189150 -0.14625900
v 0.27720400 -0.18189250 -0.11013300
v 0.27720400 -0.18189250 -0.08865200
v 0.27720400 -0.18189250 -0.08039700
v -0.27173600 -0.18189150 -0.14625900
v 0.17759000 -0.18213250 0.17060000
v 0.27720400 -0.18189250 0.11673100
v 0.27720400 -0.18189250 -0.10691500
v 0.27720400 -0.18189250 -0.14295600
v -0.27507000 -0.18189150 -0.11343600
v 0.27720400 -0.18189250 0.13829700
v 0.27196200 -0.18189250 0.17112000
v 0.27720400 -0.18189250 -0.06342300
v 0.27720400 -0.18189250 0.05834000
v 0.27720400 -0.18092050 -0.14625900
v 0.27720400 -0.18092050 0.17112000
v -0.27507000 -0.18092050 0.17112000
v -0.25281800 -0.18092050 0.17112000
v -0.24433100 -0.18092050 0.17112000
v 0.27720400 -0.18092050 0.07816700
v -0.25615200 -0.18092050 -0.14625900
v -0.27173600 -0.18092050 0.17112000
v -0.27507000 -0.18092050 -0.14295600
v 0.27720400 -0.18092050 0.16781700
v 0.27196200 -0.18092050 -0.14625900
v 0.27720400 -0.18092050 0.05519200
v -0.27507000 -0.18092050 -0.06342300
v 0.27720400 -0.18092050 0.07479600
v -0.27507000 -0.18092050 0.05834000
v 0.27720400 -0.18189250 0.05334900
v 0.27720400 -0.18189250 0.07925700
v 0.19359700 -0.18189250 -0.14625900
v 0.25929000 -0.18092050 -0.14625900
v 0.25929000 -0.18189250 0.17112000
v 0.20274100 -0.18189250 -0.14625900
v 0.25014500 -0.18189250 0.17112000
v 0.03011400 -0.18189250 -0.14625900
v -0.11684900 -0.18189150 -0.14625900
v 0.27720400 -0.18189250 -0.13189600
v -0.27507000 -0.18189150 -0.13189600
v 0.03138100 -0.18189250 -0.14625900
v -0.11558300 -0.18189150 -0.14625900
v 0.27720400 -0.18189250 -0.13062900
v -0.27507000 -0.18189150 -0.13316200
v -0.11378800 -0.18189150 -0.14625900
v -0.27507000 -0.18189150 -0.13493300
v -0.27507000 -0.18092050 -0.14118500
v 0.27720400 -0.18189250 -0.14118500
v -0.27507000 -0.18092050 -0.14625900
v -0.25281800 -0.18092050 -0.14625900
v -0.24433100 -0.18092050 -0.14625900
v -0.27507000 -0.18092050 0.10525800
v -0.27173600 -0.18092050 -0.14625900
v -0.25615200 -0.18092050 0.17112000
v 0.27720400 -0.18092050 -0.14295600
v -0.27507000 -0.18092050 0.16781700
v 0.27196200 -0.18092050 0.17112000
v 0.27720400 -0.18092050 -0.06342300
v -0.27507000 -0.18092050 0.05519200
v 0.27720400 -0.18092050 0.05834000
v -0.27507000 -0.18092050 0.10188600
v 0.27720400 -0.18189250 -0.14625900
v 0.27720400 -0.18189250 0.17112000
v 0.18092400 -0.18189250 -0.14625900
v 0.18092400 -0.18189250 0.17112000
v 0.27720400 -0.18189250 0.13499400
v -0.27507000 -0.18189150 -0.11013300
v 0.27720400 -0.18189250 0.11351300
v 0.27720400 -0.18189250 0.07639900
v 0.17759000 -0.18213250 -0.14573900
v 0.27720400 -0.18189250 0.13177600
v 0.27720400 -0.18189250 -0.09187000
v 0.27720400 -0.18189250 -0.11343600
v -0.27507000 -0.18189150 -0.14295600
v 0.27720400 -0.18189250 0.16781700
v 0.27196200 -0.18189250 -0.14625900
v 0.27720400 -0.18189250 0.05519200
v 0.27720400 -0.18189250 0.07302700
v 0.27720400 -0.18092050 0.05334900
v -0.27507000 -0.18092050 0.05334900
v 0.27720400 -0.18092050 0.08102500
v -0.27507000 -0.18092050 0.10811600
v 0.25929000 -0.18189250 -0.14625900
v 0.25929000 -0.18092050 0.17112000
v 0.19359700 -0.18189250 0.17112000
v 0.25014500 -0.18189250 -0.14625900
v 0.20274100 -0.18189250 0.17112000
v -0.11811500 -0.18189150 -0.14625900
v 0.02884800 -0.18189250 -0.14625900
v 0.27720400 -0.18189250 -0.13316200
v -0.27507000 -0.18189150 -0.13062900
v 0.02705400 -0.18189250 -0.14625900
v -0.27507000 -0.18189150 -0.14118500
v 0.27720400 -0.18092050 -0.14118500
v 0.27720400 -0.18189250 -0.13493300
v -0.11298800 -0.18092050 0.17112000
v -0.12013300 -0.18189150 -0.14625900
v 0.03362400 -0.18189250 -0.14625900
v -0.27466600 -0.18140650 -0.14585400
v -0.25281800 -0.18140650 -0.14568600
v 0.27663200 -0.18140650 -0.08039700
v -0.27449800 -0.18140650 0.10525800
v -0.27173600 -0.18140650 -0.14568600
v 0.27663200 -0.18140650 0.11673100
v 0.27663200 -0.18140650 -0.10691500
v 0.27663200 -0.18140650 -0.14295600
v -0.27449800 -0.18140650 -0.11343600
v 0.27663200 -0.18140650 0.13829700
v 0.27196200 -0.18140650 0.17054700
v 0.27663200 -0.18140650 -0.06342300
v 0.27663200 -0.18140650 0.05834000
v 0.27679900 -0.18140650 -0.14585400
v 0.27679900 -0.18140650 0.17071500
v -0.27466600 -0.18140650 0.17071500
v 0.18092400 -0.18140650 -0.14568600
v -0.25281800 -0.18140650 0.17054700
v -0.24433100 -0.18140650 0.17054700
v 0.27663200 -0.18140650 0.07806600
v -0.25615200 -0.18140650 -0.14568600
v 0.17759000 -0.18184250 -0.14531600
v 0.27663200 -0.18140650 0.13177600
v -0.27412700 -0.18184250 -0.10691500
v -0.27449800 -0.18140650 -0.14295600
v 0.27663200 -0.18140650 0.16781700
v 0.27196200 -0.18140650 -0.14568600
v 0.27663200 -0.18140650 0.05519200
v -0.27449800 -0.18140650 -0.06342300
v 0.27663200 -0.18140650 0.07469500
v -0.27449800 -0.18140650 0.05834000
v 0.27663200 -0.18140650 0.05334900
v 0.27663200 -0.18140650 0.08092400
v 0.19359700 -0.18140650 -0.14568600
v 0.25929000 -0.18140650 -0.14568600
v 0.25929000 -0.18140650 0.17054700
v 0.20274100 -0.18140650 -0.14568600
v 0.25014500 -0.18140650 0.17054700
v -0.11684900 -0.18140650 -0.14568600
v 0.03138100 -0.18140650 -0.14568600
v -0.11558300 -0.18140650 -0.14568600
v -0.27449800 -0.18140650 -0.13316200
v -0.27449800 -0.18140650 -0.13062900
v -0.11378800 -0.18140650 -0.14568600
v -0.27449800 -0.18140650 -0.13493300
v -0.27449800 -0.18140650 -0.14118500
v 0.27663200 -0.18140650 -0.14118500
v -0.11298800 -0.18140650 0.17054700
v -0.12013300 -0.18140650 -0.14568600
v 0.17807600 -0.18442150 0.17112000
v 0.17816200 -0.19484450 0.17112000
v 0.17822000 -0.20176950 0.13499400
v 0.17822000 -0.20176950 0.12430200
v 0.17807600 -0.18315450 -0.14625900
v 0.17808600 -0.18568750 0.17112000
v 0.17822000 -0.20176950 0.07206500
v 0.17710400 -0.18442150 -0.14625900
v 0.17807600 -0.18442150 -0.14625900
v 0.17719100 -0.19484450 -0.14625900
v 0.17816200 -0.19484450 -0.14625900
v 0.17724800 -0.20176950 -0.11013300
v 0.17822000 -0.20176950 -0.11013300
v 0.17822000 -0.20176950 -0.08865200
v 0.17710400 -0.18315450 -0.14625900
v 0.17807600 -0.18315550 0.17112000
v 0.17711500 -0.18568750 -0.14625900
v 0.17808600 -0.18568750 -0.14625900
v 0.17822000 -0.20176950 -0.08039700
v 0.17822000 -0.20176950 0.13177600
v 0.17822000 -0.20176950 0.12752100
v 0.17700800 -0.20125050 -0.10691500
v 0.17822000 -0.20176950 -0.09187000
v 0.17822000 -0.20176950 -0.10691500
v 0.17724300 -0.20113650 -0.11343600
v 0.17719600 -0.19547750 -0.14295600
v 0.17821400 -0.20113650 -0.11343600
v 0.17816800 -0.19547750 -0.14295600
v 0.17816800 -0.19547750 0.16781700
v 0.17821400 -0.20113650 0.13829700
v 0.17718400 -0.19400650 -0.14625900
v 0.17815500 -0.19400750 0.17112000
v 0.17815500 -0.19400650 -0.14625900
v 0.17822000 -0.20176950 0.05519200
v 0.17822000 -0.20176950 -0.06342300
v 0.17822000 -0.20176950 0.06869300
v 0.17822000 -0.20176950 0.05834000
v 0.17822000 -0.20176950 0.05334900
v 0.17822000 -0.20176950 0.07492300
v 0.17721400 -0.19759750 -0.13189600
v 0.17818500 -0.19759750 -0.13189600
v 0.17721200 -0.19735950 -0.13313900
v 0.17818300 -0.19735950 -0.13314000
v 0.17721600 -0.19783650 -0.13065200
v 0.17818700 -0.19783650 -0.13065200
v 0.17720900 -0.19701850 -0.13491400
v 0.17719900 -0.19581750 -0.14118100
v 0.17818000 -0.19701850 -0.13491400
v 0.17817000 -0.19581750 -0.14118100
v 0.17710400 -0.18189250 -0.14625900
v 0.17807600 -0.18189250 -0.14625900
v 0.17807600 -0.18189250 0.17112000
v 0.17710400 -0.18140650 -0.14568600
v 0.17807600 -0.18140650 -0.14568600
v 0.17807600 -0.18140650 0.17054700
v 0.17759000 -0.18442150 0.17054700
v 0.17759000 -0.18442150 -0.14568600
v 0.17767700 -0.19447950 -0.14581700
v 0.17773400 -0.20119950 -0.11007900
v 0.17773400 -0.20119750 0.12430200
v 0.17773400 -0.20119750 -0.08865200
v 0.17759000 -0.18315450 -0.14568600
v 0.17760100 -0.18568750 0.17054700
v 0.17760100 -0.18568750 -0.14568600
v 0.17773400 -0.20119750 0.13177600
v 0.17773400 -0.20119750 -0.09187000
v 0.17768200 -0.19491450 -0.14284800
v 0.17772900 -0.20057450 -0.11332800
v 0.17768200 -0.19491550 0.16770900
v 0.17767000 -0.19400650 -0.14568600
v 0.17773400 -0.20119750 0.05519200
v 0.17773400 -0.20119750 0.06869300
v 0.17773400 -0.20119750 0.07492300
v 0.17769900 -0.19703550 -0.13178800
v 0.17769700 -0.19679650 -0.13303200
v 0.17770100 -0.19727350 -0.13054400
v 0.17768500 -0.19525550 -0.14107300
v 0.17769500 -0.19645650 -0.13480600
v 0.17759000 -0.18213250 -0.14573900
v 0.17759000 -0.18184250 0.17017700
v 0.17759000 -0.18184250 -0.14531600
v -0.27507000 -0.18315450 -0.10740000
v 0.17773400 -0.20119750 -0.10740000
v -0.27507000 -0.18442150 -0.10740000
v -0.25539600 -0.20176950 -0.10740000
v -0.27412000 -0.18525850 -0.10740000
v -0.25220600 -0.20176950 -0.10740000
v -0.25710800 -0.20026050 -0.10740000
v 0.02315800 -0.20176950 -0.10740000
v 0.02442400 -0.20176950 -0.10740000
v 0.02189100 -0.20176950 -0.10740000
v 0.02027400 -0.20176950 -0.10740000
v -0.10960100 -0.20176950 -0.10740000
v 0.02666700 -0.20176950 -0.10740000
v -0.27507000 -0.18189150 -0.10740000
v -0.27449800 -0.18140650 -0.10740000
v 0.17724800 -0.20176950 -0.10740000
v -0.25519300 -0.20123350 -0.10691500
v -0.27449800 -0.18315450 -0.10691500
v -0.25672900 -0.19983050 -0.10691500
v 0.02315800 -0.20119750 -0.10691500
v 0.02189100 -0.20119750 -0.10691500
v 0.02027400 -0.20119750 -0.10691500
v 0.02666700 -0.20119750 -0.10691500
v -0.27455100 -0.18213250 -0.10691500
v 0.17729800 -0.20082650 -0.10691500
v -0.27507000 -0.18315450 -0.10762600
v 0.17773400 -0.20119750 -0.10762600
v -0.27507000 -0.18442150 -0.10762600
v -0.25539600 -0.20176950 -0.10762600
v -0.27412000 -0.18525850 -0.10762600
v -0.25220600 -0.20176950 -0.10762600
v -0.25710800 -0.20026050 -0.10762600
v 0.02315800 -0.20176950 -0.10762600
v 0.02442400 -0.20176950 -0.10762600
v 0.02189100 -0.20176950 -0.10762600
v 0.02027400 -0.20176950 -0.10762600
v -0.10960100 -0.20176950 -0.10762600
v 0.02666700 -0.20176950 -0.10762600
v -0.27507000 -0.18189150 -0.10762600
v -0.27449800 -0.18140650 -0.10762600
v 0.17724800 -0.20176950 -0.10762600
v -0.27489800 -0.18315450 -0.10725400
v 0.17760300 -0.20108650 -0.10725400
v -0.27490500 -0.18434650 -0.10724700
v -0.25533200 -0.20160250 -0.10724900
v -0.27400700 -0.18512950 -0.10725400
v -0.25220600 -0.20159750 -0.10725400
v -0.25699400 -0.20013150 -0.10725400
v 0.02315800 -0.20159750 -0.10725400
v 0.02442400 -0.20159750 -0.10725400
v 0.02189100 -0.20159750 -0.10725400
v 0.02027400 -0.20159750 -0.10725400
v -0.10960100 -0.20159750 -0.10725400
v 0.02666700 -0.20159750 -0.10725400
v -0.27490600 -0.18196850 -0.10724600
v -0.27438700 -0.18153750 -0.10725400
v 0.17717200 -0.20160450 -0.10724600
v 0.17830100 -0.18442150 0.17112000
v 0.17838800 -0.19484450 0.17112000
v 0.17844500 -0.20176950 0.13499400
v 0.17844500 -0.20176950 0.12430200
v 0.17830100 -0.18315450 -0.14625900
v 0.17831200 -0.18568750 0.17112000
v 0.17844500 -0.20176950 0.07206500
v 0.17687900 -0.18442150 -0.14625900
v 0.17830100 -0.18442150 -0.14625900
v 0.17696500 -0.19484450 -0.14625900
v 0.17838800 -0.19484450 -0.14625900
v 0.17702300 -0.20176950 -0.11013300
v 0.17844500 -0.20176950 -0.11013300
v 0.17844500 -0.20176950 -0.08865200
v 0.17687900 -0.18315450 -0.14625900
v 0.17830100 -0.18315550 0.17112000
v 0.17688900 -0.18568750 -0.14625900
v 0.17831200 -0.18568750 -0.14625900
v 0.17844500 -0.20176950 -0.08039700
v 0.17844500 -0.20176950 0.13177600
v 0.17844500 -0.20176950 0.12752100
v 0.17844500 -0.20176950 -0.09187000
v 0.17844500 -0.20176950 -0.10691500
v 0.17701700 -0.20113650 -0.11343600
v 0.17697100 -0.19547750 -0.14295600
v 0.17844000 -0.20113650 -0.11343600
v 0.17839300 -0.19547750 -0.14295600
v 0.17839300 -0.19547750 0.16781700
v 0.17844000 -0.20113650 0.13829700
v 0.17695800 -0.19400650 -0.14625900
v 0.17838100 -0.19400750 0.17112000
v 0.17838100 -0.19400650 -0.14625900
v 0.17844500 -0.20176950 0.05519200
v 0.17844500 -0.20176950 -0.06342300
v 0.17844500 -0.20176950 0.06869300
v 0.17844500 -0.20176950 0.05834000
v 0.17844500 -0.20176950 0.05334900
v 0.17844500 -0.20176950 0.07492300
v 0.17698800 -0.19759750 -0.13189600
v 0.17841100 -0.19759750 -0.13189600
v 0.17698600 -0.19735950 -0.13313900
v 0.17840900 -0.19735950 -0.13314000
v 0.17699000 -0.19783650 -0.13065200
v 0.17841300 -0.19783650 -0.13065200
v 0.17698300 -0.19701850 -0.13491400
v 0.17697300 -0.19581750 -0.14118100
v 0.17840600 -0.19701850 -0.13491400
v 0.17839600 -0.19581750 -0.14118100
v 0.17687900 -0.18189250 -0.14625900
v 0.17830100 -0.18189250 -0.14625900
v 0.17830100 -0.18189250 0.17112000
v 0.17687900 -0.18140650 -0.14568600
v 0.17830100 -0.18140650 -0.14568600
v 0.17830100 -0.18140650 0.17054700
v 0.17793000 -0.18442150 0.17094800
v 0.17799500 -0.19471850 0.17096800
v 0.17807300 -0.20159850 0.13497800
v 0.17807400 -0.20159750 0.12430200
v 0.17793000 -0.18315450 -0.14608700
v 0.17794100 -0.18568750 0.17094800
v 0.17807400 -0.20159750 0.07206500
v 0.17725000 -0.18442150 -0.14608700
v 0.17793000 -0.18442150 -0.14608700
v 0.17735800 -0.19471850 -0.14610700
v 0.17799500 -0.19471850 -0.14610700
v 0.17739500 -0.20159750 -0.11011700
v 0.17807300 -0.20159750 -0.11011700
v 0.17807400 -0.20159750 -0.08865200
v 0.17725000 -0.18315450 -0.14608700
v 0.17793000 -0.18315550 0.17094800
v 0.17726100 -0.18568750 -0.14608700
v 0.17794000 -0.18568750 -0.14608700
v 0.17807400 -0.20159750 -0.08039700
v 0.17807400 -0.20159750 0.13177600
v 0.17807400 -0.20159750 0.12752100
v 0.17807400 -0.20159750 -0.09187000
v 0.17807400 -0.20159750 -0.10691500
v 0.17738900 -0.20096750 -0.11340300
v 0.17734200 -0.19530850 -0.14292300
v 0.17806900 -0.20096750 -0.11340300
v 0.17802200 -0.19530850 -0.14292300
v 0.17802200 -0.19530850 0.16778500
v 0.17806900 -0.20096750 0.13826500
v 0.17733000 -0.19400650 -0.14608700
v 0.17800900 -0.19400750 0.17094800
v 0.17800900 -0.19400650 -0.14608700
v 0.17807400 -0.20159750 0.05519200
v 0.17807400 -0.20159750 -0.06342300
v 0.17807400 -0.20159750 0.06869300
v 0.17807400 -0.20159750 0.05834000
v 0.17807400 -0.20159750 0.05334900
v 0.17807400 -0.20159750 0.07492300
v 0.17736000 -0.19742850 -0.13186300
v 0.17803900 -0.19742850 -0.13186300
v 0.17735800 -0.19719050 -0.13310700
v 0.17803700 -0.19719050 -0.13310700
v 0.17736200 -0.19766750 -0.13061900
v 0.17804100 -0.19766750 -0.13061900
v 0.17735500 -0.19684950 -0.13488200
v 0.17734500 -0.19564850 -0.14114900
v 0.17803400 -0.19684950 -0.13488200
v 0.17802400 -0.19564850 -0.14114900
v 0.17725800 -0.18196850 -0.14609400
v 0.17792200 -0.18196850 -0.14609400
v 0.17792200 -0.18196850 0.17095500
v 0.17725000 -0.18153750 -0.14557500
v 0.17793000 -0.18153750 -0.14557500
v 0.17793000 -0.18153750 0.17043600
v 0.17701700 -0.20176950 -0.10740000
v 0.17739800 -0.20159350 -0.10740000
v 0.17677000 -0.20124950 -0.10691500
v 0.17714600 -0.20104750 -0.10691500
v 0.17702300 -0.20176950 -0.10762600
v 0.17739400 -0.20159750 -0.10762600
v 0.17693400 -0.20160450 -0.10724600
v 0.17732400 -0.20142150 -0.10724900
v 0.27720400 -0.18211750 -0.11013300
v 0.27720400 -0.18211750 -0.08865200
v 0.27720400 -0.18211750 -0.08039700
v 0.27720400 -0.18211750 0.11673100
v 0.27720400 -0.18211750 -0.10691500
v 0.27720400 -0.18211750 -0.14295600
v 0.27720400 -0.18211750 0.13829700
v 0.27196200 -0.18211750 0.17112000
v 0.27720400 -0.18211750 -0.06342300
v 0.27720400 -0.18211750 0.05834000
v 0.27720400 -0.18069550 -0.14625900
v 0.27720400 -0.18069550 0.17112000
v -0.27507000 -0.18069450 0.17112000
v -0.25281800 -0.18069450 0.17112000
v -0.24433100 -0.18069450 0.17112000
v 0.27720400 -0.18069550 0.07821400
v -0.25615200 -0.18069450 -0.14625900
v -0.27173600 -0.18069450 0.17112000
v -0.27507000 -0.18069450 -0.14295600
v 0.27720400 -0.18069550 0.16781700
v 0.27196200 -0.18069550 -0.14625900
v 0.27720400 -0.18069550 0.05519200
v -0.27507000 -0.18069450 -0.06342300
v 0.27720400 -0.18069550 0.07484300
v -0.27507000 -0.18069450 0.05834000
v 0.27720400 -0.18211750 0.05334900
v 0.27720400 -0.18211750 0.07848300
v 0.19359700 -0.18211750 -0.14625900
v 0.25929000 -0.18069550 -0.14625900
v 0.25929000 -0.18211750 0.17112000
v 0.20274100 -0.18211750 -0.14625900
v 0.25014500 -0.18211750 0.17112000
v 0.27720400 -0.18211750 -0.13189600
v 0.27720400 -0.18211750 -0.13062900
v -0.27507000 -0.18069450 -0.14118500
v 0.27720400 -0.18211750 -0.14118500
v -0.27507000 -0.18069450 -0.14625900
v -0.25281800 -0.18069450 -0.14625900
v -0.24433100 -0.18069450 -0.14625900
v -0.27507000 -0.18069450 0.10525800
v -0.27173600 -0.18069450 -0.14625900
v -0.25615200 -0.18069450 0.17112000
v 0.27720400 -0.18069550 -0.14295600
v -0.27507000 -0.18069450 0.16781700
v 0.27196200 -0.18069550 0.17112000
v 0.27720400 -0.18069550 -0.06342300
v -0.27507000 -0.18069450 0.05519200
v 0.27720400 -0.18069550 0.05834000
v -0.27507000 -0.18069450 0.10188600
v 0.27720400 -0.18211750 -0.14625900
v 0.27720400 -0.18211750 0.17112000
v 0.18092400 -0.18211750 -0.14625900
v 0.18092400 -0.18211750 0.17112000
v 0.27720400 -0.18211750 0.13499400
v 0.27720400 -0.18211750 0.11351300
v 0.27720400 -0.18211750 0.07562500
v 0.27720400 -0.18211750 0.13177600
v 0.27720400 -0.18211750 -0.09187000
v 0.27720400 -0.18211750 -0.11343600
v 0.27720400 -0.18211750 0.16781700
v 0.27196200 -0.18211750 -0.14625900
v 0.27720400 -0.18211750 0.05519200
v 0.27720400 -0.18211750 0.07225300
v 0.27720400 -0.18069550 0.05334900
v -0.27507000 -0.18069450 0.05334900
v 0.27720400 -0.18069550 0.08107200
v -0.27507000 -0.18069450 0.10811600
v 0.25929000 -0.18211750 -0.14625900
v 0.25929000 -0.18069550 0.17112000
v 0.19359700 -0.18211750 0.17112000
v 0.25014500 -0.18211750 -0.14625900
v 0.20274100 -0.18211750 0.17112000
v 0.27720400 -0.18211750 -0.13316200
v 0.27720400 -0.18069550 -0.14118500
v 0.27720400 -0.18211750 -0.13493300
v -0.11298800 -0.18069550 0.17112000
v 0.27703200 -0.18174650 -0.11013300
v 0.27703200 -0.18174650 -0.08865200
v 0.27703200 -0.18174650 -0.08039700
v 0.27703200 -0.18174650 0.11673100
v 0.27703200 -0.18174650 -0.10691500
v 0.27703200 -0.18174650 -0.14295600
v 0.27703200 -0.18174650 0.13829700
v 0.27196200 -0.18174650 0.17094800
v 0.27703200 -0.18174650 -0.06342300
v 0.27703200 -0.18174650 0.05834000
v 0.27706000 -0.18109350 -0.14611400
v 0.27706000 -0.18109350 0.17097600
v -0.27492600 -0.18109350 0.17097600
v -0.25281800 -0.18106650 0.17094800
v -0.24433100 -0.18106650 0.17094800
v 0.27703200 -0.18106650 0.07813700
v -0.25615200 -0.18106650 -0.14608700
v -0.27173600 -0.18106650 0.17094800
v -0.27489800 -0.18106650 -0.14295600
v 0.27703200 -0.18106650 0.16781700
v 0.27196200 -0.18106650 -0.14608700
v 0.27703200 -0.18106650 0.05519200
v -0.27489800 -0.18106650 -0.06342300
v 0.27703200 -0.18106650 0.07476500
v -0.27489800 -0.18106650 0.05834000
v 0.27703200 -0.18174650 0.05334900
v 0.27703200 -0.18174650 0.07975800
v 0.19359700 -0.18174650 -0.14608700
v 0.25929000 -0.18106650 -0.14608700
v 0.25929000 -0.18174650 0.17094800
v 0.20274100 -0.18174650 -0.14608700
v 0.25014500 -0.18174650 0.17094800
v 0.27703200 -0.18174650 -0.13189600
v 0.27703200 -0.18174650 -0.13062900
v -0.27489800 -0.18106650 -0.14118500
v 0.27703200 -0.18174650 -0.14118500
v -0.27492600 -0.18109350 -0.14611400
v -0.25281800 -0.18106650 -0.14608700
v -0.24433100 -0.18106650 -0.14608700
v -0.27489800 -0.18106650 0.10525800
v -0.27173600 -0.18106650 -0.14608700
v -0.25615200 -0.18106650 0.17094800
v 0.27703200 -0.18106650 -0.14295600
v -0.27489800 -0.18106650 0.16781700
v 0.27196200 -0.18106650 0.17094800
v 0.27703200 -0.18106650 -0.06342300
v -0.27489800 -0.18106650 0.05519200
v 0.27703200 -0.18106650 0.05834000
v -0.27489800 -0.18106650 0.10188600
v 0.27706000 -0.18171850 -0.14611400
v 0.27706000 -0.18171850 0.17097600
v 0.18092400 -0.18174650 -0.14608700
v 0.18092400 -0.18174650 0.17094800
v 0.27703200 -0.18174650 0.13499400
v 0.27703200 -0.18174650 0.11351300
v 0.27703200 -0.18174650 0.07690000
v 0.27703200 -0.18174650 0.13177600
v 0.27703200 -0.18174650 -0.09187000
v 0.27703200 -0.18174650 -0.11343600
v 0.27703200 -0.18174650 0.16781700
v 0.27196200 -0.18174650 -0.14608700
v 0.27703200 -0.18174650 0.05519200
v 0.27703200 -0.18174650 0.07352800
v 0.27703200 -0.18106650 0.05334900
v -0.27489800 -0.18106650 0.05334900
v 0.27703200 -0.18106650 0.08099500
v -0.27489800 -0.18106650 0.10811600
v 0.25929000 -0.18174650 -0.14608700
v 0.25929000 -0.18106650 0.17094800
v 0.19359700 -0.18174650 0.17094800
v 0.25014500 -0.18174650 -0.14608700
v 0.20274100 -0.18174650 0.17094800
v 0.27703200 -0.18174650 -0.13316200
v 0.27703200 -0.18106650 -0.14118500
v 0.27703200 -0.18174650 -0.13493300
v -0.11298800 -0.18106650 0.17094800
v 0.17807600 -0.18212350 -0.14625900
v 0.17807600 -0.18212350 0.17112000
v 0.17807600 -0.18174250 -0.14608200
v 0.17807600 -0.18174250 0.17094300
v 0.17759000 -0.18237350 0.17058800
v 0.17759000 -0.18237350 -0.14572700
v 0.17759000 -0.18199450 0.17039800
v 0.17759000 -0.18199450 -0.14553700
v 0.17830100 -0.18211750 -0.14625900
v 0.17830100 -0.18211750 0.17112000
v 0.17830100 -0.18174650 -0.14608700
v 0.17830100 -0.18174650 0.17094800
v 0.17792300 -0.18220650 -0.14609200
v 0.17792400 -0.18220650 0.17095400
v 0.17792500 -0.18181650 -0.14591100
v 0.17792500 -0.18181650 0.17077200
v 0.15448600 0.17826650 -0.08700300
v -0.22895700 0.17826650 -0.08700300
v -0.22895700 0.17826650 0.11437600
v 0.15448600 0.17826650 0.11437600
v 0.15448600 0.17599150 -0.08700300
v -0.22895700 0.17599150 -0.08700300
v -0.22895700 0.17599150 0.11437600
v 0.15448600 0.17599150 0.11437600
v 0.15448600 -0.17762750 -0.08700300
v -0.22895700 -0.17762750 -0.08700300
v -0.22895700 -0.17762750 0.11437600
v 0.15448600 -0.17762750 0.11437600
v -0.22895700 0.17826650 0.08851400
v -0.22895700 0.17826650 -0.06114100
v 0.15448600 0.17826650 -0.06114100
v 0.15448600 0.17826650 0.08851400
v -0.22895700 0.17599150 0.08851400
v -0.22895700 0.17599150 -0.06114100
v 0.15448600 0.17599150 -0.06114100
v 0.15448600 0.17599150 0.08851400
v 0.15448600 -0.17762750 -0.06114100
v 0.15448600 -0.17762750 0.08851400
v -0.22895700 -0.17762750 0.08851400
v -0.22895700 -0.17762750 -0.06114100
v -0.20123400 0.17826650 -0.08700300
v 0.12676300 0.17826650 -0.08700300
v 0.12676300 0.17826650 0.11437600
v -0.20123400 0.17826650 0.11437600
v -0.20123400 0.17599150 -0.08700300
v 0.12676300 0.17599150 -0.08700300
v 0.12676300 0.17599150 0.11437600
v -0.20123400 0.17599150 0.11437600
v -0.20123400 -0.17762750 -0.08700300
v 0.12676300 -0.17762750 -0.08700300
v 0.12676300 -0.17762750 0.11437600
v -0.20123400 -0.17762750 0.11437600
v 0.12676300 0.17826650 0.08851400
v -0.20123400 0.17826650 0.08851400
v -0.20123400 0.17826650 -0.06114100
v 0.12676300 0.17826650 -0.06114100
v -0.27186600 -0.17938250 -0.14625900
v -0.27186600 -0.13932550 -0.14625900
v -0.23180900 -0.17938250 -0.14625900
v -0.27186600 -0.17938250 -0.17112000
v -0.27186600 -0.13932550 -0.17112000
v -0.23180900 -0.17938250 -0.17112000
v -0.23180900 -0.15935450 -0.14625900
v -0.27186600 -0.15935450 -0.14625900
v -0.27186600 -0.15935450 -0.17112000
v -0.23180900 -0.15935450 -0.17112000
v -0.25183800 -0.17938250 -0.14625900
v -0.25183800 -0.13932550 -0.14625900
v -0.25183800 -0.13932550 -0.17112000
v -0.25183800 -0.17938250 -0.17112000
v -0.25183800 -0.15935450 -0.14625900
v -0.25183800 -0.15935450 -0.17112000
v -0.27011100 -0.17938250 -0.14625900
v -0.25359300 -0.17938250 -0.14625900
v -0.27011100 -0.13932550 -0.17112000
v -0.25359300 -0.13932550 -0.17112000
v -0.25359300 -0.15935450 -0.17112000
v -0.25359300 -0.13932550 -0.14625900
v -0.27011100 -0.13932550 -0.14625900
v -0.25359300 -0.17938250 -0.17112000
v -0.27011100 -0.17938250 -0.17112000
v -0.25359300 -0.15935450 -0.14625900
v -0.27017300 -0.15935450 -0.14625900
v -0.23180900 -0.17762750 -0.14625900
v -0.23180900 -0.16110950 -0.14625900
v -0.27186600 -0.17762750 -0.17112000
v -0.27186600 -0.16110950 -0.17112000
v -0.27186600 -0.16110950 -0.14625900
v -0.27186600 -0.17762750 -0.14625900
v -0.23180900 -0.16110950 -0.17112000
v -0.23180900 -0.17762750 -0.17112000
v -0.25183800 -0.16110950 -0.14625900
v -0.25183800 -0.16110950 -0.17112000
v -0.25183800 -0.17768950 -0.17112000
v -0.25359300 -0.16110950 -0.14625900
v -0.27017300 -0.16110950 -0.14625900
v -0.25359300 -0.16110950 -0.17112000
v -0.25359300 -0.17768950 -0.17112000
v -0.27186600 -0.13932550 -0.14843700
v -0.27186600 -0.13932550 -0.16894100
v -0.27186600 -0.17938250 -0.16894100
v -0.27186600 -0.17938250 -0.14843700
v -0.23180900 -0.17938250 -0.14843700
v -0.23180900 -0.17938250 -0.16894100
v -0.27186600 -0.15935450 -0.14843700
v -0.27186600 -0.15935450 -0.16894100
v -0.23180900 -0.15935450 -0.14843700
v -0.23180900 -0.15935450 -0.16894100
v -0.25183800 -0.13932550 -0.14843700
v -0.25183800 -0.13932550 -0.16894100
v -0.25183800 -0.17938250 -0.14843700
v -0.25183800 -0.17938250 -0.16894100
v -0.25359300 -0.13932550 -0.14843700
v -0.25359300 -0.13932550 -0.16894100
v -0.27011100 -0.13932550 -0.16894100
v -0.27011100 -0.13932550 -0.14843700
v -0.27011100 -0.17938250 -0.14843700
v -0.27011100 -0.17938250 -0.16894100
v -0.25359300 -0.17938250 -0.16894100
v -0.25359300 -0.17938250 -0.14843700
v -0.27186600 -0.16110950 -0.14843700
v -0.27186600 -0.16110950 -0.16894100
v -0.27186600 -0.17762750 -0.16894100
v -0.27186600 -0.17762750 -0.14843700
v -0.23180900 -0.17762750 -0.14843700
v -0.23180900 -0.17762750 -0.16894100
v -0.23180900 -0.16110950 -0.16894100
v -0.23180900 -0.16110950 -0.14843700
v -0.27017300 -0.17768950 -0.14625900
v -0.25359300 -0.17768950 -0.14625900
v -0.25183800 -0.17768950 -0.14625900
v -0.23344000 -0.17768950 -0.14625900
v -0.23344000 -0.16110950 -0.14625900
v -0.23344000 -0.16002950 -0.14625900
v -0.25251300 -0.14095650 -0.14625900
v -0.25359300 -0.14095650 -0.14625900
v -0.27017300 -0.14095650 -0.14625900
v -0.27017300 -0.17768950 -0.17112000
v -0.27017300 -0.16110950 -0.17112000
v -0.27017300 -0.15935450 -0.17112000
v -0.27017300 -0.14095650 -0.17112000
v -0.25359300 -0.14095650 -0.17112000
v -0.25251300 -0.14095650 -0.17112000
v -0.23344000 -0.16002950 -0.17112000
v -0.23344000 -0.16110950 -0.17112000
v -0.23344000 -0.17768950 -0.17112000
v -0.23344000 -0.17938250 -0.17112000
v -0.23344000 -0.17938250 -0.16894100
v -0.23344100 -0.17938250 -0.14843700
v -0.23344100 -0.17938250 -0.14625900
v -0.23356400 -0.15759950 -0.14625900
v -0.25008200 -0.14108050 -0.14625900
v -0.25008200 -0.14108050 -0.17112000
v -0.23356400 -0.15759950 -0.17112000
v -0.23356400 -0.15759950 -0.16894100
v -0.25008200 -0.14108050 -0.16894100
v -0.25008200 -0.14108050 -0.14843700
v -0.23356400 -0.15759950 -0.14843700
v -0.23511100 -0.15835850 -0.14625900
v -0.25084200 -0.14262750 -0.14625900
v -0.25084200 -0.14262750 -0.17112000
v -0.23511100 -0.15835850 -0.17112000
v 0.27393400 -0.17938350 -0.14625900
v 0.27393400 -0.13932550 -0.14625900
v 0.23387700 -0.17938350 -0.14625900
v 0.27393400 -0.17938350 -0.17112000
v 0.27393400 -0.13932550 -0.17112000
v 0.23387700 -0.17938350 -0.17112000
v 0.23387700 -0.15935450 -0.14625900
v 0.27393400 -0.15935450 -0.14625900
v 0.27393400 -0.15935450 -0.17112000
v 0.23387700 -0.15935450 -0.17112000
v 0.25390500 -0.17938350 -0.14625900
v 0.25390500 -0.13932550 -0.14625900
v 0.25390500 -0.13932550 -0.17112000
v 0.25390500 -0.17938350 -0.17112000
v 0.25390500 -0.15935450 -0.14625900
v 0.25390500 -0.15935450 -0.17112000
v 0.27217800 -0.17938350 -0.14625900
v 0.25566000 -0.17938350 -0.14625900
v 0.27217800 -0.13932550 -0.17112000
v 0.25566000 -0.13932550 -0.17112000
v 0.25566000 -0.15935450 -0.17112000
v 0.25566000 -0.13932550 -0.14625900
v 0.27217800 -0.13932550 -0.14625900
v 0.25566000 -0.17938350 -0.17112000
v 0.27217800 -0.17938350 -0.17112000
v 0.25566000 -0.15935450 -0.14625900
v 0.27224100 -0.15935450 -0.14625900
v 0.23387700 -0.17762750 -0.14625900
v 0.23387700 -0.16110950 -0.14625900
v 0.27393400 -0.17762750 -0.17112000
v 0.27393400 -0.16110950 -0.17112000
v 0.27393400 -0.16110950 -0.14625900
v 0.27393400 -0.17762750 -0.14625900
v 0.23387700 -0.16110950 -0.17112000
v 0.23387700 -0.17762750 -0.17112000
v 0.25390500 -0.16110950 -0.14625900
v 0.25390500 -0.16110950 -0.17112000
v 0.25390500 -0.17769050 -0.17112000
v 0.25566000 -0.16110950 -0.14625900
v 0.27224100 -0.16110950 -0.14625900
v 0.25566000 -0.16110950 -0.17112000
v 0.25566000 -0.17769050 -0.17112000
v 0.27393400 -0.13932550 -0.14843700
v 0.27393400 -0.13932550 -0.16894100
v 0.27393400 -0.17938350 -0.16894100
v 0.27393400 -0.17938350 -0.14843700
v 0.23387700 -0.17938350 -0.14843700
v 0.23387700 -0.17938350 -0.16894100
v 0.27393400 -0.15935450 -0.14843700
v 0.27393400 -0.15935450 -0.16894100
v 0.23387700 -0.15935450 -0.14843700
v 0.23387700 -0.15935450 -0.16894100
v 0.25390500 -0.13932550 -0.14843700
v 0.25390500 -0.13932550 -0.16894100
v 0.25390500 -0.17938350 -0.14843700
v 0.25390500 -0.17938350 -0.16894100
v 0.25566000 -0.13932550 -0.14843700
v 0.25566000 -0.13932550 -0.16894100
v 0.27217800 -0.13932550 -0.16894100
v 0.27217800 -0.13932550 -0.14843700
v 0.27217800 -0.17938350 -0.14843700
v 0.27217800 -0.17938350 -0.16894100
v 0.25566000 -0.17938350 -0.16894100
v 0.25566000 -0.17938350 -0.14843700
v 0.27393400 -0.16110950 -0.14843700
v 0.27393400 -0.16110950 -0.16894100
v 0.27393400 -0.17762750 -0.16894100
v 0.27393400 -0.17762750 -0.14843700
v 0.23387700 -0.17762750 -0.14843700
v 0.23387700 -0.17762750 -0.16894100
v 0.23387700 -0.16110950 -0.16894100
v 0.23387700 -0.16110950 -0.14843700
v 0.27224100 -0.17769050 -0.14625900
v 0.25566000 -0.17769050 -0.14625900
v 0.25390500 -0.17769050 -0.14625900
v 0.23550700 -0.17769050 -0.14625900
v 0.23550700 -0.16110950 -0.14625900
v 0.23550700 -0.16002950 -0.14625900
v 0.25458100 -0.14095650 -0.14625900
v 0.25566000 -0.14095650 -0.14625900
v 0.27224100 -0.14095650 -0.14625900
v 0.27224100 -0.17769050 -0.17112000
v 0.27224100 -0.16110950 -0.17112000
v 0.27224100 -0.15935450 -0.17112000
v 0.27224100 -0.14095650 -0.17112000
v 0.25566000 -0.14095650 -0.17112000
v 0.25458100 -0.14095650 -0.17112000
v 0.23550700 -0.16002950 -0.17112000
v 0.23550700 -0.16110950 -0.17112000
v 0.23550700 -0.17769050 -0.17112000
v 0.23550800 -0.17938350 -0.17112000
v 0.23550800 -0.17938350 -0.16894100
v 0.23550900 -0.17938350 -0.14843700
v 0.23550900 -0.17938350 -0.14625900
v 0.23563200 -0.15759950 -0.14625900
v 0.25215000 -0.14108050 -0.14625900
v 0.25215000 -0.14108050 -0.17112000
v 0.23563200 -0.15759950 -0.17112000
v 0.23563200 -0.15759950 -0.16894100
v 0.25215000 -0.14108050 -0.16894100
v 0.25215000 -0.14108050 -0.14843700
v 0.23563200 -0.15759950 -0.14843700
v 0.23717900 -0.15835850 -0.14625900
v 0.25290900 -0.14262750 -0.14625900
v 0.25290900 -0.14262750 -0.17112000
v 0.23717900 -0.15835850 -0.17112000
v -0.27186600 0.23209150 -0.14625900
v -0.27186600 0.19203350 -0.14625900
v -0.23180900 0.23209150 -0.14625900
v -0.27186600 0.23209150 -0.17112000
v -0.27186600 0.19203350 -0.17112000
v -0.23180900 0.23209150 -0.17112000
v -0.23180900 0.21206250 -0.14625900
v -0.27186600 0.21206250 -0.14625900
v -0.27186600 0.21206250 -0.17112000
v -0.23180900 0.21206250 -0.17112000
v -0.25183800 0.23209150 -0.14625900
v -0.25183800 0.19203350 -0.14625900
v -0.25183800 0.19203350 -0.17112000
v -0.25183800 0.23209150 -0.17112000
v -0.25183800 0.21206250 -0.14625900
v -0.25183800 0.21206250 -0.17112000
v -0.27011100 0.23209150 -0.14625900
v -0.25359300 0.23209150 -0.14625900
v -0.27011100 0.19203350 -0.17112000
v -0.25359300 0.19203350 -0.17112000
v -0.25359300 0.21206250 -0.17112000
v -0.25359300 0.19203350 -0.14625900
v -0.27011100 0.19203350 -0.14625900
v -0.25359300 0.23209150 -0.17112000
v -0.27011100 0.23209150 -0.17112000
v -0.25359300 0.21206250 -0.14625900
v -0.27017300 0.21206250 -0.14625900
v -0.23180900 0.23033650 -0.14625900
v -0.23180900 0.21381750 -0.14625900
v -0.27186600 0.23033650 -0.17112000
v -0.27186600 0.21381750 -0.17112000
v -0.27186600 0.21381750 -0.14625900
v -0.27186600 0.23033650 -0.14625900
v -0.23180900 0.21381750 -0.17112000
v -0.23180900 0.23033650 -0.17112000
v -0.25183800 0.21381750 -0.14625900
v -0.25183800 0.21381750 -0.17112000
v -0.25183800 0.23039850 -0.17112000
v -0.25359300 0.21381750 -0.14625900
v -0.27017300 0.21381750 -0.14625900
v -0.25359300 0.21381750 -0.17112000
v -0.25359300 0.23039850 -0.17112000
v -0.27186600 0.19203350 -0.14843700
v -0.27186600 0.19203350 -0.16894100
v -0.27186600 0.23209150 -0.16894100
v -0.27186600 0.23209150 -0.14843700
v -0.23180900 0.23209150 -0.14843700
v -0.23180900 0.23209150 -0.16894100
v -0.27186600 0.21206250 -0.14843700
v -0.27186600 0.21206250 -0.16894100
v -0.23180900 0.21206250 -0.14843700
v -0.23180900 0.21206250 -0.16894100
v -0.25183800 0.19203350 -0.14843700
v -0.25183800 0.19203350 -0.16894100
v -0.25183800 0.23209150 -0.14843700
v -0.25183800 0.23209150 -0.16894100
v -0.25359300 0.19203350 -0.14843700
v -0.25359300 0.19203350 -0.16894100
v -0.27011100 0.19203350 -0.16894100
v -0.27011100 0.19203350 -0.14843700
v -0.27011100 0.23209150 -0.14843700
v -0.27011100 0.23209150 -0.16894100
v -0.25359300 0.23209150 -0.16894100
v -0.25359300 0.23209150 -0.14843700
v -0.27186600 0.21381750 -0.14843700
v -0.27186600 0.21381750 -0.16894100
v -0.27186600 0.23033650 -0.16894100
v -0.27186600 0.23033650 -0.14843700
v -0.23180900 0.23033650 -0.14843700
v -0.23180900 0.23033650 -0.16894100
v -0.23180900 0.21381750 -0.16894100
v -0.23180900 0.21381750 -0.14843700
v -0.27017300 0.23039850 -0.14625900
v -0.25359300 0.23039850 -0.14625900
v -0.25183800 0.23039850 -0.14625900
v -0.23344000 0.23039850 -0.14625900
v -0.23344000 0.21381750 -0.14625900
v -0.23344000 0.21273850 -0.14625900
v -0.25251300 0.19366450 -0.14625900
v -0.25359300 0.19366450 -0.14625900
v -0.27017300 0.19366450 -0.14625900
v -0.27017300 0.23039850 -0.17112000
v -0.27017300 0.21381750 -0.17112000
v -0.27017300 0.21206250 -0.17112000
v -0.27017300 0.19366450 -0.17112000
v -0.25359300 0.19366450 -0.17112000
v -0.25251300 0.19366450 -0.17112000
v -0.23344000 0.21273850 -0.17112000
v -0.23344000 0.21381750 -0.17112000
v -0.23344000 0.23039850 -0.17112000
v -0.23344000 0.23209150 -0.17112000
v -0.23344000 0.23209150 -0.16894100
v -0.23344100 0.23209150 -0.14843700
v -0.23344100 0.23209150 -0.14625900
v -0.23356400 0.21030750 -0.14625900
v -0.25008200 0.19378950 -0.14625900
v -0.25008200 0.19378950 -0.17112000
v -0.23356400 0.21030750 -0.17112000
v -0.23356400 0.21030750 -0.16894100
v -0.25008200 0.19378950 -0.16894100
v -0.25008200 0.19378950 -0.14843700
v -0.23356400 0.21030750 -0.14843700
v -0.23511100 0.21106650 -0.14625900
v -0.25084200 0.19533650 -0.14625900
v -0.25084200 0.19533650 -0.17112000
v -0.23511100 0.21106650 -0.17112000
v 0.27393400 0.23209050 -0.14625900
v 0.27393400 0.19203350 -0.14625900
v 0.23387700 0.23209150 -0.14625900
v 0.27393400 0.23209050 -0.17112000
v 0.27393400 0.19203350 -0.17112000
v 0.23387700 0.23209150 -0.17112000
v 0.23387700 0.21206250 -0.14625900
v 0.27393400 0.21206250 -0.14625900
v 0.27393400 0.21206250 -0.17112000
v 0.23387700 0.21206250 -0.17112000
v 0.25390500 0.23209050 -0.14625900
v 0.25390500 0.19203350 -0.14625900
v 0.25390500 0.19203350 -0.17112000
v 0.25390500 0.23209050 -0.17112000
v 0.25390500 0.21206250 -0.14625900
v 0.25390500 0.21206250 -0.17112000
v 0.27217900 0.23209050 -0.14625900
v 0.25566000 0.23209050 -0.14625900
v 0.27217900 0.19203350 -0.17112000
v 0.25566000 0.19203350 -0.17112000
v 0.25566000 0.21206250 -0.17112000
v 0.25566000 0.19203350 -0.14625900
v 0.27217900 0.19203350 -0.14625900
v 0.25566000 0.23209050 -0.17112000
v 0.27217900 0.23209050 -0.17112000
v 0.25566000 0.21206250 -0.14625900
v 0.27224100 0.21206250 -0.14625900
v 0.23387700 0.23033550 -0.14625900
v 0.23387700 0.21381750 -0.14625900
v 0.27393400 0.23033550 -0.17112000
v 0.27393400 0.21381750 -0.17112000
v 0.27393400 0.21381750 -0.14625900
v 0.27393400 0.23033550 -0.14625900
v 0.23387700 0.21381750 -0.17112000
v 0.23387700 0.23033550 -0.17112000
v 0.25390500 0.21381750 -0.14625900
v 0.25390500 0.21381750 -0.17112000
v 0.25390500 0.23039850 -0.17112000
v 0.25566000 0.21381750 -0.14625900
v 0.27224100 0.21381750 -0.14625900
v 0.25566000 0.21381750 -0.17112000
v 0.25566000 0.23039850 -0.17112000
v 0.27393400 0.19203350 -0.14843700
v 0.27393400 0.19203350 -0.16894100
v 0.27393400 0.23209050 -0.16894100
v 0.27393400 0.23209050 -0.14843700
v 0.23387700 0.23209150 -0.14843700
v 0.23387700 0.23209150 -0.16894100
v 0.27393400 0.21206250 -0.14843700
v 0.27393400 0.21206250 -0.16894100
v 0.23387700 0.21206250 -0.14843700
v 0.23387700 0.21206250 -0.16894100
v 0.25390500 0.19203350 -0.14843700
v 0.25390500 0.19203350 -0.16894100
v 0.25390500 0.23209050 -0.14843700
v 0.25390500 0.23209050 -0.16894100
v 0.25566000 0.19203350 -0.14843700
v 0.25566000 0.19203350 -0.16894100
v 0.27217900 0.19203350 -0.16894100
v 0.27217900 0.19203350 -0.14843700
v 0.27217900 0.23209050 -0.14843700
v 0.27217900 0.23209050 -0.16894100
v 0.25566000 0.23209050 -0.16894100
v 0.25566000 0.23209050 -0.14843700
v 0.27393400 0.21381750 -0.14843700
v 0.27393400 0.21381750 -0.16894100
v 0.27393400 0.23033550 -0.16894100
v 0.27393400 0.23033550 -0.14843700
v 0.23387700 0.23033550 -0.14843700
v 0.23387700 0.23033550 -0.16894100
v 0.23387700 0.21381750 -0.16894100
v 0.23387700 0.21381750 -0.14843700
v 0.27224100 0.23039850 -0.14625900
v 0.25566000 0.23039850 -0.14625900
v 0.25390500 0.23039850 -0.14625900
v 0.23550700 0.23039850 -0.14625900
v 0.23550700 0.21381750 -0.14625900
v 0.23550700 0.21273750 -0.14625900
v 0.25458100 0.19366450 -0.14625900
v 0.25566000 0.19366450 -0.14625900
v 0.27224100 0.19366450 -0.14625900
v 0.27224100 0.23039850 -0.17112000
v 0.27224100 0.21381750 -0.17112000
v 0.27224100 0.21206250 -0.17112000
v 0.27224100 0.19366450 -0.17112000
v 0.25566000 0.19366450 -0.17112000
v 0.25458100 0.19366450 -0.17112000
v 0.23550700 0.21273750 -0.17112000
v 0.23550700 0.21381750 -0.17112000
v 0.23550700 0.23039850 -0.17112000
v 0.23550800 0.23209150 -0.17112000
v 0.23550800 0.23209150 -0.16894100
v 0.23550900 0.23209150 -0.14843700
v 0.23550900 0.23209150 -0.14625900
v 0.23563200 0.21030750 -0.14625900
v 0.25215000 0.19378850 -0.14625900
v 0.25215000 0.19378850 -0.17112000
v 0.23563200 0.21030750 -0.17112000
v 0.23563200 0.21030750 -0.16894100
v 0.25215000 0.19378850 -0.16894100
v 0.25215000 0.19378850 -0.14843700
v 0.23563200 0.21030750 -0.14843700
v 0.23717900 0.21106650 -0.14625900
v 0.25290900 0.19533550 -0.14625900
v 0.25290900 0.19533550 -0.17112000
v 0.23717900 0.21106650 -0.17112000
v 0.23654500 -0.20176950 0.07492300
v -0.27507000 -0.03553750 0.10525800
v -0.27507000 -0.02688950 0.10525800
v -0.27507000 -0.01824050 0.10525800
v -0.27507000 -0.00959250 0.10525800
v -0.27507000 -0.00094350 0.10525800
v -0.27507000 0.00770450 0.10525800
v -0.27507000 0.01635250 0.10525800
v -0.27507000 0.02500150 0.10525800
v -0.27507000 0.03364950 0.10525800
v -0.27507000 0.04229850 0.10525800
v -0.27507000 0.05094650 0.10525800
v -0.27507000 0.05959450 0.10525800
v -0.27507000 0.06824350 0.10525800
v -0.27507000 0.07689150 0.10525800
v -0.27507000 0.08554050 0.10525800
v -0.27507000 0.09418850 0.10525800
v -0.27507000 0.10283650 0.10525800
v -0.27507000 0.11148550 0.10525800
v -0.27507000 0.12013350 0.10525800
v -0.27507000 0.12878250 0.10525800
v -0.27507000 0.13743050 0.10525800
v -0.27507000 0.14607850 0.10525800
v -0.27507000 0.15472750 0.10525800
v -0.25615200 -0.03553750 0.17112000
v -0.25615200 -0.02688950 0.17112000
v -0.25615200 -0.01824050 0.17112000
v -0.25615200 -0.00959250 0.17112000
v -0.25615200 -0.00094350 0.17112000
v -0.25615200 0.00770450 0.17112000
v -0.25615200 0.01635250 0.17112000
v -0.25615200 0.02500150 0.17112000
v -0.25615200 0.03364950 0.17112000
v -0.25615200 0.04229850 0.17112000
v -0.25615200 0.05094650 0.17112000
v -0.25615200 0.05959450 0.17112000
v -0.25615200 0.06824350 0.17112000
v -0.25615200 0.07689150 0.17112000
v -0.25615200 0.08554050 0.17112000
v -0.25615200 0.09418850 0.17112000
v -0.25615200 0.10283650 0.17112000
v -0.25615200 0.11148550 0.17112000
v -0.25615200 0.12013350 0.17112000
v -0.25615200 0.12878250 0.17112000
v -0.25615200 0.13743050 0.17112000
v -0.25615200 0.14607850 0.17112000
v -0.25615200 0.15472750 0.17112000
v -0.27507000 -0.03553750 0.16781700
v -0.27507000 -0.02688950 0.16781700
v -0.27507000 -0.01824050 0.16781700
v -0.27507000 -0.00959250 0.16781700
v -0.27507000 -0.00094350 0.16781700
v -0.27507000 0.00770450 0.16781700
v -0.27507000 0.01635250 0.16781700
v -0.27507000 0.02500150 0.16781700
v -0.27507000 0.03364950 0.16781700
v -0.27507000 0.04229850 0.16781700
v -0.27507000 0.05094650 0.16781700
v -0.27507000 0.05959450 0.16781700
v -0.27507000 0.06824350 0.16781700
v -0.27507000 0.07689150 0.16781700
v -0.27507000 0.08554050 0.16781700
v -0.27507000 0.09418850 0.16781700
v -0.27507000 0.10283650 0.16781700
v -0.27507000 0.11148550 0.16781700
v -0.27507000 0.12013350 0.16781700
v -0.27507000 0.12878250 0.16781700
v -0.27507000 0.13743050 0.16781700
v -0.27507000 0.14607850 0.16781700
v -0.27507000 0.15472750 0.16781700
v -0.27507000 0.15472750 0.17112000
v -0.27507000 0.14607850 0.17112000
v -0.27507000 0.13743050 0.17112000
v -0.27507000 0.12878250 0.17112000
v -0.27507000 0.12013350 0.17112000
v -0.27507000 0.11148550 0.17112000
v -0.27507000 0.10283650 0.17112000
v -0.27507000 0.09418850 0.17112000
v -0.27507000 0.08554050 0.17112000
v -0.27507000 0.07689150 0.17112000
v -0.27507000 0.06824350 0.17112000
v -0.27507000 0.05959450 0.17112000
v -0.27507000 0.05094650 0.17112000
v -0.27507000 0.04229850 0.17112000
v -0.27507000 0.03364950 0.17112000
v -0.27507000 0.02500150 0.17112000
v -0.27507000 0.01635250 0.17112000
v -0.27507000 0.00770450 0.17112000
v -0.27507000 -0.00094350 0.17112000
v -0.27507000 -0.00959250 0.17112000
v -0.27507000 -0.01824050 0.17112000
v -0.27507000 -0.02688950 0.17112000
v -0.27507000 -0.03553750 0.17112000
v -0.25281800 0.15472750 0.17112000
v -0.25281800 0.14607850 0.17112000
v -0.25281800 0.13743050 0.17112000
v -0.25281800 0.12878250 0.17112000
v -0.25281800 0.12013350 0.17112000
v -0.25281800 0.11148550 0.17112000
v -0.25281800 0.10283650 0.17112000
v -0.25281800 0.09418850 0.17112000
v -0.25281800 0.08554050 0.17112000
v -0.25281800 0.07689150 0.17112000
v -0.25281800 0.06824350 0.17112000
v -0.25281800 0.05959450 0.17112000
v -0.25281800 0.05094650 0.17112000
v -0.25281800 0.04229850 0.17112000
v -0.25281800 0.03364950 0.17112000
v -0.25281800 0.02500150 0.17112000
v -0.25281800 0.01635250 0.17112000
v -0.25281800 0.00770450 0.17112000
v -0.25281800 -0.00094350 0.17112000
v -0.25281800 -0.00959250 0.17112000
v -0.25281800 -0.01824050 0.17112000
v -0.25281800 -0.02688950 0.17112000
v -0.25281800 -0.03553750 0.17112000
v -0.24433100 0.15472750 0.17112000
v -0.24433100 0.14607850 0.17112000
v -0.24433100 0.13743050 0.17112000
v -0.24433100 0.12878250 0.17112000
v -0.24433100 0.12013350 0.17112000
v -0.24433100 0.11148550 0.17112000
v -0.24433100 0.10283650 0.17112000
v -0.24433100 0.09418850 0.17112000
v -0.24433100 0.08554050 0.17112000
v -0.24433100 0.07689150 0.17112000
v -0.24433100 0.06824350 0.17112000
v -0.24433100 0.05959450 0.17112000
v -0.24433100 0.05094650 0.17112000
v -0.24433100 0.04229850 0.17112000
v -0.24433100 0.03364950 0.17112000
v -0.24433100 0.02500150 0.17112000
v -0.24433100 0.01635250 0.17112000
v -0.24433100 0.00770450 0.17112000
v -0.24433100 -0.00094350 0.17112000
v -0.24433100 -0.00959250 0.17112000
v -0.24433100 -0.01824050 0.17112000
v -0.24433100 -0.02688950 0.17112000
v -0.24433100 -0.03553750 0.17112000
v -0.27173600 0.15472750 0.17112000
v -0.27173600 0.14607850 0.17112000
v -0.27173600 0.13743050 0.17112000
v -0.27173600 0.12878250 0.17112000
v -0.27173600 0.12013350 0.17112000
v -0.27173600 0.11148550 0.17112000
v -0.27173600 0.10283650 0.17112000
v -0.27173600 0.09418850 0.17112000
v -0.27173600 0.08554050 0.17112000
v -0.27173600 0.07689150 0.17112000
v -0.27173600 0.06824350 0.17112000
v -0.27173600 0.05959450 0.17112000
v -0.27173600 0.05094650 0.17112000
v -0.27173600 0.04229850 0.17112000
v -0.27173600 0.03364950 0.17112000
v -0.27173600 0.02500150 0.17112000
v -0.27173600 0.01635250 0.17112000
v -0.27173600 0.00770450 0.17112000
v -0.27173600 -0.00094350 0.17112000
v -0.27173600 -0.00959250 0.17112000
v -0.27173600 -0.01824050 0.17112000
v -0.27173600 -0.02688950 0.17112000
v -0.27173600 -0.03553750 0.17112000
v -0.27507000 0.15472750 0.05519200
v -0.27507000 0.14607850 0.05519200
v -0.27507000 0.13743050 0.05519200
v -0.27507000 0.12878250 0.05519200
v -0.27507000 0.12013350 0.05519200
v -0.27507000 0.11148550 0.05519200
v -0.27507000 0.10283650 0.05519200
v -0.27507000 0.09418850 0.05519200
v -0.27507000 0.08554050 0.05519200
v -0.27507000 0.07689150 0.05519200
v -0.27507000 0.06824350 0.05519200
v -0.27507000 0.05959450 0.05519200
v -0.27507000 0.05094650 0.05519200
v -0.27507000 0.04229850 0.05519200
v -0.27507000 0.03364950 0.05519200
v -0.27507000 0.02500150 0.05519200
v -0.27507000 0.01635250 0.05519200
v -0.27507000 0.00770450 0.05519200
v -0.27507000 -0.00094350 0.05519200
v -0.27507000 -0.00959250 0.05519200
v -0.27507000 -0.01824050 0.05519200
v -0.27507000 -0.02688950 0.05519200
v -0.27507000 -0.03553750 0.05519200
v -0.27351200 -0.03204750 0.10144800
v -0.27135200 -0.02398750 0.10144800
v -0.27351200 -0.01535950 0.10144800
v -0.27135200 -0.00729950 0.10144800
v -0.27351200 0.00132850 0.10144800
v -0.27135200 0.00938850 0.10144800
v -0.27351200 0.01801750 0.10144800
v -0.27135200 0.02607650 0.10144800
v -0.27351200 0.03470550 0.10144800
v -0.27135200 0.04276450 0.10144800
v -0.27351200 0.05139350 0.10144800
v -0.27135200 0.05945250 0.10144800
v -0.27351200 0.06808150 0.10144800
v -0.27135200 0.07614050 0.10144800
v -0.27351200 0.08476950 0.10144800
v -0.27135200 0.09282850 0.10144800
v -0.27351200 0.10145750 0.10144800
v -0.27135200 0.10951650 0.10144800
v -0.27351200 0.11814550 0.10144800
v -0.27135200 0.12620450 0.10144800
v -0.27351200 0.13483350 0.10144800
v -0.27135200 0.14289350 0.10144800
v -0.27351200 0.15152150 0.10144800
v -0.27351200 0.15152150 0.05900100
v -0.27135200 0.14289350 0.05900100
v -0.27351200 0.13483350 0.05900100
v -0.27135200 0.12620450 0.05900100
v -0.27351200 0.11814550 0.05900100
v -0.27135200 0.10951650 0.05900100
v -0.27351200 0.10145750 0.05900100
v -0.27135200 0.09282850 0.05900100
v -0.27351200 0.08476950 0.05900100
v -0.27135200 0.07614050 0.05900100
v -0.27351200 0.06808150 0.05900100
v -0.27135200 0.05945250 0.05900100
v -0.27351200 0.05139350 0.05900100
v -0.27135200 0.04276450 0.05900100
v -0.27351200 0.03470550 0.05900100
v -0.27135200 0.02607650 0.05900100
v -0.27351200 0.01801750 0.05900100
v -0.27135200 0.00938850 0.05900100
v -0.27351200 0.00132850 0.05900100
v -0.27135200 -0.00729950 0.05900100
v -0.27351200 -0.01535950 0.05900100
v -0.27135200 -0.02398750 0.05900100
v -0.27351200 -0.03204750 0.05900100
v -0.27351200 0.15152150 0.06131000
v -0.27135200 0.14289350 0.06131000
v -0.27351200 0.13483350 0.06131000
v -0.27135200 0.12620450 0.06131000
v -0.27351200 0.11814550 0.06131000
v -0.27135200 0.10951650 0.06131000
v -0.27351200 0.10145750 0.06131000
v -0.27135200 0.09282850 0.06131000
v -0.27351200 0.08476950 0.06131000
v -0.27135200 0.07614050 0.06131000
v -0.27351200 0.06808150 0.06131000
v -0.27135200 0.05945250 0.06131000
v -0.27351200 0.05139350 0.06131000
v -0.27135200 0.04276450 0.06131000
v -0.27351200 0.03470550 0.06131000
v -0.27135200 0.02607650 0.06131000
v -0.27351200 0.01801750 0.06131000
v -0.27135200 0.00938850 0.06131000
v -0.27351200 0.00132850 0.06131000
v -0.27135200 -0.00729950 0.06131000
v -0.27351200 -0.01535950 0.06131000
v -0.27135200 -0.02398750 0.06131000
v -0.27351200 -0.03204750 0.06131000
v -0.27351200 -0.03204750 0.09891600
v -0.27135200 -0.02398750 0.09891600
v -0.27351200 -0.01535950 0.09891600
v -0.27135200 -0.00729950 0.09891600
v -0.27351200 0.00132850 0.09891600
v -0.27135200 0.00938850 0.09891600
v -0.27351200 0.01801750 0.09891600
v -0.27135200 0.02607650 0.09891600
v -0.27351200 0.03470550 0.09891600
v -0.27135200 0.04276450 0.09891600
v -0.27351200 0.05139350 0.09891600
v -0.27135200 0.05945250 0.09891600
v -0.27351200 0.06808150 0.09891600
v -0.27135200 0.07614050 0.09891600
v -0.27351200 0.08476950 0.09891600
v -0.27135200 0.09282850 0.09891600
v -0.27351200 0.10145750 0.09891600
v -0.27135200 0.10951650 0.09891600
v -0.27351200 0.11814550 0.09891600
v -0.27135200 0.12620450 0.09891600
v -0.27351200 0.13483350 0.09891600
v -0.27135200 0.14289350 0.09891600
v -0.27351200 0.15152150 0.09891600
v -0.27297000 0.15206250 0.10222500
v -0.27297000 0.14365550 0.10222500
v -0.27297000 0.13524950 0.10222500
v -0.27297000 0.12684350 0.10222500
v -0.27297000 0.11843750 0.10222500
v -0.27297000 0.11003150 0.10222500
v -0.27297000 0.10162550 0.10222500
v -0.27297000 0.09321950 0.10222500
v -0.27297000 0.08481350 0.10222500
v -0.27297000 0.07640750 0.10222500
v -0.27297000 0.06800150 0.10222500
v -0.27297000 0.05959450 0.10222500
v -0.27297000 0.05118850 0.10222500
v -0.27297000 0.04278250 0.10222500
v -0.27297000 0.03437650 0.10222500
v -0.27297000 0.02597050 0.10222500
v -0.27297000 0.01756450 0.10222500
v -0.27297000 0.00915850 0.10222500
v -0.27297000 0.00075250 0.10222500
v -0.27297000 -0.00765350 0.10222500
v -0.27297000 -0.01605950 0.10222500
v -0.27297000 -0.02446650 0.10222500
v -0.27297000 -0.03287250 0.10222500
v -0.27453200 -0.03485450 0.10448100
v -0.27453200 -0.02626850 0.10448100
v -0.27453200 -0.01768150 0.10448100
v -0.27453200 -0.00909550 0.10448100
v -0.27453200 -0.00050950 0.10448100
v -0.27453200 0.00807750 0.10448100
v -0.27453200 0.01666350 0.10448100
v -0.27453200 0.02524950 0.10448100
v -0.27453200 0.03383550 0.10448100
v -0.27453200 0.04242250 0.10448100
v -0.27453200 0.05100850 0.10448100
v -0.27453200 0.05959450 0.10448100
v -0.27453200 0.06818150 0.10448100
v -0.27453200 0.07676750 0.10448100
v -0.27453200 0.08535350 0.10448100
v -0.27453200 0.09394050 0.10448100
v -0.27453200 0.10252650 0.10448100
v -0.27453200 0.11111250 0.10448100
v -0.27453200 0.11969950 0.10448100
v -0.27453200 0.12828550 0.10448100
v -0.27453200 0.13687150 0.10448100
v -0.27453200 0.14545850 0.10448100
v -0.27453200 0.15404450 0.10448100
v -0.27297000 -0.03287250 0.05822400
v -0.27297000 -0.02446650 0.05822400
v -0.27297000 -0.01605950 0.05822400
v -0.27297000 -0.00765350 0.05822400
v -0.27297000 0.00075250 0.05822400
v -0.27297000 0.00915850 0.05822400
v -0.27297000 0.01756450 0.05822400
v -0.27297000 0.02597050 0.05822400
v -0.27297000 0.03437650 0.05822400
v -0.27297000 0.04278250 0.05822400
v -0.27297000 0.05118850 0.05822400
v -0.27297000 0.05959450 0.05822400
v -0.27297000 0.06800150 0.05822400
v -0.27297000 0.07640750 0.05822400
v -0.27297000 0.08481350 0.05822400
v -0.27297000 0.09321950 0.05822400
v -0.27297000 0.10162550 0.05822400
v -0.27297000 0.11003150 0.05822400
v -0.27297000 0.11843750 0.05822400
v -0.27297000 0.12684350 0.05822400
v -0.27297000 0.13524950 0.05822400
v -0.27297000 0.14365550 0.05822400
v -0.27297000 0.15206250 0.05822400
v -0.27453200 0.15404450 0.05596900
v -0.27453200 0.14545850 0.05596900
v -0.27453200 0.13687150 0.05596900
v -0.27453200 0.12828550 0.05596900
v -0.27453200 0.11969950 0.05596900
v -0.27453200 0.11111250 0.05596900
v -0.27453200 0.10252650 0.05596900
v -0.27453200 0.09394050 0.05596900
v -0.27453200 0.08535350 0.05596900
v -0.27453200 0.07676750 0.05596900
v -0.27453200 0.06818150 0.05596900
v -0.27453200 0.05959450 0.05596900
v -0.27453200 0.05100850 0.05596900
v -0.27453200 0.04242250 0.05596900
v -0.27453200 0.03383550 0.05596900
v -0.27453200 0.02524950 0.05596900
v -0.27453200 0.01666350 0.05596900
v -0.27453200 0.00807750 0.05596900
v -0.27453200 -0.00050950 0.05596900
v -0.27453200 -0.00909550 0.05596900
v -0.27453200 -0.01768150 0.05596900
v -0.27453200 -0.02626850 0.05596900
v -0.27453200 -0.03485450 0.05596900
v -0.27507000 0.15472750 0.05334900
v -0.27507000 0.14607850 0.05334900
v -0.27507000 0.13743050 0.05334900
v -0.27507000 0.12878250 0.05334900
v -0.27507000 0.12013350 0.05334900
v -0.27507000 0.11148550 0.05334900
v -0.27507000 0.10283650 0.05334900
v -0.27507000 0.09418850 0.05334900
v -0.27507000 0.08554050 0.05334900
v -0.27507000 0.07689150 0.05334900
v -0.27507000 0.06824350 0.05334900
v -0.27507000 0.05959450 0.05334900
v -0.27507000 0.05094650 0.05334900
v -0.27507000 0.04229850 0.05334900
v -0.27507000 0.03364950 0.05334900
v -0.27507000 0.02500150 0.05334900
v -0.27507000 0.01635250 0.05334900
v -0.27507000 0.00770450 0.05334900
v -0.27507000 -0.00094350 0.05334900
v -0.27507000 -0.00959250 0.05334900
v -0.27507000 -0.01824050 0.05334900
v -0.27507000 -0.02688950 0.05334900
v -0.27507000 -0.03553750 0.05334900
v -0.27507000 -0.03553750 0.10811600
v -0.27507000 -0.02688950 0.10811600
v -0.27507000 -0.01824050 0.10811600
v -0.27507000 -0.00959250 0.10811600
v -0.27507000 -0.00094350 0.10811600
v -0.27507000 0.00770450 0.10811600
v -0.27507000 0.01635250 0.10811600
v -0.27507000 0.02500150 0.10811600
v -0.27507000 0.03364950 0.10811600
v -0.27507000 0.04229850 0.10811600
v -0.27507000 0.05094650 0.10811600
v -0.27507000 0.05959450 0.10811600
v -0.27507000 0.06824350 0.10811600
v -0.27507000 0.07689150 0.10811600
v -0.27507000 0.08554050 0.10811600
v -0.27507000 0.09418850 0.10811600
v -0.27507000 0.10283650 0.10811600
v -0.27507000 0.11148550 0.10811600
v -0.27507000 0.12013350 0.10811600
v -0.27507000 0.12878250 0.10811600
v -0.27507000 0.13743050 0.10811600
v -0.27507000 0.14607850 0.10811600
v -0.27507000 0.15472750 0.10811600
v -0.27279700 -0.04404750 0.10070200
v -0.27206800 -0.04132750 0.10070200
v -0.27206800 -0.04132750 0.09891600
v -0.27206800 -0.04132750 0.06131000
v -0.27206800 -0.04132750 0.05974700
v -0.27279700 -0.04404750 0.05974700
v -0.27279700 -0.04404750 0.06131000
v -0.27279700 -0.04404750 0.09891600
v -0.27331900 0.05211350 0.10070200
v -0.27154500 0.05873250 0.10070200
v -0.27154500 0.05873250 0.09891600
v -0.27154500 0.05873250 0.06131000
v -0.27154500 0.05873250 0.05974700
v -0.27331900 0.05211350 0.05974700
v -0.27331900 0.05211350 0.06131000
v -0.27331900 0.05211350 0.09891600
v -0.27331900 -0.03132650 0.10070200
v -0.27154600 -0.02470750 0.10070200
v -0.27154600 -0.02470750 0.09891600
v -0.27154600 -0.02470750 0.06131000
v -0.27154600 -0.02470750 0.05974700
v -0.27331900 -0.03132650 0.05974700
v -0.27331900 -0.03132650 0.06131000
v -0.27331900 -0.03132650 0.09891600
v -0.27331900 -0.01463850 0.10070200
v -0.27154600 -0.00801950 0.10070200
v -0.27154600 -0.00801950 0.09891600
v -0.27154600 -0.00801950 0.06131000
v -0.27154600 -0.00801950 0.05974700
v -0.27331900 -0.01463850 0.05974700
v -0.27331900 -0.01463850 0.06131000
v -0.27331900 -0.01463850 0.09891600
v -0.27331900 0.00204950 0.10070200
v -0.27154500 0.00866850 0.10070200
v -0.27154500 0.00866850 0.09891600
v -0.27154500 0.00866850 0.06131000
v -0.27154500 0.00866850 0.05974700
v -0.27331900 0.00204950 0.05974700
v -0.27331900 0.00204950 0.06131000
v -0.27331900 0.00204950 0.09891600
v -0.27331900 0.01873750 0.10070200
v -0.27154500 0.02535650 0.10070200
v -0.27154500 0.02535650 0.09891600
v -0.27154500 0.02535650 0.06131000
v -0.27154500 0.02535650 0.05974700
v -0.27331900 0.01873750 0.05974700
v -0.27331900 0.01873750 0.06131000
v -0.27331900 0.01873750 0.09891600
v -0.27331900 0.03542550 0.10070200
v -0.27154500 0.04204450 0.10070200
v -0.27154500 0.04204450 0.09891600
v -0.27154500 0.04204450 0.06131000
v -0.27154500 0.04204450 0.05974700
v -0.27331900 0.03542550 0.05974700
v -0.27331900 0.03542550 0.06131000
v -0.27331900 0.03542550 0.09891600
v -0.27154500 0.15886050 0.05974700
v -0.27331900 0.15224150 0.05974700
v -0.27331900 0.15224150 0.06131000
v -0.27331900 0.15224150 0.09891600
v -0.27331900 0.15224150 0.10070200
v -0.27154500 0.15886050 0.10070200
v -0.27154500 0.15886050 0.09891600
v -0.27154500 0.15886050 0.06131000
v -0.27331900 0.13555350 0.10070200
v -0.27154500 0.14217250 0.10070200
v -0.27154500 0.14217250 0.09891600
v -0.27154500 0.14217250 0.06131000
v -0.27154500 0.14217250 0.05974700
v -0.27331900 0.13555350 0.05974700
v -0.27331900 0.13555350 0.06131000
v -0.27331900 0.13555350 0.09891600
v -0.27331900 0.11886550 0.10070200
v -0.27154500 0.12548450 0.10070200
v -0.27154500 0.12548450 0.09891600
v -0.27154500 0.12548450 0.06131000
v -0.27154500 0.12548450 0.05974700
v -0.27331900 0.11886550 0.05974700
v -0.27331900 0.11886550 0.06131000
v -0.27331900 0.11886550 0.09891600
v -0.27331900 0.10217750 0.10070200
v -0.27154500 0.10879650 0.10070200
v -0.27154500 0.10879650 0.09891600
v -0.27154500 0.10879650 0.06131000
v -0.27154500 0.10879650 0.05974700
v -0.27331900 0.10217750 0.05974700
v -0.27331900 0.10217750 0.06131000
v -0.27331900 0.10217750 0.09891600
v -0.27331900 0.08548950 0.10070200
v -0.27154500 0.09210850 0.10070200
v -0.27154500 0.09210850 0.09891600
v -0.27154500 0.09210850 0.06131000
v -0.27154500 0.09210850 0.05974700
v -0.27331900 0.08548950 0.05974700
v -0.27331900 0.08548950 0.06131000
v -0.27331900 0.08548950 0.09891600
v -0.27331900 0.06880150 0.10070200
v -0.27154500 0.07542050 0.10070200
v -0.27154500 0.07542050 0.09891600
v -0.27154500 0.07542050 0.06131000
v -0.27154500 0.07542050 0.05974700
v -0.27331900 0.06880150 0.05974700
v -0.27331900 0.06880150 0.06131000
v -0.27331900 0.06880150 0.09891600
v -0.26814000 -0.04570850 0.09958600
v -0.26763500 -0.04541650 0.09958600
v -0.26763500 -0.04541650 0.09891600
v -0.26763500 -0.04541650 0.06131000
v -0.26763500 -0.04541650 0.06086400
v -0.26814000 -0.04570850 0.06086400
v -0.26814000 -0.04570850 0.06131000
v -0.26814000 -0.04570850 0.09891600
v -0.26988800 0.05139250 0.09958600
v -0.26588700 0.05370250 0.09958600
v -0.26588700 0.05370250 0.09891600
v -0.26588700 0.05370250 0.06131000
v -0.26588700 0.05370250 0.06086400
v -0.26988800 0.05139250 0.06086400
v -0.26988800 0.05139250 0.06131000
v -0.26988800 0.05139250 0.09891600
v -0.26988800 -0.03204750 0.09958600
v -0.26588700 -0.02973750 0.09958600
v -0.26588700 -0.02973750 0.09891600
v -0.26588700 -0.02973750 0.06131000
v -0.26588700 -0.02973750 0.06086400
v -0.26988800 -0.03204750 0.06086400
v -0.26988800 -0.03204750 0.06131000
v -0.26988800 -0.03204750 0.09891600
v -0.26988800 -0.01535950 0.09958600
v -0.26588700 -0.01304950 0.09958600
v -0.26588700 -0.01304950 0.09891600
v -0.26588700 -0.01304950 0.06131000
v -0.26588700 -0.01304950 0.06086400
v -0.26988800 -0.01535950 0.06086400
v -0.26988800 -0.01535950 0.06131000
v -0.26988800 -0.01535950 0.09891600
v -0.26988800 0.00132850 0.09958600
v -0.26588700 0.00363850 0.09958600
v -0.26588700 0.00363850 0.09891600
v -0.26588700 0.00363850 0.06131000
v -0.26588700 0.00363850 0.06086400
v -0.26988800 0.00132850 0.06086400
v -0.26988800 0.00132850 0.06131000
v -0.26988800 0.00132850 0.09891600
v -0.26988800 0.01801650 0.09958600
v -0.26588700 0.02032650 0.09958600
v -0.26588700 0.02032650 0.09891600
v -0.26588700 0.02032650 0.06131000
v -0.26588700 0.02032650 0.06086400
v -0.26988800 0.01801650 0.06086400
v -0.26988800 0.01801650 0.06131000
v -0.26988800 0.01801650 0.09891600
v -0.26988800 0.03470450 0.09958600
v -0.26588700 0.03701450 0.09958600
v -0.26588700 0.03701450 0.09891600
v -0.26588700 0.03701450 0.06131000
v -0.26588700 0.03701450 0.06086400
v -0.26988800 0.03470450 0.06086400
v -0.26988800 0.03470450 0.06131000
v -0.26988800 0.03470450 0.09891600
v -0.26588700 0.15383050 0.06086400
v -0.26988800 0.15152050 0.06086400
v -0.26988800 0.15152050 0.06131000
v -0.26988800 0.15152050 0.09891600
v -0.26988800 0.15152050 0.09958600
v -0.26588700 0.15383050 0.09958600
v -0.26588700 0.15383050 0.09891600
v -0.26588700 0.15383050 0.06131000
v -0.26988800 0.13483250 0.09958600
v -0.26588700 0.13714250 0.09958600
v -0.26588700 0.13714250 0.09891600
v -0.26588700 0.13714250 0.06131000
v -0.26588700 0.13714250 0.06086400
v -0.26988800 0.13483250 0.06086400
v -0.26988800 0.13483250 0.06131000
v -0.26988800 0.13483250 0.09891600
v -0.26988800 0.11814450 0.09958600
v -0.26588700 0.12045450 0.09958600
v -0.26588700 0.12045450 0.09891600
v -0.26588700 0.12045450 0.06131000
v -0.26588700 0.12045450 0.06086400
v -0.26988800 0.11814450 0.06086400
v -0.26988800 0.11814450 0.06131000
v -0.26988800 0.11814450 0.09891600
v -0.26988800 0.10145650 0.09958600
v -0.26588700 0.10376650 0.09958600
v -0.26588700 0.10376650 0.09891600
v -0.26588700 0.10376650 0.06131000
v -0.26588700 0.10376650 0.06086400
v -0.26988800 0.10145650 0.06086400
v -0.26988800 0.10145650 0.06131000
v -0.26988800 0.10145650 0.09891600
v -0.26988800 0.08476850 0.09958600
v -0.26588700 0.08707850 0.09958600
v -0.26588700 0.08707850 0.09891600
v -0.26588700 0.08707850 0.06131000
v -0.26588700 0.08707850 0.06086400
v -0.26988800 0.08476850 0.06086400
v -0.26988800 0.08476850 0.06131000
v -0.26988800 0.08476850 0.09891600
v -0.26988800 0.06808050 0.09958600
v -0.26588700 0.07039050 0.09958600
v -0.26588700 0.07039050 0.09891600
v -0.26588700 0.07039050 0.06131000
v -0.26588700 0.07039050 0.06086400
v -0.26988800 0.06808050 0.06086400
v -0.26988800 0.06808050 0.06131000
v -0.26988800 0.06808050 0.09891600
v 0.27625400 -0.18525850 0.03573100
v 0.25924100 -0.20026050 0.03573100
v 0.27720400 -0.18442150 0.03573100
v 0.18092400 -0.20176950 0.03573100
v 0.17844500 -0.20176950 0.03573100
v 0.25752900 -0.20176950 0.03573100
v 0.25407600 -0.20176950 0.03573100
v 0.19845500 -0.20176950 0.03573100
v 0.23654500 -0.20176950 0.03573100
v 0.27720400 -0.18315450 0.03573100
v 0.24389300 -0.20176950 0.03573100
v 0.19110700 -0.20176950 0.03573100
v 0.27720400 -0.18211750 0.03573100
v 0.27703200 -0.18174650 0.03573100
v 0.27663200 -0.18140650 0.03573100
v 0.17807400 -0.20159750 0.03573100
v 0.17773400 -0.20119750 0.03573100
v 0.17822000 -0.20176950 0.03573100
v 0.27720400 -0.18189250 0.03573100
v 0.27625400 -0.18525850 -0.03826900
v 0.27720400 -0.18442150 -0.03826900
v 0.18092400 -0.20176950 -0.03826900
v 0.25752900 -0.20176950 -0.03826900
v 0.23654500 -0.20176950 -0.03826900
v 0.27720400 -0.18315450 -0.03826900
v 0.19110700 -0.20176950 -0.03826900
v 0.27720400 -0.18211750 -0.03826900
v 0.27663200 -0.18140650 -0.03826900
v 0.17807400 -0.20159750 -0.03826900
v 0.27720400 -0.18189250 -0.03826900
v 0.25924100 -0.20026050 -0.03826900
v 0.17844500 -0.20176950 -0.03826900
v 0.25407600 -0.20176950 -0.03826900
v 0.19845500 -0.20176950 -0.03826900
v 0.24389300 -0.20176950 -0.03826900
v 0.27703200 -0.18174650 -0.03826900
v 0.17773400 -0.20119750 -0.03826900
v 0.17822000 -0.20176950 -0.03826900
v 0.17767700 -0.16654950 -0.14581700
v 0.17773400 -0.17327050 -0.11007900
v 0.17759000 -0.15522550 -0.14568600
v -0.27088800 -0.15625550 -0.10691500
v -0.27008200 -0.15689950 -0.10691500
v -0.25220600 -0.17326750 -0.10691500
v 0.17772900 -0.17264450 -0.11332800
v 0.17767000 -0.16607750 -0.14568600
v 0.02442400 -0.17326750 -0.10691500
v 0.17769700 -0.16886750 -0.13303200
v 0.17770100 -0.16934450 -0.13054400
v -0.10960100 -0.17326750 -0.10691500
v 0.17769500 -0.16852650 -0.13480600
v -0.27100500 -0.15347650 -0.14585400
v -0.27083800 -0.15347650 -0.11013300
v -0.27083800 -0.15347650 -0.14295600
v 0.03011400 -0.15347650 -0.14568600
v -0.27083800 -0.15347650 -0.13189600
v -0.11811500 -0.15347650 -0.14568600
v 0.02884800 -0.15347650 -0.14568600
v 0.02705400 -0.15347650 -0.14568600
v -0.27083800 -0.15347650 -0.14118500
v 0.03362400 -0.15347650 -0.14568600
v 0.17759000 -0.15420250 -0.14573900
v -0.27173600 -0.15347650 -0.14568600
v -0.27083800 -0.15347650 -0.11343600
v -0.27046700 -0.15391350 -0.10691500
v -0.11684900 -0.15347650 -0.14568600
v 0.03138100 -0.15347650 -0.14568600
v -0.11558300 -0.15347650 -0.14568600
v -0.27083800 -0.15347650 -0.13316200
v -0.27083800 -0.15347650 -0.13062900
v -0.11378800 -0.15347650 -0.14568600
v -0.27083800 -0.15347650 -0.13493300
v -0.12013300 -0.15347650 -0.14568600
v 0.17700800 -0.17332050 -0.10691500
v 0.17710400 -0.15347650 -0.14568600
v 0.17759000 -0.15649150 -0.14568600
v 0.17760100 -0.15775850 -0.14568600
v 0.17768200 -0.16698550 -0.14284800
v 0.17769900 -0.16910550 -0.13178800
v 0.17768500 -0.16732550 -0.14107300
v 0.17759000 -0.15391350 -0.14531600
v 0.17773400 -0.17326750 -0.10740000
v -0.27083800 -0.15347650 -0.10740000
v -0.25519300 -0.17330450 -0.10691500
v -0.27083800 -0.15522550 -0.10691500
v -0.25672900 -0.17190050 -0.10691500
v 0.02315800 -0.17326750 -0.10691500
v 0.02189100 -0.17326750 -0.10691500
v 0.02027400 -0.17326750 -0.10691500
v 0.02666700 -0.17326750 -0.10691500
v -0.27089100 -0.15420250 -0.10691500
v 0.17729800 -0.17289650 -0.10691500
v 0.17773400 -0.17326850 -0.10762600
v -0.27083800 -0.15347650 -0.10762600
v 0.17760300 -0.17315650 -0.10725400
v -0.27072600 -0.15360750 -0.10725400
v 0.17687900 -0.15347650 -0.14568600
v 0.17725000 -0.15360750 -0.14557500
v 0.17677000 -0.17331950 -0.10691500
v 0.17714600 -0.17311850 -0.10691500
v 0.17767700 -0.16027650 0.17067900
v 0.17773400 -0.16699650 0.13494000
v 0.17759000 -0.15021850 -0.14568600
v 0.17760100 -0.15148450 -0.14568600
v 0.17773400 -0.16699450 0.07206500
v 0.17773400 -0.16699450 -0.08039700
v 0.17773400 -0.16699450 0.12752100
v 0.17773400 -0.16699450 -0.10691500
v 0.17768200 -0.16071250 -0.14284800
v 0.17772900 -0.16637150 0.13818900
v 0.17773400 -0.16699450 -0.06342300
v 0.17773400 -0.16699450 0.05834000
v 0.17773400 -0.16699450 0.05334900
v 0.17769900 -0.16283250 -0.13178800
v 0.17768500 -0.16105250 -0.14107300
v 0.17759000 -0.14764050 -0.14531600
v 0.17767700 -0.16027650 -0.14581700
v 0.17773400 -0.16699650 -0.11007900
v 0.17773400 -0.16699450 0.12430200
v 0.17773400 -0.16699450 -0.08865200
v 0.17759000 -0.14895250 -0.14568600
v 0.17773400 -0.16699450 0.13177600
v 0.17773400 -0.16699450 -0.09187000
v 0.17772900 -0.16637150 -0.11332800
v 0.17768200 -0.16071250 0.16770900
v 0.17767000 -0.15980450 -0.14568600
v 0.17773400 -0.16699450 0.05519200
v 0.17773400 -0.16699450 0.06869300
v 0.17773400 -0.16699450 0.07492300
v 0.17769700 -0.16259450 -0.13303200
v 0.17770100 -0.16307050 -0.13054400
v 0.17769500 -0.16225350 -0.13480600
v 0.17759000 -0.14792950 -0.14573900
v 0.17759000 -0.14817050 -0.14572700
v 0.17759000 -0.14779150 -0.14553700
v 0.17773400 -0.16699450 0.03573100
v 0.17773400 -0.16699450 -0.03826900
v 0.17767000 -0.19400750 0.17054700
v 0.18085300 -0.17762750 -0.10916500
v -0.27474000 -0.17762750 -0.10916500
v -0.27474000 -0.17762750 0.17073100
v 0.18085300 -0.17762750 0.17073100
v 0.18085300 -0.17762750 -0.06838000
v 0.18085300 -0.17762750 0.09575400
v -0.27474000 -0.17762750 0.09575400
v -0.27474000 -0.17762750 -0.06838000
v -0.21710100 -0.17762750 -0.10916500
v 0.14263000 -0.17762750 -0.10916500
v 0.14262900 -0.17762750 0.17073100
v -0.21710100 -0.17762750 0.17073100
v -0.24024400 -0.18140650 -0.14246300
v -0.26713000 -0.18140650 -0.14246300
v -0.25184100 -0.18140650 0.16776800
v 0.27082900 -0.18140650 -0.13978400
v -0.26983900 -0.18140650 0.16509000
v 0.26624800 -0.18140650 0.16776800
v 0.27082900 -0.18140650 -0.06176100
v -0.26983900 -0.18140650 0.05460200
v 0.27082900 -0.18140650 0.05769000
v -0.26983900 -0.18140650 0.10041000
v 0.27082900 -0.18140650 0.07704200
v -0.26713000 -0.18140650 0.16776800
v 0.27082900 -0.18140650 0.16509000
v 0.27082900 -0.18140650 0.07373500
v 0.27082900 -0.18140650 0.05279400
v -0.26983900 -0.18140650 0.05279400
v -0.26983900 -0.18140650 0.10652200
v 0.25381600 -0.18140650 0.16776800
v 0.27082900 -0.18140650 -0.13804700
v -0.27000300 -0.18140650 -0.14262700
v -0.24857000 -0.18140650 -0.14246300
v -0.26983900 -0.18140650 0.10371800
v 0.27099300 -0.18140650 -0.14262700
v 0.27099300 -0.18140650 0.16793200
v -0.27000300 -0.18140650 0.16793200
v -0.24857000 -0.18140650 0.16776800
v -0.24024400 -0.18140650 0.16776800
v -0.25184100 -0.18140650 -0.14246300
v -0.26983900 -0.18140650 -0.13978400
v 0.26624800 -0.18140650 -0.14246300
v 0.27082900 -0.18140650 0.05460200
v -0.26983900 -0.18140650 -0.06176100
v -0.26983900 -0.18140650 0.05769000
v 0.27082900 -0.18140650 0.07984600
v 0.25381600 -0.18140650 -0.14246300
v -0.26983900 -0.18140650 -0.13804700
v -0.11139500 -0.18140650 0.16776800
v -0.24024400 -0.16698450 -0.14246300
v -0.26713000 -0.16698450 -0.14246300
v -0.25184100 -0.16698450 0.16776800
v 0.27082900 -0.16698450 -0.13978400
v -0.26983900 -0.16698450 0.16509000
v 0.26624800 -0.16698550 0.16776800
v 0.27082900 -0.16698450 -0.06176100
v -0.26983900 -0.16698450 0.05460200
v 0.27082900 -0.16698550 0.05769000
v -0.26983900 -0.16698450 0.10041000
v 0.27082900 -0.16698550 0.07704200
v -0.26713000 -0.16698450 0.16776800
v 0.27082900 -0.16698550 0.16509000
v 0.27082900 -0.16698550 0.07373500
v 0.27082900 -0.16698550 0.05279400
v -0.26983900 -0.16698450 0.05279400
v -0.26983900 -0.16698450 0.10652200
v 0.25381600 -0.16698550 0.16776800
v 0.27082900 -0.16698450 -0.13804700
v -0.27000300 -0.16698450 -0.14262700
v -0.24857000 -0.16698450 -0.14246300
v -0.26983900 -0.16698450 0.10371800
v 0.27099300 -0.16698450 -0.14262700
v 0.27099300 -0.16698550 0.16793200
v -0.27000300 -0.16698450 0.16793200
v -0.24857000 -0.16698450 0.16776800
v -0.24024400 -0.16698450 0.16776800
v -0.25184100 -0.16698450 -0.14246300
v -0.26983900 -0.16698450 -0.13978400
v 0.26624800 -0.16698450 -0.14246300
v 0.27082900 -0.16698550 0.05460200
v -0.26983900 -0.16698450 -0.06176100
v -0.26983900 -0.16698450 0.05769000
v 0.27082900 -0.16698550 0.07984600
v 0.25381600 -0.16698450 -0.14246300
v -0.26983900 -0.16698450 -0.13804700
v -0.11139500 -0.16698450 0.16776800
v 0.19845500 -0.20176950 0.08484200
v 0.25752900 -0.20176950 0.08945800
v 0.24389300 -0.20176950 0.08538200
v 0.23654500 -0.20176950 0.08529500
v 0.18092400 -0.20176950 0.08463400
v 0.25924100 -0.20026050 0.09222400
v 0.18908400 -0.20176950 0.08473100
v 0.19110700 -0.20176950 0.08475500
v 0.25407600 -0.20176950 0.08550300
v 0.17844500 -0.20176950 0.07602300
v 0.17851200 -0.20176950 0.07625500
v 0.19110700 -0.20176950 -0.01788800
v 0.25903900 -0.20043850 -0.02080400
v 0.19312300 -0.20176950 -0.01796700
v 0.25752900 -0.20176950 -0.02046400
v 0.23390000 -0.20176950 -0.01954800
v 0.17847700 -0.20176950 -0.03730900
v 0.25159400 -0.20176950 -0.02023400
v 0.17844500 -0.20176950 -0.03742900
v 0.18234600 -0.20176950 -0.01775500
v 0.25924100 -0.20026050 0.00356900
v 0.25449400 -0.20176950 -0.02034600
v 0.19110700 -0.20176950 0.00358600
v 0.19845500 -0.20176950 -0.01817300
v 0.24389300 -0.20176950 -0.01993500
v 0.26304900 -0.19690350 -0.02170900
v 0.24389300 -0.20176950 0.00357300
v 0.21907100 -0.20176950 0.00357900
v 0.19526300 -0.20176950 0.00358500
v 0.23500600 -0.20176950 0.00357500
v 0.24831800 -0.20176950 0.00357200
v 0.25602800 -0.20176950 0.00357000
v 0.25753000 -0.20176750 0.00356900
v 0.25407600 -0.20176950 0.00357000
v 0.18668400 -0.20176950 0.00358700
v 0.26885900 -0.19177950 0.00356700
v 0.19845500 -0.20176950 0.00358400
v 0.23808000 -0.20176950 0.00357400
v 0.17910400 -0.20176950 -0.01861800
v -0.23031800 0.09919450 0.01016100
v -0.23031800 0.09919450 0.01466000
v -0.23031800 0.10372550 0.01016100
v -0.23031800 0.10372550 0.01466000
v 0.15768900 0.09919450 0.01016100
v 0.15768900 0.09919450 0.01466000
v 0.15768900 0.10372550 0.01016100
v 0.15768900 0.10372550 0.01466000
v -0.23031800 -0.09868050 0.01016100
v -0.23031800 -0.09868050 0.01466000
v -0.23031800 -0.09415050 0.01016100
v -0.23031800 -0.09415050 0.01466000
v 0.15768900 -0.09868050 0.01016100
v 0.15768900 -0.09868050 0.01466000
v 0.15768900 -0.09415050 0.01016100
v 0.15768900 -0.09415050 0.01466000
v -0.27081300 -0.09136250 0.11297500
v -0.27081300 -0.09136250 0.01565300
v -0.27081300 0.17110850 0.11297500
v -0.27081300 0.17110850 0.01565300
vn -1.0000 -0.0000 -0.0000
vn 0.6614 -0.7501 -0.0000
vn -0.0000 -1.0000 -0.0000
vn -0.0000 1.0000 -0.0000
vn -0.0000 -0.0000 1.0000
vn -0.0000 -0.0000 -1.0000
vn -0.6614 -0.7501 -0.0000
vn -0.0000 -0.9821 0.1883
vn -0.0000 -0.9821 -0.1883
vn 1.0000 -0.0000 -0.0000
vn 0.6613 -0.7501 -0.0000
vn -0.0000 -0.9955 0.0946
vn -0.0000 -0.9955 -0.0946
vn -0.0000 -1.0000 -0.0009
vn -0.0000 -0.9973 -0.0735
vn -0.6614 -0.7500 -0.0000
vn -0.0000 -0.9949 -0.1005
vn -0.0000 -1.0000 -0.0018
vn -0.0000 -0.9949 0.1005
vn 0.6614 -0.7500 -0.0000
vn -1.0000 0.0083 -0.0000
vn -0.8221 -0.0000 -0.5693
vn -0.8034 -0.0000 -0.5955
vn -0.8221 -0.5693 -0.0000
vn -0.8040 -0.0000 0.5947
vn -0.8221 -0.0000 0.5693
vn -0.8221 0.5693 -0.0000
vn -0.9123 -0.4094 -0.0000
vn -0.9999 0.0119 -0.0000
vn -0.6768 -0.0344 -0.7354
vn -0.7316 0.0536 -0.6796
vn -0.7316 0.0536 0.6796
vn -0.6768 -0.0344 0.7354
vn -0.8982 -0.4397 -0.0000
vn -0.9997 0.0198 -0.0158
vn -0.9997 0.0198 0.0158
vn -0.8203 -0.0000 0.5720
vn -0.8110 0.1022 0.5760
vn -0.8097 0.1114 0.5761
vn -0.4332 -0.0038 -0.9013
vn -0.4381 -0.1097 -0.8922
vn -0.4324 0.0077 -0.9017
vn -0.8222 -0.0000 -0.5693
vn -0.4221 0.1131 0.8995
vn -0.4324 0.0077 0.9017
vn -0.4332 -0.0038 0.9013
vn -0.8203 -0.0000 -0.5719
vn -0.8289 -0.1190 -0.5466
vn -0.8278 -0.0881 -0.5540
vn -0.8222 -0.0000 0.5693
vn -0.9997 -0.0229 -0.0000
vn -0.9929 0.1192 -0.0000
vn -0.7733 -0.0214 -0.6336
vn -0.4499 -0.0391 -0.8922
vn -0.9999 -0.0121 0.0118
vn -0.9997 -0.0000 0.0250
vn -0.9982 0.0588 0.0091
vn -0.6375 0.1708 -0.7512
vn -0.6002 0.0559 -0.7979
vn -0.6375 0.1708 0.7513
vn -0.6002 0.0559 0.7979
vn -0.9997 -0.0000 -0.0250
vn -0.9999 -0.0121 -0.0118
vn -0.9982 0.0588 -0.0091
vn -0.7733 -0.0214 0.6336
vn -0.4499 -0.0391 0.8922
vn -0.6152 -0.0000 -0.7884
vn -0.4887 -0.0000 -0.8724
vn -0.4964 -0.0000 -0.8681
vn -0.1835 -0.0000 -0.9830
vn -0.1791 -0.0000 -0.9838
vn 0.1759 -0.0000 -0.9844
vn 0.1797 -0.0000 -0.9837
vn 0.4937 -0.0000 -0.8696
vn 0.5031 -0.0000 -0.8642
vn 0.6442 -0.0000 -0.7648
vn -0.0000 -0.9821 -0.1882
vn -0.0000 -0.9972 -0.0746
vn -0.0000 -1.0000 -0.0019
vn -0.0000 -0.6133 -0.7899
vn -0.0000 -0.9647 -0.2633
vn -0.0000 -0.9741 -0.2260
vn -0.6139 -0.0089 -0.7893
vn -0.6208 -0.0073 -0.7839
vn -0.6132 -0.0091 -0.7899
vn -0.6204 -0.0061 -0.7842
vn 0.6034 0.0082 -0.7974
vn 0.6125 0.0079 -0.7904
vn 0.6052 0.0076 -0.7961
vn 0.6132 0.0082 -0.7899
vn 0.6133 0.0026 -0.7899
vn 0.6133 -0.0010 -0.7899
vn 0.6132 0.0041 -0.7899
vn -0.6132 -0.0060 -0.7899
vn -0.6132 -0.0010 -0.7899
vn -0.6132 -0.0046 -0.7899
vn -0.8278 -0.4478 -0.3380
vn -0.8819 -0.4557 -0.1207
vn -0.8188 -0.4673 -0.3334
vn -0.8994 -0.4096 -0.1529
vn 0.8181 -0.4671 -0.3355
vn 0.8818 -0.4547 -0.1253
vn 0.8270 -0.4470 -0.3410
vn 0.8994 -0.4074 -0.1583
vn 0.6031 0.0084 -0.7976
vn 0.6031 0.0085 -0.7976
vn -0.6202 -0.0058 -0.7845
vn -0.6201 -0.0058 -0.7845
vn -0.7266 -0.4146 -0.5479
vn 0.7259 -0.4144 -0.5490
vn -0.0000 -0.4245 -0.9054
vn -0.7266 -0.4147 -0.5479
vn 0.7259 -0.4145 -0.5490
vn 0.7258 -0.4145 -0.5490
vn -0.0000 -0.9721 -0.2347
vn -0.0000 -0.9720 -0.2348
vn 1.0000 0.0001 -0.0000
vn 0.6470 -0.7625 -0.0000
vn -0.6469 -0.7626 -0.0000
vn -0.6469 -0.7625 -0.0000
vn -0.6470 -0.7625 -0.0000
vn 0.6469 -0.7625 -0.0000
vn -0.0000 -0.7625 -0.6469
vn -0.0000 -0.7625 -0.6470
vn -0.0000 -0.7625 0.6470
vn 0.6469 -0.7624 -0.0184
vn 0.6500 -0.7598 -0.0119
vn 0.0182 -0.7624 -0.6468
vn 0.0118 -0.7599 -0.6499
vn 0.0118 -0.7599 0.6499
vn 0.0183 -0.7624 0.6469
vn -0.0000 -0.7626 -0.6469
vn 0.0041 -0.6413 -0.7673
vn 0.0142 -0.6454 -0.7637
vn 0.0142 -0.6454 0.7637
vn 0.0041 -0.6412 0.7674
vn 0.6469 -0.7624 0.0184
vn 0.7636 -0.6456 0.0143
vn 0.6500 -0.7598 0.0119
vn 0.7673 -0.6413 0.0042
vn -0.7636 -0.6455 0.0143
vn -0.6468 -0.7624 0.0184
vn -0.6501 -0.7598 0.0119
vn -0.7673 -0.6413 0.0042
vn 0.7636 -0.6455 -0.0143
vn 0.7672 -0.6414 -0.0042
vn -0.7672 -0.6413 -0.0042
vn -0.6500 -0.7598 -0.0119
vn -0.7636 -0.6455 -0.0143
vn -0.6469 -0.7624 -0.0184
vn -0.0083 -0.6432 -0.7656
vn -0.0111 -0.7624 -0.6470
vn -0.0073 -0.7610 -0.6487
vn -0.0025 -0.6409 -0.7676
vn -0.0025 -0.6409 0.7677
vn -0.0073 -0.7609 0.6488
vn -0.0083 -0.6432 0.7656
vn -0.0111 -0.7625 0.6469
vn 0.6470 0.7625 -0.0000
vn -0.0000 0.7625 -0.6470
vn -0.0000 0.7626 -0.6469
vn 0.6469 0.7624 -0.0184
vn 0.6500 0.7598 -0.0119
vn -0.6470 0.7625 -0.0000
vn -0.0000 0.7625 0.6470
vn 0.0160 0.7548 -0.6557
vn 0.0183 0.7624 -0.6469
vn 0.0043 0.6554 -0.7553
vn -0.0000 0.6402 -0.7682
vn 0.7636 0.6456 0.0143
vn 0.6469 0.7623 0.0184
vn 0.6500 0.7599 0.0119
vn 0.7673 0.6413 0.0042
vn -0.6469 0.7624 0.0184
vn -0.7552 0.6555 0.0044
vn -0.6558 0.7548 0.0162
vn -0.7682 0.6402 -0.0000
vn 0.7673 0.6413 -0.0042
vn 0.7731 0.6342 -0.0122
vn 0.6465 0.7620 -0.0374
vn -0.0025 0.6408 -0.7677
vn -0.0073 0.7610 -0.6487
vn -0.0076 0.6364 -0.7713
vn -0.0111 0.7624 -0.6470
vn -0.0224 0.7623 -0.6468
vn -0.0073 0.7609 0.6488
vn -0.0025 0.6408 0.7677
vn -0.0083 0.6433 0.7656
vn -0.0111 0.7624 0.6470
vn -0.0000 0.7625 -0.6469
vn 0.7593 0.0915 -0.6443
vn 0.7625 0.0063 -0.6470
vn 0.7498 0.0460 -0.6601
vn 0.7625 -0.6352 -0.1230
vn 0.7625 -0.6351 -0.1230
vn 0.7624 -0.0165 -0.6469
vn 0.7625 -0.0000 -0.6470
vn 0.7625 0.0032 -0.6470
vn 0.7602 -0.0090 -0.6497
vn -0.7625 -0.6470 -0.0000
vn -0.7625 -0.0063 0.6470
vn -0.7507 0.0318 0.6599
vn -0.7604 0.0737 -0.6452
vn -0.7625 -0.0063 -0.6470
vn -0.7507 0.0318 -0.6598
vn -0.7625 -0.6356 0.1208
vn -0.7625 -0.6381 0.1068
vn -0.7625 -0.6356 0.1209
vn -0.7605 -0.6395 0.1123
vn -0.7626 -0.6356 -0.1206
vn -0.7625 -0.6356 -0.1206
vn -0.7625 -0.6356 -0.1207
vn -0.7625 -0.6470 -0.0003
vn -0.7625 -0.6470 -0.0002
vn -0.7625 -0.6470 0.0002
vn -0.7625 -0.6470 0.0003
vn -0.7625 -0.0032 -0.6470
vn -0.7624 -0.0165 -0.6469
vn -0.7603 -0.0085 -0.6496
vn -0.7625 -0.0032 0.6470
vn -0.7602 -0.0085 0.6496
vn -0.7624 -0.0166 0.6469
vn -0.7626 -0.6440 0.0606
vn -0.7626 -0.6441 0.0606
vn 0.7626 -0.6439 -0.0617
vn 0.7622 -0.6473 0.0005
vn 0.7622 -0.6474 0.0002
vn 0.7625 -0.6440 -0.0618
vn -0.7626 -0.6440 -0.0606
vn -0.7625 -0.6441 -0.0606
vn 0.7625 -0.6352 -0.1231
vn 0.7625 -0.6352 -0.1232
vn 0.6772 -0.7244 -0.1292
vn 0.7624 -0.6378 -0.1093
vn 0.7605 -0.6391 -0.1147
vn 0.6737 -0.7262 -0.1370
vn -0.7625 -0.6356 -0.1208
vn -0.7625 -0.6356 -0.1209
vn -0.7624 -0.6382 -0.1068
vn -0.6764 -0.7254 -0.1272
vn -0.7605 -0.6396 -0.1123
vn -0.6729 -0.7273 -0.1350
vn -0.6728 -0.7274 0.1350
vn -0.6765 -0.7254 0.1271
vn 0.6736 0.0240 -0.7387
vn 0.6954 0.1053 -0.7108
vn -0.6997 0.0890 0.7089
vn -0.6782 0.0118 0.7348
vn -0.7519 0.1662 0.6380
vn -0.6997 0.0890 -0.7088
vn -0.6782 0.0118 -0.7348
vn -0.7625 -0.6469 -0.0000
vn -0.7625 -0.6357 -0.1206
vn 0.7369 -0.0152 -0.6758
vn 0.7316 -0.0042 -0.6817
vn -0.7352 -0.0086 -0.6778
vn -0.7395 -0.0239 -0.6727
vn -0.7351 -0.0087 0.6779
vn -0.7395 -0.0239 0.6727
vn 0.7323 0.5244 -0.4344
vn 0.7537 0.5196 -0.4025
vn 0.7416 0.5351 -0.4045
vn 0.7608 0.5355 -0.3665
vn -0.7457 0.5420 -0.3875
vn -0.7563 0.5141 -0.4047
vn -0.7391 0.5241 -0.4231
vn -0.7608 0.5356 -0.3665
vn -0.7563 0.5140 0.4047
vn -0.7608 0.5356 0.3665
vn -0.7457 0.5420 0.3875
vn -0.7391 0.5242 0.4230
vn -0.4311 -0.4837 0.7617
vn -0.4160 -0.4956 0.7624
vn -0.4232 -0.4928 0.7602
vn -0.4322 -0.4815 0.7625
vn 0.0025 -0.6477 0.7619
vn -0.0000 -0.6470 0.7625
vn 0.0040 -0.6470 0.7625
vn -0.0000 -0.6469 0.7625
vn -0.0001 -0.6471 0.7624
vn -0.0011 -0.6825 0.7309
vn -0.0001 -0.6470 0.7625
vn -0.0005 -0.6826 0.7308
vn -0.6745 0.0144 0.7382
vn -0.6470 -0.0008 0.7625
vn -0.6524 -0.0004 0.7579
vn -0.6802 0.0040 0.7330
vn -0.4352 -0.5155 0.7381
vn -0.4469 -0.5129 0.7330
vn -0.2286 -0.6045 0.7631
vn -0.2284 -0.6020 0.7651
vn -0.6818 -0.0042 0.7316
vn -0.6757 -0.0152 0.7370
vn -0.4024 0.5195 0.7538
vn -0.4045 0.5351 0.7416
vn -0.3665 0.5356 0.7608
vn -0.4344 0.5244 0.7323
vn 0.5240 -0.4231 0.7392
vn 0.6473 -0.2083 0.7332
vn 0.5419 -0.3874 0.7458
vn 0.6724 -0.1563 0.7235
vn -0.0000 -1.0000 0.0001
vn 0.7622 -0.6473 0.0002
vn 0.7623 -0.6473 0.0006
vn -0.4264 -0.4894 0.7607
vn -0.4296 -0.4849 0.7618
vn 0.0011 -0.6476 0.7620
vn -0.0000 -0.6471 0.7624
vn -0.0002 -0.6826 0.7308
vn -0.6514 -0.0002 0.7588
vn -0.6814 -0.0000 0.7319
vn -0.4507 -0.5111 0.7319
vn -0.2287 -0.6052 0.7625
vn -0.6830 -0.0000 0.7304
vn -0.4136 0.5072 0.7561
vn -0.4420 0.5209 0.7303
vn 0.5182 -0.4335 0.7373
vn 0.6192 -0.2556 0.7425
vn 0.0001 -0.9821 -0.1883
vn -0.0000 -0.9955 -0.0945
vn 0.0001 0.7625 -0.6470
vn 0.0001 0.7624 0.6470
vn -0.0000 0.7625 0.6469
vn 0.7539 0.0231 -0.6566
vn 0.7626 -0.6351 -0.1230
vn 0.7625 0.0031 -0.6470
vn 0.7607 -0.0040 -0.6491
vn -0.7544 0.0099 0.6564
vn -0.7625 -0.0063 -0.6469
vn -0.7545 0.0099 -0.6563
vn -0.7625 -0.6356 0.1207
vn -0.7606 -0.6386 0.1168
vn -0.7625 -0.6470 -0.0001
vn -0.7624 -0.6471 0.0001
vn -0.7607 -0.0039 -0.6491
vn -0.7626 -0.0032 -0.6469
vn -0.7606 -0.0039 0.6492
vn -0.7626 -0.6469 -0.0000
vn 0.7622 -0.6474 0.0001
vn 0.7626 -0.6439 -0.0618
vn 0.7625 -0.6351 -0.1231
vn 0.7607 -0.6381 -0.1192
vn 0.6729 -0.7263 -0.1403
vn -0.7607 -0.6386 -0.1168
vn -0.6720 -0.7275 -0.1384
vn -0.6720 -0.7275 0.1384
vn 0.6701 0.0056 -0.7423
vn -0.6747 -0.0056 0.7381
vn -0.6746 -0.0056 -0.7381
vn 0.7305 -0.0000 -0.6829
vn -0.7344 -0.0028 -0.6788
vn -0.7343 -0.0028 0.6788
vn 0.7305 0.5207 -0.4418
vn 0.7560 0.5073 -0.4137
vn -0.7419 0.5112 -0.4338
vn -0.7372 0.5184 -0.4334
vn -0.7625 0.5036 -0.4062
vn -0.7564 0.5059 0.4146
vn -0.7372 0.5184 0.4334
vn -0.0021 -0.6829 0.7305
vn -0.0005 -0.6829 0.7305
vn 0.5566 -0.3969 0.7298
vn 0.5272 -0.4327 0.7313
vn 0.7622 -0.6473 0.0001
vn -0.0000 -0.6830 0.7305
vn 0.5206 -0.4420 0.7305
vn 1.0000 -0.0001 -0.0000
vn -0.6471 -0.7624 -0.0000
vn 0.6469 -0.7626 -0.0000
vn -0.0000 -0.7626 0.6469
vn 0.6500 -0.7599 -0.0058
vn 0.0058 -0.7600 -0.6499
vn -0.0000 -0.7624 -0.6471
vn 0.0058 -0.7600 0.6499
vn -0.0000 -0.6403 -0.7681
vn -0.0000 -0.6401 0.7683
vn 0.6500 -0.7599 0.0059
vn 0.7682 -0.6403 -0.0000
vn -0.6501 -0.7598 0.0058
vn -0.7681 -0.6403 -0.0000
vn 0.7681 -0.6403 -0.0000
vn -0.6501 -0.7598 -0.0058
vn -0.0037 -0.7610 -0.6488
vn -0.0000 -0.6402 -0.7682
vn -0.0000 -0.6402 0.7682
vn -0.0037 -0.7608 0.6489
vn -0.0000 -0.7624 0.6471
vn -0.0000 0.7626 -0.6468
vn 0.6500 0.7599 -0.0059
vn 0.6471 0.7624 -0.0000
vn 0.6470 0.7624 -0.0000
vn 0.6469 0.7625 -0.0000
vn 0.6499 0.7600 0.0059
vn 0.7682 0.6403 -0.0000
vn 0.7682 0.6402 -0.0000
vn -0.0037 0.7610 -0.6487
vn -0.0037 0.7609 0.6488
vn -0.0000 0.6401 0.7683
vn 0.6469 0.7626 -0.0000
vn -0.7301 -0.0289 -0.6828
vn -0.7310 -0.0063 -0.6824
vn -0.7309 -0.0064 0.6824
vn -0.7301 -0.0289 0.6828
vn -0.7298 0.5565 -0.3971
vn -0.7313 0.5273 -0.4326
vn -0.7298 0.5566 0.3970
vn -0.7313 0.5274 0.4326
vn 0.0001 -0.0000 1.0000
vn 0.0001 0.7625 0.6470
vn -0.7305 -0.0000 -0.6830
vn -0.7305 -0.0000 0.6830
vn -0.7305 0.5208 -0.4418
vn -0.7304 0.5207 0.4419
vn 0.7071 0.7071 -0.0000
vn -0.7071 0.7071 -0.0000
vn 0.7071 -0.7071 -0.0000
vn -0.7071 -0.7071 -0.0000
vn -0.9993 0.0364 -0.0000
vn -0.8119 -0.0000 -0.5838
vn -0.6559 0.0373 -0.7539
vn -0.8029 -0.0000 -0.5961
vn -0.6537 0.0354 -0.7559
vn -0.8032 -0.0000 -0.5957
vn -0.6517 0.0335 -0.7577
vn -0.8034 -0.0000 -0.5954
vn -0.6500 0.0317 -0.7593
vn -0.8037 -0.0000 -0.5950
vn -0.6484 0.0298 -0.7608
vn -0.8040 -0.0000 -0.5947
vn -0.8019 -0.0000 -0.5974
vn -0.6607 -0.0387 -0.7497
vn -0.8022 -0.0000 -0.5970
vn -0.6583 -0.0370 -0.7519
vn -0.8025 -0.0000 -0.5966
vn -0.6560 -0.0352 -0.7539
vn -0.8028 -0.0000 -0.5962
vn -0.6540 -0.0335 -0.7558
vn -0.8031 -0.0000 -0.5959
vn -0.6521 -0.0317 -0.7575
vn -0.8019 -0.0000 0.5974
vn -0.6607 -0.0387 0.7497
vn -0.8022 -0.0000 0.5970
vn -0.6583 -0.0370 0.7519
vn -0.8025 -0.0000 0.5966
vn -0.6560 -0.0352 0.7539
vn -0.8028 -0.0000 0.5962
vn -0.6540 -0.0335 0.7558
vn -0.8031 -0.0000 0.5959
vn -0.6521 -0.0317 0.7575
vn -0.8034 -0.0000 0.5955
vn -0.8119 -0.0000 0.5838
vn -0.6559 0.0373 0.7539
vn -0.8029 -0.0000 0.5961
vn -0.6537 0.0354 0.7559
vn -0.8032 -0.0000 0.5957
vn -0.6517 0.0335 0.7577
vn -0.8034 -0.0000 0.5954
vn -0.6500 0.0317 0.7593
vn -0.8037 -0.0000 0.5950
vn -0.6484 0.0298 0.7608
vn -0.9617 -0.0029 -0.2740
vn -0.9995 0.0294 -0.0152
vn -0.9626 -0.0271 -0.2694
vn -0.9999 0.0006 -0.0140
vn -0.9619 -0.0300 -0.2716
vn -0.9999 0.0007 -0.0149
vn -0.9611 -0.0332 -0.2743
vn -0.9999 0.0008 -0.0159
vn -0.9600 -0.0366 -0.2776
vn -0.9999 0.0009 -0.0168
vn -0.9997 0.0162 -0.0169
vn -0.9618 0.0420 -0.2704
vn -0.9997 0.0161 -0.0179
vn -0.9608 0.0455 -0.2734
vn -0.9595 0.0493 -0.2772
vn -0.9618 0.0420 0.2704
vn -0.9997 0.0162 0.0169
vn -0.9997 0.0161 0.0179
vn -0.9608 0.0455 0.2734
vn -0.9595 0.0493 0.2772
vn -0.9617 -0.0029 0.2740
vn -0.9995 0.0294 0.0152
vn -0.9626 -0.0271 0.2694
vn -0.9999 0.0006 0.0140
vn -0.9619 -0.0300 0.2716
vn -0.9999 0.0007 0.0149
vn -0.9611 -0.0332 0.2743
vn -0.9999 0.0008 0.0159
vn -0.9600 -0.0367 0.2776
vn -0.9999 0.0009 0.0168
vn -0.8707 -0.1235 0.4760
vn -0.4442 0.0494 -0.8945
vn -0.4590 0.1230 -0.8799
vn -0.8203 -0.0000 0.5719
vn -0.8709 -0.1568 0.4658
vn -0.4415 0.0514 -0.8958
vn -0.4512 0.1209 -0.8842
vn -0.8595 -0.1481 0.4893
vn -0.4385 0.0535 -0.8971
vn -0.4436 0.1189 -0.8883
vn -0.8485 -0.1389 0.5107
vn -0.4352 0.0555 -0.8986
vn -0.4362 0.1169 -0.8922
vn -0.8382 -0.1291 0.5298
vn -0.4317 0.0575 -0.9002
vn -0.4290 0.1150 -0.8960
vn -0.8278 -0.0881 0.5540
vn -0.8272 -0.2070 0.5223
vn -0.8289 -0.1190 0.5466
vn -0.4220 0.1131 -0.8995
vn -0.8579 0.1562 0.4895
vn -0.4748 -0.1189 -0.8720
vn -0.4486 -0.0420 -0.8927
vn -0.8465 0.1460 0.5120
vn -0.4671 -0.1169 -0.8764
vn -0.4466 -0.0439 -0.8937
vn -0.8359 0.1352 0.5320
vn -0.4596 -0.1150 -0.8807
vn -0.4443 -0.0458 -0.8947
vn -0.8263 0.1242 0.5493
vn -0.8219 0.2202 0.5254
vn -0.8261 0.0961 0.5552
vn -0.4522 -0.1132 -0.8847
vn -0.4418 -0.0477 -0.8959
vn -0.8180 0.1131 0.5640
vn -0.8066 0.2161 0.5502
vn -0.8186 0.1039 0.5649
vn -0.4451 -0.1114 -0.8885
vn -0.4390 -0.0497 -0.8971
vn -0.7912 0.2120 0.5736
vn -0.8579 0.1562 -0.4895
vn -0.4486 -0.0420 0.8927
vn -0.4749 -0.1189 0.8720
vn -0.8203 -0.0000 -0.5720
vn -0.8465 0.1460 -0.5120
vn -0.4465 -0.0439 0.8937
vn -0.4671 -0.1169 0.8764
vn -0.8359 0.1352 -0.5320
vn -0.4443 -0.0458 0.8947
vn -0.4596 -0.1150 0.8807
vn -0.8219 0.2202 -0.5254
vn -0.8263 0.1242 -0.5493
vn -0.8261 0.0961 -0.5552
vn -0.4418 -0.0477 0.8958
vn -0.4522 -0.1132 0.8847
vn -0.8066 0.2161 -0.5502
vn -0.8180 0.1131 -0.5640
vn -0.8186 0.1039 -0.5649
vn -0.4451 -0.1114 0.8885
vn -0.4390 -0.0497 0.8971
vn -0.7913 0.2120 -0.5735
vn -0.8110 0.1022 -0.5760
vn -0.8098 0.1114 -0.5761
vn -0.4381 -0.1097 0.8922
vn -0.8707 -0.1235 -0.4760
vn -0.4590 0.1230 0.8799
vn -0.4442 0.0494 0.8945
vn -0.8709 -0.1568 -0.4658
vn -0.4512 0.1209 0.8842
vn -0.4415 0.0514 0.8958
vn -0.8595 -0.1481 -0.4893
vn -0.4436 0.1189 0.8883
vn -0.4385 0.0535 0.8971
vn -0.8485 -0.1389 -0.5107
vn -0.4362 0.1169 0.8922
vn -0.4352 0.0555 0.8986
vn -0.8382 -0.1291 -0.5299
vn -0.4290 0.1150 0.8960
vn -0.4317 0.0575 0.9002
vn -0.8272 -0.2070 -0.5223
vn -0.9659 0.2588 -0.0000
vn -0.9659 0.2589 -0.0000
vn -0.2134 0.0572 -0.9753
vn -0.0952 0.1648 -0.9817
vn -0.6781 -0.7350 -0.0000
vn -0.0951 0.1648 0.9817
vn -0.2036 0.0664 0.9768
vn -0.1209 0.1419 0.9825
vn -0.2134 0.0572 0.9753
vn 0.3360 0.9419 -0.0000
vn -0.2934 0.0786 -0.9527
vn -0.0768 0.1330 -0.9881
vn -0.6644 -0.7474 -0.0000
vn -0.0768 0.1330 0.9881
vn -0.1755 0.1092 0.9784
vn -0.1793 0.1082 0.9778
vn -0.2934 0.0786 0.9527
vn 0.2057 0.9786 -0.0000
vn -0.2935 0.0786 -0.9527
vn -0.2935 0.0786 0.9527
vn 0.6610 -0.7504 -0.0000
vn 0.0008 -1.0000 -0.0000
vn 0.0016 -1.0000 -0.0000
vn -0.9915 0.1299 -0.0000
vn 0.0286 -0.0000 -0.9996
vn 0.0036 -0.0000 -1.0000
vn 0.0572 -0.0000 -0.9984
vn -0.9915 0.1299 0.0035
vn -0.9899 0.1297 0.0573
vn -0.9911 0.1299 0.0287
vn 0.0001 -0.0000 -1.0000
vn 0.0007 -0.0000 -1.0000
vn -0.0001 -0.0000 -1.0000
vn 1.0000 -0.0000 -0.0016
vn 0.0011 -0.0000 -1.0000
vn 1.0000 -0.0000 -0.0008
vn 1.0000 -0.0000 -0.0009
vn 1.0000 -0.0000 -0.0018
vn 1.0000 -0.0000 -0.0017
vn -0.9986 -0.0000 -0.0529
vn -0.9986 -0.0000 -0.0530
vn 0.6063 -0.0000 -0.7952
vn 0.6065 -0.0000 -0.7951
vn 0.6064 -0.0000 -0.7952
vn -0.7470 0.0979 0.6576
vn -0.7469 0.0979 0.6576
vn 0.7439 -0.0000 0.6683
vn -0.7469 0.0979 0.6577
vn -0.7470 0.0979 0.6575
vn 0.6063 -0.0000 -0.7953
vn 0.0002 -0.0000 1.0000
vn 0.0006 -0.0000 1.0000
vn -1.0000 -0.0000 -0.0016
vn -1.0000 -0.0008 -0.0026
vn -1.0000 0.0001 -0.0018
vn -1.0000 -0.0000 0.0016
vn -0.0026 -0.0000 1.0000
vn -1.0000 -0.0000 -0.0009
vn -1.0000 -0.0000 -0.0008
vn -1.0000 -0.0000 0.0009
vn -1.0000 -0.0000 0.0008
vn -1.0000 -0.0000 0.0017
vn -1.0000 -0.0000 0.0018
vn -1.0000 -0.0065 -0.0021
vn -1.0000 0.0002 -0.0018
vn 0.9986 -0.0000 0.0529
vn 0.9986 -0.0000 0.0530
vn -0.9999 -0.0146 0.0004
vn -0.9996 -0.0000 0.0289
vn -0.0286 -0.0000 0.9996
vn -0.0286 -0.0000 -0.9996
vn -0.0572 -0.0000 0.9984
vn -0.0571 -0.0000 0.9984
vn -0.0572 -0.0000 -0.9984
vn -0.0571 -0.0000 -0.9984
vn -0.9996 -0.0000 -0.0289
vn -0.9983 -0.0000 -0.0577
vn 0.9983 -0.0000 -0.0578
vn 0.9996 -0.0000 -0.0289
vn -0.9983 -0.0000 0.0577
vn 0.9996 -0.0000 0.0289
vn 0.9983 -0.0000 0.0578
vn 0.0173 -0.0000 0.9998
vn 0.0346 -0.0000 0.9994
vn 0.0173 -0.0000 -0.9999
vn 0.0346 -0.0000 -0.9994
vn 0.6612 -0.7502 -0.0000
vt 0.925452 0.374692
vt 0.924824 0.372278
vt 0.925452 0.372278
vt 0.924824 0.374692
vt 0.601777 0.962862
vt 0.603417 0.964687
vt 0.601777 0.964685
vt 0.603417 0.962864
vt 0.119603 0.890846
vt 0.236230 0.896488
vt 0.119603 0.896488
vt 0.236230 0.890846
vt 0.889877 0.052190
vt 0.929676 0.223381
vt 0.889877 0.223381
vt 0.929676 0.052190
vt 0.792261 0.223728
vt 0.789314 0.223729
vt 0.789314 0.179000
vt 0.612204 0.949338
vt 0.612203 0.952402
vt 0.611598 0.949491
vt 0.611590 0.952887
vt 0.621360 0.952158
vt 0.620759 0.941949
vt 0.621361 0.941941
vt 0.620744 0.952852
vt 0.943490 0.374692
vt 0.963838 0.374692
vt 0.963838 0.377107
vt 0.943490 0.377107
vt 0.616773 0.957139
vt 0.615532 0.958388
vt 0.615208 0.957142
vt 0.616763 0.958385
vt 0.601792 0.969867
vt 0.602946 0.969869
vt 0.602827 0.970322
vt 0.601795 0.970321
vt 0.601779 0.950065
vt 0.601796 0.947926
vt 0.602794 0.947927
vt 0.603354 0.950067
vt 0.606179 0.947987
vt 0.604590 0.950087
vt 0.604072 0.947949
vt 0.606543 0.950123
vt 0.595731 0.922878
vt 0.595731 0.925942
vt 0.595125 0.925789
vt 0.595117 0.922393
vt 0.604536 0.969819
vt 0.604740 0.968464
vt 0.605260 0.968799
vt 0.604105 0.969648
vt 0.889249 0.232697
vt 0.889249 0.227399
vt 0.889877 0.227399
vt 0.889877 0.232697
vt 0.792261 0.233061
vt 0.789314 0.227755
vt 0.792261 0.227754
vt 0.789314 0.233062
vt 0.621361 0.930795
vt 0.620759 0.920419
vt 0.621361 0.920414
vt 0.620759 0.930803
vt 0.597772 0.948538
vt 0.597765 0.956075
vt 0.597309 0.955816
vt 0.597315 0.948485
vt 0.599316 0.970572
vt 0.598069 0.963310
vt 0.599323 0.963289
vt 0.598063 0.970612
vt 0.956180 0.232697
vt 0.929676 0.232697
vt 0.929676 0.227399
vt 0.956180 0.227399
vt 0.850863 0.227399
vt 0.871211 0.232697
vt 0.850863 0.232697
vt 0.871211 0.227399
vt 0.601777 0.966746
vt 0.603417 0.967839
vt 0.601777 0.967837
vt 0.603417 0.966749
vt 0.601777 0.950538
vt 0.603417 0.950848
vt 0.601777 0.951628
vt 0.603417 0.950540
vt 0.374359 0.876458
vt 0.489886 0.830889
vt 0.489866 0.876510
vt 0.374379 0.830837
vt 0.601686 0.956088
vt 0.601686 0.956222
vt 0.601620 0.956089
vt 0.601620 0.956223
vt 0.601686 0.964685
vt 0.601686 0.962862
vt 0.601686 0.947925
vt 0.601686 0.950065
vt 0.601620 0.947927
vt 0.601620 0.950066
vt 0.601686 0.969555
vt 0.601620 0.968310
vt 0.601686 0.968309
vt 0.601620 0.969557
vt 0.616935 0.958698
vt 0.616935 0.959151
vt 0.616865 0.958697
vt 0.616865 0.959150
vt 0.616865 0.957139
vt 0.616865 0.958385
vt 0.601686 0.970320
vt 0.601686 0.969867
vt 0.595037 0.925770
vt 0.594946 0.922334
vt 0.595037 0.922334
vt 0.594946 0.925770
vt 0.611418 0.949509
vt 0.611510 0.952945
vt 0.611419 0.952945
vt 0.611510 0.949509
vt 0.620667 0.941949
vt 0.620575 0.952939
vt 0.620575 0.941949
vt 0.620667 0.952939
vt 0.620667 0.930804
vt 0.620575 0.920420
vt 0.620667 0.920420
vt 0.620575 0.930804
vt 0.601686 0.950538
vt 0.601686 0.951628
vt 0.601620 0.950539
vt 0.601620 0.951629
vt 0.601686 0.966746
vt 0.601686 0.967837
vt 0.601620 0.966748
vt 0.601620 0.967838
vt 0.889877 0.226266
vt 0.929676 0.226266
vt 0.792261 0.226619
vt 0.789314 0.226619
vt 0.956180 0.223381
vt 0.956180 0.226266
vt 0.850863 0.223381
vt 0.871211 0.223381
vt 0.850863 0.226266
vt 0.871211 0.226266
vt 0.942516 0.377107
vt 0.942516 0.374692
vt 0.603417 0.966515
vt 0.601777 0.966513
vt 0.603417 0.965917
vt 0.601777 0.965915
vt 0.603417 0.951081
vt 0.603417 0.953406
vt 0.601777 0.951861
vt 0.603417 0.954660
vt 0.603582 0.953562
vt 0.871211 0.052190
vt 0.872185 0.223381
vt 0.872185 0.052190
vt 0.323719 0.526051
vt 0.478619 0.492481
vt 0.478619 0.526051
vt 0.323719 0.492481
vt 0.850863 0.052190
vt 0.601686 0.965915
vt 0.601686 0.966513
vt 0.601620 0.965916
vt 0.601620 0.966514
vt 0.601686 0.954658
vt 0.601686 0.954865
vt 0.601620 0.954659
vt 0.601620 0.954866
vt 0.601777 0.954658
vt 0.601777 0.954865
vt 0.872185 0.226266
vt 0.889249 0.226266
vt 0.889877 0.233830
vt 0.929676 0.233830
vt 0.792261 0.234197
vt 0.789314 0.234198
vt 0.621360 0.952394
vt 0.620742 0.953096
vt 0.599316 0.970734
vt 0.598063 0.970776
vt 0.956180 0.233830
vt 0.850863 0.233830
vt 0.871211 0.233830
vt 0.620667 0.953180
vt 0.620575 0.953180
vt 0.872185 0.233830
vt 0.872185 0.232697
vt 0.241573 0.697664
vt 0.251703 0.594873
vt 0.251703 0.697664
vt 0.241573 0.594873
vt 0.611602 0.947738
vt 0.612204 0.947743
vt 0.611602 0.947928
vt 0.612204 0.947928
vt 0.595731 0.927536
vt 0.595129 0.927352
vt 0.595731 0.927352
vt 0.595129 0.927541
vt 0.607278 0.948008
vt 0.607568 0.950142
vt 0.607149 0.948005
vt 0.607442 0.950139
vt 0.607357 0.969947
vt 0.607167 0.970399
vt 0.607229 0.969944
vt 0.607295 0.970402
vt 0.607475 0.950611
vt 0.607601 0.950614
vt 0.607601 0.950922
vt 0.607475 0.950920
vt 0.607601 0.966823
vt 0.607601 0.967913
vt 0.607475 0.966820
vt 0.607475 0.967911
vt 0.594945 0.927542
vt 0.594945 0.927352
vt 0.595037 0.927542
vt 0.595037 0.927352
vt 0.611510 0.947738
vt 0.611418 0.947928
vt 0.611418 0.947738
vt 0.611510 0.947928
vt 0.607475 0.954732
vt 0.607601 0.954734
vt 0.607475 0.954939
vt 0.607601 0.954941
vt 0.251703 0.491777
vt 0.251703 0.525511
vt 0.241573 0.525511
vt 0.241573 0.491777
vt 0.603417 0.950307
vt 0.601777 0.950304
vt 0.606584 0.950362
vt 0.604648 0.950560
vt 0.604648 0.950326
vt 0.606584 0.950595
vt 0.601686 0.951861
vt 0.601620 0.951862
vt 0.601686 0.950304
vt 0.601620 0.950305
vt 0.607475 0.950378
vt 0.607601 0.950381
vt 0.607475 0.951153
vt 0.607601 0.951156
vt 0.615146 0.956721
vt 0.616774 0.956718
vt 0.616774 0.956900
vt 0.615146 0.956903
vt 0.603417 0.968072
vt 0.601777 0.968070
vt 0.599739 0.970561
vt 0.599563 0.963317
vt 0.599745 0.963314
vt 0.599557 0.970564
vt 0.512167 0.830899
vt 0.489074 0.821129
vt 0.495584 0.821132
vt 0.500906 0.821134
vt 0.374355 0.886218
vt 0.489860 0.886269
vt 0.599758 0.948747
vt 0.599569 0.956392
vt 0.599576 0.948750
vt 0.599751 0.956388
vt 0.601686 0.968070
vt 0.601620 0.968071
vt 0.616935 0.956719
vt 0.616935 0.956900
vt 0.616865 0.956718
vt 0.616865 0.956900
vt 0.599557 0.970726
vt 0.599738 0.970723
vt 0.607475 0.966587
vt 0.607601 0.966589
vt 0.607475 0.968144
vt 0.607601 0.968146
vt 0.616756 0.959279
vt 0.615827 0.959520
vt 0.615765 0.959281
vt 0.616754 0.959518
vt 0.601796 0.970449
vt 0.602794 0.970450
vt 0.602731 0.970690
vt 0.601798 0.970688
vt 0.603354 0.968311
vt 0.601779 0.968310
vt 0.599329 0.956363
vt 0.599336 0.948722
vt 0.597167 0.970641
vt 0.596932 0.963534
vt 0.597173 0.963568
vt 0.596926 0.970648
vt 0.957909 0.052190
vt 0.957909 0.223381
vt 0.956783 0.052190
vt 0.956783 0.223381
vt 0.471377 0.806719
vt 0.478435 0.806673
vt 0.604072 0.970472
vt 0.606179 0.970511
vt 0.606139 0.970750
vt 0.604014 0.970711
vt 0.597180 0.955742
vt 0.596946 0.948441
vt 0.597186 0.948470
vt 0.596939 0.955720
vt 0.956783 0.232697
vt 0.956783 0.227399
vt 0.957909 0.227399
vt 0.957909 0.232697
vt 0.601686 0.970449
vt 0.601686 0.970688
vt 0.601620 0.970450
vt 0.601620 0.970689
vt 0.616935 0.957140
vt 0.616935 0.959280
vt 0.616935 0.959519
vt 0.616865 0.959279
vt 0.616865 0.959518
vt 0.956783 0.226266
vt 0.957909 0.226266
vt 0.597167 0.970805
vt 0.596926 0.970813
vt 0.956783 0.233830
vt 0.957909 0.233830
vt 0.607442 0.968384
vt 0.607568 0.968386
vt 0.607149 0.970528
vt 0.607278 0.970531
vt 0.607117 0.970768
vt 0.607246 0.970771
vt 0.964964 0.377107
vt 0.964964 0.374692
vt 0.602731 0.947688
vt 0.601798 0.947686
vt 0.606139 0.947748
vt 0.604014 0.947709
vt 0.849738 0.052190
vt 0.849738 0.223381
vt 0.849738 0.232697
vt 0.849738 0.227399
vt 0.601686 0.947686
vt 0.601620 0.947687
vt 0.849738 0.226266
vt 0.849738 0.233830
vt 0.607117 0.947766
vt 0.607246 0.947769
vt 0.924824 0.072552
vt 0.885025 0.072552
vt 0.924824 0.071886
vt 0.885025 0.071886
vt 0.924824 0.424182
vt 0.925452 0.423354
vt 0.925452 0.424182
vt 0.924824 0.423354
vt 0.963838 0.072552
vt 0.943490 0.072552
vt 0.963838 0.071886
vt 0.943490 0.071886
vt 0.858522 0.072552
vt 0.858522 0.071886
vt 0.974158 0.160523
vt 0.975169 0.331232
vt 0.974158 0.331230
vt 0.975169 0.160525
vt 0.849738 0.052202
vt 0.848726 0.223713
vt 0.848726 0.052202
vt 0.849738 0.223712
vt 0.974158 0.156516
vt 0.974158 0.151233
vt 0.975169 0.151235
vt 0.975169 0.156518
vt 0.849738 0.227738
vt 0.849738 0.233045
vt 0.848726 0.233046
vt 0.848726 0.227738
vt 0.974158 0.157646
vt 0.975169 0.157648
vt 0.849738 0.226603
vt 0.848726 0.226603
vt 0.942516 0.071886
vt 0.942516 0.072552
vt 0.963838 0.424182
vt 0.943490 0.424182
vt 0.963838 0.423354
vt 0.943490 0.423354
vt 0.975169 0.150105
vt 0.974158 0.150103
vt 0.849738 0.234181
vt 0.848726 0.234181
vt 0.857918 0.071886
vt 0.857918 0.072552
vt 0.856793 0.071886
vt 0.856793 0.072552
vt 0.857918 0.424182
vt 0.856793 0.423354
vt 0.857918 0.423354
vt 0.856793 0.424182
vt 0.964964 0.071886
vt 0.964964 0.072552
vt 0.964964 0.424182
vt 0.964964 0.423354
vt 0.603513 0.950067
vt 0.602894 0.947927
vt 0.603103 0.947931
vt 0.603692 0.950071
vt 0.603582 0.962864
vt 0.603758 0.964690
vt 0.603582 0.964687
vt 0.603758 0.962867
vt 0.889249 0.047883
vt 0.889249 0.046101
vt 0.889877 0.046101
vt 0.889877 0.047883
vt 0.612203 0.954121
vt 0.611585 0.954822
vt 0.611587 0.954450
vt 0.612203 0.953812
vt 0.595114 0.920830
vt 0.595730 0.921159
vt 0.595730 0.921468
vt 0.595112 0.920457
vt 0.603263 0.969871
vt 0.603138 0.970325
vt 0.603063 0.969868
vt 0.602931 0.970322
vt 0.603582 0.950540
vt 0.603758 0.950543
vt 0.603582 0.950848
vt 0.603758 0.950852
vt 0.603582 0.967839
vt 0.603582 0.966749
vt 0.603758 0.966752
vt 0.603758 0.967842
vt 0.594946 0.920753
vt 0.594946 0.920373
vt 0.595038 0.920753
vt 0.595038 0.920373
vt 0.611510 0.954527
vt 0.611510 0.954907
vt 0.611419 0.954527
vt 0.611419 0.954907
vt 0.603582 0.966516
vt 0.603582 0.965917
vt 0.603758 0.965920
vt 0.603758 0.966519
vt 0.850863 0.046101
vt 0.871211 0.046101
vt 0.850863 0.047883
vt 0.871211 0.047883
vt 0.603582 0.950307
vt 0.603758 0.950310
vt 0.603582 0.951082
vt 0.603758 0.951085
vt 0.603582 0.968072
vt 0.603758 0.968076
vt 0.956783 0.046101
vt 0.957909 0.047883
vt 0.956783 0.047883
vt 0.957909 0.046101
vt 0.603692 0.968315
vt 0.603513 0.968312
vt 0.603103 0.970454
vt 0.603037 0.970693
vt 0.602894 0.970450
vt 0.602825 0.970690
vt 0.602825 0.947688
vt 0.603037 0.947691
vt 0.849738 0.046101
vt 0.849738 0.047883
vt 0.975169 0.335527
vt 0.975169 0.337304
vt 0.974158 0.335525
vt 0.974158 0.337302
vt 0.848726 0.047887
vt 0.848726 0.046101
vt 0.849738 0.047886
vt 0.621422 0.930795
vt 0.621422 0.920413
vt 0.595792 0.922927
vt 0.595792 0.925957
vt 0.615628 0.959153
vt 0.615498 0.958699
vt 0.615613 0.958700
vt 0.615731 0.959153
vt 0.603028 0.969557
vt 0.603152 0.969558
vt 0.612265 0.949322
vt 0.612265 0.952353
vt 0.621422 0.952088
vt 0.621422 0.941941
vt 0.603582 0.954661
vt 0.603758 0.953897
vt 0.621422 0.952323
vt 0.612265 0.947744
vt 0.612265 0.947928
vt 0.595792 0.927536
vt 0.595792 0.927352
vt 0.614982 0.956722
vt 0.614982 0.956903
vt 0.615051 0.957142
vt 0.615734 0.959520
vt 0.615665 0.959281
vt 0.612265 0.954050
vt 0.612265 0.953748
vt 0.595793 0.921230
vt 0.595793 0.921532
vt 0.924824 0.165689
vt 0.924824 0.136510
vt 0.925452 0.165689
vt 0.925452 0.136510
vt 0.924824 0.086739
vt 0.885025 0.086739
vt 0.924824 0.343876
vt 0.885025 0.307617
vt 0.924824 0.307617
vt 0.885025 0.343876
vt 0.925452 0.405724
vt 0.924824 0.405724
vt 0.914754 0.331117
vt 0.914754 0.160410
vt 0.952636 0.160482
vt 0.952636 0.331189
vt 0.751688 0.179010
vt 0.752421 0.223739
vt 0.751688 0.223740
vt 0.751688 0.052229
vt 0.789314 0.052219
vt 0.963838 0.136510
vt 0.943490 0.111711
vt 0.963838 0.111711
vt 0.943490 0.136510
vt 0.858522 0.111711
vt 0.858522 0.086739
vt 0.885025 0.111711
vt 0.858522 0.374693
vt 0.858522 0.343876
vt 0.885025 0.374693
vt 0.963838 0.405724
vt 0.943490 0.404909
vt 0.963838 0.404909
vt 0.943490 0.405724
vt 0.877134 0.331045
vt 0.877134 0.160338
vt 0.827202 0.052208
vt 0.827202 0.223719
vt 0.826206 0.223719
vt 0.877134 0.151049
vt 0.914754 0.151120
vt 0.877134 0.156331
vt 0.914754 0.156403
vt 0.952636 0.151192
vt 0.952636 0.156475
vt 0.752421 0.227765
vt 0.752421 0.233072
vt 0.751688 0.233073
vt 0.751688 0.227765
vt 0.827202 0.227744
vt 0.827202 0.233052
vt 0.826206 0.233052
vt 0.826206 0.227745
vt 0.877134 0.157461
vt 0.914754 0.157533
vt 0.952636 0.157605
vt 0.752421 0.226630
vt 0.751688 0.226630
vt 0.827202 0.226609
vt 0.826206 0.226609
vt 0.942516 0.111711
vt 0.942516 0.086739
vt 0.943490 0.086739
vt 0.943490 0.343876
vt 0.943490 0.344476
vt 0.942516 0.343876
vt 0.942516 0.344476
vt 0.877134 0.149919
vt 0.914754 0.149990
vt 0.952636 0.150062
vt 0.751688 0.234208
vt 0.752421 0.234208
vt 0.827202 0.234187
vt 0.826206 0.234187
vt 0.857918 0.111711
vt 0.856793 0.136510
vt 0.856793 0.111711
vt 0.857918 0.136510
vt 0.856793 0.086739
vt 0.857918 0.086739
vt 0.856793 0.374692
vt 0.857918 0.343876
vt 0.857918 0.374693
vt 0.856793 0.343876
vt 0.856793 0.405724
vt 0.857918 0.405724
vt 0.964964 0.136510
vt 0.964964 0.111711
vt 0.963838 0.086739
vt 0.964964 0.086739
vt 0.964964 0.343876
vt 0.963838 0.344476
vt 0.963838 0.343876
vt 0.964964 0.344476
vt 0.964964 0.405724
vt 0.964964 0.404909
vt 0.877134 0.335341
vt 0.914754 0.335412
vt 0.877134 0.337118
vt 0.914754 0.337189
vt 0.952636 0.335484
vt 0.952636 0.337261
vt 0.827202 0.047892
vt 0.789314 0.047903
vt 0.827202 0.046107
vt 0.789314 0.046118
vt 0.751688 0.047913
vt 0.751688 0.046128
vt 0.927538 0.373926
vt 0.940355 0.373926
vt 0.940355 0.376757
vt 0.927538 0.376757
vt 0.601777 0.955110
vt 0.603417 0.955112
vt 0.603417 0.955862
vt 0.601777 0.955860
vt 0.236230 0.937828
vt 0.119603 0.906126
vt 0.236230 0.906126
vt 0.119603 0.937828
vt 0.323719 0.595076
vt 0.478619 0.595076
vt 0.873334 0.052190
vt 0.888176 0.223381
vt 0.873334 0.223381
vt 0.888176 0.052190
vt 0.873334 0.227399
vt 0.888176 0.227399
vt 0.873334 0.232697
vt 0.888176 0.232697
vt 0.601620 0.964686
vt 0.601686 0.955109
vt 0.601686 0.955860
vt 0.601620 0.955111
vt 0.601620 0.955861
vt 0.873334 0.226266
vt 0.888176 0.226266
vt 0.873334 0.233830
vt 0.888176 0.233830
vt 0.607601 0.955186
vt 0.607601 0.955936
vt 0.607475 0.955183
vt 0.607475 0.955934
vt 0.941367 0.072552
vt 0.926525 0.072552
vt 0.941367 0.071886
vt 0.926525 0.071886
vt 0.941367 0.424182
vt 0.926525 0.424182
vt 0.941367 0.423354
vt 0.926525 0.423354
vt 0.289906 0.937828
vt 0.289906 0.906126
vt 0.300481 0.937828
vt 0.300481 0.906126
vt 0.873334 0.046101
vt 0.888176 0.046101
vt 0.873334 0.047883
vt 0.888176 0.047883
vt 0.603582 0.955112
vt 0.603582 0.955862
vt 0.885025 0.136510
vt 0.885025 0.165689
vt 0.858522 0.136510
vt 0.858522 0.165689
vt 0.941367 0.111711
vt 0.941367 0.136510
vt 0.926525 0.136510
vt 0.926525 0.111711
vt 0.941367 0.086739
vt 0.926525 0.086739
vt 0.941367 0.307617
vt 0.926525 0.343876
vt 0.926525 0.307617
vt 0.941367 0.343876
vt 0.941367 0.405724
vt 0.926525 0.405724
vt 0.941367 0.404909
vt 0.926525 0.404909
vt 0.942251 0.374587
vt 0.942251 0.376984
vt 0.941482 0.376628
vt 0.941482 0.374282
vt 0.927331 0.403652
vt 0.940561 0.403652
vt 0.941161 0.404587
vt 0.926732 0.404587
vt 0.926486 0.371935
vt 0.926486 0.374282
vt 0.925717 0.374587
vt 0.925717 0.372191
vt 0.860340 0.235785
vt 0.859866 0.249615
vt 0.859866 0.235186
vt 0.860340 0.249015
vt 0.925452 0.404909
vt 0.924824 0.403662
vt 0.925452 0.403662
vt 0.924824 0.404909
vt 0.924824 0.344476
vt 0.924824 0.345723
vt 0.753943 0.223739
vt 0.963838 0.345723
vt 0.943490 0.345723
vt 0.753943 0.227765
vt 0.753943 0.233072
vt 0.824684 0.233052
vt 0.824684 0.227745
vt 0.753943 0.226629
vt 0.824684 0.226610
vt 0.824684 0.223719
vt 0.942516 0.345723
vt 0.963838 0.403662
vt 0.943490 0.403662
vt 0.753943 0.234207
vt 0.824684 0.234188
vt 0.964964 0.345723
vt 0.964964 0.403662
vt 0.940355 0.403330
vt 0.927538 0.403330
vt 0.940355 0.401876
vt 0.927538 0.401876
vt 0.942251 0.404587
vt 0.941482 0.403652
vt 0.942251 0.403349
vt 0.941482 0.402440
vt 0.942251 0.344588
vt 0.942251 0.345825
vt 0.941482 0.344912
vt 0.941482 0.346124
vt 0.926486 0.344912
vt 0.926486 0.346124
vt 0.925717 0.345825
vt 0.925717 0.344588
vt 0.926486 0.402440
vt 0.926486 0.403652
vt 0.925717 0.403349
vt 0.925717 0.404587
vt 0.926751 0.376757
vt 0.926751 0.373926
vt 0.603417 0.956090
vt 0.601777 0.956088
vt 0.119603 0.948151
vt 0.236230 0.948151
vt 0.889249 0.052190
vt 0.889249 0.223381
vt 0.872185 0.227399
vt 0.889249 0.233830
vt 0.607475 0.956162
vt 0.607601 0.956164
vt 0.925452 0.072552
vt 0.925452 0.071886
vt 0.942516 0.423354
vt 0.942516 0.424182
vt 0.289906 0.896488
vt 0.872185 0.047883
vt 0.872185 0.046101
vt 0.942516 0.136510
vt 0.926525 0.165689
vt 0.925452 0.086739
vt 0.925452 0.111711
vt 0.942516 0.307617
vt 0.926525 0.344476
vt 0.925452 0.344476
vt 0.925452 0.343876
vt 0.942516 0.404909
vt 0.942516 0.405724
vt 0.860340 0.234864
vt 0.859866 0.234095
vt 0.859866 0.250629
vt 0.860340 0.249860
vt 0.926751 0.403330
vt 0.926751 0.401876
vt 0.941218 0.401876
vt 0.941218 0.403330
vt 0.941218 0.376757
vt 0.861891 0.295656
vt 0.861735 0.292770
vt 0.862467 0.295708
vt 0.942251 0.372191
vt 0.942516 0.372278
vt 0.860999 0.292770
vt 0.861735 0.295517
vt 0.861173 0.295567
vt 0.926751 0.372098
vt 0.925452 0.377107
vt 0.925717 0.376984
vt 0.940561 0.344912
vt 0.927538 0.345153
vt 0.927331 0.344912
vt 0.940355 0.345153
vt 0.859702 0.249821
vt 0.859702 0.234979
vt 0.864448 0.298457
vt 0.864814 0.299973
vt 0.864238 0.299667
vt 0.942516 0.403662
vt 0.941218 0.345153
vt 0.864365 0.254952
vt 0.864344 0.253758
vt 0.864743 0.253534
vt 0.864348 0.254952
vt 0.864727 0.256371
vt 0.864344 0.256144
vt 0.926751 0.345153
vt 0.925452 0.345723
vt 0.864471 0.275790
vt 0.864104 0.277306
vt 0.863910 0.276094
vt 0.859702 0.233830
vt 0.859702 0.250894
vt 0.924824 0.111711
vt 0.832870 0.160254
vt 0.832870 0.330961
vt 0.707418 0.223752
vt 0.707418 0.179022
vt 0.934273 0.165689
vt 0.963838 0.165689
vt 0.858522 0.307617
vt 0.832870 0.150965
vt 0.832870 0.156247
vt 0.707418 0.233085
vt 0.707418 0.227777
vt 0.832870 0.157377
vt 0.707418 0.226642
vt 0.943490 0.307617
vt 0.832870 0.149835
vt 0.707418 0.234220
vt 0.856793 0.165689
vt 0.857918 0.165689
vt 0.857918 0.307617
vt 0.856793 0.307617
vt 0.964964 0.165689
vt 0.964964 0.307617
vt 0.963838 0.307617
vt 0.832870 0.335257
vt 0.832870 0.337033
vt 0.707418 0.047926
vt 0.707418 0.046140
vt 0.932150 0.165689
vt 0.941367 0.344476
vt 0.933299 0.165689
vt 0.925452 0.307617
vt 0.885025 0.405724
vt 0.924824 0.377107
vt 0.603417 0.956224
vt 0.601777 0.956222
vt 0.236230 0.836904
vt 0.119603 0.836904
vt 0.601686 0.957498
vt 0.601620 0.957500
vt 0.607601 0.956298
vt 0.607475 0.956295
vt 0.885025 0.423354
vt 0.885025 0.424182
vt 0.300481 0.896488
vt 0.289906 0.890846
vt 0.929676 0.046101
vt 0.929676 0.047883
vt 0.603582 0.957501
vt 0.603417 0.957501
vt 0.603582 0.956224
vt 0.603417 0.954867
vt 0.607597 0.954638
vt 0.607475 0.954028
vt 0.604275 0.953915
vt 0.604275 0.951094
vt 0.258728 0.890846
vt 0.258728 0.896488
vt 0.065928 0.896488
vt 0.097106 0.890846
vt 0.097106 0.896488
vt 0.065928 0.890846
vt 0.611589 0.953542
vt 0.612203 0.952993
vt 0.612204 0.948747
vt 0.611600 0.948836
vt 0.606920 0.950130
vt 0.606586 0.947995
vt 0.603666 0.947941
vt 0.604214 0.950080
vt 0.595731 0.922287
vt 0.595116 0.921738
vt 0.595731 0.926533
vt 0.595127 0.926444
vt 0.606521 0.969687
vt 0.606428 0.968493
vt 0.607271 0.969635
vt 0.603952 0.969933
vt 0.603729 0.970347
vt 0.606957 0.950910
vt 0.606957 0.950602
vt 0.604275 0.950861
vt 0.604275 0.950553
vt 0.321198 0.876435
vt 0.352098 0.830827
vt 0.352078 0.876448
vt 0.321220 0.830813
vt 0.543025 0.876534
vt 0.512147 0.876520
vt 0.543046 0.830913
vt 0.594946 0.926433
vt 0.595037 0.926433
vt 0.594946 0.921671
vt 0.595038 0.921671
vt 0.611510 0.948846
vt 0.611418 0.948846
vt 0.611510 0.953608
vt 0.611419 0.953608
vt 0.293314 0.491777
vt 0.293314 0.525511
vt 0.549909 0.526051
vt 0.508499 0.526051
vt 0.549909 0.492481
vt 0.508499 0.492481
vt 0.606957 0.950369
vt 0.604275 0.950320
vt 0.606957 0.951144
vt 0.321224 0.821054
vt 0.362154 0.821072
vt 0.543050 0.821153
vt 0.321228 0.810856
vt 0.380718 0.805472
vt 0.481418 0.805411
vt 0.545034 0.810956
vt 0.606586 0.970518
vt 0.606549 0.970758
vt 0.603666 0.970465
vt 0.603605 0.970704
vt 0.606549 0.947756
vt 0.603605 0.947702
vt 0.595792 0.926542
vt 0.595792 0.922342
vt 0.612265 0.952938
vt 0.612265 0.948738
vt 0.065928 0.937827
vt 0.097106 0.906126
vt 0.097106 0.937828
vt 0.065928 0.906126
vt 0.258728 0.937828
vt 0.258728 0.906126
vt 0.549909 0.595076
vt 0.508499 0.595076
vt 0.252429 0.595076
vt 0.293838 0.526051
vt 0.293838 0.595076
vt 0.065928 0.948151
vt 0.097106 0.948151
vt 0.258728 0.948151
vt 0.707418 0.052241
vt 0.289906 0.836904
vt 0.258728 0.836904
vt 0.252429 0.697367
vt 0.293838 0.697367
vt 0.607060 0.954014
vt 0.299329 0.956942
vt 0.256531 0.905501
vt 0.309937 0.905502
vt 0.292836 0.961953
vt 0.303410 0.929558
vt 0.303410 0.975971
vt 0.289906 0.948151
vt 0.258728 0.956902
vt 0.065928 0.956902
vt 0.097106 0.956902
vt 0.595942 0.923459
vt 0.595866 0.923037
vt 0.595928 0.923037
vt 0.595917 0.922294
vt 0.595798 0.922294
vt 0.595800 0.921518
vt 0.595917 0.921518
vt 0.595862 0.920783
vt 0.595928 0.920783
vt 0.595942 0.920373
vt 0.478436 0.806410
vt 0.605815 0.968739
vt 0.605271 0.968724
vt 0.605836 0.968798
vt 0.384156 0.807036
vt 0.366472 0.821074
vt 0.372317 0.821077
vt 0.391286 0.804915
vt 0.372317 0.818751
vt 0.384156 0.804962
vt 0.384156 0.807287
vt 0.612553 0.949146
vt 0.612265 0.948748
vt 0.612368 0.948738
vt 0.612553 0.949266
vt 0.612553 0.948229
vt 0.612553 0.948730
vt 0.612361 0.948215
vt 0.446021 0.806884
vt 0.391516 0.821085
vt 0.416148 0.807079
vt 0.472048 0.821121
vt 0.604793 0.968442
vt 0.612276 0.948203
vt 0.612553 0.947804
vt 0.612553 0.947686
vt 0.606375 0.968455
vt 0.606584 0.950904
vt 0.606584 0.951137
vt 0.604648 0.953928
vt 0.604648 0.951101
vt 0.348474 0.905502
vt 0.309937 0.957068
vt 0.119603 0.956902
vt 0.604648 0.950868
vt 0.323341 0.491777
vt 0.352072 0.886208
vt 0.323719 0.697367
vt 0.236230 0.956902
vt 0.606044 0.969838
vt 0.416148 0.804754
vt 0.391516 0.818760
vt 0.621361 0.930958
vt 0.620759 0.930965
vt 0.598069 0.963207
vt 0.620667 0.941803
vt 0.620575 0.941803
vt 0.620667 0.930966
vt 0.599569 0.956506
vt 0.599751 0.956502
vt 0.597180 0.955856
vt 0.596939 0.955834
vt 0.621361 0.941795
vt 0.621422 0.941794
vt 0.620762 0.941489
vt 0.620762 0.931279
vt 0.621189 0.941481
vt 0.621189 0.931272
vt 0.599329 0.956688
vt 0.598069 0.962986
vt 0.598075 0.956547
vt 0.620670 0.931280
vt 0.620575 0.941489
vt 0.620575 0.931280
vt 0.620670 0.941489
vt 0.599751 0.956713
vt 0.599569 0.956717
vt 0.597000 0.963086
vt 0.597006 0.955928
vt 0.597169 0.963109
vt 0.597175 0.955963
vt 0.621250 0.941481
vt 0.621250 0.931271
vt 0.616760 0.958697
vt 0.616757 0.959151
vt 0.601789 0.969555
vt 0.598075 0.956211
vt 0.598082 0.948575
vt 0.604135 0.970384
vt 0.604356 0.970073
vt 0.601620 0.969869
vt 0.601620 0.970322
vt 0.616935 0.958386
vt 0.597751 0.970786
vt 0.597296 0.970636
vt 0.597752 0.970622
vt 0.597296 0.970801
vt 0.607399 0.969637
vt 0.858522 0.424182
vt 0.858522 0.423354
vt 0.956180 0.046101
vt 0.956180 0.047883
vt 0.603348 0.969563
vt 0.615409 0.958389
vt 0.858522 0.405724
vt 0.956180 0.052190
vt 0.606577 0.970400
vt 0.606544 0.969982
vt 0.606161 0.970420
vt 0.606097 0.970102
vt 0.597302 0.963525
vt 0.597759 0.963373
vt 0.597304 0.956035
vt 0.597755 0.962921
vt 0.597298 0.963068
vt 0.597760 0.956289
vt 0.620759 0.941710
vt 0.621361 0.941703
vt 0.620759 0.941802
vt 0.597765 0.956259
vt 0.597309 0.956000
vt 0.597765 0.956189
vt 0.597309 0.955930
vt 0.620667 0.931058
vt 0.620575 0.930966
vt 0.620575 0.931058
vt 0.620667 0.941711
vt 0.599569 0.956570
vt 0.599329 0.956477
vt 0.599329 0.956542
vt 0.597173 0.963465
vt 0.596933 0.963431
vt 0.597173 0.963395
vt 0.596933 0.963367
vt 0.621422 0.931049
vt 0.621422 0.930957
vt 0.621361 0.931050
vt 0.620759 0.931057
vt 0.598069 0.963138
vt 0.620575 0.941711
vt 0.599751 0.956567
vt 0.597180 0.955926
vt 0.596939 0.955898
vt 0.621422 0.941702
vt 0.621189 0.931142
vt 0.620762 0.931149
vt 0.621189 0.941612
vt 0.620762 0.941619
vt 0.598069 0.963068
vt 0.599329 0.956606
vt 0.598075 0.956395
vt 0.598075 0.956464
vt 0.620670 0.941620
vt 0.620575 0.941619
vt 0.620670 0.931150
vt 0.620575 0.931150
vt 0.599569 0.956634
vt 0.599751 0.956631
vt 0.595993 0.924258
vt 0.595877 0.924523
vt 0.595798 0.924294
vt 0.596053 0.924419
vt 0.597169 0.963200
vt 0.597000 0.963177
vt 0.621250 0.941611
vt 0.621250 0.931141
vt 0.598075 0.956325
vt 0.597302 0.963352
vt 0.597759 0.963200
vt 0.597759 0.963270
vt 0.597302 0.963422
vt 0.596042 0.923651
vt 0.595809 0.924160
vt 0.595848 0.923687
vt 0.596004 0.924124
vt 0.597754 0.963005
vt 0.597298 0.963157
vt 0.616762 0.958477
vt 0.615556 0.958480
vt 0.601790 0.969647
vt 0.602980 0.969741
vt 0.601791 0.969739
vt 0.603004 0.969649
vt 0.604477 0.969901
vt 0.604060 0.969731
vt 0.597991 0.948564
vt 0.597894 0.956149
vt 0.597901 0.948554
vt 0.597985 0.956200
vt 0.597979 0.963300
vt 0.597972 0.970615
vt 0.601620 0.969648
vt 0.601686 0.969647
vt 0.616935 0.958478
vt 0.616865 0.958569
vt 0.616865 0.958477
vt 0.616935 0.958570
vt 0.601686 0.969739
vt 0.597972 0.970779
vt 0.607387 0.969727
vt 0.607247 0.969815
vt 0.607259 0.969725
vt 0.607374 0.969818
vt 0.603126 0.969649
vt 0.603299 0.969742
vt 0.603100 0.969740
vt 0.603323 0.969653
vt 0.615461 0.958571
vt 0.615435 0.958480
vt 0.615580 0.958571
vt 0.606528 0.969775
vt 0.604015 0.969815
vt 0.606062 0.969925
vt 0.597979 0.962975
vt 0.597984 0.956536
vt 0.616761 0.958569
vt 0.597985 0.956314
vt 0.604419 0.969984
vt 0.601620 0.969740
vt 0.597882 0.970618
vt 0.597881 0.970782
vt 0.606535 0.969863
vt 0.606079 0.970012
vt 0.597979 0.963197
vt 0.597888 0.963227
vt 0.597888 0.963330
vt 0.596550 0.947101
vt 0.596745 0.956341
vt 0.596550 0.956398
vt 0.596745 0.947158
vt 0.597894 0.956333
vt 0.597985 0.956384
vt 0.597894 0.956263
vt 0.597979 0.963127
vt 0.597979 0.963057
vt 0.597985 0.956454
vt 0.597888 0.963157
vt 0.596550 0.946983
vt 0.596745 0.946941
vt 0.596745 0.947041
vt 0.595866 0.923459
vt 0.596053 0.923517
vt 0.595859 0.923553
vt 0.596745 0.956558
vt 0.596550 0.956517
vt 0.596745 0.956458
vt 0.597884 0.962963
vt 0.597175 0.955872
vt 0.597006 0.955836
vt 0.597304 0.955945
vt 0.597760 0.956205
vt 0.597884 0.962879
vt 0.597890 0.956361
vt 0.597890 0.956278
vt 0.601566 0.956224
vt 0.601566 0.956090
vt 0.601566 0.965917
vt 0.601566 0.964687
vt 0.601566 0.955862
vt 0.594870 0.925770
vt 0.594871 0.922334
vt 0.620484 0.930804
vt 0.620484 0.920420
vt 0.601566 0.950067
vt 0.601566 0.947928
vt 0.601566 0.969558
vt 0.601566 0.968311
vt 0.617004 0.958699
vt 0.617004 0.959152
vt 0.611343 0.952945
vt 0.611343 0.949509
vt 0.620484 0.952939
vt 0.620484 0.941949
vt 0.601566 0.951630
vt 0.601566 0.950540
vt 0.601566 0.966748
vt 0.601566 0.967839
vt 0.601566 0.954402
vt 0.601566 0.951863
vt 0.601566 0.966515
vt 0.620484 0.953180
vt 0.594870 0.927542
vt 0.594870 0.927352
vt 0.611343 0.947738
vt 0.611343 0.947928
vt 0.601566 0.950306
vt 0.601566 0.968072
vt 0.617004 0.956720
vt 0.617004 0.956901
vt 0.601566 0.970690
vt 0.601566 0.970451
vt 0.617004 0.959280
vt 0.617004 0.959520
vt 0.617004 0.957141
vt 0.601566 0.947688
vt 0.594871 0.920753
vt 0.594871 0.920373
vt 0.611344 0.954907
vt 0.611344 0.954527
vt 0.601566 0.954854
vt 0.601566 0.954609
vt 0.601566 0.962864
vt 0.601620 0.962863
vt 0.594870 0.926433
vt 0.594871 0.921671
vt 0.611343 0.953608
vt 0.611343 0.948846
vt 0.620484 0.941803
vt 0.620484 0.931280
vt 0.620484 0.941489
vt 0.601566 0.970322
vt 0.601566 0.969869
vt 0.617004 0.958387
vt 0.620484 0.931058
vt 0.620484 0.930966
vt 0.620484 0.941711
vt 0.620484 0.941619
vt 0.620484 0.931150
vt 0.601566 0.969649
vt 0.617004 0.958479
vt 0.617004 0.958570
vt 0.601566 0.969741
vt 0.925452 0.165995
vt 0.924824 0.165816
vt 0.925452 0.165816
vt 0.924824 0.165995
vt 0.885025 0.307306
vt 0.924824 0.307306
vt 0.924824 0.307479
vt 0.885025 0.307479
vt 0.885025 0.165995
vt 0.858522 0.165995
vt 0.885025 0.165816
vt 0.858522 0.165816
vt 0.926525 0.307306
vt 0.941367 0.307306
vt 0.941367 0.307479
vt 0.926525 0.307479
vt 0.926525 0.165995
vt 0.926525 0.165816
vt 0.942516 0.307306
vt 0.942516 0.307479
vt 0.832744 0.160248
vt 0.832744 0.330955
vt 0.832631 0.160233
vt 0.832631 0.330940
vt 0.707292 0.179025
vt 0.707292 0.223754
vt 0.707177 0.223760
vt 0.707177 0.179030
vt 0.963838 0.165995
vt 0.934247 0.165816
vt 0.963838 0.165816
vt 0.934222 0.165995
vt 0.858522 0.307479
vt 0.858522 0.307306
vt 0.832631 0.156226
vt 0.832631 0.150944
vt 0.832744 0.150958
vt 0.832744 0.156241
vt 0.707292 0.227780
vt 0.707292 0.233087
vt 0.707177 0.233093
vt 0.707177 0.227785
vt 0.832631 0.157356
vt 0.832744 0.157371
vt 0.707177 0.226650
vt 0.707292 0.226644
vt 0.943490 0.307306
vt 0.943490 0.307479
vt 0.832735 0.149878
vt 0.832630 0.149957
vt 0.707177 0.234088
vt 0.707283 0.234173
vt 0.857918 0.165995
vt 0.856930 0.165952
vt 0.857918 0.165816
vt 0.856842 0.165815
vt 0.856930 0.307339
vt 0.857918 0.307306
vt 0.857918 0.307479
vt 0.856842 0.307477
vt 0.964826 0.165952
vt 0.964914 0.165815
vt 0.964914 0.307477
vt 0.963838 0.307479
vt 0.964826 0.307339
vt 0.963838 0.307306
vt 0.832630 0.336881
vt 0.832631 0.335236
vt 0.832744 0.335250
vt 0.832735 0.336979
vt 0.707283 0.046192
vt 0.707292 0.047928
vt 0.707177 0.046284
vt 0.707177 0.047933
vt 0.932099 0.165995
vt 0.932123 0.165816
vt 0.933248 0.165995
vt 0.933273 0.165816
vt 0.925452 0.307306
vt 0.925452 0.307479
vt 0.707292 0.052244
vt 0.707177 0.052249
vt 0.596495 0.928909
vt 0.596495 0.928775
vt 0.596533 0.928775
vt 0.596533 0.928909
vt 0.596495 0.938603
vt 0.596495 0.937372
vt 0.596533 0.937372
vt 0.596533 0.938603
vt 0.596495 0.928547
vt 0.596533 0.928547
vt 0.594820 0.925770
vt 0.594821 0.922334
vt 0.594844 0.922334
vt 0.594844 0.925770
vt 0.620450 0.920420
vt 0.620450 0.930804
vt 0.596495 0.922752
vt 0.596495 0.920612
vt 0.596533 0.920612
vt 0.596533 0.922752
vt 0.596495 0.942243
vt 0.596495 0.940997
vt 0.596533 0.940997
vt 0.596533 0.942243
vt 0.622725 0.959163
vt 0.622671 0.958710
vt 0.622725 0.958710
vt 0.622671 0.959163
vt 0.611317 0.949509
vt 0.611317 0.952945
vt 0.611294 0.952945
vt 0.611293 0.949509
vt 0.620450 0.941949
vt 0.620450 0.952939
vt 0.596495 0.924315
vt 0.596495 0.923224
vt 0.596533 0.923224
vt 0.596533 0.924315
vt 0.596495 0.940525
vt 0.596495 0.939434
vt 0.596533 0.939434
vt 0.596533 0.940525
vt 0.596495 0.926910
vt 0.596495 0.924548
vt 0.596533 0.924548
vt 0.596533 0.926995
vt 0.596495 0.939201
vt 0.596533 0.939201
vt 0.620450 0.953151
vt 0.594820 0.927352
vt 0.594844 0.927542
vt 0.594820 0.927542
vt 0.594844 0.927352
vt 0.611317 0.947738
vt 0.611317 0.947928
vt 0.611293 0.947928
vt 0.611293 0.947738
vt 0.596495 0.922991
vt 0.596533 0.922991
vt 0.596495 0.940758
vt 0.596533 0.940758
vt 0.622725 0.956912
vt 0.622671 0.956730
vt 0.622725 0.956730
vt 0.622671 0.956912
vt 0.596504 0.943347
vt 0.596495 0.943137
vt 0.596533 0.943137
vt 0.596534 0.943366
vt 0.622725 0.959291
vt 0.622717 0.959501
vt 0.622671 0.959291
vt 0.622671 0.959531
vt 0.622725 0.957151
vt 0.622671 0.957152
vt 0.596534 0.920383
vt 0.596504 0.920402
vt 0.594842 0.920383
vt 0.594844 0.920753
vt 0.594820 0.920402
vt 0.594821 0.920753
vt 0.611317 0.954527
vt 0.611315 0.954896
vt 0.611293 0.954877
vt 0.611294 0.954527
vt 0.596495 0.927362
vt 0.596533 0.927446
vt 0.596495 0.927117
vt 0.596533 0.927202
vt 0.596533 0.930186
vt 0.596495 0.930186
vt 0.594820 0.926433
vt 0.594844 0.926433
vt 0.594821 0.921671
vt 0.594844 0.921671
vt 0.611317 0.953608
vt 0.611294 0.953608
vt 0.611317 0.948846
vt 0.611293 0.948846
vt 0.620450 0.941803
vt 0.620450 0.931280
vt 0.620450 0.941489
vt 0.596495 0.943009
vt 0.596495 0.942555
vt 0.596533 0.942555
vt 0.596533 0.943009
vt 0.622725 0.958398
vt 0.622671 0.958398
vt 0.620450 0.930966
vt 0.620450 0.931058
vt 0.620450 0.941711
vt 0.620450 0.941619
vt 0.620450 0.931150
vt 0.596495 0.942335
vt 0.596533 0.942335
vt 0.622725 0.958490
vt 0.622725 0.958581
vt 0.622671 0.958490
vt 0.622671 0.958581
vt 0.596495 0.942427
vt 0.596533 0.942427
vt 0.621363 0.920362
vt 0.620759 0.920392
vt 0.620760 0.920367
vt 0.621362 0.920387
vt 0.597778 0.948473
vt 0.597317 0.948457
vt 0.597322 0.948419
vt 0.597774 0.948511
vt 0.620577 0.920368
vt 0.620669 0.920368
vt 0.620668 0.920393
vt 0.620576 0.920393
vt 0.607666 0.962858
vt 0.607666 0.964682
vt 0.607628 0.962858
vt 0.607628 0.964682
vt 0.611603 0.947687
vt 0.612204 0.947716
vt 0.611602 0.947711
vt 0.612206 0.947692
vt 0.595733 0.927588
vt 0.595131 0.927593
vt 0.595129 0.927568
vt 0.595732 0.927563
vt 0.607663 0.950063
vt 0.608014 0.947933
vt 0.607701 0.950069
vt 0.607976 0.947927
vt 0.607891 0.969864
vt 0.607995 0.970313
vt 0.607957 0.970319
vt 0.607929 0.969858
vt 0.607666 0.950533
vt 0.607628 0.950842
vt 0.607628 0.950533
vt 0.607666 0.950842
vt 0.607666 0.966743
vt 0.607628 0.967834
vt 0.607628 0.966743
vt 0.607666 0.967834
vt 0.595039 0.927593
vt 0.594947 0.927593
vt 0.594946 0.927569
vt 0.595038 0.927569
vt 0.611510 0.947711
vt 0.611419 0.947711
vt 0.611420 0.947686
vt 0.611512 0.947686
vt 0.607666 0.954654
vt 0.607628 0.954861
vt 0.607628 0.954654
vt 0.607666 0.954861
vt 0.607666 0.965912
vt 0.607628 0.966510
vt 0.607628 0.965912
vt 0.607666 0.966510
vt 0.607666 0.950304
vt 0.607628 0.950301
vt 0.607628 0.951075
vt 0.607666 0.951075
vt 0.599579 0.948685
vt 0.599757 0.948682
vt 0.599757 0.948720
vt 0.599577 0.948723
vt 0.607666 0.968063
vt 0.607628 0.968066
vt 0.599338 0.948695
vt 0.599342 0.948657
vt 0.596977 0.948386
vt 0.597193 0.948404
vt 0.597188 0.948442
vt 0.596956 0.948415
vt 0.607663 0.968305
vt 0.607701 0.968299
vt 0.608014 0.970442
vt 0.608038 0.970658
vt 0.607976 0.970448
vt 0.608010 0.970679
vt 0.608010 0.947697
vt 0.608038 0.947718
vt 0.621413 0.920385
vt 0.621397 0.920362
vt 0.595960 0.923098
vt 0.595960 0.923144
vt 0.595942 0.923114
vt 0.612240 0.947692
vt 0.612256 0.947715
vt 0.596048 0.923098
vt 0.596067 0.923126
vt 0.596048 0.923144
vt 0.595767 0.927587
vt 0.595783 0.927564
vt 0.596093 0.922434
vt 0.596093 0.922388
vt 0.596112 0.922407
vt 0.607666 0.955106
vt 0.607628 0.955856
vt 0.607628 0.955106
vt 0.607666 0.955856
vt 0.607628 0.956084
vt 0.607666 0.956084
vt 0.607628 0.956218
vt 0.607666 0.956218
vt 0.598089 0.948510
vt 0.598084 0.948547
vt 0.607846 0.969554
vt 0.607883 0.969549
vt 0.597908 0.948488
vt 0.597998 0.948499
vt 0.597993 0.948537
vt 0.597903 0.948526
vt 0.607859 0.969645
vt 0.607910 0.969730
vt 0.607872 0.969735
vt 0.607897 0.969639
vt 0.620503 0.920368
vt 0.620490 0.920392
vt 0.594877 0.927569
vt 0.594890 0.927593
vt 0.611350 0.947710
vt 0.611363 0.947686
vt 0.596029 0.922293
vt 0.595986 0.922292
vt 0.596020 0.922258
vt 0.595986 0.922254
vt 0.596017 0.922365
vt 0.596035 0.922402
vt 0.596006 0.922401
vt 0.596035 0.922364
vt 0.596035 0.922326
vt 0.596017 0.922363
vt 0.596006 0.922327
vt 0.618313 0.921728
vt 0.617258 0.920467
vt 0.617281 0.920449
vt 0.618290 0.921746
vt 0.618404 0.922079
vt 0.617958 0.932407
vt 0.618374 0.922078
vt 0.617928 0.932405
vt 0.617531 0.942275
vt 0.617035 0.953144
vt 0.617501 0.942274
vt 0.617061 0.953157
vt 0.617214 0.920407
vt 0.617139 0.920407
vt 0.617141 0.920378
vt 0.617227 0.920382
vt 0.618414 0.921853
vt 0.618386 0.921862
vt 0.617508 0.942111
vt 0.617538 0.942113
vt 0.617551 0.941812
vt 0.617521 0.941811
vt 0.617512 0.942020
vt 0.617542 0.942021
vt 0.617516 0.941928
vt 0.617546 0.941929
vt 0.617055 0.920374
vt 0.617065 0.920400
vt 0.617023 0.920410
vt 0.617043 0.920430
vt 0.617046 0.953185
vt 0.617021 0.953204
vt 0.617019 0.953171
vt 0.617002 0.953181
vt 0.616774 0.956702
vt 0.615146 0.956705
vt 0.599761 0.963313
vt 0.599755 0.970561
vt 0.599774 0.948747
vt 0.599767 0.956388
vt 0.616935 0.956702
vt 0.616865 0.956702
vt 0.599755 0.970723
vt 0.614982 0.956705
vt 0.599767 0.956502
vt 0.599767 0.956713
vt 0.599767 0.956566
vt 0.599767 0.956631
vt 0.617004 0.956703
vt 0.622725 0.956714
vt 0.622671 0.956714
vt 0.599774 0.948719
vt 0.599773 0.948681
vt 0.617291 0.920441
vt 0.618323 0.921720
vt 0.618417 0.922080
vt 0.617971 0.932407
vt 0.617544 0.942276
vt 0.617073 0.953164
vt 0.617142 0.920366
vt 0.617234 0.920370
vt 0.618427 0.921849
vt 0.617551 0.942113
vt 0.617564 0.941813
vt 0.617555 0.942022
vt 0.617559 0.941930
vt 0.617051 0.920362
vt 0.617014 0.920402
vt 0.617059 0.953191
vt 0.617029 0.953214
vt 0.620759 0.920403
vt 0.621361 0.920398
vt 0.597315 0.948473
vt 0.597772 0.948527
vt 0.620667 0.920403
vt 0.620575 0.920403
vt 0.607601 0.957575
vt 0.607612 0.956298
vt 0.607612 0.957575
vt 0.611602 0.947722
vt 0.612204 0.947727
vt 0.595731 0.927553
vt 0.595129 0.927558
vt 0.607289 0.948008
vt 0.607580 0.950142
vt 0.607368 0.969947
vt 0.607307 0.970402
vt 0.607612 0.950614
vt 0.607612 0.950922
vt 0.607612 0.966823
vt 0.607612 0.967913
vt 0.595037 0.927558
vt 0.594945 0.927558
vt 0.611418 0.947721
vt 0.611510 0.947721
vt 0.607612 0.954942
vt 0.607612 0.954734
vt 0.607612 0.966590
vt 0.607601 0.965991
vt 0.607612 0.965991
vt 0.607612 0.950381
vt 0.607612 0.951156
vt 0.599758 0.948736
vt 0.599576 0.948739
vt 0.607612 0.968146
vt 0.599336 0.948711
vt 0.596946 0.948430
vt 0.597186 0.948458
vt 0.607580 0.968386
vt 0.607289 0.970531
vt 0.607257 0.970771
vt 0.607257 0.947769
vt 0.621422 0.920397
vt 0.612265 0.947728
vt 0.595792 0.927552
vt 0.607612 0.955186
vt 0.607612 0.955936
vt 0.240651 0.525511
vt 0.240651 0.594873
vt 0.607612 0.956164
vt 0.607601 0.954654
vt 0.598082 0.948563
vt 0.607410 0.969637
vt 0.597901 0.948542
vt 0.597991 0.948553
vt 0.607398 0.969728
vt 0.607386 0.969818
vt 0.620484 0.920403
vt 0.594871 0.927558
vt 0.611343 0.947721
vt 0.620450 0.920403
vt 0.594844 0.927558
vt 0.594820 0.927558
vt 0.611316 0.947721
vt 0.611293 0.947721
vt 0.607612 0.964682
vt 0.607612 0.962858
vt 0.607647 0.950061
vt 0.607960 0.947925
vt 0.607875 0.969866
vt 0.607941 0.970321
vt 0.607612 0.950533
vt 0.607612 0.950842
vt 0.607612 0.966743
vt 0.607612 0.967834
vt 0.607612 0.954654
vt 0.607612 0.954861
vt 0.607612 0.965912
vt 0.607612 0.966510
vt 0.607612 0.950300
vt 0.607612 0.951075
vt 0.607612 0.968067
vt 0.607647 0.968307
vt 0.607960 0.970450
vt 0.607995 0.970690
vt 0.607995 0.947686
vt 0.607612 0.955106
vt 0.607612 0.955856
vt 0.607612 0.956084
vt 0.607612 0.956218
vt 0.607830 0.969557
vt 0.607843 0.969647
vt 0.607856 0.969737
vt 0.596034 0.922309
vt 0.595986 0.922309
vt 0.596035 0.922418
vt 0.596001 0.922417
vt 0.596035 0.922309
vt 0.596001 0.922310
vt 0.617034 0.953162
vt 0.617060 0.953175
vt 0.599774 0.948736
vt 0.617072 0.953181
vt 0.925452 0.165739
vt 0.924824 0.165739
vt 0.885025 0.307554
vt 0.924824 0.307554
vt 0.885025 0.165739
vt 0.858522 0.165739
vt 0.941367 0.307554
vt 0.926525 0.307554
vt 0.926525 0.165739
vt 0.942516 0.307554
vt 0.832793 0.160254
vt 0.832793 0.330961
vt 0.707341 0.223752
vt 0.707341 0.179022
vt 0.963838 0.165739
vt 0.934257 0.165739
vt 0.858522 0.307554
vt 0.832793 0.156247
vt 0.832793 0.150964
vt 0.707341 0.233085
vt 0.707341 0.227777
vt 0.832793 0.157377
vt 0.707341 0.226642
vt 0.943490 0.307554
vt 0.832793 0.149834
vt 0.707341 0.234220
vt 0.857918 0.165739
vt 0.856793 0.165739
vt 0.857918 0.307554
vt 0.856793 0.307554
vt 0.964964 0.165739
vt 0.964964 0.307554
vt 0.963838 0.307554
vt 0.832793 0.335257
vt 0.832793 0.337033
vt 0.707341 0.047926
vt 0.707341 0.046140
vt 0.932134 0.165739
vt 0.933283 0.165739
vt 0.925452 0.307554
vt 0.707341 0.052241
vt 0.601555 0.956090
vt 0.601555 0.956224
vt 0.601555 0.964687
vt 0.601555 0.965917
vt 0.601555 0.955862
vt 0.594854 0.925770
vt 0.594854 0.922334
vt 0.601555 0.947928
vt 0.601555 0.950067
vt 0.601555 0.968312
vt 0.601555 0.969558
vt 0.611327 0.949509
vt 0.611327 0.952945
vt 0.601555 0.950540
vt 0.601555 0.951630
vt 0.601555 0.966749
vt 0.601555 0.967839
vt 0.601555 0.954346
vt 0.601555 0.951864
vt 0.601555 0.966515
vt 0.594854 0.927542
vt 0.594854 0.927352
vt 0.611327 0.947738
vt 0.611327 0.947928
vt 0.601555 0.950307
vt 0.601555 0.968072
vt 0.601555 0.970690
vt 0.601555 0.970451
vt 0.601555 0.947688
vt 0.594854 0.920753
vt 0.594854 0.920373
vt 0.611327 0.954527
vt 0.611327 0.954907
vt 0.601555 0.954798
vt 0.601555 0.954553
vt 0.601555 0.962864
vt 0.594854 0.926433
vt 0.594854 0.921671
vt 0.611327 0.953608
vt 0.611327 0.948846
vt 0.601555 0.969870
vt 0.601555 0.970323
vt 0.601555 0.969650
vt 0.601555 0.969741
vt 0.596550 0.928909
vt 0.596550 0.928775
vt 0.596550 0.937372
vt 0.596550 0.938603
vt 0.596550 0.928547
vt 0.596550 0.920612
vt 0.596550 0.922752
vt 0.596550 0.940997
vt 0.596550 0.942243
vt 0.596550 0.923224
vt 0.596550 0.924315
vt 0.596550 0.939434
vt 0.596550 0.940525
vt 0.596550 0.924548
vt 0.596550 0.927031
vt 0.596550 0.939201
vt 0.596550 0.922991
vt 0.596550 0.940758
vt 0.596550 0.943137
vt 0.596550 0.943376
vt 0.596550 0.920373
vt 0.596550 0.927482
vt 0.596550 0.927238
vt 0.596550 0.930186
vt 0.596550 0.942555
vt 0.596550 0.943009
vt 0.596550 0.942335
vt 0.596550 0.942427
vt 0.594873 0.927593
vt 0.594860 0.927570
vt 0.611333 0.947710
vt 0.611346 0.947686
vt 0.596000 0.922365
vt 0.595990 0.922400
vt 0.596000 0.922362
vt 0.595990 0.922327
vt 0.594854 0.927558
vt 0.611327 0.947721
vt 0.595986 0.922416
vt 0.595986 0.922311
vt 0.105876 0.156253
vt 0.116866 0.132165
vt 0.116866 0.156253
vt 0.105876 0.132165
vt 0.103977 0.160325
vt 0.103810 0.184413
vt 0.103810 0.160325
vt 0.103977 0.184413
vt 0.105876 0.184259
vt 0.116866 0.184259
vt 0.105876 0.184426
vt 0.116866 0.184426
vt 0.077840 0.156253
vt 0.077840 0.132165
vt 0.078007 0.156253
vt 0.078007 0.132165
vt 0.070174 0.189724
vt 0.059184 0.189557
vt 0.070174 0.189557
vt 0.059184 0.189724
vt 0.077840 0.184413
vt 0.077840 0.160325
vt 0.105876 0.158289
vt 0.116866 0.158289
vt 0.103977 0.132165
vt 0.103977 0.156253
vt 0.059184 0.163588
vt 0.070174 0.163588
vt 0.118766 0.132165
vt 0.118766 0.156253
vt 0.103977 0.184259
vt 0.103977 0.184426
vt 0.118766 0.184259
vt 0.118766 0.184426
vt 0.057285 0.189724
vt 0.057285 0.189557
vt 0.072074 0.189724
vt 0.072074 0.189557
vt 0.103977 0.158289
vt 0.118766 0.158289
vt 0.057285 0.163588
vt 0.072074 0.163588
vt 0.105876 0.130129
vt 0.116866 0.130129
vt 0.103977 0.186449
vt 0.103810 0.186449
vt 0.103810 0.158289
vt 0.077840 0.130129
vt 0.078007 0.130129
vt 0.078007 0.158289
vt 0.077840 0.158289
vt 0.077840 0.186449
vt 0.103977 0.130129
vt 0.118766 0.130129
vt 0.949295 0.943898
vt 0.944981 0.939585
vt 0.949295 0.939585
vt 0.944981 0.943898
vt 0.944981 0.949092
vt 0.944981 0.944779
vt 0.949295 0.944779
vt 0.949295 0.949092
vt 0.959601 0.913948
vt 0.959601 0.908614
vt 0.962640 0.913948
vt 0.962640 0.908614
vt 0.952232 0.912509
vt 0.952232 0.907175
vt 0.955271 0.912509
vt 0.955271 0.907175
vt 0.959278 0.939819
vt 0.959278 0.934485
vt 0.962662 0.939819
vt 0.962662 0.934485
vt 0.950010 0.934777
vt 0.954103 0.938869
vt 0.949751 0.939128
vt 0.949575 0.934342
vt 0.954537 0.939304
vt 0.949751 0.949092
vt 0.949751 0.944779
vt 0.954537 0.949092
vt 0.954537 0.944779
vt 0.955594 0.908614
vt 0.959278 0.913948
vt 0.955594 0.913948
vt 0.959278 0.908614
vt 0.956160 0.961012
vt 0.961495 0.961012
vt 0.956160 0.964051
vt 0.961495 0.964051
vt 0.949295 0.939128
vt 0.944981 0.934342
vt 0.949295 0.934342
vt 0.944981 0.939128
vt 0.944981 0.954335
vt 0.944981 0.949549
vt 0.949295 0.949549
vt 0.949295 0.954335
vt 0.951264 0.912509
vt 0.945186 0.912509
vt 0.951264 0.907175
vt 0.945186 0.907175
vt 0.955917 0.939819
vt 0.955917 0.934485
vt 0.958955 0.939819
vt 0.958955 0.934485
vt 0.954537 0.939585
vt 0.949751 0.943898
vt 0.949751 0.939585
vt 0.954537 0.943898
vt 0.954103 0.949808
vt 0.950010 0.953900
vt 0.949751 0.949549
vt 0.954537 0.949373
vt 0.949575 0.954335
vt 0.951909 0.912509
vt 0.951909 0.907175
vt 0.955594 0.912509
vt 0.955594 0.907175
vt 0.955594 0.934485
vt 0.955594 0.939819
vt 0.962962 0.913948
vt 0.962962 0.908614
vt 0.961495 0.960689
vt 0.956160 0.960689
vt 0.956160 0.964374
vt 0.961495 0.964374
vt 0.959601 0.908047
vt 0.962640 0.908047
vt 0.962640 0.914515
vt 0.959601 0.914515
vt 0.952232 0.906608
vt 0.955271 0.906608
vt 0.955271 0.913076
vt 0.952232 0.913076
vt 0.959278 0.933918
vt 0.962662 0.933918
vt 0.962662 0.940385
vt 0.959278 0.940385
vt 0.955594 0.908047
vt 0.959278 0.908047
vt 0.959278 0.914515
vt 0.955594 0.914515
vt 0.962061 0.961012
vt 0.962061 0.964051
vt 0.955594 0.964051
vt 0.955594 0.961012
vt 0.945186 0.906608
vt 0.951264 0.906608
vt 0.945186 0.913076
vt 0.951264 0.913076
vt 0.958955 0.933918
vt 0.955917 0.933918
vt 0.958955 0.940385
vt 0.955917 0.940385
vt 0.951909 0.906608
vt 0.951909 0.913076
vt 0.955594 0.913076
vt 0.955594 0.906608
vt 0.955594 0.933918
vt 0.955594 0.940385
vt 0.962962 0.914515
vt 0.962962 0.908047
vt 0.962061 0.960689
vt 0.955594 0.960689
vt 0.955594 0.964374
vt 0.962061 0.964374
vt 0.944541 0.943882
vt 0.944541 0.939585
vt 0.944541 0.939128
vt 0.944541 0.934342
vt 0.944997 0.933918
vt 0.949295 0.933918
vt 0.949751 0.933918
vt 0.950208 0.934374
vt 0.954505 0.938672
vt 0.954962 0.939585
vt 0.954962 0.939128
vt 0.954962 0.943882
vt 0.954962 0.944339
vt 0.949751 0.944339
vt 0.949295 0.944339
vt 0.944997 0.944339
vt 0.944541 0.944339
vt 0.954962 0.944795
vt 0.954962 0.949092
vt 0.954962 0.949549
vt 0.954505 0.950006
vt 0.950208 0.954303
vt 0.949295 0.954759
vt 0.949751 0.954759
vt 0.944997 0.954759
vt 0.944541 0.954759
vt 0.944541 0.954335
vt 0.944541 0.949549
vt 0.944541 0.949092
vt 0.944541 0.944795
vt 0.962962 0.934485
vt 0.962962 0.933918
vt 0.962962 0.939819
vt 0.962962 0.940385
vt 0.944541 0.933918
vt 0.944541 0.912509
vt 0.944541 0.907175
vt 0.944541 0.906608
vt 0.944541 0.913076
vt 0.949295 0.917830
vt 0.944981 0.913517
vt 0.949295 0.913517
vt 0.944981 0.917830
vt 0.944981 0.933477
vt 0.949295 0.929164
vt 0.949295 0.933477
vt 0.944981 0.929164
vt 0.947902 0.981502
vt 0.944864 0.981502
vt 0.947902 0.976168
vt 0.944864 0.976168
vt 0.956160 0.956682
vt 0.956160 0.953644
vt 0.961495 0.956682
vt 0.961495 0.953644
vt 0.959278 0.933351
vt 0.955894 0.933351
vt 0.959278 0.928017
vt 0.955894 0.928017
vt 0.949751 0.918287
vt 0.954537 0.918111
vt 0.954103 0.918546
vt 0.950010 0.922638
vt 0.949575 0.923073
vt 0.949751 0.929164
vt 0.954537 0.929164
vt 0.949751 0.933477
vt 0.954537 0.933477
vt 0.951909 0.981502
vt 0.948225 0.981502
vt 0.951909 0.976168
vt 0.948225 0.976168
vt 0.955271 0.893106
vt 0.952232 0.893106
vt 0.955271 0.887772
vt 0.952232 0.887772
vt 0.949295 0.923073
vt 0.944981 0.918287
vt 0.949295 0.918287
vt 0.944981 0.923073
vt 0.944981 0.928707
vt 0.949295 0.923921
vt 0.949295 0.928707
vt 0.944981 0.923921
vt 0.945186 0.887772
vt 0.951264 0.893106
vt 0.945186 0.893106
vt 0.951264 0.887772
vt 0.962640 0.933351
vt 0.959601 0.928017
vt 0.962640 0.928017
vt 0.959601 0.933351
vt 0.954537 0.917830
vt 0.949751 0.913517
vt 0.954537 0.913517
vt 0.949751 0.917830
vt 0.954103 0.928448
vt 0.949751 0.928707
vt 0.950010 0.924356
vt 0.949575 0.923921
vt 0.954537 0.928883
vt 0.961495 0.957005
vt 0.956160 0.957005
vt 0.956160 0.953321
vt 0.961495 0.953321
vt 0.962962 0.928017
vt 0.962962 0.933351
vt 0.944541 0.981502
vt 0.944541 0.976168
vt 0.955594 0.887772
vt 0.955594 0.893106
vt 0.951909 0.893106
vt 0.951909 0.887772
vt 0.944864 0.975601
vt 0.947902 0.975601
vt 0.944864 0.982069
vt 0.947902 0.982069
vt 0.962061 0.953644
vt 0.962061 0.956682
vt 0.955594 0.953644
vt 0.955594 0.956682
vt 0.955894 0.927450
vt 0.959278 0.927450
vt 0.955894 0.933918
vt 0.948225 0.975601
vt 0.951909 0.975601
vt 0.948225 0.982069
vt 0.951909 0.982069
vt 0.952232 0.887205
vt 0.955271 0.887205
vt 0.952232 0.893673
vt 0.955271 0.893673
vt 0.945186 0.887205
vt 0.951264 0.887205
vt 0.951264 0.893673
vt 0.945186 0.893673
vt 0.959601 0.927450
vt 0.962640 0.927450
vt 0.962640 0.933918
vt 0.959601 0.933918
vt 0.962061 0.957005
vt 0.955594 0.957005
vt 0.955594 0.953321
vt 0.962061 0.953321
vt 0.962962 0.927450
vt 0.944541 0.982069
vt 0.944541 0.975601
vt 0.955594 0.887205
vt 0.955594 0.893673
vt 0.951909 0.893673
vt 0.951909 0.887205
vt 0.944541 0.917830
vt 0.944541 0.913533
vt 0.944541 0.918287
vt 0.944541 0.923072
vt 0.944997 0.923497
vt 0.949295 0.923497
vt 0.949751 0.923497
vt 0.950208 0.923040
vt 0.954505 0.918743
vt 0.954962 0.917830
vt 0.954962 0.918287
vt 0.954962 0.913533
vt 0.954962 0.913076
vt 0.949751 0.913076
vt 0.949295 0.913076
vt 0.944997 0.913076
vt 0.954962 0.933918
vt 0.954962 0.933461
vt 0.954962 0.929164
vt 0.954962 0.928707
vt 0.950208 0.923954
vt 0.954505 0.928251
vt 0.949295 0.923497
vt 0.949751 0.923497
vt 0.944997 0.923497
vt 0.944541 0.923497
vt 0.944541 0.923921
vt 0.944541 0.928707
vt 0.944541 0.929164
vt 0.944541 0.933461
vt 0.955594 0.928017
vt 0.955594 0.927450
vt 0.955594 0.933351
vt 0.944541 0.923497
vt 0.944541 0.887772
vt 0.944541 0.893106
vt 0.944541 0.887205
vt 0.944541 0.893673
vt 0.954521 0.960426
vt 0.954521 0.964740
vt 0.950208 0.960426
vt 0.950208 0.964740
vt 0.950208 0.969934
vt 0.950208 0.965621
vt 0.954521 0.969934
vt 0.954521 0.965621
vt 0.958955 0.920416
vt 0.955917 0.920416
vt 0.958955 0.915082
vt 0.955917 0.915082
vt 0.956160 0.960367
vt 0.961495 0.957328
vt 0.961495 0.960367
vt 0.956160 0.957328
vt 0.959278 0.952754
vt 0.955894 0.952754
vt 0.959278 0.947420
vt 0.955894 0.947420
vt 0.945400 0.959711
vt 0.949492 0.955618
vt 0.949751 0.959970
vt 0.944965 0.960145
vt 0.949927 0.955184
vt 0.944965 0.969934
vt 0.944965 0.965621
vt 0.949751 0.965621
vt 0.949751 0.969934
vt 0.962962 0.920416
vt 0.959278 0.920416
vt 0.962962 0.915082
vt 0.959278 0.915082
vt 0.955271 0.899574
vt 0.952232 0.899574
vt 0.955271 0.894240
vt 0.952232 0.894240
vt 0.954521 0.955184
vt 0.954521 0.959970
vt 0.950208 0.955184
vt 0.950208 0.959970
vt 0.950208 0.975177
vt 0.954521 0.970391
vt 0.954521 0.975177
vt 0.950208 0.970391
vt 0.945186 0.899574
vt 0.945186 0.894240
vt 0.951264 0.899574
vt 0.951264 0.894240
vt 0.962639 0.952754
vt 0.959601 0.952754
vt 0.962639 0.947420
vt 0.959601 0.947420
vt 0.949751 0.964740
vt 0.944965 0.964740
vt 0.949751 0.960426
vt 0.944965 0.960426
vt 0.949492 0.974742
vt 0.945400 0.970650
vt 0.949751 0.970391
vt 0.949927 0.975177
vt 0.944965 0.970215
vt 0.962962 0.947420
vt 0.962962 0.952754
vt 0.955594 0.920416
vt 0.955594 0.915082
vt 0.955594 0.894240
vt 0.955594 0.899574
vt 0.951909 0.899574
vt 0.951909 0.894240
vt 0.955917 0.914515
vt 0.958955 0.914515
vt 0.955917 0.920982
vt 0.958955 0.920982
vt 0.962061 0.957328
vt 0.962061 0.960367
vt 0.955594 0.957328
vt 0.955594 0.960367
vt 0.955894 0.946853
vt 0.959278 0.946853
vt 0.955894 0.953321
vt 0.959278 0.953321
vt 0.959278 0.920982
vt 0.962962 0.920982
vt 0.952232 0.893673
vt 0.952232 0.900141
vt 0.955271 0.900141
vt 0.951264 0.893673
vt 0.951264 0.900141
vt 0.945186 0.900141
vt 0.959601 0.946853
vt 0.962639 0.946853
vt 0.959601 0.953321
vt 0.962639 0.953321
vt 0.962962 0.946853
vt 0.962962 0.953321
vt 0.955594 0.920982
vt 0.955594 0.900141
vt 0.951909 0.900141
vt 0.951909 0.893673
vt 0.954962 0.964724
vt 0.954962 0.960426
vt 0.954962 0.959970
vt 0.954962 0.955184
vt 0.954505 0.954759
vt 0.950208 0.954759
vt 0.944997 0.959513
vt 0.949295 0.955216
vt 0.944541 0.960426
vt 0.944541 0.959970
vt 0.944541 0.964724
vt 0.944541 0.965180
vt 0.949751 0.965180
vt 0.950208 0.965180
vt 0.954505 0.965180
vt 0.954962 0.965180
vt 0.944541 0.965637
vt 0.944541 0.969934
vt 0.944541 0.970391
vt 0.944997 0.970847
vt 0.949295 0.975144
vt 0.950208 0.975601
vt 0.949751 0.975601
vt 0.954505 0.975601
vt 0.954962 0.975601
vt 0.954962 0.975177
vt 0.954962 0.970391
vt 0.954962 0.969934
vt 0.954962 0.965637
vt 0.955594 0.947420
vt 0.955594 0.946853
vt 0.955594 0.952754
vt 0.954962 0.954759
vt 0.944541 0.899574
vt 0.944541 0.894240
vt 0.944541 0.893673
vt 0.944541 0.900141
vt 0.961261 0.891959
vt 0.965574 0.887646
vt 0.965574 0.891959
vt 0.961261 0.887646
vt 0.965574 0.903293
vt 0.961261 0.907607
vt 0.961261 0.903293
vt 0.965574 0.907607
vt 0.959601 0.926883
vt 0.959601 0.921549
vt 0.962640 0.926883
vt 0.962640 0.921549
vt 0.952232 0.906042
vt 0.952232 0.900708
vt 0.955271 0.906042
vt 0.955271 0.900708
vt 0.959278 0.946286
vt 0.959278 0.940952
vt 0.962662 0.946286
vt 0.962662 0.940952
vt 0.956453 0.892675
vt 0.960804 0.892416
vt 0.960545 0.896767
vt 0.960980 0.897202
vt 0.956018 0.892240
vt 0.956018 0.903293
vt 0.960804 0.907607
vt 0.956018 0.907607
vt 0.960804 0.903293
vt 0.955594 0.921549
vt 0.959278 0.926883
vt 0.955594 0.926883
vt 0.959278 0.921549
vt 0.961495 0.964697
vt 0.956160 0.967735
vt 0.956160 0.964697
vt 0.961495 0.967735
vt 0.965574 0.897202
vt 0.961261 0.897202
vt 0.965574 0.892416
vt 0.961261 0.892416
vt 0.961261 0.898050
vt 0.965574 0.898050
vt 0.961261 0.902837
vt 0.965574 0.902837
vt 0.951264 0.906042
vt 0.945186 0.906042
vt 0.951264 0.900708
vt 0.945186 0.900708
vt 0.955917 0.946286
vt 0.958955 0.940952
vt 0.958955 0.946286
vt 0.955917 0.940952
vt 0.960804 0.887646
vt 0.960804 0.891959
vt 0.956018 0.887646
vt 0.956018 0.891959
vt 0.960804 0.902837
vt 0.956018 0.903012
vt 0.956453 0.902578
vt 0.960545 0.898485
vt 0.960980 0.898050
vt 0.951909 0.906042
vt 0.951909 0.900708
vt 0.955594 0.906042
vt 0.955594 0.900708
vt 0.955594 0.940952
vt 0.955594 0.946286
vt 0.962962 0.926883
vt 0.962962 0.921549
vt 0.956160 0.968058
vt 0.961495 0.968058
vt 0.959601 0.920982
vt 0.962640 0.920982
vt 0.962640 0.927450
vt 0.955271 0.900141
vt 0.955271 0.906608
vt 0.962662 0.940385
vt 0.962662 0.946853
vt 0.962061 0.964697
vt 0.962061 0.967735
vt 0.955594 0.967735
vt 0.955594 0.964697
vt 0.955917 0.946853
vt 0.958955 0.946853
vt 0.955594 0.906608
vt 0.955594 0.946853
vt 0.962962 0.920982
vt 0.955594 0.968058
vt 0.962061 0.968058
vt 0.966015 0.887662
vt 0.966015 0.891959
vt 0.966015 0.892416
vt 0.966015 0.897202
vt 0.965558 0.897626
vt 0.961261 0.897626
vt 0.960804 0.897626
vt 0.960348 0.897170
vt 0.956050 0.892872
vt 0.955594 0.891959
vt 0.955594 0.892416
vt 0.955594 0.887662
vt 0.960804 0.887205
vt 0.961261 0.887205
vt 0.965558 0.887205
vt 0.966015 0.887205
vt 0.965558 0.908047
vt 0.961261 0.908047
vt 0.960804 0.908047
vt 0.955594 0.907590
vt 0.955594 0.903293
vt 0.955594 0.902837
vt 0.956050 0.902380
vt 0.960348 0.898083
vt 0.966015 0.897626
vt 0.966015 0.898051
vt 0.966015 0.902837
vt 0.966015 0.903293
vt 0.966015 0.907590
vt 0.966015 0.908047
vt 0.962962 0.940952
vt 0.962962 0.940385
vt 0.962962 0.946286
vt 0.944541 0.906042
vt 0.944541 0.900708
vt 0.925452 0.401248
vt 0.924824 0.401248
vt 0.925452 0.398834
vt 0.924824 0.398834
vt 0.924824 0.396420
vt 0.925452 0.396420
vt 0.924824 0.394006
vt 0.925452 0.394006
vt 0.924824 0.391592
vt 0.925452 0.391592
vt 0.924824 0.389178
vt 0.925452 0.389178
vt 0.924824 0.386763
vt 0.925452 0.386763
vt 0.924824 0.384349
vt 0.925452 0.384349
vt 0.925452 0.381935
vt 0.924824 0.381935
vt 0.924824 0.379521
vt 0.925452 0.379521
vt 0.924824 0.348137
vt 0.925452 0.348137
vt 0.924824 0.350551
vt 0.925452 0.350551
vt 0.924824 0.352965
vt 0.925452 0.352965
vt 0.924824 0.355379
vt 0.925452 0.355379
vt 0.924824 0.357793
vt 0.925452 0.357793
vt 0.924824 0.360208
vt 0.925452 0.360208
vt 0.924824 0.362622
vt 0.925452 0.362622
vt 0.924824 0.365036
vt 0.925452 0.365036
vt 0.924824 0.367450
vt 0.925452 0.367450
vt 0.924824 0.369864
vt 0.925452 0.369864
vt 0.756891 0.223738
vt 0.759838 0.223737
vt 0.762786 0.223736
vt 0.765733 0.223736
vt 0.768681 0.223735
vt 0.771628 0.223734
vt 0.774576 0.223733
vt 0.777524 0.223732
vt 0.780471 0.223732
vt 0.783419 0.223731
vt 0.786366 0.223730
vt 0.821737 0.223720
vt 0.818789 0.223721
vt 0.815842 0.223722
vt 0.812894 0.223723
vt 0.809946 0.223723
vt 0.806999 0.223724
vt 0.804051 0.223725
vt 0.801104 0.223726
vt 0.798156 0.223727
vt 0.795209 0.223727
vt 0.963838 0.348137
vt 0.943490 0.348137
vt 0.963838 0.350551
vt 0.943490 0.350551
vt 0.963838 0.352965
vt 0.943490 0.352965
vt 0.963838 0.355379
vt 0.943490 0.355379
vt 0.963838 0.357793
vt 0.943490 0.357793
vt 0.963838 0.360208
vt 0.943490 0.360208
vt 0.943490 0.362622
vt 0.963838 0.362622
vt 0.943490 0.365036
vt 0.963838 0.365036
vt 0.963838 0.367450
vt 0.943490 0.367450
vt 0.963838 0.369864
vt 0.943490 0.369864
vt 0.963838 0.372278
vt 0.943490 0.372278
vt 0.963838 0.398834
vt 0.943490 0.401248
vt 0.943490 0.398834
vt 0.963838 0.401248
vt 0.943490 0.396420
vt 0.963838 0.396420
vt 0.943490 0.394006
vt 0.963838 0.394006
vt 0.943490 0.391592
vt 0.963838 0.391592
vt 0.943490 0.389178
vt 0.963838 0.389178
vt 0.943490 0.386763
vt 0.963838 0.386763
vt 0.943490 0.384349
vt 0.963838 0.384349
vt 0.943490 0.381935
vt 0.963838 0.381935
vt 0.943490 0.379521
vt 0.963838 0.379521
vt 0.756891 0.227764
vt 0.756891 0.233071
vt 0.759838 0.227763
vt 0.759838 0.233070
vt 0.762786 0.227762
vt 0.762786 0.233070
vt 0.765733 0.227761
vt 0.765733 0.233069
vt 0.768681 0.227760
vt 0.768681 0.233068
vt 0.771628 0.227760
vt 0.771628 0.233067
vt 0.774576 0.227759
vt 0.774576 0.233066
vt 0.777524 0.227758
vt 0.777524 0.233065
vt 0.780471 0.227757
vt 0.780471 0.233065
vt 0.783419 0.233064
vt 0.783419 0.227756
vt 0.786366 0.227756
vt 0.786366 0.233063
vt 0.821737 0.227746
vt 0.821737 0.233053
vt 0.818789 0.233054
vt 0.818789 0.227747
vt 0.815842 0.233055
vt 0.815842 0.227747
vt 0.812894 0.227748
vt 0.812894 0.233056
vt 0.809946 0.227749
vt 0.809946 0.233057
vt 0.806999 0.233057
vt 0.806999 0.227750
vt 0.804051 0.233058
vt 0.804051 0.227751
vt 0.801104 0.233059
vt 0.801104 0.227752
vt 0.798156 0.233060
vt 0.798156 0.227752
vt 0.795209 0.227753
vt 0.795209 0.233061
vt 0.756891 0.226628
vt 0.759838 0.226628
vt 0.762786 0.226627
vt 0.765733 0.226626
vt 0.768681 0.226625
vt 0.771628 0.226624
vt 0.774576 0.226623
vt 0.777524 0.226623
vt 0.780471 0.226622
vt 0.783419 0.226621
vt 0.786366 0.226620
vt 0.821737 0.226610
vt 0.818789 0.226611
vt 0.815842 0.226612
vt 0.812894 0.226613
vt 0.809946 0.226614
vt 0.806999 0.226614
vt 0.804051 0.226615
vt 0.801104 0.226616
vt 0.798156 0.226617
vt 0.795209 0.226618
vt 0.942516 0.348137
vt 0.942516 0.350551
vt 0.942516 0.352965
vt 0.942516 0.355379
vt 0.942516 0.357793
vt 0.942516 0.360208
vt 0.942516 0.362622
vt 0.942516 0.365036
vt 0.942516 0.367450
vt 0.942516 0.369864
vt 0.942516 0.401248
vt 0.942516 0.398834
vt 0.942516 0.396420
vt 0.942516 0.394006
vt 0.942516 0.391592
vt 0.942516 0.389178
vt 0.942516 0.386763
vt 0.942516 0.384349
vt 0.942516 0.381935
vt 0.942516 0.379521
vt 0.756891 0.234207
vt 0.759838 0.234206
vt 0.762786 0.234205
vt 0.765733 0.234204
vt 0.768681 0.234203
vt 0.771628 0.234202
vt 0.774576 0.234202
vt 0.777524 0.234201
vt 0.780471 0.234200
vt 0.783419 0.234199
vt 0.786366 0.234198
vt 0.821737 0.234189
vt 0.818789 0.234189
vt 0.815842 0.234190
vt 0.812894 0.234191
vt 0.809946 0.234192
vt 0.806999 0.234193
vt 0.804051 0.234194
vt 0.801104 0.234194
vt 0.798156 0.234195
vt 0.795209 0.234196
vt 0.964964 0.348137
vt 0.964964 0.350551
vt 0.964964 0.352965
vt 0.964964 0.355379
vt 0.964964 0.357793
vt 0.964964 0.360208
vt 0.964964 0.362622
vt 0.964964 0.365036
vt 0.964964 0.367450
vt 0.964964 0.369864
vt 0.964964 0.372278
vt 0.964964 0.401248
vt 0.964964 0.398834
vt 0.964964 0.396420
vt 0.964964 0.394006
vt 0.964964 0.391592
vt 0.964964 0.389178
vt 0.964964 0.386763
vt 0.964964 0.384349
vt 0.964964 0.381935
vt 0.964964 0.379521
vt 0.927538 0.346097
vt 0.940355 0.346097
vt 0.940355 0.348806
vt 0.927538 0.348806
vt 0.927538 0.350634
vt 0.940355 0.350634
vt 0.940355 0.353465
vt 0.927538 0.353465
vt 0.940355 0.355292
vt 0.927538 0.358123
vt 0.927538 0.355292
vt 0.940355 0.358123
vt 0.927538 0.359951
vt 0.940355 0.359951
vt 0.940355 0.362782
vt 0.927538 0.362782
vt 0.940355 0.364609
vt 0.927538 0.367440
vt 0.927538 0.364609
vt 0.940355 0.367440
vt 0.940355 0.369267
vt 0.927538 0.372098
vt 0.927538 0.369267
vt 0.940355 0.372098
vt 0.940355 0.400049
vt 0.927538 0.397218
vt 0.940355 0.397218
vt 0.927538 0.400049
vt 0.940355 0.395390
vt 0.927538 0.392559
vt 0.940355 0.392559
vt 0.927538 0.395390
vt 0.940355 0.390732
vt 0.927538 0.387901
vt 0.940355 0.387901
vt 0.927538 0.390732
vt 0.940355 0.386074
vt 0.927538 0.383243
vt 0.940355 0.383243
vt 0.927538 0.386074
vt 0.940355 0.381415
vt 0.927538 0.378584
vt 0.940355 0.378584
vt 0.927538 0.381415
vt 0.941482 0.348470
vt 0.942251 0.348222
vt 0.941482 0.350817
vt 0.942251 0.350619
vt 0.941482 0.353163
vt 0.942251 0.353016
vt 0.941482 0.355510
vt 0.942251 0.355413
vt 0.941482 0.357856
vt 0.942251 0.357809
vt 0.941482 0.360203
vt 0.942251 0.360206
vt 0.941482 0.362549
vt 0.942251 0.362603
vt 0.941482 0.364896
vt 0.942251 0.365000
vt 0.941482 0.367242
vt 0.942251 0.367397
vt 0.941482 0.369589
vt 0.942251 0.369794
vt 0.941482 0.371935
vt 0.942251 0.400952
vt 0.941482 0.400094
vt 0.942251 0.398556
vt 0.941482 0.397747
vt 0.942251 0.396159
vt 0.941482 0.395401
vt 0.942251 0.393762
vt 0.941482 0.393054
vt 0.942251 0.391365
vt 0.941482 0.390708
vt 0.942251 0.388968
vt 0.941482 0.388361
vt 0.942251 0.386571
vt 0.941482 0.386015
vt 0.942251 0.384175
vt 0.941482 0.383668
vt 0.942251 0.381778
vt 0.941482 0.381321
vt 0.942251 0.379381
vt 0.941482 0.378975
vt 0.926486 0.400094
vt 0.925717 0.400952
vt 0.926486 0.397747
vt 0.925717 0.398556
vt 0.926486 0.395401
vt 0.925717 0.396159
vt 0.926486 0.393054
vt 0.925717 0.393762
vt 0.926486 0.390708
vt 0.925717 0.391365
vt 0.926486 0.388361
vt 0.925717 0.388968
vt 0.925717 0.386571
vt 0.926486 0.386015
vt 0.925717 0.384175
vt 0.926486 0.383668
vt 0.925717 0.381778
vt 0.926486 0.381321
vt 0.925717 0.379381
vt 0.926486 0.378975
vt 0.926486 0.376628
vt 0.926486 0.348470
vt 0.925717 0.348222
vt 0.926486 0.350817
vt 0.925717 0.350619
vt 0.926486 0.353163
vt 0.925717 0.353016
vt 0.926486 0.355510
vt 0.925717 0.355413
vt 0.926486 0.357856
vt 0.925717 0.357809
vt 0.926486 0.360203
vt 0.925717 0.360206
vt 0.926486 0.362549
vt 0.925717 0.362603
vt 0.926486 0.364896
vt 0.925717 0.365000
vt 0.926486 0.367242
vt 0.925717 0.367397
vt 0.926486 0.369589
vt 0.925717 0.369794
vt 0.926751 0.348806
vt 0.926751 0.346097
vt 0.926751 0.353465
vt 0.926751 0.350634
vt 0.926751 0.358123
vt 0.926751 0.355292
vt 0.926751 0.362782
vt 0.926751 0.359951
vt 0.926751 0.367440
vt 0.926751 0.364609
vt 0.926751 0.369267
vt 0.926751 0.397218
vt 0.926751 0.400049
vt 0.926751 0.392559
vt 0.926751 0.395390
vt 0.926751 0.387901
vt 0.926751 0.390732
vt 0.926751 0.383243
vt 0.926751 0.386074
vt 0.926751 0.378584
vt 0.926751 0.381415
vt 0.941218 0.400049
vt 0.941218 0.397218
vt 0.941218 0.392559
vt 0.941218 0.395390
vt 0.941218 0.390732
vt 0.941218 0.387901
vt 0.941218 0.386074
vt 0.941218 0.383243
vt 0.941218 0.381415
vt 0.941218 0.378584
vt 0.941218 0.373926
vt 0.941218 0.348806
vt 0.941218 0.346097
vt 0.941218 0.353465
vt 0.941218 0.350634
vt 0.941218 0.358123
vt 0.941218 0.355292
vt 0.941218 0.362782
vt 0.941218 0.359951
vt 0.941218 0.367440
vt 0.941218 0.364609
vt 0.941218 0.369267
vt 0.941218 0.372098
vt 0.864344 0.250894
vt 0.864547 0.247511
vt 0.863893 0.250279
vt 0.863975 0.247687
vt 0.863893 0.244823
vt 0.864547 0.236560
vt 0.863893 0.239328
vt 0.863975 0.236693
vt 0.863893 0.233830
vt 0.864349 0.262085
vt 0.863695 0.264853
vt 0.863775 0.262176
vt 0.863695 0.259313
vt 0.863910 0.276044
vt 0.863255 0.278811
vt 0.863335 0.276092
vt 0.863255 0.273229
vt 0.863122 0.295689
vt 0.862467 0.298456
vt 0.862546 0.295695
vt 0.862467 0.292832
vt 0.861735 0.298456
vt 0.864238 0.302531
vt 0.863695 0.250894
vt 0.864344 0.253852
vt 0.863775 0.253572
vt 0.863695 0.256436
vt 0.863122 0.292832
vt 0.863772 0.295790
vt 0.863202 0.295553
vt 0.863122 0.298416
vt 0.862295 0.298457
vt 0.862945 0.301415
vt 0.862374 0.301220
vt 0.862295 0.304084
vt 0.861506 0.250528
vt 0.861680 0.247789
vt 0.861680 0.250632
vt 0.861644 0.298457
vt 0.862295 0.301415
vt 0.861723 0.301262
vt 0.861644 0.304126
vt 0.861141 0.250569
vt 0.861326 0.247789
vt 0.861326 0.250632
vt 0.860348 0.292770
vt 0.860999 0.295727
vt 0.860426 0.295617
vt 0.860348 0.298481
vt 0.860754 0.250610
vt 0.860950 0.247789
vt 0.860950 0.250632
vt 0.863910 0.273229
vt 0.864238 0.301042
vt 0.863595 0.304004
vt 0.863685 0.301321
vt 0.863595 0.298457
vt 0.860346 0.301112
vt 0.859702 0.304074
vt 0.859791 0.301349
vt 0.861506 0.250632
vt 0.861326 0.247935
vt 0.861506 0.247789
vt 0.859702 0.298485
vt 0.860992 0.301150
vt 0.860348 0.304112
vt 0.860436 0.301344
vt 0.861141 0.250632
vt 0.860950 0.247894
vt 0.861141 0.247789
vt 0.861644 0.301169
vt 0.860999 0.304130
vt 0.861087 0.301321
vt 0.860754 0.250632
vt 0.860553 0.247853
vt 0.860754 0.247789
vt 0.860999 0.298457
vt 0.859702 0.298485
vt 0.859789 0.295633
vt 0.860348 0.295524
vt 0.860553 0.250632
vt 0.860340 0.247812
vt 0.860553 0.247789
vt 0.859702 0.292770
vt 0.860999 0.298457
vt 0.864344 0.259009
vt 0.863904 0.267775
vt 0.864552 0.270545
vt 0.863996 0.270365
vt 0.863904 0.273229
vt 0.863893 0.239328
vt 0.864542 0.242097
vt 0.863984 0.241960
vt 0.863893 0.244823
vt 0.863772 0.292832
vt 0.864421 0.295601
vt 0.863862 0.295506
vt 0.863772 0.298370
vt 0.863255 0.267649
vt 0.863904 0.270417
vt 0.863344 0.270365
vt 0.863255 0.273229
vt 0.862945 0.298457
vt 0.863595 0.301226
vt 0.863034 0.301216
vt 0.862945 0.304080
vt 0.940963 0.345933
vt 0.940963 0.345317
vt 0.940355 0.345933
vt 0.927538 0.345933
vt 0.927005 0.345933
vt 0.927005 0.345317
vt 0.927538 0.345317
vt 0.940355 0.345317
vt 0.940963 0.372262
vt 0.940963 0.373762
vt 0.940355 0.373762
vt 0.927538 0.373762
vt 0.927005 0.373762
vt 0.927005 0.372262
vt 0.927538 0.372262
vt 0.940355 0.372262
vt 0.940963 0.350471
vt 0.940963 0.348970
vt 0.940355 0.350471
vt 0.927538 0.350471
vt 0.927005 0.350471
vt 0.927005 0.348970
vt 0.927538 0.348970
vt 0.940355 0.348970
vt 0.940963 0.353628
vt 0.940963 0.355129
vt 0.940355 0.355129
vt 0.927538 0.355129
vt 0.927005 0.355129
vt 0.927005 0.353628
vt 0.927538 0.353628
vt 0.940355 0.353628
vt 0.940963 0.358286
vt 0.940963 0.359787
vt 0.940355 0.359787
vt 0.927538 0.359787
vt 0.927005 0.359787
vt 0.927005 0.358286
vt 0.927538 0.358286
vt 0.940355 0.358286
vt 0.940963 0.364446
vt 0.940963 0.362945
vt 0.940355 0.364446
vt 0.927538 0.364446
vt 0.927005 0.364446
vt 0.927005 0.362945
vt 0.927538 0.362945
vt 0.940355 0.362945
vt 0.940963 0.367603
vt 0.940963 0.369104
vt 0.940355 0.369104
vt 0.927538 0.369104
vt 0.927005 0.369104
vt 0.927005 0.367603
vt 0.927538 0.367603
vt 0.940355 0.367603
vt 0.927005 0.400212
vt 0.927005 0.401713
vt 0.927538 0.400212
vt 0.940355 0.400212
vt 0.940963 0.400212
vt 0.940963 0.401713
vt 0.940355 0.401713
vt 0.927538 0.401713
vt 0.940963 0.397054
vt 0.940963 0.395554
vt 0.940355 0.397054
vt 0.927538 0.397054
vt 0.927005 0.397054
vt 0.927005 0.395554
vt 0.927538 0.395554
vt 0.940355 0.395554
vt 0.940963 0.392396
vt 0.940963 0.390895
vt 0.940355 0.392396
vt 0.927538 0.392396
vt 0.927005 0.392396
vt 0.927005 0.390895
vt 0.927538 0.390895
vt 0.940355 0.390895
vt 0.940963 0.387738
vt 0.940963 0.386237
vt 0.940355 0.387738
vt 0.927538 0.387738
vt 0.927005 0.387738
vt 0.927005 0.386237
vt 0.927538 0.386237
vt 0.940355 0.386237
vt 0.940963 0.383079
vt 0.940963 0.381579
vt 0.940355 0.383079
vt 0.927538 0.383079
vt 0.927005 0.383079
vt 0.927005 0.381579
vt 0.927538 0.381579
vt 0.940355 0.381579
vt 0.940963 0.376920
vt 0.940963 0.378421
vt 0.940355 0.378421
vt 0.927538 0.378421
vt 0.927005 0.378421
vt 0.927005 0.376920
vt 0.927538 0.376920
vt 0.940355 0.376920
vt 0.860992 0.304112
vt 0.860803 0.306133
vt 0.860139 0.304551
vt 0.860992 0.306193
vt 0.940583 0.343925
vt 0.940355 0.343925
vt 0.927538 0.343925
vt 0.927385 0.343925
vt 0.862496 0.304126
vt 0.862496 0.306193
vt 0.862306 0.304186
vt 0.861644 0.305750
vt 0.861326 0.264472
vt 0.859702 0.264320
vt 0.861326 0.264320
vt 0.859702 0.264853
vt 0.859702 0.251503
vt 0.861326 0.251503
vt 0.861326 0.251274
vt 0.866880 0.247159
vt 0.865654 0.244891
vt 0.866880 0.244823
vt 0.864547 0.246003
vt 0.940583 0.371252
vt 0.940355 0.371252
vt 0.927538 0.371252
vt 0.927385 0.371252
vt 0.864727 0.257829
vt 0.867047 0.256673
vt 0.865840 0.258942
vt 0.867047 0.259009
vt 0.862709 0.247408
vt 0.861525 0.247256
vt 0.862709 0.247256
vt 0.861525 0.247789
vt 0.861525 0.234439
vt 0.862709 0.234439
vt 0.862709 0.234211
vt 0.861525 0.233830
vt 0.865038 0.304080
vt 0.863550 0.306185
vt 0.862945 0.305116
vt 0.865038 0.306684
vt 0.940583 0.347960
vt 0.940355 0.347960
vt 0.927538 0.347960
vt 0.927385 0.347960
vt 0.864547 0.234986
vt 0.866867 0.233830
vt 0.865659 0.236099
vt 0.866867 0.236165
vt 0.862071 0.278430
vt 0.860886 0.278278
vt 0.862071 0.278278
vt 0.860886 0.278811
vt 0.860886 0.265461
vt 0.862071 0.265461
vt 0.862071 0.265233
vt 0.860886 0.264852
vt 0.866513 0.295766
vt 0.865026 0.297871
vt 0.864421 0.296802
vt 0.866513 0.298370
vt 0.940583 0.352618
vt 0.940355 0.352618
vt 0.927538 0.352618
vt 0.927385 0.352618
vt 0.864552 0.273602
vt 0.866872 0.272446
vt 0.865664 0.274715
vt 0.866872 0.274782
vt 0.862511 0.264472
vt 0.862511 0.264320
vt 0.861326 0.264853
vt 0.862511 0.251503
vt 0.862511 0.251274
vt 0.861326 0.250894
vt 0.865348 0.265044
vt 0.863860 0.267150
vt 0.863255 0.266081
vt 0.865348 0.267649
vt 0.940583 0.357277
vt 0.940355 0.357277
vt 0.927538 0.357277
vt 0.927385 0.357277
vt 0.866530 0.278811
vt 0.866530 0.281403
vt 0.865037 0.279310
vt 0.864439 0.280362
vt 0.863255 0.278431
vt 0.863255 0.278278
vt 0.862071 0.278811
vt 0.863255 0.265461
vt 0.863255 0.265233
vt 0.862071 0.264853
vt 0.863773 0.247789
vt 0.862285 0.249894
vt 0.861680 0.248825
vt 0.863773 0.250393
vt 0.940583 0.361935
vt 0.940355 0.361935
vt 0.927538 0.361935
vt 0.927385 0.361935
vt 0.866530 0.290178
vt 0.866530 0.292769
vt 0.865037 0.290677
vt 0.864439 0.291728
vt 0.863893 0.247408
vt 0.862709 0.247256
vt 0.863893 0.247256
vt 0.862709 0.247789
vt 0.862709 0.234439
vt 0.863893 0.234439
vt 0.863893 0.234211
vt 0.862709 0.233830
vt 0.866442 0.262248
vt 0.864954 0.264354
vt 0.864349 0.263284
vt 0.866442 0.264852
vt 0.940583 0.366593
vt 0.940355 0.366593
vt 0.927538 0.366593
vt 0.927385 0.366593
vt 0.866530 0.283995
vt 0.865037 0.281902
vt 0.864439 0.282954
vt 0.864439 0.292389
vt 0.863255 0.292237
vt 0.864439 0.292237
vt 0.863255 0.292770
vt 0.863255 0.279420
vt 0.864439 0.279420
vt 0.864439 0.279191
vt 0.863255 0.278811
vt 0.866530 0.286587
vt 0.865037 0.284494
vt 0.864439 0.285546
vt 0.860886 0.278430
vt 0.859702 0.278278
vt 0.859702 0.278811
vt 0.859702 0.265461
vt 0.860886 0.265233
vt 0.866875 0.242488
vt 0.865649 0.240221
vt 0.866875 0.240153
vt 0.864542 0.241333
vt 0.940583 0.399202
vt 0.940355 0.399202
vt 0.927538 0.399202
vt 0.927385 0.399202
vt 0.866805 0.277306
vt 0.865578 0.275039
vt 0.866805 0.274971
vt 0.864471 0.276151
vt 0.940583 0.394544
vt 0.940355 0.394544
vt 0.927538 0.394544
vt 0.927385 0.394544
vt 0.866530 0.287586
vt 0.865037 0.288085
vt 0.864439 0.289136
vt 0.860886 0.292389
vt 0.859702 0.292237
vt 0.860886 0.292237
vt 0.859702 0.292770
vt 0.859702 0.279420
vt 0.860886 0.279420
vt 0.860886 0.279191
vt 0.859702 0.278811
vt 0.866513 0.293161
vt 0.865026 0.295267
vt 0.864421 0.294198
vt 0.940583 0.389885
vt 0.940355 0.389885
vt 0.927538 0.389885
vt 0.927385 0.389885
vt 0.864552 0.271267
vt 0.866872 0.270111
vt 0.865664 0.272380
vt 0.861525 0.247408
vt 0.860340 0.247256
vt 0.860340 0.247789
vt 0.860340 0.234439
vt 0.861525 0.234211
vt 0.860340 0.233830
vt 0.866875 0.244823
vt 0.865649 0.242556
vt 0.864541 0.243668
vt 0.940583 0.385227
vt 0.940355 0.385227
vt 0.927538 0.385227
vt 0.927385 0.385227
vt 0.864547 0.237321
vt 0.866867 0.236165
vt 0.865659 0.238434
vt 0.866867 0.238501
vt 0.863255 0.292389
vt 0.862071 0.292237
vt 0.862071 0.292770
vt 0.862071 0.279420
vt 0.863255 0.279191
vt 0.862071 0.278811
vt 0.866442 0.259313
vt 0.864954 0.261418
vt 0.864349 0.260349
vt 0.866442 0.261917
vt 0.940583 0.380569
vt 0.940355 0.380569
vt 0.927538 0.380569
vt 0.927385 0.380569
vt 0.864552 0.268931
vt 0.866872 0.267775
vt 0.865664 0.270044
vt 0.863695 0.264472
vt 0.863695 0.264320
vt 0.862511 0.264852
vt 0.863695 0.251503
vt 0.863695 0.251274
vt 0.862511 0.250894
vt 0.866880 0.249494
vt 0.865654 0.247226
vt 0.866880 0.247159
vt 0.864547 0.248338
vt 0.940583 0.375910
vt 0.940355 0.375910
vt 0.927538 0.375910
vt 0.927385 0.375910
vt 0.864743 0.253773
vt 0.867063 0.252617
vt 0.865855 0.254886
vt 0.867063 0.254952
vt 0.862071 0.292389
vt 0.860886 0.292770
vt 0.862071 0.279191
vt 0.601777 0.957499
vt 0.607475 0.957572
vt 0.300481 0.890846
vt 0.300481 0.836904
vt 0.182726 0.738459
vt 0.467859 0.773500
vt 0.478619 0.697367
vt 0.603510 0.959832
vt 0.603456 0.961595
vt 0.272278 0.738436
vt 0.539816 0.770710
vt 0.508499 0.697367
vt 0.549909 0.697367
vt 0.065928 0.836904
vt 0.097106 0.836904
vt 0.240928 0.738444
vt 0.258728 0.738440
vt 0.601566 0.957501
vt 0.596533 0.935549
vt 0.596495 0.935549
vt 0.607628 0.957495
vt 0.607666 0.957495
vt 0.607612 0.962938
vt 0.607601 0.962877
vt 0.607612 0.957495
vt 0.601555 0.957501
vt 0.596550 0.935549
vt 0.602490 0.959831
vt 0.241704 0.701586
vt 0.241573 0.701096
vt 0.022606 0.666433
vt 0.017298 0.510226
vt 0.022517 0.482693
vt 0.603658 0.959833
vt 0.603582 0.959832
vt 0.030691 0.513138
vt 0.039088 0.574044
vt 0.083563 0.738483
vt 0.097106 0.738480
vt 0.302036 0.779930
vt 0.293838 0.780248
vt 0.109830 0.738477
vt 0.119603 0.738474
vt 0.240651 0.697664
vt 0.618427 0.920420
vt 0.618427 0.930804
vt 0.624379 0.958711
vt 0.624379 0.959164
vt 0.618427 0.941949
vt 0.618427 0.952939
vt 0.624379 0.956732
vt 0.624379 0.956913
vt 0.624379 0.959293
vt 0.624371 0.959503
vt 0.624379 0.957153
vt 0.618427 0.941803
vt 0.618427 0.931280
vt 0.618427 0.941489
vt 0.624379 0.958399
vt 0.618427 0.931058
vt 0.618427 0.930966
vt 0.618427 0.941711
vt 0.618427 0.941619
vt 0.618427 0.931150
vt 0.624379 0.958491
vt 0.624379 0.958583
vt 0.619340 0.920362
vt 0.618737 0.920367
vt 0.597728 0.947030
vt 0.597271 0.946976
vt 0.618646 0.920368
vt 0.599528 0.947242
vt 0.599706 0.947238
vt 0.599291 0.947214
vt 0.597142 0.946961
vt 0.596926 0.946943
vt 0.596089 0.920399
vt 0.596080 0.921906
vt 0.596080 0.920373
vt 0.596089 0.921932
vt 0.598038 0.947066
vt 0.597947 0.947056
vt 0.597857 0.947045
vt 0.596045 0.921817
vt 0.596045 0.920373
vt 0.596049 0.920426
vt 0.596049 0.921870
vt 0.618460 0.920368
vt 0.620460 0.920393
vt 0.618437 0.920393
vt 0.620483 0.920368
vt 0.596049 0.921906
vt 0.596080 0.920388
vt 0.596080 0.921922
vt 0.596049 0.920373
vt 0.616269 0.921659
vt 0.615225 0.920645
vt 0.616354 0.921991
vt 0.615907 0.932318
vt 0.615014 0.953057
vt 0.615480 0.942186
vt 0.615182 0.920585
vt 0.615107 0.920585
vt 0.616366 0.921775
vt 0.615487 0.942024
vt 0.615500 0.941724
vt 0.615491 0.941932
vt 0.615495 0.941841
vt 0.615033 0.920578
vt 0.595969 0.920373
vt 0.595969 0.922413
vt 0.595942 0.920398
vt 0.595942 0.922438
vt 0.615011 0.920608
vt 0.614991 0.920588
vt 0.615001 0.953117
vt 0.614982 0.953094
vt 0.614998 0.953084
vt 0.624379 0.956715
vt 0.599722 0.947238
vt 0.614982 0.920580
vt 0.615009 0.953127
vt 0.618427 0.920403
vt 0.615013 0.953074
vt 0.609544 0.956240
vt 0.609544 0.957517
vt 0.595798 0.920465
vt 0.595798 0.922941
vt 0.595793 0.921067
vt 0.595793 0.923544
vt 0.609579 0.950091
vt 0.609891 0.947955
vt 0.609806 0.969880
vt 0.609873 0.970335
vt 0.609544 0.950555
vt 0.609544 0.950864
vt 0.609544 0.966765
vt 0.609544 0.967856
vt 0.596124 0.920373
vt 0.596124 0.922251
vt 0.596124 0.920442
vt 0.596124 0.922320
vt 0.595798 0.920373
vt 0.595798 0.922850
vt 0.609544 0.954676
vt 0.609544 0.954883
vt 0.609544 0.965934
vt 0.609544 0.966532
vt 0.609544 0.950326
vt 0.609544 0.951097
vt 0.609544 0.968085
vt 0.609579 0.968321
vt 0.609891 0.970464
vt 0.609916 0.970680
vt 0.608064 0.947728
vt 0.609916 0.947740
vt 0.595979 0.920373
vt 0.595979 0.922141
vt 0.595969 0.920397
vt 0.595969 0.922165
vt 0.609544 0.955128
vt 0.609544 0.955878
vt 0.609544 0.964703
vt 0.609544 0.956106
vt 0.609761 0.969571
vt 0.609774 0.969661
vt 0.609787 0.969751
vt 0.596121 0.920485
vt 0.596121 0.922363
vt 0.596105 0.920380
vt 0.596105 0.922148
vt 0.596089 0.920387
vt 0.596089 0.922156
vt 0.596120 0.920498
vt 0.596120 0.922376
vt 0.596120 0.920373
vt 0.596120 0.922141
vt 0.609544 0.962880
vt 0.076212 0.135528
vt 0.077840 0.160781
vt 0.076212 0.159615
vt 0.077840 0.134362
vt 0.062791 0.130129
vt 0.074313 0.133492
vt 0.063323 0.133492
vt 0.074845 0.130129
vt 0.057285 0.160781
vt 0.057285 0.134362
vt 0.061423 0.135528
vt 0.061423 0.159615
vt 0.062791 0.163588
vt 0.074313 0.161651
vt 0.074845 0.163588
vt 0.063323 0.161651
vt 0.061423 0.133492
vt 0.057285 0.130129
vt 0.076212 0.133492
vt 0.076212 0.161651
vt 0.077840 0.163588
vt 0.061423 0.161651
vt 0.925251 0.167482
vt 0.924635 0.167482
vt 0.885592 0.306069
vt 0.924635 0.306069
vt 0.924824 0.307263
vt 0.885025 0.307263
vt 0.859591 0.167482
vt 0.885591 0.167482
vt 0.940864 0.306069
vt 0.926525 0.307263
vt 0.926304 0.306069
vt 0.941367 0.307263
vt 0.926304 0.167482
vt 0.941991 0.306069
vt 0.942516 0.307263
vt 0.856988 0.299531
vt 0.856988 0.170440
vt 0.858086 0.171843
vt 0.858086 0.298483
vt 0.964769 0.265864
vt 0.964769 0.299531
vt 0.963821 0.298483
vt 0.963821 0.265456
vt 0.962908 0.167482
vt 0.933855 0.167482
vt 0.859591 0.306069
vt 0.858522 0.307263
vt 0.858086 0.305375
vt 0.856988 0.302561
vt 0.858086 0.301456
vt 0.856988 0.306555
vt 0.963821 0.305375
vt 0.963821 0.301456
vt 0.964769 0.302561
vt 0.964769 0.306555
vt 0.858086 0.300617
vt 0.856988 0.301706
vt 0.964769 0.301706
vt 0.963821 0.300617
vt 0.942947 0.306069
vt 0.943490 0.307263
vt 0.858030 0.306111
vt 0.856930 0.307306
vt 0.963877 0.306111
vt 0.964826 0.307306
vt 0.858030 0.167440
vt 0.858999 0.167482
vt 0.857918 0.307263
vt 0.858999 0.306069
vt 0.963877 0.167440
vt 0.963838 0.307263
vt 0.962908 0.306069
vt 0.856988 0.167192
vt 0.858086 0.168657
vt 0.964769 0.167192
vt 0.963821 0.168657
vt 0.931772 0.167482
vt 0.932899 0.167482
vt 0.925452 0.307263
vt 0.925251 0.306069
vt 0.964769 0.170440
vt 0.963821 0.171843
vt 0.859702 0.272456
vt 0.855676 0.273072
vt 0.855676 0.272456
vt 0.859702 0.273072
vt 0.924635 0.302829
vt 0.885592 0.302829
vt 0.859702 0.312116
vt 0.855676 0.338116
vt 0.855676 0.312116
vt 0.859702 0.338116
vt 0.926304 0.302829
vt 0.940864 0.302829
vt 0.859702 0.271404
vt 0.855676 0.271404
vt 0.941991 0.302829
vt 0.968730 0.051949
vt 0.968730 0.220203
vt 0.963815 0.220205
vt 0.963815 0.051950
vt 0.963815 0.240434
vt 0.968730 0.284118
vt 0.963815 0.284109
vt 0.968730 0.240444
vt 0.859702 0.234799
vt 0.855676 0.263852
vt 0.855676 0.234799
vt 0.859702 0.263852
vt 0.859591 0.302829
vt 0.968730 0.224153
vt 0.968730 0.229359
vt 0.963815 0.229361
vt 0.963815 0.224154
vt 0.963815 0.231321
vt 0.968730 0.231331
vt 0.963815 0.236504
vt 0.968730 0.236513
vt 0.968730 0.223039
vt 0.963815 0.223040
vt 0.963815 0.237612
vt 0.968730 0.237622
vt 0.942947 0.302829
vt 0.968731 0.230340
vt 0.963816 0.230341
vt 0.963816 0.230341
vt 0.968731 0.230351
vt 0.859702 0.338708
vt 0.855644 0.339677
vt 0.855676 0.338708
vt 0.859670 0.339677
vt 0.858030 0.302872
vt 0.858999 0.302829
vt 0.859670 0.233830
vt 0.855644 0.233830
vt 0.962908 0.302829
vt 0.963877 0.302872
vt 0.968730 0.047715
vt 0.963815 0.047716
vt 0.968731 0.046101
vt 0.963816 0.046102
vt 0.963815 0.412115
vt 0.968730 0.412124
vt 0.963816 0.413718
vt 0.968731 0.413727
vt 0.859702 0.265935
vt 0.855676 0.265935
vt 0.859702 0.264808
vt 0.855676 0.264808
vt 0.925251 0.302829
vt 0.968730 0.407910
vt 0.963815 0.407901
vt 0.606584 0.953997
vt 0.606957 0.954010
vt 0.348474 0.957526
vt 0.548249 0.905501
vt 0.548249 0.959900
vt 0.289906 0.956902
vt 0.258728 0.988926
vt 0.236230 0.988659
vt 0.603050 0.961663
vt 0.603417 0.961601
vt 0.015558 0.666433
vt 0.073506 0.446272
vt 0.065430 0.527157
vt 0.065934 0.446519
vt 0.203412 0.506460
vt 0.216066 0.574027
vt 0.203348 0.574017
vt 0.508499 0.771924
vt 0.257513 0.781496
vt 0.603715 0.961569
vt 0.603582 0.961574
vt 0.258211 0.780792
vt 0.323719 0.779089
vt 0.550635 0.770972
vt 0.540494 0.771365
vt 0.550635 0.697664
vt 0.603417 0.959832
vt 0.093533 0.445622
vt 0.170437 0.527789
vt 0.093022 0.527323
vt 0.194143 0.573723
vt 0.295885 0.738430
vt 0.289906 0.738432
vt 0.048820 0.527057
vt 0.081035 0.527251
vt 0.232593 0.574023
vt 0.225546 0.505626
vt 0.232671 0.505349
vt 0.185356 0.573725
vt 0.187588 0.507061
vt 0.182293 0.573844
vt 0.136568 0.573856
vt 0.182322 0.507266
vt 0.342962 0.874757
vt 0.329712 0.871231
vt 0.327153 0.794847
vt 0.256531 0.956433
vt 0.231518 0.738446
vt 0.300481 0.956902
vt 0.289906 0.989297
vt 0.015381 0.456159
vt 0.015473 0.456503
vt 0.603758 0.959835
vt 0.226664 0.441294
vt 0.033033 0.446815
vt 0.900390 0.896484
vt 0.000000 0.000000
s 1
f 2126/1/1 2334/2/1 2127/3/1
f 2334/2/1 2126/1/1 2333/4/1
f 2595/5/2 286/6/2 268/7/2
f 286/6/2 2595/5/2 2606/8/2
f 629/9/3 621/10/3 622/11/3
f 621/10/3 629/9/3 630/12/3
f 557/13/4 270/14/4 445/15/4
f 270/14/4 557/13/4 542/16/4
f 2079/17/5 2080/18/5 897/19/5
f 619/20/5 620/21/5 596/22/5
f 595/23/5 596/22/5 620/21/5
f 214/24/6 895/25/6 900/26/6
f 895/25/6 214/24/6 75/27/6
f 2356/28/1 2011/29/1 2012/30/1
f 2012/30/1 2357/31/1 2356/28/1
f 128/32/7 739/33/7 219/34/7
f 739/33/7 128/32/7 714/35/7
f 786/36/2 816/37/2 817/38/2
f 786/36/2 817/38/2 785/39/2
f 150/40/2 151/41/2 224/42/2
f 224/42/2 223/43/2 150/40/2
f 616/44/8 614/45/8 615/46/8
f 614/45/8 616/44/8 613/47/8
f 617/48/6 618/49/6 599/50/6
f 617/48/6 599/50/6 600/51/6
f 724/52/9 568/53/9 569/54/9
f 568/53/9 724/52/9 741/55/9
f 275/56/4 272/57/4 446/58/4
f 275/56/4 446/58/4 447/59/4
f 2102/60/5 1988/61/5 1989/62/5
f 1988/61/5 2102/60/5 2103/63/5
f 908/64/6 1221/65/6 1234/66/6
f 1221/65/6 908/64/6 912/67/6
f 1249/68/9 917/69/9 918/70/9
f 1249/68/9 918/70/9 1250/71/9
f 133/72/9 902/73/9 765/74/9
f 902/73/9 133/72/9 716/75/9
f 788/76/4 274/77/4 273/78/4
f 273/78/4 813/79/4 788/76/4
f 154/80/4 471/81/4 153/82/4
f 471/81/4 154/80/4 470/83/4
f 108/84/2 218/85/2 107/86/2
f 218/85/2 108/84/2 210/87/2
f 97/88/2 216/89/2 96/90/2
f 216/89/2 97/88/2 217/91/2
f 608/92/3 610/93/3 607/94/3
f 610/93/3 608/92/3 609/95/3
f 255/96/10 438/97/10 266/98/10
f 266/98/10 438/97/10 443/99/10
f 2595/5/2 254/100/2 2596/101/2
f 254/100/2 2595/5/2 268/7/2
f 143/102/10 142/103/10 148/104/10
f 148/104/10 142/103/10 149/105/10
f 727/106/10 124/107/10 112/108/10
f 124/107/10 727/106/10 712/109/10
f 784/110/1 783/111/1 800/112/1
f 800/112/1 783/111/1 801/113/1
f 116/114/7 709/115/7 128/32/7
f 128/32/7 709/115/7 714/35/7
f 786/36/2 777/116/2 778/117/2
f 777/116/2 786/36/2 785/39/2
f 151/41/2 150/40/2 143/102/11
f 143/102/11 150/40/2 142/103/2
f 581/118/6 593/119/6 582/120/6
f 593/119/6 581/118/6 594/121/6
f 597/122/5 585/123/5 598/124/5
f 585/123/5 597/122/5 586/125/5
f 585/123/5 586/125/5 595/23/5
f 595/23/5 586/125/5 596/22/5
f 600/51/6 599/50/6 581/118/6
f 581/118/6 582/120/6 600/51/6
f 893/126/6 74/127/6 899/128/6
f 74/127/6 893/126/6 67/129/6
f 909/130/6 1219/131/6 1212/132/6
f 1219/131/6 909/130/6 906/133/6
f 67/129/6 893/126/6 75/27/6
f 895/25/6 75/27/6 893/126/6
f 909/130/6 1212/132/6 912/67/6
f 1221/65/6 912/67/6 1212/132/6
f 91/134/10 90/135/10 94/136/10
f 94/136/10 90/135/10 95/137/10
f 100/138/10 99/139/10 104/140/10
f 104/140/10 99/139/10 105/141/10
f 108/84/2 107/86/2 100/138/2
f 100/138/2 107/86/2 99/139/2
f 97/88/2 96/90/2 91/134/11
f 91/134/11 96/90/2 90/135/11
f 445/15/4 270/14/4 442/142/4
f 442/142/4 270/14/4 264/143/4
f 2056/144/5 2057/145/5 2079/17/5
f 2079/17/5 2057/145/5 2080/18/5
f 270/14/4 787/146/4 264/143/4
f 264/143/4 787/146/4 782/147/4
f 152/148/4 469/149/4 147/150/4
f 147/150/4 469/149/4 467/151/4
f 1966/152/1 1965/153/1 2357/31/1
f 2356/28/1 2357/31/1 1965/153/1
f 210/154/2 49/155/2 212/156/2
f 64/157/2 212/156/2 49/155/2
f 211/158/2 2805/159/2 50/160/2
f 213/161/2 2805/159/2 2801/162/2
f 560/163/4 66/164/4 469/149/4
f 66/164/4 560/163/4 514/165/4
f 603/166/3 592/167/3 604/168/3
f 592/167/3 603/166/3 591/169/3
f 560/163/4 469/149/4 530/170/4
f 152/148/4 530/170/4 469/149/4
f 53/171/10 25/172/10 63/173/10
f 63/173/10 25/172/10 48/174/10
f 465/175/10 54/176/10 464/177/10
f 464/177/10 54/176/10 62/178/10
f 468/179/2 65/180/2 465/175/2
f 465/175/2 65/180/2 54/176/11
f 49/155/2 53/171/11 64/157/2
f 53/171/11 49/155/2 25/172/2
f 467/151/4 469/149/4 66/164/4
f 467/151/4 66/164/4 61/181/4
f 272/57/4 265/182/4 442/142/4
f 272/57/4 442/142/4 446/58/4
f 447/59/4 274/77/4 440/183/4
f 440/183/4 274/77/4 258/184/4
f 2033/185/5 2103/63/5 2102/60/5
f 2103/63/5 2033/185/5 2034/186/5
f 1989/62/5 1988/61/5 2056/144/5
f 2056/144/5 1988/61/5 2057/145/5
f 202/187/6 34/188/6 75/27/6
f 75/27/6 214/24/6 202/187/6
f 119/189/9 716/75/9 133/72/9
f 716/75/9 119/189/9 710/190/9
f 274/77/4 788/76/4 258/184/4
f 258/184/4 788/76/4 779/191/4
f 153/82/4 471/81/4 144/192/4
f 144/192/4 471/81/4 466/193/4
f 467/151/4 154/80/4 147/150/4
f 154/80/4 467/151/4 470/83/4
f 1/194/6 74/127/6 67/129/6
f 74/127/6 1/194/6 32/195/6
f 75/27/6 34/188/6 67/129/6
f 67/129/6 34/188/6 1/194/6
f 466/193/4 471/81/4 56/196/4
f 471/81/4 76/197/4 56/196/4
f 2607/198/3 263/199/3 2597/200/3
f 263/199/3 2607/198/3 1238/201/3
f 1210/202/5 1235/203/5 39/204/5
f 39/204/5 1235/203/5 205/205/5
f 1236/206/6 40/207/6 206/208/6
f 40/207/6 1236/206/6 1222/209/6
f 1232/210/8 1233/211/8 140/212/8
f 140/212/8 1233/211/8 141/213/8
f 1251/214/9 806/215/9 805/216/9
f 806/215/9 1251/214/9 1252/217/9
f 88/218/3 1224/219/3 1225/220/3
f 88/218/3 1225/220/3 89/221/3
f 1226/222/3 1227/223/3 30/224/3
f 30/224/3 1227/223/3 103/225/3
f 1209/226/6 37/227/6 1213/228/6
f 12/229/6 1213/228/6 37/227/6
f 1205/230/5 38/231/5 1220/232/5
f 38/231/5 1205/230/5 11/233/5
f 1210/202/5 11/233/5 1205/230/5
f 11/233/5 1210/202/5 39/204/5
f 1213/228/6 12/229/6 1222/209/6
f 40/207/6 1222/209/6 12/229/6
f 463/234/3 1242/235/3 59/236/3
f 1242/235/3 1211/237/3 59/236/3
f 30/238/3 60/239/3 1223/240/3
f 1223/240/3 1218/241/3 30/238/3
f 211/158/2 50/160/2 96/90/2
f 96/90/2 216/89/2 211/158/2
f 209/242/2 97/88/2 46/243/2
f 97/88/2 209/242/2 217/91/2
f 590/244/12 605/245/3 589/246/12
f 605/245/3 590/244/12 606/247/3
f 90/135/10 26/248/10 95/137/10
f 95/137/10 26/248/10 47/249/10
f 17/250/10 91/134/10 41/251/10
f 41/251/10 91/134/10 94/136/10
f 46/243/2 97/88/2 17/250/2
f 17/250/2 97/88/2 91/134/11
f 96/90/2 50/160/2 90/135/11
f 90/135/11 50/160/2 26/248/11
f 21/252/12 1207/253/12 1224/219/3
f 21/252/12 1224/219/3 88/218/3
f 89/221/3 1225/220/3 29/254/3
f 1225/220/3 1208/255/3 29/254/3
f 1179/256/7 1177/257/7 44/258/7
f 1179/256/7 44/258/7 207/259/7
f 208/260/2 45/261/2 218/85/2
f 107/86/2 218/85/2 45/261/2
f 210/154/2 108/84/2 49/155/2
f 1178/262/3 675/263/13 1184/264/3
f 675/263/13 1178/262/3 71/265/13
f 520/266/3 573/267/14 490/268/15
f 520/266/3 490/268/15 567/269/13
f 591/270/3 607/94/3 592/271/3
f 607/94/3 591/270/3 608/92/3
f 1317/272/3 911/273/13 1216/274/13
f 911/273/13 1317/272/3 1185/275/3
f 99/139/10 16/276/10 105/141/10
f 105/141/10 16/276/10 42/277/10
f 25/172/10 100/138/10 48/174/10
f 48/174/10 100/138/10 104/140/10
f 1173/278/1 43/279/1 1175/280/1
f 1175/280/1 43/279/1 15/281/1
f 1175/280/16 15/281/7 1177/257/7
f 1177/257/7 15/281/7 44/258/7
f 49/155/2 108/84/2 25/172/2
f 25/172/2 108/84/2 100/138/2
f 107/86/2 45/261/2 99/139/2
f 99/139/2 45/261/2 16/276/2
f 18/282/17 1178/262/3 1176/283/3
f 1178/262/3 18/282/17 71/265/13
f 30/284/3 1218/285/3 1226/222/3
f 103/225/3 1227/223/3 22/286/13
f 1227/223/3 1217/287/13 22/286/13
f 44/258/7 219/34/7 207/259/7
f 219/34/7 44/258/7 128/32/7
f 129/288/7 202/289/7 220/290/7
f 202/289/7 129/288/7 34/291/7
f 130/292/2 221/293/2 204/294/2
f 130/292/2 204/294/2 36/295/2
f 45/261/2 208/260/2 222/296/2
f 45/261/2 222/296/2 131/297/2
f 907/298/9 1228/299/9 911/273/13
f 1216/274/13 911/273/13 1228/299/9
f 134/300/9 894/301/9 896/302/9
f 894/301/9 134/300/9 70/303/9
f 493/304/4 51/305/4 525/306/4
f 132/307/4 525/306/4 51/305/4
f 573/267/14 574/308/18 566/309/18
f 566/309/18 490/268/15 573/267/14
f 612/310/9 611/311/9 583/312/9
f 612/310/9 583/312/9 584/313/9
f 913/314/9 1214/315/9 1229/316/9
f 1214/315/9 913/314/9 910/317/9
f 133/72/9 765/74/9 71/265/13
f 675/263/13 71/265/13 765/74/9
f 135/318/4 136/319/4 72/320/4
f 135/318/4 72/320/4 73/321/4
f 111/322/10 2/323/10 125/324/10
f 125/324/10 2/323/10 31/325/10
f 16/276/10 112/108/10 42/277/10
f 42/277/10 112/108/10 124/107/10
f 43/279/1 127/326/1 15/281/1
f 15/281/1 127/326/1 116/114/1
f 126/327/1 32/328/1 117/329/1
f 117/329/1 32/328/1 1/330/1
f 117/329/16 1/330/16 129/288/7
f 129/288/7 1/330/16 34/291/7
f 15/281/7 116/114/7 44/258/7
f 44/258/7 116/114/7 128/32/7
f 45/261/2 112/108/2 16/276/2
f 112/108/2 45/261/2 131/297/2
f 130/292/2 2/323/11 111/322/2
f 2/323/11 130/292/2 36/295/2
f 51/305/4 123/331/4 132/307/4
f 123/331/4 51/305/4 23/332/4
f 120/333/9 70/303/9 134/300/9
f 70/303/9 120/333/9 8/334/9
f 71/265/13 18/282/17 133/72/9
f 18/282/17 119/189/9 133/72/9
f 135/318/4 73/321/4 113/335/4
f 113/335/4 73/321/4 4/336/4
f 23/332/4 136/319/4 123/331/4
f 136/319/4 23/332/4 72/320/4
f 1217/287/13 121/337/9 22/286/13
f 121/337/9 1217/287/13 1230/338/9
f 122/339/9 1231/340/9 14/341/9
f 1231/340/9 1215/342/9 14/341/9
f 2012/30/1 2011/29/1 2033/343/1
f 2034/344/1 2033/343/1 2011/29/1
f 223/43/2 46/243/2 150/40/2
f 46/243/2 223/43/2 209/242/2
f 203/345/2 151/41/2 35/346/2
f 151/41/2 203/345/2 224/42/2
f 588/347/8 615/46/8 587/348/8
f 615/46/8 588/347/8 616/44/8
f 613/47/8 589/246/12 614/45/8
f 589/246/12 613/47/8 590/244/12
f 530/170/4 152/148/4 486/349/4
f 52/350/4 486/349/4 152/148/4
f 68/351/4 69/352/4 154/80/4
f 68/351/4 154/80/4 153/82/4
f 17/250/10 149/105/10 142/103/10
f 149/105/10 17/250/10 41/251/10
f 3/353/10 143/102/10 33/354/10
f 33/354/10 143/102/10 148/104/10
f 35/346/2 151/41/2 3/353/2
f 3/353/2 151/41/2 143/102/11
f 150/40/2 46/243/2 142/103/2
f 142/103/2 46/243/2 17/250/2
f 24/355/4 52/350/4 152/148/4
f 24/355/4 152/148/4 147/150/4
f 6/356/4 68/351/4 153/82/4
f 6/356/4 153/82/4 144/192/4
f 69/352/4 24/355/4 147/150/4
f 69/352/4 147/150/4 154/80/4
f 13/357/8 1206/358/8 1232/210/8
f 13/357/8 1232/210/8 140/212/8
f 141/213/8 1207/253/12 21/252/12
f 1207/253/12 141/213/8 1233/211/8
f 449/359/10 277/360/10 439/361/10
f 439/361/10 277/360/10 257/362/10
f 440/363/1 279/364/1 259/365/1
f 279/364/1 440/363/1 450/366/1
f 172/367/10 472/368/10 139/369/10
f 139/369/10 472/368/10 462/370/10
f 277/360/10 791/371/10 257/362/10
f 257/362/10 791/371/10 802/372/10
f 162/373/6 493/374/6 532/375/6
f 493/374/6 162/373/6 51/376/6
f 486/377/5 163/378/5 531/379/5
f 163/378/5 486/377/5 52/380/5
f 166/381/6 167/382/6 73/383/6
f 166/381/6 73/383/6 72/384/6
f 69/385/5 68/386/5 168/387/5
f 69/385/5 168/387/5 169/388/5
f 162/373/6 160/389/6 23/390/6
f 162/373/6 23/390/6 51/376/6
f 52/380/5 24/391/5 161/392/5
f 52/380/5 161/392/5 163/378/5
f 462/370/10 472/368/10 55/393/10
f 472/368/10 164/394/10 55/393/10
f 144/395/1 466/396/1 173/397/1
f 173/397/1 466/396/1 473/398/1
f 166/381/6 72/384/6 160/389/6
f 160/389/6 72/384/6 23/390/6
f 4/399/6 167/382/6 157/400/6
f 167/382/6 4/399/6 73/383/6
f 68/386/5 6/401/5 159/402/5
f 68/386/5 159/402/5 168/387/5
f 24/391/5 69/385/5 169/388/5
f 24/391/5 169/388/5 161/392/5
f 118/403/10 170/404/10 5/405/10
f 170/404/10 156/406/10 5/405/10
f 113/407/1 157/408/1 171/409/1
f 157/408/1 113/407/1 4/410/1
f 7/411/10 158/412/10 139/369/10
f 158/412/10 172/367/10 139/369/10
f 6/413/1 173/397/1 159/414/1
f 173/397/1 6/413/1 144/395/1
f 145/415/8 146/416/8 197/417/8
f 197/417/8 198/418/8 145/415/8
f 2598/419/3 281/420/3 260/421/3
f 281/420/3 2598/419/3 2608/422/3
f 283/423/4 256/424/4 439/425/4
f 283/423/4 439/425/4 452/426/4
f 203/427/5 35/428/5 186/429/5
f 186/429/5 225/430/5 203/427/5
f 187/431/6 204/432/6 226/433/6
f 204/432/6 187/431/6 36/434/6
f 793/435/9 792/436/9 781/437/9
f 792/436/9 780/438/9 781/437/9
f 93/439/3 191/440/3 92/441/3
f 191/440/3 192/442/3 92/441/3
f 101/443/3 27/444/3 183/445/3
f 183/445/3 193/446/3 101/443/3
f 184/447/6 31/448/6 178/449/6
f 2/450/6 178/449/6 31/448/6
f 174/451/5 3/452/5 185/453/5
f 33/454/5 185/453/5 3/452/5
f 186/429/5 35/428/5 174/451/5
f 3/452/5 174/451/5 35/428/5
f 36/434/6 187/431/6 178/449/6
f 36/434/6 178/449/6 2/450/6
f 27/455/3 57/456/3 189/457/3
f 189/457/3 183/458/3 27/455/3
f 139/459/4 462/460/4 199/461/4
f 199/461/4 462/460/4 474/462/4
f 20/463/19 177/464/12 93/439/3
f 177/464/12 191/440/3 93/439/3
f 92/441/3 192/442/3 28/465/3
f 192/442/3 182/466/3 28/465/3
f 101/443/3 193/446/3 19/467/17
f 193/446/3 181/468/13 19/467/17
f 118/469/4 175/470/4 194/471/4
f 175/470/4 118/469/4 5/472/4
f 181/468/13 195/473/9 19/467/17
f 19/467/17 195/473/9 115/474/9
f 196/475/9 180/476/9 114/477/9
f 114/477/9 180/476/9 10/478/9
f 9/479/8 176/480/8 146/416/8
f 176/480/8 197/417/8 146/416/8
f 145/415/8 198/418/8 20/463/19
f 198/418/8 177/464/12 20/463/19
f 7/481/4 199/461/4 179/482/4
f 199/461/4 7/481/4 139/459/4
f 175/483/6 5/484/6 200/485/6
f 156/486/6 200/485/6 5/484/6
f 201/487/5 158/488/5 179/489/5
f 7/481/5 179/489/5 158/488/5
f 908/64/6 1234/66/6 910/490/6
f 1214/491/6 910/490/6 1234/66/6
f 584/492/6 583/493/6 618/49/6
f 618/49/6 617/48/6 584/492/6
f 804/494/7 803/495/7 795/496/7
f 795/496/7 794/497/7 804/494/7
f 720/498/2 222/296/2 728/499/2
f 115/474/2 728/499/2 222/296/2
f 146/416/20 223/43/2 224/42/2
f 223/43/2 146/416/20 145/415/2
f 588/500/5 587/501/5 619/20/5
f 620/21/5 619/20/5 587/501/5
f 214/24/6 900/26/6 70/502/6
f 894/503/6 70/502/6 900/26/6
f 210/87/2 101/443/2 218/85/2
f 101/443/2 210/87/2 27/444/2
f 217/91/2 92/441/2 216/89/2
f 92/441/2 217/91/2 93/439/20
f 57/456/2 210/154/2 212/156/2
f 210/154/2 57/456/2 27/455/2
f 2801/162/2 58/504/2 213/161/2
f 2801/162/3 182/466/3 2808/505/3
f 202/187/6 214/24/6 8/506/6
f 70/502/6 8/506/6 214/24/6
f 1206/507/5 205/205/5 1235/203/5
f 205/205/5 1206/507/5 13/508/5
f 1215/509/6 206/208/6 14/510/6
f 206/208/6 1215/509/6 1236/206/6
f 92/441/2 211/158/2 216/89/2
f 211/158/2 92/441/2 28/465/2
f 20/463/2 217/91/2 209/242/2
f 217/91/2 20/463/2 93/439/20
f 1176/511/7 1179/256/7 18/512/7
f 1179/256/7 207/259/7 18/512/7
f 101/443/2 208/260/2 218/85/2
f 208/260/2 101/443/2 19/467/2
f 119/513/7 18/512/7 207/259/7
f 207/259/7 219/34/7 119/513/7
f 8/514/7 120/515/16 220/290/7
f 220/290/7 202/289/7 8/514/7
f 114/477/20 10/478/2 221/293/2
f 10/478/2 204/294/2 221/293/2
f 19/467/2 115/474/2 208/260/2
f 115/474/2 222/296/2 208/260/2
f 145/415/2 209/242/2 223/43/2
f 209/242/2 145/415/2 20/463/2
f 9/479/2 224/42/2 203/345/2
f 224/42/2 9/479/2 146/416/20
f 203/427/5 225/430/5 9/516/5
f 9/516/5 225/430/5 176/517/5
f 10/518/6 180/519/6 226/433/6
f 226/433/6 204/432/6 10/518/6
f 1384/520/10 458/521/10 1342/522/10
f 403/523/10 1342/522/10 458/521/10
f 460/524/10 431/525/10 449/359/10
f 449/359/10 431/525/10 277/360/10
f 459/526/1 1343/527/1 1385/528/1
f 1343/527/1 459/526/1 405/529/1
f 433/530/1 279/364/1 450/366/1
f 433/530/1 450/366/1 461/531/1
f 537/532/6 229/533/6 423/534/6
f 537/532/6 423/534/6 554/535/6
f 898/536/5 245/537/5 395/538/5
f 245/537/5 898/536/5 897/19/5
f 897/19/5 552/539/5 538/540/5
f 552/539/5 897/19/5 898/536/5
f 400/541/10 475/542/10 251/543/10
f 475/542/10 400/541/10 480/544/10
f 431/525/10 818/545/10 797/546/10
f 818/545/10 431/525/10 287/547/10
f 405/529/1 819/548/1 796/549/1
f 819/548/1 405/529/1 291/550/1
f 428/551/1 477/552/1 237/553/1
f 477/552/1 428/551/1 483/554/1
f 551/555/6 229/533/6 537/532/6
f 229/533/6 551/555/6 384/556/6
f 553/557/5 414/558/5 897/19/5
f 553/557/5 897/19/5 538/540/5
f 897/19/5 414/558/5 244/559/5
f 386/560/6 232/561/6 397/562/6
f 397/562/6 232/561/6 247/563/6
f 232/561/6 425/564/6 247/563/6
f 247/563/6 425/564/6 416/565/6
f 233/566/5 249/567/5 398/568/5
f 233/566/5 398/568/5 387/569/5
f 426/570/5 417/571/5 248/572/5
f 426/570/5 248/572/5 234/573/5
f 383/574/6 229/533/6 384/556/6
f 229/533/6 383/574/6 228/575/6
f 422/576/6 229/533/6 228/575/6
f 229/533/6 422/576/6 423/534/6
f 245/537/5 243/577/5 394/578/5
f 245/537/5 394/578/5 395/538/5
f 414/558/5 413/579/5 242/580/5
f 414/558/5 242/580/5 244/559/5
f 246/581/10 415/582/10 475/542/10
f 482/583/10 475/542/10 415/582/10
f 481/584/1 476/585/1 385/586/1
f 476/585/1 230/587/1 385/586/1
f 397/562/6 228/575/6 383/574/6
f 228/575/6 397/562/6 247/563/6
f 247/563/6 422/576/6 228/575/6
f 422/576/6 247/563/6 416/565/6
f 382/588/6 227/589/6 386/560/6
f 386/560/6 227/589/6 232/561/6
f 421/590/6 232/561/6 227/589/6
f 232/561/6 421/590/6 425/564/6
f 393/591/5 249/567/5 241/592/5
f 249/567/5 393/591/5 398/568/5
f 417/571/5 412/593/5 240/594/5
f 417/571/5 240/594/5 248/572/5
f 233/566/5 394/578/5 243/577/5
f 394/578/5 233/566/5 387/569/5
f 413/579/5 426/570/5 234/573/5
f 413/579/5 234/573/5 242/580/5
f 235/595/10 391/596/10 238/597/10
f 391/596/10 235/595/10 388/598/10
f 238/597/10 410/599/10 235/595/10
f 427/600/10 235/595/10 410/599/10
f 227/601/1 399/602/1 250/603/1
f 399/602/1 227/601/1 382/604/1
f 250/603/1 421/605/1 227/601/1
f 421/605/1 250/603/1 418/606/1
f 392/607/10 251/543/10 239/608/10
f 251/543/10 392/607/10 400/541/10
f 251/543/10 419/609/10 239/608/10
f 411/610/10 239/608/10 419/609/10
f 393/611/1 236/612/1 389/613/1
f 236/612/1 393/611/1 241/614/1
f 412/615/1 237/553/1 240/616/1
f 237/553/1 412/615/1 428/551/1
f 401/617/6 252/618/6 391/619/6
f 391/619/6 252/618/6 238/620/6
f 252/618/6 420/621/6 238/620/6
f 238/620/6 420/621/6 410/622/6
f 429/623/5 253/624/5 411/625/5
f 411/625/5 253/624/5 239/626/5
f 253/624/5 390/627/5 239/626/5
f 239/626/5 390/627/5 392/628/5
f 2195/629/21 2218/630/21 2219/631/21
f 2219/631/21 2194/632/21 2195/629/21
f 338/633/2 213/634/2 285/635/2
f 338/633/2 285/635/2 337/636/2
f 286/6/2 212/156/2 268/7/2
f 268/7/2 212/156/2 64/157/2
f 625/637/3 627/638/3 628/639/3
f 627/638/3 625/637/3 626/640/3
f 603/166/3 604/168/3 623/641/3
f 624/642/3 623/641/3 604/168/3
f 550/643/4 339/644/4 340/645/4
f 339/644/4 550/643/4 547/646/4
f 322/647/4 323/648/4 342/649/4
f 342/649/4 323/648/4 341/650/4
f 254/100/10 53/171/10 267/651/10
f 267/651/10 53/171/10 63/173/10
f 332/652/10 331/653/10 320/654/10
f 320/654/10 331/653/10 321/655/10
f 338/633/2 337/636/2 332/652/2
f 332/652/2 337/636/2 331/653/2
f 268/7/2 64/157/2 254/100/2
f 254/100/2 64/157/2 53/171/11
f 340/645/4 339/644/4 336/656/4
f 336/656/4 339/644/4 335/657/4
f 336/656/4 335/657/4 322/647/4
f 322/647/4 335/657/4 323/648/4
f 342/649/4 341/650/4 334/658/4
f 334/658/4 341/650/4 333/659/4
f 1239/660/3 1240/661/3 318/662/3
f 318/662/3 1240/661/3 319/663/3
f 60/239/3 263/199/3 1238/201/3
f 1238/201/3 1223/240/3 60/239/3
f 345/664/10 344/665/10 316/666/10
f 316/666/10 344/665/10 317/667/10
f 334/668/1 333/669/1 324/670/1
f 324/670/1 333/669/1 325/671/1
f 188/672/3 346/673/3 58/674/3
f 58/674/3 346/673/3 261/675/3
f 189/457/3 260/421/3 281/420/3
f 260/421/3 189/457/3 57/456/3
f 316/676/4 317/677/4 326/678/4
f 326/678/4 317/677/4 327/679/4
f 260/421/2 57/456/2 286/6/2
f 286/6/2 57/456/2 212/156/2
f 58/680/2 261/681/2 213/634/2
f 213/634/2 261/681/2 285/635/2
f 402/682/10 1366/683/10 820/684/10
f 1366/683/10 1394/685/10 820/684/10
f 347/686/10 406/687/10 407/688/10
f 347/686/10 407/688/10 328/689/10
f 434/690/10 344/665/10 345/664/10
f 344/665/10 434/690/10 435/691/10
f 1369/692/1 409/693/1 1345/694/1
f 409/693/1 1369/692/1 408/695/1
f 436/696/1 437/697/1 329/698/1
f 329/698/1 437/697/1 330/699/1
f 2264/700/22 2265/701/22 2240/702/23
f 2264/700/22 2240/702/23 2241/703/22
f 375/704/24 376/705/24 377/706/24
f 377/706/24 374/707/24 375/704/24
f 2286/708/25 2287/709/26 2310/710/26
f 2286/708/25 2310/710/26 2311/711/26
f 379/712/27 381/713/27 378/714/27
f 381/713/27 379/712/27 380/715/27
f 290/716/1 456/717/1 310/718/1
f 456/717/1 290/716/1 455/719/1
f 291/550/1 454/720/1 457/721/1
f 307/722/5 245/537/5 897/19/5
f 300/723/1 476/585/1 236/612/1
f 476/585/1 300/723/1 478/724/1
f 298/725/5 309/726/5 249/567/5
f 298/725/5 249/567/5 233/566/5
f 234/573/5 248/572/5 308/727/5
f 234/573/5 308/727/5 299/728/5
f 307/722/5 305/729/5 243/577/5
f 307/722/5 243/577/5 245/537/5
f 244/559/5 242/580/5 304/730/5
f 244/559/5 304/730/5 306/731/5
f 476/585/1 478/724/1 230/587/1
f 478/724/1 296/732/1 230/587/1
f 237/553/1 477/552/1 301/733/1
f 301/733/1 477/552/1 479/734/1
f 303/735/5 241/592/5 309/726/5
f 309/726/5 241/592/5 249/567/5
f 248/572/5 240/594/5 302/736/5
f 248/572/5 302/736/5 308/727/5
f 298/725/5 243/577/5 305/729/5
f 243/577/5 298/725/5 233/566/5
f 242/580/5 234/573/5 299/728/5
f 242/580/5 299/728/5 304/730/5
f 241/614/1 300/723/1 236/612/1
f 300/723/1 241/614/1 303/737/1
f 240/616/1 301/733/1 302/738/1
f 301/733/1 240/616/1 237/553/1
f 350/739/28 351/740/28 354/741/29
f 354/741/29 351/740/28 355/742/29
f 360/743/22 361/744/22 366/745/22
f 366/745/22 361/744/22 367/746/30
f 358/747/22 369/748/22 359/749/22
f 369/748/22 368/750/31 359/749/22
f 365/751/26 371/752/32 370/753/26
f 370/753/26 364/754/26 365/751/26
f 372/755/33 363/756/26 373/757/26
f 373/757/26 363/756/26 362/758/26
f 2171/759/21 2195/629/21 2194/632/21
f 2195/629/21 2171/759/21 2172/760/21
f 65/180/2 213/634/2 338/633/2
f 337/636/2 285/761/2 269/762/2
f 601/763/3 625/637/3 602/764/3
f 625/637/3 601/763/3 626/640/3
f 541/765/4 271/766/4 547/646/4
f 339/644/4 547/646/4 271/766/4
f 622/11/3 621/10/3 627/638/3
f 628/639/3 627/638/3 621/10/3
f 514/165/4 340/645/4 66/164/4
f 340/645/4 514/165/4 550/643/4
f 76/197/4 77/767/4 322/647/4
f 76/197/4 322/647/4 342/649/4
f 272/57/4 341/650/4 323/648/4
f 341/650/4 272/57/4 275/56/4
f 54/176/10 332/652/10 62/178/10
f 62/178/10 332/652/10 320/654/10
f 331/653/10 255/96/10 321/655/10
f 321/655/10 255/96/10 266/98/10
f 65/180/2 338/633/2 54/176/11
f 54/176/11 338/633/2 332/652/2
f 337/636/2 269/762/2 331/653/2
f 331/653/2 269/762/2 255/96/2
f 61/181/4 66/164/4 340/645/4
f 61/181/4 340/645/4 336/656/4
f 271/766/4 335/657/4 339/644/4
f 335/657/4 271/766/4 265/182/4
f 77/767/4 61/181/4 336/656/4
f 77/767/4 336/656/4 322/647/4
f 335/657/4 265/182/4 323/648/4
f 323/648/4 265/182/4 272/57/4
f 56/196/4 76/197/4 342/649/4
f 56/196/4 342/649/4 334/658/4
f 275/56/4 333/659/4 341/650/4
f 333/659/4 275/56/4 259/768/4
f 59/236/3 1211/237/3 1239/660/3
f 59/236/3 1239/660/3 318/662/3
f 319/663/3 1240/661/3 262/769/3
f 1240/661/3 1237/770/3 262/769/3
f 55/393/10 164/394/10 345/664/10
f 55/393/10 345/664/10 316/666/10
f 278/771/10 317/667/10 344/665/10
f 317/667/10 278/771/10 256/772/10
f 165/773/1 56/774/1 334/668/1
f 165/773/1 334/668/1 324/670/1
f 333/669/1 259/365/1 325/671/1
f 325/671/1 259/365/1 279/364/1
f 346/673/3 282/775/3 261/675/3
f 190/776/4 55/777/4 316/676/4
f 190/776/4 316/676/4 326/678/4
f 256/424/4 327/679/4 317/677/4
f 327/679/4 256/424/4 283/423/4
f 396/778/10 347/686/10 246/581/10
f 347/686/10 396/778/10 406/687/10
f 1342/522/10 403/523/10 1368/779/10
f 407/688/10 1368/779/10 403/523/10
f 415/582/10 345/664/10 164/394/10
f 345/664/10 415/582/10 434/690/10
f 328/689/10 430/780/10 435/691/10
f 430/780/10 328/689/10 288/781/10
f 1360/782/1 408/695/1 1369/692/1
f 408/695/1 1360/782/1 385/586/1
f 348/783/1 289/784/1 409/693/1
f 409/693/1 289/784/1 404/785/1
f 231/786/1 424/787/1 436/696/1
f 231/786/1 436/696/1 329/698/1
f 437/697/1 325/671/1 279/364/1
f 437/697/1 279/364/1 433/530/1
f 362/758/24 363/756/24 374/707/24
f 375/704/24 374/707/24 363/756/24
f 361/744/24 377/706/24 376/705/24
f 361/744/24 360/743/24 377/706/24
f 359/788/27 379/712/27 378/714/27
f 378/714/27 358/789/27 359/788/27
f 364/790/27 381/713/27 365/791/27
f 381/713/27 380/715/27 365/791/27
f 355/742/29 351/740/28 294/792/34
f 355/742/29 294/792/34 314/793/35
f 313/794/36 293/795/34 350/739/28
f 313/794/36 350/739/28 354/741/29
f 2241/703/37 2240/702/38 2150/796/39
f 2241/797/40 2150/798/41 2149/799/42
f 1965/153/43 2263/800/22 1964/801/22
f 2263/800/22 1965/153/43 2264/700/22
f 350/739/28 375/704/24 351/740/28
f 375/704/24 350/739/28 376/705/24
f 329/698/24 374/707/24 377/706/24
f 329/698/24 330/699/24 374/707/24
f 2173/802/44 2172/803/45 2287/804/46
f 2287/709/47 2286/708/48 2173/805/49
f 2125/806/50 2126/1/50 2309/807/26
f 2310/710/26 2309/807/26 2126/1/50
f 379/808/51 352/809/52 380/810/51
f 352/809/52 379/808/51 353/811/52
f 348/812/27 349/813/27 378/714/27
f 348/812/27 378/714/27 381/713/27
f 293/814/53 313/815/54 367/816/30
f 367/746/30 361/744/22 293/795/53
f 297/817/22 231/786/22 360/743/22
f 360/743/22 366/745/22 297/817/22
f 369/748/22 358/747/22 296/732/22
f 230/587/22 296/732/22 358/747/22
f 359/749/55 368/750/56 292/818/57
f 292/819/58 368/820/31 312/821/59
f 295/822/60 315/823/61 371/824/32
f 371/752/62 365/751/63 295/825/64
f 364/754/26 370/753/26 311/826/26
f 364/754/26 311/826/26 289/784/26
f 373/757/26 362/758/26 310/718/26
f 310/718/26 362/758/26 290/716/26
f 363/756/26 372/755/33 294/792/65
f 314/827/66 294/828/65 372/829/33
f 294/792/34 351/740/28 375/704/24
f 375/704/24 363/756/24 294/792/34
f 330/699/24 362/758/24 374/707/24
f 330/699/24 290/716/24 362/758/24
f 231/786/24 329/698/24 360/743/24
f 360/743/24 329/698/24 377/706/24
f 361/744/24 376/705/24 293/795/34
f 350/739/28 293/795/34 376/705/24
f 292/818/57 353/811/52 379/808/51
f 379/808/51 359/749/55 292/818/57
f 349/813/27 230/830/27 358/789/27
f 358/789/27 378/714/27 349/813/27
f 381/713/27 364/790/27 348/812/27
f 289/831/27 348/812/27 364/790/27
f 352/809/52 295/825/64 380/810/51
f 380/810/51 295/825/64 365/751/63
f 453/832/10 402/682/10 287/547/10
f 402/682/10 453/832/10 458/521/10
f 289/784/1 459/526/1 404/785/1
f 459/526/1 289/784/1 454/720/1
f 1359/833/6 551/555/6 1349/834/6
f 551/555/6 1359/833/6 384/556/6
f 898/536/5 395/538/5 1335/835/5
f 898/536/5 1335/835/5 1396/836/5
f 1386/837/10 480/544/10 1340/838/10
f 400/541/10 1340/838/10 480/544/10
f 1343/527/1 405/529/1 796/549/1
f 1343/527/1 796/549/1 1355/839/1
f 1361/840/6 386/560/6 1337/841/6
f 1337/841/6 386/560/6 397/562/6
f 398/568/5 1338/842/5 387/569/5
f 387/569/5 1338/842/5 1362/843/5
f 1358/844/6 383/574/6 1359/833/6
f 1359/833/6 383/574/6 384/556/6
f 394/578/5 1335/835/5 395/538/5
f 1335/835/5 394/578/5 1334/845/5
f 481/584/1 1360/782/1 1387/846/1
f 1360/782/1 481/584/1 385/586/1
f 1337/841/6 383/574/6 1358/844/6
f 383/574/6 1337/841/6 397/562/6
f 1357/847/6 382/588/6 1361/840/6
f 1361/840/6 382/588/6 386/560/6
f 393/591/5 1338/842/5 398/568/5
f 1338/842/5 393/591/5 1333/848/5
f 387/569/5 1334/845/5 394/578/5
f 1334/845/5 387/569/5 1362/843/5
f 1331/849/10 391/596/10 1363/850/10
f 388/598/10 1363/850/10 391/596/10
f 1339/851/1 382/604/1 1357/852/1
f 382/604/1 1339/851/1 399/602/1
f 1340/838/10 400/541/10 1332/853/10
f 392/607/10 1332/853/10 400/541/10
f 1333/854/1 389/613/1 1364/855/1
f 389/613/1 1333/854/1 393/611/1
f 1341/856/6 401/617/6 1331/857/6
f 1331/857/6 401/617/6 391/619/6
f 390/627/5 1365/858/5 392/628/5
f 392/628/5 1365/858/5 1332/859/5
f 1368/779/10 407/688/10 1344/860/10
f 406/687/10 1344/860/10 407/688/10
f 349/861/1 409/693/1 408/695/1
f 409/693/1 349/861/1 348/783/1
f 1344/860/10 406/687/10 1336/862/10
f 396/778/10 1336/862/10 406/687/10
f 403/523/10 288/781/10 407/688/10
f 328/689/10 407/688/10 288/781/10
f 230/587/1 408/695/1 385/586/1
f 408/695/1 230/587/1 349/861/1
f 1345/694/1 404/785/1 1367/863/1
f 404/785/1 1345/694/1 409/693/1
f 288/781/10 460/524/10 430/780/10
f 460/524/10 288/781/10 453/832/10
f 432/864/1 455/719/1 461/531/1
f 455/719/1 432/864/1 291/550/1
f 531/379/5 163/378/5 414/558/5
f 531/379/5 414/558/5 553/557/5
f 172/367/10 419/609/10 472/368/10
f 419/609/10 482/583/10 472/368/10
f 277/360/10 797/546/10 791/371/10
f 797/546/10 277/360/10 431/525/10
f 162/373/6 532/375/6 423/534/6
f 554/535/6 423/534/6 532/375/6
f 425/564/6 167/382/6 416/565/6
f 416/565/6 167/382/6 166/381/6
f 168/387/5 426/570/5 169/388/5
f 426/570/5 168/387/5 417/571/5
f 422/576/6 160/389/6 423/534/6
f 423/534/6 160/389/6 162/373/6
f 161/392/5 414/558/5 163/378/5
f 414/558/5 161/392/5 413/579/5
f 415/582/10 164/394/10 482/583/10
f 472/368/10 482/583/10 164/394/10
f 173/397/1 483/554/1 428/551/1
f 483/554/1 173/397/1 473/398/1
f 416/565/6 166/381/6 422/576/6
f 422/576/6 166/381/6 160/389/6
f 421/590/6 157/400/6 425/564/6
f 425/564/6 157/400/6 167/382/6
f 159/402/5 417/571/5 168/387/5
f 417/571/5 159/402/5 412/593/5
f 169/388/5 413/579/5 161/392/5
f 413/579/5 169/388/5 426/570/5
f 410/599/10 156/406/10 427/600/10
f 170/404/10 427/600/10 156/406/10
f 171/409/1 421/605/1 418/606/1
f 421/605/1 171/409/1 157/408/1
f 419/609/10 172/367/10 411/610/10
f 158/412/10 411/610/10 172/367/10
f 159/414/1 428/551/1 412/615/1
f 428/551/1 159/414/1 173/397/1
f 420/621/6 200/485/6 410/622/6
f 410/622/6 200/485/6 156/486/6
f 201/487/5 429/623/5 158/488/5
f 158/488/5 429/623/5 411/625/5
f 434/690/10 328/689/10 435/691/10
f 328/689/10 434/690/10 347/686/10
f 436/696/1 325/671/1 437/697/1
f 325/671/1 436/696/1 324/670/1
f 246/581/10 434/690/10 415/582/10
f 434/690/10 246/581/10 347/686/10
f 430/780/10 278/771/10 435/691/10
f 344/665/10 435/691/10 278/771/10
f 165/773/1 436/696/1 424/787/1
f 436/696/1 165/773/1 324/670/1
f 330/699/1 437/697/1 290/716/1
f 437/697/1 433/530/1 290/716/1
f 291/550/1 2333/4/1 2332/865/1
f 269/762/2 285/866/2 444/867/2
f 629/9/3 2584/868/3 630/12/3
f 2584/868/3 629/9/3 2583/869/3
f 541/765/4 445/15/4 271/766/4
f 445/15/4 541/765/4 557/13/4
f 273/78/4 447/59/4 446/58/4
f 447/59/4 273/78/4 274/77/4
f 443/99/10 2578/870/10 2585/871/10
f 2578/870/10 443/99/10 438/97/10
f 269/762/2 444/867/2 255/96/2
f 255/96/2 444/867/2 438/97/2
f 265/182/4 271/766/4 445/15/4
f 265/182/4 445/15/4 442/142/4
f 442/142/4 264/143/4 446/58/4
f 446/58/4 264/143/4 273/78/4
f 259/768/4 275/56/4 447/59/4
f 259/768/4 447/59/4 440/183/4
f 262/769/3 1237/770/3 1241/872/3
f 262/769/3 1241/872/3 441/873/3
f 256/772/10 278/771/10 449/359/10
f 256/772/10 449/359/10 439/361/10
f 440/363/1 280/874/1 450/366/1
f 280/874/1 440/363/1 258/875/1
f 261/876/3 282/775/3 451/877/3
f 257/878/4 452/426/4 439/425/4
f 452/426/4 257/878/4 284/879/4
f 285/866/2 2581/880/2 2577/881/2
f 2581/880/2 285/866/2 261/882/2
f 458/521/10 1366/683/10 402/682/10
f 1366/683/10 458/521/10 1384/520/10
f 278/771/10 430/780/10 460/524/10
f 278/771/10 460/524/10 449/359/10
f 404/785/1 1385/528/1 1367/863/1
f 1385/528/1 404/785/1 459/526/1
f 450/366/1 432/864/1 461/531/1
f 432/864/1 450/366/1 280/874/1
f 455/719/1 291/550/1 456/717/1
f 289/784/1 311/826/1 457/721/1
f 289/784/1 457/721/1 454/720/1
f 288/781/10 403/523/10 458/521/10
f 288/781/10 458/521/10 453/832/10
f 454/720/1 405/529/1 459/526/1
f 405/529/1 454/720/1 291/550/1
f 287/547/10 460/524/10 453/832/10
f 460/524/10 287/547/10 431/525/10
f 290/716/1 433/530/1 461/531/1
f 290/716/1 461/531/1 455/719/1
f 468/179/2 213/883/2 65/180/2
f 77/767/4 471/81/4 470/83/4
f 471/81/4 77/767/4 76/197/4
f 26/248/10 465/175/10 47/249/10
f 47/249/10 465/175/10 464/177/10
f 50/160/2 468/179/2 26/248/11
f 26/248/11 468/179/2 465/175/2
f 467/151/4 61/181/4 470/83/4
f 470/83/4 61/181/4 77/767/4
f 1208/255/3 2810/884/3 29/254/3
f 29/254/3 2810/884/3 2804/885/3
f 466/396/1 56/774/1 473/398/1
f 473/398/1 56/774/1 165/773/1
f 2802/886/3 182/466/3 500/887/3
f 55/777/4 474/462/4 462/460/4
f 474/462/4 55/777/4 190/776/4
f 480/544/10 246/581/10 475/542/10
f 246/581/10 480/544/10 396/778/10
f 475/542/10 419/609/10 251/543/10
f 419/609/10 475/542/10 482/583/10
f 236/612/1 481/584/1 389/613/1
f 481/584/1 236/612/1 476/585/1
f 483/554/1 424/787/1 477/552/1
f 477/552/1 424/787/1 231/786/1
f 477/552/1 231/786/1 479/734/1
f 479/734/1 231/786/1 297/817/1
f 1336/862/10 396/778/10 1386/837/10
f 480/544/10 1386/837/10 396/778/10
f 389/613/1 1387/846/1 1364/855/1
f 1387/846/1 389/613/1 481/584/1
f 165/773/1 483/554/1 473/398/1
f 483/554/1 165/773/1 424/787/1
f 556/888/3 451/877/3 539/889/3
f 282/775/3 539/889/3 451/877/3
f 262/890/3 555/891/3 540/892/3
f 555/891/3 262/890/3 441/893/3
f 452/426/4 542/16/4 557/13/4
f 542/16/4 452/426/4 284/879/4
f 225/430/5 186/429/5 504/894/5
f 504/894/5 536/895/5 225/430/5
f 39/204/5 535/896/5 505/897/5
f 535/896/5 39/204/5 205/205/5
f 140/212/8 526/898/8 529/899/8
f 526/898/8 140/212/8 141/213/8
f 198/418/8 197/417/8 528/900/8
f 528/900/8 527/901/8 198/418/8
f 533/902/6 509/903/6 226/433/6
f 226/433/6 509/903/6 187/431/6
f 534/904/6 206/208/6 40/207/6
f 534/904/6 40/207/6 508/905/6
f 121/337/9 722/906/9 571/907/9
f 722/906/9 121/337/9 711/908/9
f 793/435/9 799/909/9 798/910/9
f 793/435/9 798/910/9 792/436/9
f 88/218/3 517/911/3 516/912/3
f 517/911/3 88/218/3 89/221/3
f 518/913/3 192/442/3 515/914/3
f 191/440/3 515/914/3 192/442/3
f 30/915/3 519/916/3 498/917/3
f 519/916/3 30/915/3 103/918/3
f 183/919/3 499/920/3 193/921/3
f 499/920/3 520/266/3 193/921/3
f 12/229/6 503/922/6 484/923/6
f 503/922/6 12/229/6 37/227/6
f 502/924/6 184/447/6 485/925/6
f 178/449/6 485/925/6 184/447/6
f 38/231/5 492/926/5 506/927/5
f 492/926/5 38/231/5 11/233/5
f 491/928/5 174/451/5 507/929/5
f 185/453/5 507/929/5 174/451/5
f 11/233/5 505/897/5 492/926/5
f 505/897/5 11/233/5 39/204/5
f 504/894/5 186/429/5 491/928/5
f 174/451/5 491/928/5 186/429/5
f 508/905/6 40/207/6 12/229/6
f 508/905/6 12/229/6 484/923/6
f 187/431/6 509/903/6 485/925/6
f 187/431/6 485/925/6 178/449/6
f 474/462/4 514/165/4 560/163/4
f 514/165/4 474/462/4 190/776/4
f 60/239/3 498/930/3 512/931/3
f 498/930/3 60/239/3 30/238/3
f 189/932/3 513/933/3 183/934/3
f 513/933/3 499/935/3 183/934/3
f 199/461/4 560/163/4 530/170/4
f 560/163/4 199/461/4 474/462/4
f 21/252/12 516/912/3 497/936/12
f 516/912/3 21/252/12 88/218/3
f 515/914/3 191/440/3 496/937/12
f 177/464/12 496/937/12 191/440/3
f 89/221/3 501/938/3 517/911/3
f 501/938/3 89/221/3 29/254/3
f 500/887/3 182/466/3 518/913/3
f 192/442/3 518/913/3 182/466/3
f 519/916/3 103/918/3 22/939/13
f 22/939/13 572/940/13 519/916/3
f 567/269/13 181/941/13 520/266/3
f 193/921/3 520/266/3 181/941/13
f 194/471/4 493/304/4 525/306/4
f 493/304/4 194/471/4 175/470/4
f 572/940/13 22/939/13 121/942/9
f 121/942/9 571/943/9 572/940/13
f 568/944/9 195/945/9 567/269/13
f 181/941/13 567/269/13 195/945/9
f 523/946/9 122/339/9 14/341/9
f 523/946/9 14/341/9 487/947/9
f 196/475/9 524/948/9 488/949/9
f 196/475/9 488/949/9 180/476/9
f 13/357/8 529/899/8 495/950/8
f 529/899/8 13/357/8 140/212/8
f 528/900/8 197/417/8 494/951/8
f 176/480/8 494/951/8 197/417/8
f 141/213/8 497/936/12 526/898/8
f 497/936/12 141/213/8 21/252/12
f 496/937/12 177/464/12 527/901/8
f 198/418/8 527/901/8 177/464/12
f 179/482/4 530/170/4 486/349/4
f 530/170/4 179/482/4 199/461/4
f 493/374/6 175/483/6 532/375/6
f 200/485/6 532/375/6 175/483/6
f 531/379/5 201/487/5 486/377/5
f 179/489/5 486/377/5 201/487/5
f 487/952/6 14/510/6 206/208/6
f 487/952/6 206/208/6 534/904/6
f 180/519/6 488/953/6 533/902/6
f 180/519/6 533/902/6 226/433/6
f 494/954/5 176/517/5 536/895/5
f 225/430/5 536/895/5 176/517/5
f 205/205/5 495/955/5 535/896/5
f 495/955/5 205/205/5 13/508/5
f 252/618/6 554/535/6 420/621/6
f 554/535/6 252/618/6 537/532/6
f 390/627/5 253/624/5 538/540/5
f 538/540/5 552/539/5 390/627/5
f 401/617/6 537/532/6 252/618/6
f 537/532/6 401/617/6 551/555/6
f 253/624/5 429/623/5 553/557/5
f 553/557/5 538/540/5 253/624/5
f 318/956/3 548/957/3 546/958/3
f 548/957/3 318/956/3 319/959/3
f 188/672/3 545/960/3 346/673/3
f 545/960/3 549/961/3 346/673/3
f 281/962/3 544/963/3 189/932/3
f 544/963/3 513/933/3 189/932/3
f 263/964/3 512/965/3 543/966/3
f 512/931/3 263/199/3 60/239/3
f 326/678/4 547/646/4 550/643/4
f 547/646/4 326/678/4 327/679/4
f 59/967/3 546/958/3 511/968/3
f 546/958/3 59/967/3 318/956/3
f 545/960/3 188/672/3 510/969/3
f 327/679/4 541/765/4 547/646/4
f 541/765/4 327/679/4 283/423/4
f 539/889/3 282/775/3 549/961/3
f 346/673/3 549/961/3 282/775/3
f 319/959/3 540/892/3 548/957/3
f 540/892/3 319/959/3 262/890/3
f 190/776/4 550/643/4 514/165/4
f 550/643/4 190/776/4 326/678/4
f 1349/834/6 551/555/6 1341/856/6
f 1341/856/6 551/555/6 401/617/6
f 552/539/5 1365/858/5 390/627/5
f 1365/858/5 552/539/5 1389/970/5
f 429/623/5 201/487/5 531/379/5
f 531/379/5 553/557/5 429/623/5
f 420/621/6 532/375/6 200/485/6
f 532/375/6 420/621/6 554/535/6
f 556/888/3 2582/971/3 451/877/3
f 2582/971/3 556/888/3 2586/972/3
f 2597/973/3 263/964/3 2601/974/3
f 2601/974/3 263/964/3 543/966/3
f 283/423/4 557/13/4 541/765/4
f 557/13/4 283/423/4 452/426/4
f 2806/975/3 501/938/3 29/254/3
f 2806/976/3 463/977/3 558/978/3
f 211/158/2 28/465/2 2801/162/2
f 2808/979/3 58/980/3 2801/981/3
f 510/969/3 188/982/3 559/983/3
f 463/984/3 511/968/3 558/985/3
f 511/968/3 463/984/3 59/967/3
f 489/986/67 522/987/68 563/988/69
f 564/989/70 563/988/69 522/987/68
f 564/989/70 522/987/68 562/990/71
f 564/989/70 561/991/72 565/992/73
f 561/991/72 564/989/70 562/990/71
f 565/992/73 521/993/74 566/994/75
f 521/993/74 565/992/73 561/991/72
f 521/993/74 490/995/76 566/994/75
f 490/268/15 521/996/77 568/944/9
f 568/944/9 567/269/13 490/268/15
f 562/997/9 569/54/9 561/998/9
f 569/54/9 562/997/9 570/999/9
f 522/1000/9 489/1001/78 571/943/9
f 572/940/13 571/943/9 489/1001/78
f 578/1002/14 519/916/3 489/1001/78
f 489/1001/78 519/916/3 572/940/13
f 577/1003/18 578/1004/14 563/1005/18
f 489/1001/78 563/1006/18 578/1002/14
f 577/1007/18 564/1008/79 576/1009/79
f 564/1008/79 577/1007/18 563/1010/18
f 636/1009/18 637/1011/18 635/1012/18
f 637/1011/18 636/1009/18 575/1013/18
f 637/1014/18 634/1015/14 635/1016/18
f 638/1017/14 634/1015/14 637/1014/18
f 638/1017/14 609/95/3 634/1015/14
f 610/93/3 609/95/3 638/1017/14
f 569/54/9 521/1018/77 561/998/9
f 569/54/9 568/53/9 521/1018/77
f 565/1019/18 574/1020/18 575/1013/18
f 565/1019/18 566/1021/18 574/1020/18
f 562/997/9 522/1022/9 570/999/9
f 571/907/9 570/999/9 522/1022/9
f 575/1013/18 576/1009/79 564/1008/79
f 575/1013/18 564/1008/79 565/1019/18
f 501/938/3 631/1023/3 517/911/3
f 579/1024/3 2803/1025/3 580/1026/3
f 632/1027/3 2807/1028/3 558/978/3
f 632/1029/3 511/968/3 601/763/3
f 633/1030/3 606/247/3 631/1023/3
f 580/1026/3 2802/886/3 500/887/3
f 605/245/3 518/913/3 515/914/3
f 630/12/3 556/888/3 621/10/3
f 539/889/3 621/10/3 556/888/3
f 622/11/3 555/891/3 629/9/3
f 555/891/3 622/11/3 540/892/3
f 536/895/5 504/894/5 595/23/5
f 595/23/5 620/21/5 536/895/5
f 505/897/5 619/20/5 596/22/5
f 619/20/5 505/897/5 535/896/5
f 529/899/8 613/47/8 616/44/8
f 613/47/8 529/899/8 526/898/8
f 527/901/8 528/900/8 615/46/8
f 615/46/8 614/45/8 527/901/8
f 617/48/6 600/51/6 533/902/6
f 533/902/6 600/51/6 509/903/6
f 618/49/6 534/904/6 508/905/6
f 508/905/6 599/50/6 618/49/6
f 608/92/3 519/916/3 609/95/3
f 519/916/3 608/92/3 498/917/3
f 520/266/3 499/920/3 607/94/3
f 607/94/3 610/93/3 520/266/3
f 484/923/6 594/121/6 581/118/6
f 594/121/6 484/923/6 503/922/6
f 593/119/6 502/924/6 582/120/6
f 485/925/6 582/120/6 502/924/6
f 506/927/5 586/125/5 597/122/5
f 586/125/5 506/927/5 492/926/5
f 585/123/5 491/928/5 598/124/5
f 507/929/5 598/124/5 491/928/5
f 492/926/5 596/22/5 586/125/5
f 596/22/5 492/926/5 505/897/5
f 595/23/5 504/894/5 585/123/5
f 491/928/5 585/123/5 504/894/5
f 599/50/6 508/905/6 484/923/6
f 599/50/6 484/923/6 581/118/6
f 509/903/6 600/51/6 582/120/6
f 509/903/6 582/120/6 485/925/6
f 512/965/3 591/169/3 603/166/3
f 591/1031/3 512/931/3 498/930/3
f 513/933/3 604/168/3 499/935/3
f 604/168/3 592/167/3 499/935/3
f 497/936/12 606/247/3 590/244/12
f 606/247/3 497/936/12 516/912/3
f 605/245/3 515/914/3 589/246/12
f 496/937/12 589/246/12 515/914/3
f 498/1032/3 608/92/3 591/270/3
f 607/94/3 499/920/3 592/271/3
f 611/311/9 523/946/9 487/947/9
f 611/311/9 487/947/9 583/312/9
f 524/948/9 612/310/9 584/313/9
f 524/948/9 584/313/9 488/949/9
f 495/950/8 616/44/8 588/347/8
f 616/44/8 495/950/8 529/899/8
f 615/46/8 528/900/8 587/348/8
f 494/951/8 587/348/8 528/900/8
f 526/898/8 590/244/12 613/47/8
f 590/244/12 526/898/8 497/936/12
f 589/246/12 496/937/12 614/45/8
f 527/901/8 614/45/8 496/937/12
f 583/493/6 487/952/6 534/904/6
f 534/904/6 618/49/6 583/493/6
f 488/953/6 584/492/6 617/48/6
f 488/953/6 617/48/6 533/902/6
f 587/501/5 494/954/5 620/21/5
f 536/895/5 620/21/5 494/954/5
f 535/896/5 588/500/5 619/20/5
f 588/500/5 535/896/5 495/955/5
f 626/640/3 548/957/3 627/638/3
f 548/957/3 626/640/3 546/958/3
f 545/960/3 625/637/3 549/961/3
f 625/637/3 628/639/3 549/961/3
f 513/933/3 544/963/3 624/642/3
f 624/642/3 604/168/3 513/933/3
f 543/966/3 603/166/3 623/641/3
f 603/166/3 543/966/3 512/965/3
f 511/968/3 626/640/3 601/763/3
f 626/640/3 511/968/3 546/958/3
f 625/637/3 545/960/3 602/764/3
f 510/969/3 602/764/3 545/960/3
f 621/10/3 539/889/3 628/639/3
f 549/961/3 628/639/3 539/889/3
f 548/957/3 622/11/3 627/638/3
f 622/11/3 548/957/3 540/892/3
f 630/12/3 2584/868/3 556/888/3
f 556/888/3 2584/868/3 2586/972/3
f 543/966/3 2609/1033/3 2601/974/3
f 2609/1033/3 543/966/3 623/641/3
f 516/912/3 631/1023/3 606/247/3
f 1953/1034/3 601/763/3 602/764/3
f 631/1023/3 580/1026/3 633/1030/3
f 633/1030/3 500/887/3 518/913/3
f 559/983/3 602/764/3 510/969/3
f 571/907/9 723/1035/9 570/999/9
f 723/1035/9 571/907/9 722/906/9
f 723/1035/9 724/52/9 569/54/9
f 723/1035/9 569/54/9 570/999/9
f 519/916/3 578/1002/14 609/95/3
f 578/1002/14 634/1015/14 609/95/3
f 635/1036/18 634/1037/14 577/1003/18
f 578/1004/14 577/1003/18 634/1037/14
f 635/1012/18 577/1007/18 636/1009/18
f 575/1013/18 574/1020/18 637/1011/18
f 574/308/18 573/267/14 638/1017/14
f 638/1017/14 637/1014/18 574/308/18
f 573/267/14 520/266/3 610/93/3
f 610/93/3 638/1017/14 573/267/14
f 912/67/6 908/64/6 680/1038/6
f 680/1038/6 685/1039/6 912/67/6
f 748/1040/9 765/74/9 902/73/9
f 673/1041/6 899/128/6 684/1042/6
f 899/128/6 673/1041/6 893/126/6
f 681/1043/6 909/130/6 685/1039/6
f 912/67/6 685/1039/6 909/130/6
f 1185/275/3 683/1044/13 911/273/13
f 683/1044/13 1185/275/3 1181/1045/3
f 913/314/9 687/1046/9 910/317/9
f 687/1046/9 682/1047/9 910/317/9
f 894/503/6 688/1048/6 674/1049/6
f 688/1048/6 894/503/6 900/26/6
f 1396/836/5 552/539/5 898/536/5
f 552/539/5 1396/836/5 1389/970/5
f 763/1050/6 762/1051/6 770/1052/6
f 769/1053/6 770/1052/6 762/1051/6
f 766/1054/9 773/1055/9 774/1056/9
f 773/1055/9 766/1054/9 765/74/9
f 755/1057/80 760/1058/80 761/1059/80
f 760/1058/80 755/1057/80 756/1060/80
f 756/1060/6 755/1057/6 763/1050/6
f 762/1051/6 763/1050/6 755/1057/6
f 675/263/13 1183/1061/3 1184/264/3
f 1183/1061/3 675/263/13 759/1062/13
f 675/263/13 766/1054/9 759/1062/13
f 766/1054/9 675/263/13 765/74/9
f 758/1063/81 757/1064/81 767/1065/82
f 768/1066/82 767/1065/82 757/1064/81
f 758/1067/6 769/1053/6 757/1068/6
f 769/1053/6 758/1067/6 770/1052/6
f 809/1069/7 794/497/7 795/496/7
f 794/497/7 809/1069/7 810/1070/7
f 131/297/2 222/296/2 720/498/2
f 131/297/2 720/498/2 735/1071/2
f 916/1072/9 1228/299/9 907/298/9
f 1228/299/9 916/1072/9 1247/1073/9
f 828/1074/9 799/909/9 827/1075/9
f 799/909/9 828/1074/9 798/910/9
f 777/116/10 807/1076/10 778/117/10
f 807/1076/10 777/116/10 808/1077/10
f 127/326/1 733/1078/1 116/114/1
f 116/114/1 733/1078/1 709/115/1
f 800/112/7 801/113/7 809/1069/7
f 809/1069/7 801/113/7 810/1070/7
f 131/297/2 727/106/2 112/108/2
f 727/106/2 131/297/2 735/1071/2
f 803/1079/9 812/1080/9 811/1081/9
f 812/1080/9 803/1079/9 804/1082/9
f 264/143/4 782/147/4 273/78/4
f 273/78/4 782/147/4 813/79/4
f 1230/338/9 711/908/9 121/337/9
f 711/908/9 1230/338/9 1248/1083/9
f 779/1084/1 280/874/1 258/875/1
f 280/874/1 779/1084/1 814/1085/1
f 802/1086/4 284/879/4 257/878/4
f 284/879/4 802/1086/4 815/1087/4
f 195/473/9 738/1088/9 115/474/9
f 738/1088/9 728/499/9 115/474/9
f 710/1089/7 119/513/7 219/34/7
f 219/34/7 739/33/7 710/1089/7
f 781/437/2 780/438/2 816/37/2
f 816/37/2 780/438/2 817/38/2
f 402/682/10 818/545/10 287/547/10
f 818/545/10 402/682/10 820/684/10
f 432/864/1 821/1090/1 291/550/1
f 291/550/1 821/1090/1 819/548/1
f 432/864/1 280/874/1 821/1090/1
f 280/874/1 814/1085/1 821/1090/1
f 822/1091/4 542/16/4 284/879/4
f 284/879/4 815/1087/4 822/1091/4
f 805/216/9 824/1092/9 823/1093/9
f 824/1092/9 805/216/9 806/215/9
f 195/473/9 568/53/9 741/55/9
f 741/55/9 738/1088/9 195/473/9
f 823/1093/9 826/1094/9 825/1095/9
f 826/1094/9 823/1093/9 824/1092/9
f 827/1075/9 825/1095/9 826/1094/9
f 827/1075/9 826/1094/9 828/1074/9
f 811/1081/9 904/1096/9 905/1097/9
f 904/1096/9 811/1081/9 812/1080/9
f 822/1091/4 787/146/4 542/16/4
f 270/14/4 542/16/4 787/146/4
f 841/1098/9 843/1099/9 844/1100/9
f 843/1099/9 841/1098/9 842/1101/9
f 688/1048/6 642/1102/6 645/1103/6
f 642/1102/6 688/1048/6 677/1104/6
f 829/1105/9 830/1106/9 833/1107/9
f 833/1107/9 830/1106/9 834/1108/9
f 646/1109/6 676/1110/6 681/1043/6
f 676/1110/6 646/1109/6 641/1111/6
f 677/1104/6 639/1112/6 642/1102/6
f 639/1112/6 677/1104/6 673/1041/6
f 648/1113/13 678/1114/9 683/1044/13
f 678/1114/9 648/1113/13 643/1115/9
f 679/1116/9 674/1117/9 651/1118/9
f 651/1118/9 674/1117/9 640/1119/9
f 647/1120/6 680/1038/6 682/1121/6
f 680/1038/6 647/1120/6 652/1122/6
f 652/1122/6 685/1039/6 680/1038/6
f 685/1039/6 652/1122/6 650/1123/6
f 748/1040/9 726/1124/9 765/74/9
f 639/1112/6 673/1041/6 684/1042/6
f 639/1112/6 684/1042/6 649/1125/6
f 650/1123/6 681/1043/6 685/1039/6
f 681/1043/6 650/1123/6 646/1109/6
f 1180/1126/3 648/1113/13 1181/1045/3
f 1181/1045/3 648/1113/13 683/1044/13
f 644/1127/9 682/1047/9 687/1046/9
f 682/1047/9 644/1127/9 647/1128/9
f 674/1049/6 645/1103/6 640/1129/6
f 645/1103/6 674/1049/6 688/1048/6
f 650/1123/83 701/1130/84 696/1131/85
f 701/1130/84 650/1123/83 652/1122/86
f 645/1103/87 642/1102/88 702/1132/89
f 702/1132/89 642/1102/88 697/1133/90
f 749/1134/9 765/74/9 726/1124/9
f 698/1135/9 725/1136/9 643/1115/9
f 725/1136/9 698/1135/9 750/1137/9
f 639/1112/91 649/1125/92 690/1138/93
f 690/1138/80 649/1125/80 694/1139/80
f 689/1140/94 641/1111/95 646/1109/96
f 641/1111/80 689/1140/80 695/1141/80
f 696/1131/85 646/1109/96 650/1123/83
f 646/1109/96 696/1131/85 689/1140/94
f 642/1102/88 690/1138/93 697/1133/90
f 690/1138/93 642/1102/88 639/1112/91
f 1180/1126/3 693/1142/13 648/1113/13
f 693/1142/13 1180/1126/3 1182/1143/3
f 693/1142/13 643/1115/9 648/1113/13
f 643/1115/9 693/1142/13 698/1135/9
f 700/1144/97 647/1145/98 644/1146/99
f 647/1145/98 700/1144/97 691/1147/100
f 651/1118/101 640/1119/102 699/1148/103
f 640/1119/102 692/1149/104 699/1148/103
f 645/1103/87 702/1132/89 692/1150/105
f 692/1150/105 640/1129/106 645/1103/87
f 701/1130/84 652/1122/86 691/1151/107
f 647/1120/108 691/1151/107 652/1122/86
f 678/1114/9 725/1136/9 751/1152/9
f 725/1136/9 678/1114/9 643/1115/9
f 832/1153/9 831/1154/9 836/1155/9
f 836/1155/9 835/1156/9 832/1153/9
f 838/1157/109 830/1158/109 829/1159/109
f 830/1158/109 838/1157/109 837/1160/109
f 832/1153/110 839/1161/110 831/1154/110
f 839/1161/110 832/1153/110 840/1162/110
f 660/1163/7 665/1164/7 714/35/7
f 739/33/7 714/35/7 665/1164/7
f 661/1165/2 740/1166/2 715/1167/2
f 740/1166/2 661/1165/2 666/1168/2
f 670/1169/9 741/55/9 724/52/9
f 741/55/9 670/1169/9 667/1170/9
f 1243/1171/9 915/1172/9 1245/1173/9
f 915/1172/9 1243/1171/9 914/1174/9
f 716/75/9 901/1175/9 902/73/9
f 901/1175/9 716/75/9 662/1176/9
f 712/109/10 727/106/10 658/1177/10
f 727/106/10 653/1178/10 658/1177/10
f 659/1179/1 729/1180/1 655/1181/1
f 729/1180/1 659/1179/1 713/1182/1
f 714/35/7 655/1181/7 660/1163/7
f 655/1181/7 714/35/7 709/115/7
f 661/1165/2 707/1183/2 653/1178/2
f 707/1183/2 661/1165/2 715/1167/2
f 656/1184/9 662/1176/9 710/190/9
f 716/75/9 710/190/9 662/1176/9
f 1244/1185/9 731/1186/9 657/1187/9
f 731/1186/9 1244/1185/9 1246/1188/9
f 654/1189/9 718/1190/9 708/1191/9
f 718/1190/9 654/1189/9 664/1192/9
f 665/1164/7 730/1193/7 656/1194/7
f 730/1193/7 665/1164/7 719/1195/7
f 654/1189/2 720/498/2 728/499/2
f 720/498/2 654/1189/2 666/1168/2
f 657/1187/9 668/1196/9 711/908/9
f 722/906/9 711/908/9 668/1196/9
f 664/1192/9 721/1197/9 718/1190/9
f 721/1197/9 664/1192/9 667/1170/9
f 668/1196/9 669/1198/9 722/906/9
f 723/1035/9 722/906/9 669/1198/9
f 669/1198/9 724/52/9 723/1035/9
f 724/52/9 669/1198/9 670/1169/9
f 771/1199/9 772/1200/9 773/1055/9
f 774/1056/9 773/1055/9 772/1200/9
f 660/1163/7 719/1195/7 665/1164/7
f 719/1195/7 660/1163/7 734/1201/7
f 666/1168/2 735/1071/2 720/498/2
f 735/1071/2 666/1168/2 661/1165/2
f 916/1072/9 751/1152/9 703/1202/9
f 916/1072/9 703/1202/9 914/1174/9
f 744/1203/9 667/1170/9 670/1169/9
f 667/1170/9 744/1203/9 721/1197/9
f 653/1178/10 732/1204/10 658/1177/10
f 732/1204/10 653/1178/10 707/1183/10
f 709/115/1 733/1078/1 655/1181/1
f 733/1078/1 659/1179/1 655/1181/1
f 660/1163/7 729/1180/7 734/1201/7
f 729/1180/7 660/1163/7 655/1181/7
f 727/106/2 735/1071/2 653/1178/2
f 735/1071/2 661/1165/2 653/1178/2
f 656/1184/9 736/1205/9 662/1176/9
f 736/1205/9 656/1184/9 730/1206/9
f 1244/1185/9 657/1187/9 1248/1083/9
f 711/908/9 1248/1083/9 657/1187/9
f 664/1192/9 728/499/9 738/1088/9
f 728/499/9 664/1192/9 654/1189/9
f 710/1089/7 739/33/7 656/1194/7
f 739/33/7 665/1164/7 656/1194/7
f 708/1191/2 666/1168/2 654/1189/2
f 666/1168/2 708/1191/2 740/1166/2
f 657/1187/9 742/1207/9 668/1196/9
f 742/1207/9 657/1187/9 731/1186/9
f 667/1170/9 738/1088/9 741/55/9
f 738/1088/9 667/1170/9 664/1192/9
f 668/1196/9 743/1208/9 669/1198/9
f 743/1208/9 668/1196/9 742/1207/9
f 743/1208/9 670/1169/9 669/1198/9
f 670/1169/9 743/1208/9 744/1203/9
f 704/1209/9 901/1175/9 752/1210/9
f 901/1175/9 903/1211/9 752/1210/9
f 775/1212/111 771/1213/111 776/1214/111
f 771/1213/111 775/1212/111 772/1215/111
f 745/1216/9 703/1202/9 671/1217/9
f 703/1202/9 745/1216/9 747/1218/9
f 726/1124/9 748/1040/9 672/1219/9
f 748/1040/9 704/1209/9 672/1219/9
f 749/1134/9 672/1219/9 705/1220/9
f 672/1219/9 749/1134/9 726/1124/9
f 725/1136/9 750/1137/9 671/1217/9
f 750/1137/9 706/1221/9 671/1217/9
f 751/1152/9 671/1217/9 703/1202/9
f 671/1217/9 751/1152/9 725/1136/9
f 672/1219/9 704/1209/9 746/1222/9
f 746/1222/9 704/1209/9 752/1210/9
f 753/1223/111 671/1224/111 706/1225/111
f 671/1226/112 753/1227/109 745/1228/109
f 672/1229/111 754/1230/111 705/1231/111
f 746/1222/113 754/1232/113 672/1219/114
f 696/1131/6 701/1130/6 769/1053/6
f 769/1053/6 762/1051/6 696/1131/6
f 702/1132/6 763/1050/6 770/1052/6
f 763/1050/6 702/1132/6 697/1133/6
f 773/1055/9 765/74/9 749/1134/9
f 750/1137/9 698/1135/9 766/1054/9
f 766/1054/9 774/1056/9 750/1137/9
f 756/1060/80 694/1139/80 760/1058/80
f 694/1139/80 756/1060/80 690/1138/80
f 689/1140/80 755/1057/80 695/1141/80
f 755/1057/80 761/1059/80 695/1141/80
f 696/1131/6 762/1051/6 689/1140/6
f 762/1051/6 755/1057/6 689/1140/6
f 697/1133/6 756/1060/6 763/1050/6
f 756/1060/6 697/1133/6 690/1138/6
f 1182/1143/3 759/1062/13 693/1142/13
f 759/1062/13 1182/1143/3 1183/1061/3
f 698/1135/9 693/1142/13 759/1062/13
f 759/1062/13 766/1054/9 698/1135/9
f 768/1066/82 757/1064/81 700/1233/115
f 700/1233/115 757/1064/81 691/1234/81
f 699/1148/116 758/1063/81 767/1065/82
f 758/1063/81 699/1148/116 692/1149/81
f 692/1150/6 770/1052/6 758/1067/6
f 770/1052/6 692/1150/6 702/1132/6
f 769/1053/6 701/1130/6 757/1068/6
f 691/1151/6 757/1068/6 701/1130/6
f 837/1235/9 838/1236/9 841/1098/9
f 842/1101/9 841/1098/9 838/1236/9
f 844/1100/9 843/1099/9 839/1161/9
f 844/1100/9 839/1161/9 840/1162/9
f 750/1137/9 774/1056/9 706/1221/9
f 774/1056/9 772/1200/9 706/1221/9
f 773/1055/9 705/1220/9 771/1199/9
f 705/1220/9 773/1055/9 749/1134/9
f 705/1231/111 776/1214/111 771/1213/111
f 776/1214/111 705/1231/111 754/1230/111
f 772/1215/111 775/1212/111 706/1225/111
f 706/1225/111 775/1212/111 753/1223/111
f 715/1167/2 740/1166/2 816/37/2
f 715/1167/2 816/37/2 786/36/2
f 785/39/2 817/38/2 221/293/2
f 785/39/2 221/293/2 130/292/2
f 1245/1173/9 915/1172/9 917/69/9
f 1245/1173/9 917/69/9 1249/68/9
f 834/1108/9 687/1046/9 918/70/9
f 918/70/9 687/1046/9 913/314/9
f 1250/71/9 918/70/9 913/314/9
f 1250/71/9 913/314/9 1229/316/9
f 788/76/4 813/79/4 136/319/4
f 788/76/4 136/319/4 135/318/4
f 729/1180/1 713/1182/1 784/110/1
f 729/1180/1 784/110/1 800/112/1
f 783/111/1 126/327/1 801/113/1
f 801/113/1 126/327/1 117/329/1
f 715/1167/2 778/117/2 707/1183/2
f 778/117/2 715/1167/2 786/36/2
f 785/39/2 111/322/2 777/116/2
f 111/322/2 785/39/2 130/292/2
f 782/147/4 787/146/4 132/307/4
f 782/147/4 132/307/4 123/331/4
f 135/318/4 779/191/4 788/76/4
f 779/191/4 135/318/4 113/335/4
f 1246/1188/9 805/216/9 731/1186/9
f 805/216/9 1246/1188/9 1251/214/9
f 806/215/9 1252/217/9 122/339/9
f 1252/217/9 1231/340/9 122/339/9
f 791/371/10 170/404/10 802/372/10
f 802/372/10 170/404/10 118/403/10
f 708/1191/9 718/1190/9 793/435/9
f 793/435/9 781/437/9 708/1191/9
f 780/438/9 792/436/9 196/475/9
f 780/438/9 196/475/9 114/477/9
f 803/495/7 730/1193/7 719/1195/7
f 719/1195/7 795/496/7 803/495/7
f 794/497/7 120/515/16 804/494/7
f 120/515/16 794/497/7 220/290/7
f 818/545/10 427/600/10 797/546/10
f 427/600/10 818/545/10 235/595/10
f 796/549/1 819/548/1 250/603/1
f 796/549/1 250/603/1 399/602/1
f 796/549/1 1339/851/1 1355/839/1
f 1339/851/1 796/549/1 399/602/1
f 791/371/10 797/546/10 427/600/10
f 791/371/10 427/600/10 170/404/10
f 718/1190/9 721/1197/9 799/909/9
f 718/1190/9 799/909/9 793/435/9
f 524/948/9 792/436/9 798/910/9
f 792/436/9 524/948/9 196/475/9
f 810/1070/7 220/290/7 794/497/7
f 220/290/7 810/1070/7 129/288/7
f 809/1069/7 795/496/7 734/1201/7
f 719/1195/7 734/1201/7 795/496/7
f 612/310/9 798/910/9 828/1074/9
f 798/910/9 612/310/9 524/948/9
f 721/1197/9 744/1203/9 827/1075/9
f 827/1075/9 799/909/9 721/1197/9
f 811/1081/9 905/1097/9 736/1205/9
f 903/1211/9 736/1205/9 905/1097/9
f 111/322/10 808/1077/10 777/116/10
f 808/1077/10 111/322/10 125/324/10
f 732/1204/10 707/1183/10 778/117/10
f 732/1204/10 778/117/10 807/1076/10
f 801/113/7 117/329/16 810/1070/7
f 810/1070/7 117/329/16 129/288/7
f 734/1201/7 729/1180/7 800/112/7
f 734/1201/7 800/112/7 809/1069/7
f 804/1082/9 134/300/9 812/1080/9
f 134/300/9 804/1082/9 120/333/9
f 736/1205/9 730/1206/9 811/1081/9
f 730/1206/9 803/1079/9 811/1081/9
f 813/79/4 782/147/4 123/331/4
f 813/79/4 123/331/4 136/319/4
f 779/1084/1 113/407/1 814/1085/1
f 814/1085/1 113/407/1 171/409/1
f 815/1087/4 802/1086/4 118/469/4
f 815/1087/4 118/469/4 194/471/4
f 780/438/2 114/477/20 817/38/2
f 817/38/2 114/477/20 221/293/2
f 708/1191/2 781/437/2 740/1166/2
f 781/437/2 816/37/2 740/1166/2
f 820/684/10 235/595/10 818/545/10
f 235/595/10 820/684/10 388/598/10
f 819/548/1 821/1090/1 418/606/1
f 819/548/1 418/606/1 250/603/1
f 1363/850/10 388/598/10 1394/685/10
f 820/684/10 1394/685/10 388/598/10
f 171/409/1 821/1090/1 814/1085/1
f 821/1090/1 171/409/1 418/606/1
f 822/1091/4 815/1087/4 194/471/4
f 822/1091/4 194/471/4 525/306/4
f 806/215/9 523/946/9 824/1092/9
f 523/946/9 806/215/9 122/339/9
f 805/216/9 823/1093/9 731/1186/9
f 742/1207/9 731/1186/9 823/1093/9
f 826/1094/9 824/1092/9 611/311/9
f 611/311/9 824/1092/9 523/946/9
f 823/1093/9 825/1095/9 742/1207/9
f 743/1208/9 742/1207/9 825/1095/9
f 828/1074/9 826/1094/9 611/311/9
f 828/1074/9 611/311/9 612/310/9
f 825/1095/9 827/1075/9 744/1203/9
f 825/1095/9 744/1203/9 743/1208/9
f 904/1096/9 812/1080/9 896/302/9
f 896/302/9 812/1080/9 134/300/9
f 836/1155/9 752/1210/9 903/1211/9
f 903/1211/9 905/1097/9 836/1155/9
f 822/1091/4 132/307/4 787/146/4
f 132/307/4 822/1091/4 525/306/4
f 842/1101/9 776/1237/9 843/1099/9
f 776/1237/9 842/1101/9 775/1238/9
f 844/1100/9 768/1066/82 841/1098/9
f 768/1066/82 844/1100/9 767/1065/82
f 830/1106/9 644/1127/9 834/1108/9
f 834/1108/9 644/1127/9 687/1046/9
f 745/1216/9 829/1105/9 747/1218/9
f 829/1105/9 833/1107/9 747/1218/9
f 831/1154/9 746/1222/9 752/1210/9
f 752/1210/9 836/1155/9 831/1154/9
f 832/1153/9 835/1156/9 651/1118/9
f 651/1118/9 835/1156/9 679/1116/9
f 753/1227/109 829/1159/109 745/1228/109
f 829/1159/109 753/1227/109 838/1157/109
f 837/1160/109 644/1146/99 830/1158/109
f 644/1146/99 837/1160/109 700/1144/97
f 651/1118/101 840/1162/110 832/1153/110
f 840/1162/110 651/1118/101 699/1148/103
f 831/1154/110 754/1232/113 746/1222/113
f 754/1232/113 831/1154/110 839/1161/110
f 775/1238/9 842/1101/9 753/1239/9
f 842/1101/9 838/1236/9 753/1239/9
f 841/1098/9 768/1066/82 837/1235/9
f 837/1235/9 768/1066/82 700/1233/115
f 844/1100/9 840/1162/9 767/1065/82
f 767/1065/82 840/1162/9 699/1148/116
f 843/1099/9 776/1237/9 754/1232/9
f 754/1232/9 839/1161/9 843/1099/9
f 266/98/10 1346/1240/10 1382/1241/10
f 1346/1240/10 266/98/10 443/99/10
f 267/651/10 1323/1242/10 1329/1243/10
f 1323/1242/10 267/651/10 63/173/10
f 321/655/10 1382/1241/10 1330/1244/10
f 1382/1241/10 321/655/10 266/98/10
f 593/119/6 594/121/6 1351/1245/6
f 593/119/6 1351/1245/6 1391/1246/6
f 1017/1247/6 1253/1248/6 906/133/6
f 1219/131/6 906/133/6 1253/1248/6
f 148/104/10 1327/1249/10 1380/1250/10
f 1327/1249/10 148/104/10 149/105/10
f 124/107/10 1354/1251/10 1379/1252/10
f 1354/1251/10 124/107/10 712/109/10
f 783/111/1 784/110/1 965/1253/1
f 965/1253/1 1012/1254/1 783/111/1
f 1352/1255/5 1392/1256/5 597/122/5
f 1352/1255/5 597/122/5 598/124/5
f 924/1257/6 1016/1258/6 74/127/6
f 899/128/6 74/127/6 1016/1258/6
f 94/136/10 1324/1259/10 1377/1260/10
f 1324/1259/10 94/136/10 95/137/10
f 1378/1261/10 105/141/10 1325/1262/10
f 105/141/10 1378/1261/10 104/140/10
f 47/249/10 1347/1263/10 1375/1264/10
f 47/249/10 464/177/10 1347/1263/10
f 1323/1242/10 48/174/10 1322/1265/10
f 48/174/10 1323/1242/10 63/173/10
f 74/127/6 32/195/6 920/1266/6
f 74/127/6 920/1266/6 924/1257/6
f 37/227/6 1209/226/6 1481/1267/6
f 37/227/6 1481/1267/6 1372/1268/6
f 1220/232/5 38/231/5 1482/1269/5
f 1373/1270/5 1482/1269/5 38/231/5
f 41/251/10 1377/1260/10 1374/1271/10
f 1377/1260/10 41/251/10 94/136/10
f 95/137/10 1375/1264/10 1324/1259/10
f 1375/1264/10 95/137/10 47/249/10
f 48/174/10 1378/1261/10 1322/1265/10
f 1378/1261/10 48/174/10 104/140/10
f 105/141/10 1321/1272/10 1325/1262/10
f 1321/1272/10 105/141/10 42/277/10
f 43/279/1 1173/278/1 1186/1273/1
f 1186/1273/1 986/1274/1 43/279/1
f 42/277/10 1379/1252/10 1321/1272/10
f 1379/1252/10 42/277/10 124/107/10
f 125/324/10 1370/1275/10 1326/1276/10
f 1370/1275/10 125/324/10 31/325/10
f 32/328/1 126/327/1 993/1277/1
f 993/1277/1 920/1278/1 32/328/1
f 127/326/1 43/279/1 986/1274/1
f 986/1274/1 929/1279/1 127/326/1
f 33/354/10 1380/1250/10 1371/1280/10
f 1380/1250/10 33/354/10 148/104/10
f 1327/1249/10 41/251/10 1374/1271/10
f 41/251/10 1327/1249/10 149/105/10
f 31/448/6 184/447/6 1381/1281/6
f 31/448/6 1381/1281/6 1370/1282/6
f 1371/1283/5 1328/1284/5 185/453/5
f 1371/1283/5 185/453/5 33/454/5
f 1330/1244/10 1383/1285/10 320/654/10
f 1330/1244/10 320/654/10 321/655/10
f 320/654/10 1383/1285/10 62/178/10
f 1383/1285/10 1376/1286/117 62/178/10
f 267/651/10 2602/1287/10 2600/1288/10
f 2602/1287/10 267/651/10 1329/1243/10
f 1347/1263/10 464/177/10 1376/1286/117
f 62/178/10 1376/1286/117 464/177/10
f 503/922/6 37/227/6 1372/1268/6
f 503/922/6 1372/1268/6 1348/1289/6
f 184/447/6 502/924/6 1388/1290/6
f 184/447/6 1388/1290/6 1381/1281/6
f 1328/1284/5 1350/1291/5 507/929/5
f 1328/1284/5 507/929/5 185/453/5
f 1390/1292/5 1373/1270/5 38/231/5
f 1390/1292/5 38/231/5 506/927/5
f 594/121/6 503/922/6 1348/1289/6
f 594/121/6 1348/1289/6 1351/1245/6
f 502/924/6 593/119/6 1391/1246/6
f 502/924/6 1391/1246/6 1388/1290/6
f 1350/1291/5 1352/1255/5 598/124/5
f 1350/1291/5 598/124/5 507/929/5
f 1392/1256/5 1390/1292/5 506/927/5
f 1392/1256/5 506/927/5 597/122/5
f 899/128/6 1007/1293/6 684/1042/6
f 1007/1293/6 899/128/6 1016/1258/6
f 760/1058/6 1011/1294/6 761/1059/6
f 1011/1294/6 760/1058/6 964/1295/6
f 807/1076/10 1356/1296/10 1395/1297/10
f 1356/1296/10 807/1076/10 808/1077/10
f 733/1078/1 127/326/1 929/1279/1
f 929/1279/1 1010/1298/1 733/1078/1
f 676/1110/6 641/1111/6 956/1299/6
f 676/1110/6 956/1299/6 960/1300/6
f 684/1042/6 957/1301/6 649/1125/6
f 957/1301/6 684/1042/6 1007/1293/6
f 649/1125/6 961/1302/6 694/1139/6
f 961/1302/6 649/1125/6 957/1301/6
f 641/1111/6 695/1141/6 1008/1303/6
f 641/1111/6 1008/1303/6 956/1299/6
f 712/109/10 1353/1304/10 1354/1251/10
f 1353/1304/10 712/109/10 658/1177/10
f 659/1179/1 959/1305/1 713/1182/1
f 959/1305/1 963/1306/1 713/1182/1
f 658/1177/10 1393/1307/10 1353/1304/10
f 1393/1307/10 658/1177/10 732/1204/10
f 733/1078/1 1010/1298/1 659/1179/1
f 1010/1298/1 959/1305/1 659/1179/1
f 694/1139/6 964/1295/6 760/1058/6
f 964/1295/6 694/1139/6 961/1302/6
f 761/1059/6 1008/1303/6 695/1141/6
f 1008/1303/6 761/1059/6 1011/1294/6
f 713/1182/1 963/1306/1 784/110/1
f 963/1306/1 965/1253/1 784/110/1
f 783/111/1 1012/1254/1 126/327/1
f 1012/1254/1 993/1277/1 126/327/1
f 808/1077/10 1326/1276/10 1356/1296/10
f 1326/1276/10 808/1077/10 125/324/10
f 732/1204/10 1395/1297/10 1393/1307/10
f 1395/1297/10 732/1204/10 807/1076/10
f 677/1104/6 688/1048/6 900/26/6
f 900/26/6 895/25/6 677/1104/6
f 677/1104/6 895/25/6 673/1041/6
f 895/25/6 893/126/6 673/1041/6
f 679/1116/9 894/301/9 674/1117/9
f 894/301/9 679/1116/9 896/302/9
f 897/19/5 244/559/5 306/731/5
f 835/1156/9 836/1155/9 905/1097/9
f 905/1097/9 904/1096/9 835/1156/9
f 748/1040/9 902/73/9 704/1209/9
f 902/73/9 901/1175/9 704/1209/9
f 901/1175/9 662/1176/9 903/1211/9
f 903/1211/9 662/1176/9 736/1205/9
f 679/1116/9 835/1156/9 904/1096/9
f 904/1096/9 896/302/9 679/1116/9
f 918/70/9 917/69/9 834/1108/9
f 833/1107/9 834/1108/9 917/69/9
f 681/1043/6 906/133/6 909/130/6
f 906/133/6 681/1043/6 676/1110/6
f 683/1044/13 907/298/9 911/273/13
f 907/298/9 683/1044/13 678/1114/9
f 682/1121/6 908/64/6 910/490/6
f 908/64/6 682/1121/6 680/1038/6
f 907/298/9 751/1152/9 916/1072/9
f 751/1152/9 907/298/9 678/1114/9
f 914/1174/9 703/1202/9 747/1218/9
f 747/1218/9 915/1172/9 914/1174/9
f 1247/1073/9 916/1072/9 914/1174/9
f 1247/1073/9 914/1174/9 1243/1171/9
f 915/1172/9 747/1218/9 833/1107/9
f 833/1107/9 917/69/9 915/1172/9
f 676/1110/6 1017/1247/6 906/133/6
f 1017/1247/6 676/1110/6 960/1300/6
f 1045/1308/118 1460/1309/118 1418/1310/118
f 1460/1309/118 1045/1308/118 873/1311/118
f 1046/1312/119 874/1313/120 1461/1314/121
f 1461/1314/121 1419/1315/121 1046/1312/119
f 854/1316/118 891/1317/118 1442/1318/122
f 1442/1318/122 891/1317/118 1470/1319/118
f 1048/1320/121 857/1321/120 1445/1322/121
f 1445/1322/121 1421/1323/121 1048/1320/121
f 856/1324/118 1418/1310/118 1444/1325/118
f 1418/1310/118 856/1324/118 1045/1308/118
f 857/1321/120 1021/1326/121 1436/1327/121
f 1436/1327/121 1445/1322/121 857/1321/120
f 1435/1328/123 1425/1329/124 848/1330/124
f 1052/1331/124 848/1330/124 1425/1329/124
f 1472/1332/125 1411/1333/125 1036/1334/125
f 1472/1332/125 1036/1334/125 1065/1335/125
f 869/1336/126 1462/1337/118 1416/1338/127
f 1462/1337/118 869/1336/126 1050/1339/118
f 1419/1315/121 1431/1340/121 1046/1312/119
f 1046/1312/119 1431/1340/121 1063/1341/119
f 1038/1342/124 849/1343/128 1437/1344/129
f 1038/1342/124 1437/1344/129 1413/1345/124
f 1438/1346/125 1414/1347/130 865/1348/131
f 1438/1346/125 865/1348/131 850/1349/125
f 848/1330/124 1019/1350/124 1434/1351/132
f 848/1330/124 1434/1351/132 1435/1328/123
f 1035/1352/125 1411/1333/125 1410/1353/125
f 1411/1333/125 1035/1352/125 1036/1334/125
f 1021/1326/121 876/1354/120 1463/1355/121
f 1463/1355/121 1436/1327/121 1021/1326/121
f 1019/1350/124 1038/1342/124 1413/1345/124
f 1019/1350/124 1413/1345/124 1434/1351/132
f 1433/1356/133 1437/1344/129 1018/1357/134
f 849/1343/128 1018/1357/134 1437/1344/129
f 1033/1358/135 1414/1347/130 1409/1359/136
f 1414/1347/130 1033/1358/135 865/1348/131
f 1410/1353/125 1438/1346/125 850/1349/125
f 1410/1353/125 850/1349/125 1035/1352/125
f 851/1360/137 1031/1361/138 1439/1362/139
f 1439/1362/139 1031/1361/138 1407/1363/140
f 1018/1364/141 1042/1365/142 1415/1366/143
f 1415/1366/143 1433/1367/144 1018/1364/141
f 1032/1368/145 1416/1338/127 1408/1369/146
f 1416/1338/127 1032/1368/145 869/1336/126
f 1409/1370/147 1440/1371/148 1033/1372/149
f 1033/1372/149 1440/1371/148 852/1373/150
f 1031/1374/151 1044/1375/152 1417/1376/153
f 1417/1376/153 1407/1377/154 1031/1374/151
f 1408/1378/155 1441/1379/156 1032/1380/157
f 1032/1380/157 1441/1379/156 853/1381/158
f 872/1382/118 1444/1325/118 1420/1383/118
f 1444/1325/118 872/1382/118 856/1324/118
f 864/1384/118 1420/1383/118 1412/1385/118
f 1420/1383/118 864/1384/118 872/1382/118
f 855/1386/119 1048/1320/121 1421/1323/121
f 1421/1323/121 1443/1387/121 855/1386/119
f 873/1311/118 1442/1318/122 1460/1309/118
f 1442/1318/122 873/1311/118 854/1316/118
f 874/1313/120 855/1386/119 1443/1387/121
f 1443/1387/121 1461/1314/121 874/1313/120
f 1050/1339/118 1412/1385/118 1462/1337/118
f 1412/1385/118 1050/1339/118 864/1384/118
f 1440/1371/148 1463/1355/121 852/1373/150
f 852/1373/150 1463/1355/121 876/1354/120
f 1044/1375/152 1052/1331/124 1425/1329/124
f 1044/1375/152 1425/1329/124 1417/1376/153
f 1441/1379/156 1465/1388/125 878/1389/125
f 1441/1379/156 878/1389/125 853/1381/158
f 1472/1332/125 878/1389/125 1465/1388/125
f 878/1389/125 1472/1332/125 1065/1335/125
f 1042/1365/142 1063/1341/119 1431/1340/121
f 1431/1340/121 1415/1366/143 1042/1365/142
f 891/1317/118 1439/1362/139 1470/1319/118
f 1439/1362/139 891/1317/118 851/1360/137
f 1049/1390/159 871/1391/159 1458/1392/159
f 1458/1392/159 1422/1393/159 1049/1390/159
f 1020/1394/159 1029/1395/159 1405/1396/159
f 1405/1396/159 1399/1397/159 1020/1394/159
f 871/1391/159 1030/1398/159 1406/1399/159
f 1406/1399/159 1458/1392/159 871/1391/159
f 1054/1400/160 880/1401/160 1467/1402/160
f 1054/1400/160 1467/1402/160 1427/1403/161
f 1253/1248/160 1017/1247/160 1256/1404/160
f 919/1405/160 1256/1404/160 1017/1247/160
f 1027/1406/159 1043/1407/162 1456/1408/163
f 1456/1408/163 1403/1409/159 1027/1406/159
f 887/1410/159 867/1411/159 1455/1412/159
f 1455/1412/159 1430/1413/159 887/1410/159
f 890/1414/164 965/1415/164 1062/1416/164
f 965/1415/164 890/1414/164 1012/1417/164
f 1468/1418/165 1428/1419/165 1055/1420/165
f 1468/1418/165 1055/1420/165 881/1421/165
f 1016/1258/160 924/1257/166 1066/1422/160
f 1022/1423/167 1066/1422/160 924/1257/166
f 1023/1424/159 1040/1425/159 1453/1426/159
f 1453/1426/159 1400/1427/159 1023/1424/159
f 1024/1428/159 866/1429/159 1454/1430/159
f 1454/1430/159 1401/1431/159 1024/1428/159
f 875/1432/159 863/1433/159 1451/1434/159
f 1451/1434/159 1423/1435/159 875/1432/159
f 847/1436/159 1020/1394/159 1399/1397/159
f 1399/1397/159 1398/1437/159 847/1436/159
f 845/1438/168 924/1257/166 920/1266/169
f 924/1257/166 845/1438/168 1022/1423/167
f 1034/1439/160 1483/1440/160 1257/1441/160
f 1483/1440/160 1034/1439/160 1448/1442/160
f 1484/1443/165 1449/1444/165 860/1445/165
f 1484/1443/165 860/1445/165 1258/1446/165
f 1040/1425/159 861/1447/159 1450/1448/159
f 1450/1448/159 1453/1426/159 1040/1425/159
f 863/1433/159 1023/1424/159 1400/1427/159
f 1400/1427/159 1451/1434/159 863/1433/159
f 866/1429/159 847/1436/159 1398/1437/159
f 1398/1437/159 1454/1430/159 866/1429/159
f 846/1449/159 1024/1428/159 1401/1431/159
f 1401/1431/159 1397/1450/159 846/1449/159
f 862/1451/164 1186/1452/164 1187/1453/164
f 1186/1452/164 862/1451/164 986/1454/164
f 867/1411/159 846/1449/159 1397/1450/159
f 1397/1450/159 1455/1412/159 867/1411/159
f 858/1455/170 1025/1456/171 1402/1457/172
f 1402/1457/172 1446/1458/173 858/1455/170
f 868/1459/174 845/1460/175 993/1461/176
f 920/1462/177 993/1461/176 845/1460/175
f 862/1451/164 1026/1463/164 986/1454/164
f 986/1454/164 1026/1463/164 929/1464/164
f 1447/1465/178 1456/1408/163 859/1466/179
f 859/1466/180 1456/1408/163 1043/1407/162
f 861/1447/159 1027/1406/159 1403/1409/159
f 1403/1409/159 1450/1448/159 861/1447/159
f 1446/1467/181 1457/1468/182 858/1469/183
f 870/1470/184 858/1469/185 1457/1468/182
f 1404/1471/186 1447/1472/187 859/1473/188
f 1404/1471/186 859/1473/188 1028/1474/189
f 1030/1398/159 1047/1475/159 1459/1476/159
f 1459/1476/159 1406/1399/159 1030/1398/159
f 1047/1475/159 1037/1477/159 1452/1478/159
f 1452/1478/159 1459/1476/159 1047/1475/159
f 1422/1393/159 2589/1479/159 1049/1390/159
f 1049/1390/159 2589/1479/159 2590/1480/159
f 1037/1477/159 875/1432/159 1423/1435/159
f 1423/1435/159 1452/1478/159 1037/1477/159
f 1034/1439/160 1051/1481/160 1424/1482/190
f 1034/1439/160 1424/1482/190 1448/1442/160
f 877/1483/160 870/1470/184 1457/1468/182
f 877/1483/160 1457/1468/182 1464/1484/160
f 1426/1485/165 1404/1471/186 1028/1474/189
f 1426/1485/165 1028/1474/189 1053/1486/165
f 1449/1444/165 1466/1487/165 879/1488/165
f 1449/1444/165 879/1488/165 860/1445/165
f 1051/1481/160 1054/1400/160 1427/1403/161
f 1051/1481/160 1427/1403/161 1424/1482/190
f 880/1401/160 877/1483/160 1464/1484/160
f 880/1401/160 1464/1484/160 1467/1402/160
f 1428/1419/165 1426/1485/165 1053/1486/165
f 1428/1419/165 1053/1486/165 1055/1420/165
f 1466/1487/165 1468/1418/165 881/1421/165
f 1466/1487/165 881/1421/165 879/1488/165
f 885/1489/160 1016/1258/160 1066/1422/160
f 1016/1258/160 885/1489/160 1007/1293/160
f 889/1490/160 964/1295/160 1061/1491/160
f 964/1295/160 889/1490/160 1011/1294/160
f 1064/1492/159 892/1493/159 1471/1494/159
f 1471/1494/159 1432/1495/159 1064/1492/159
f 1026/1463/164 1060/1496/164 929/1464/164
f 929/1464/164 1060/1496/164 1010/1497/164
f 1057/1498/160 956/1299/190 882/1499/190
f 956/1299/190 1057/1498/160 960/1300/160
f 1056/1500/160 1007/1293/160 885/1489/160
f 1007/1293/160 1056/1500/160 957/1301/160
f 1058/1501/160 957/1301/160 1056/1500/160
f 957/1301/160 1058/1501/160 961/1302/160
f 882/1499/190 1008/1303/160 886/1502/160
f 1008/1303/160 882/1499/190 956/1299/190
f 883/1503/159 887/1410/159 1430/1413/159
f 1430/1413/159 1429/1504/159 883/1503/159
f 884/1505/164 1059/1506/164 959/1507/164
f 959/1507/164 1059/1506/164 963/1508/164
f 888/1509/159 883/1503/159 1429/1504/159
f 1429/1504/159 1469/1510/159 888/1509/159
f 884/1505/164 1010/1497/164 1060/1496/164
f 1010/1497/164 884/1505/164 959/1507/164
f 1061/1491/160 961/1302/160 1058/1501/160
f 961/1302/160 1061/1491/160 964/1295/160
f 886/1502/160 1011/1294/160 889/1490/160
f 1011/1294/160 886/1502/160 1008/1303/160
f 1059/1506/164 1062/1416/164 963/1508/164
f 963/1508/164 1062/1416/164 965/1415/164
f 868/1459/174 1012/1417/164 890/1414/164
f 1012/1417/164 868/1459/174 993/1461/176
f 1025/1456/171 1064/1492/159 1432/1495/159
f 1432/1495/159 1402/1457/172 1025/1456/171
f 892/1493/159 888/1509/159 1469/1510/159
f 1469/1510/159 1471/1494/159 892/1493/159
f 919/1405/160 960/1300/160 1057/1498/160
f 960/1300/160 919/1405/160 1017/1247/160
f 215/1511/191 1275/1512/192 1130/1513/192
f 1275/1512/192 215/1511/191 1288/1514/193
f 790/1515/194 1304/1516/195 1143/1517/194
f 1304/1516/195 790/1515/194 1303/1518/194
f 83/1519/196 1123/1520/197 1266/1521/198
f 83/1519/196 1266/1521/198 1273/1522/199
f 1123/1520/192 1130/1513/192 1275/1512/192
f 1123/1520/192 1275/1512/192 1266/1521/198
f 2612/1523/200 276/1524/200 2604/1525/200
f 2604/1525/200 276/1524/200 1292/1526/200
f 1129/1527/201 1289/1528/202 1264/1529/201
f 1289/1528/202 1129/1527/201 2713/1530/201
f 1136/1531/203 85/1532/204 1276/1533/204
f 1136/1531/203 1276/1533/204 1290/1534/205
f 1287/1535/206 1135/1536/207 155/1537/208
f 1135/1536/207 1287/1535/206 1286/1538/209
f 1305/1539/210 789/1540/211 1306/1541/211
f 789/1540/211 1305/1539/210 1144/1542/212
f 1131/1543/213 1279/1544/200 1278/1545/214
f 1279/1544/200 1131/1543/213 98/1546/200
f 1132/1547/200 1281/1548/215 1280/1549/200
f 1281/1548/215 1132/1547/200 110/1550/216
f 80/1551/217 1128/1552/218 1263/1553/219
f 80/1551/217 1263/1553/219 1267/1554/217
f 1259/1555/220 1274/1556/221 84/1557/222
f 1259/1555/220 84/1557/222 1122/1558/220
f 1264/1529/201 1259/1555/220 1122/1558/220
f 1264/1529/201 1122/1558/220 1129/1527/201
f 85/1532/204 80/1551/217 1267/1554/217
f 85/1532/204 1267/1554/217 1276/1533/204
f 1139/1559/200 1265/1560/200 1296/1561/200
f 1265/1560/200 1139/1559/200 86/1562/200
f 87/1563/200 1272/1564/200 1277/1565/200
f 1272/1564/200 87/1563/200 1127/1566/200
f 79/1567/223 1278/1545/214 1261/1568/224
f 1278/1545/214 79/1567/223 1131/1543/213
f 98/1546/200 1262/1569/200 1279/1544/200
f 1262/1569/200 98/1546/200 1126/1570/200
f 82/1571/225 1174/1572/226 1318/1573/227
f 1318/1573/227 1270/1574/228 82/1571/225
f 1127/1566/200 1280/1549/200 1272/1564/200
f 1280/1549/200 1127/1566/200 1132/1547/200
f 110/1550/216 1125/1575/229 1281/1548/215
f 1281/1548/215 1125/1575/229 1271/1576/230
f 1282/1577/231 82/1571/225 1270/1574/228
f 82/1571/225 1282/1577/231 138/1578/232
f 81/1579/233 1133/1580/234 1283/1581/235
f 1283/1581/235 1268/1582/236 81/1579/233
f 1125/1575/229 1284/1583/237 1271/1576/230
f 1284/1583/237 1125/1575/229 1134/1584/238
f 137/1585/239 1124/1586/240 1285/1587/241
f 1269/1588/242 1285/1587/241 1124/1586/240
f 1286/1538/209 1260/1589/243 78/1590/244
f 1286/1538/209 78/1590/244 1135/1536/207
f 1261/1568/224 1287/1535/206 79/1567/223
f 155/1537/208 79/1567/223 1287/1535/206
f 1268/1591/245 1288/1514/193 81/1592/246
f 81/1593/246 1288/1594/193 215/1595/191
f 1289/1528/202 78/1596/247 1260/1597/248
f 1289/1598/202 2713/1599/249 78/1600/247
f 1124/1601/250 1290/1534/205 1269/1602/251
f 1290/1603/205 1124/1604/250 1136/1605/203
f 1138/1606/200 1294/1607/252 1293/1608/252
f 1294/1607/252 1138/1606/200 343/1609/200
f 276/1524/200 1277/1565/200 1292/1526/200
f 1277/1565/200 276/1524/200 87/1563/200
f 86/1562/200 1293/1608/252 1265/1560/200
f 1293/1608/252 86/1562/200 1138/1606/200
f 343/1609/200 1291/1610/200 1294/1607/252
f 1291/1610/200 343/1609/200 1137/1611/200
f 1137/1611/200 1295/1612/200 1291/1610/200
f 1295/1612/200 1137/1611/200 448/1613/200
f 1126/1570/200 1296/1561/200 1262/1569/200
f 1296/1561/200 1126/1570/200 1139/1559/200
f 737/1614/194 138/1578/232 1282/1577/231
f 1282/1577/231 1301/1615/194 737/1614/194
f 1134/1584/238 1302/1616/211 1284/1583/237
f 1302/1616/211 1134/1584/238 1142/1617/211
f 717/1618/194 1140/1619/194 1297/1620/194
f 1297/1620/194 1299/1621/194 717/1618/194
f 1298/1622/211 1141/1623/253 1300/1624/253
f 1141/1623/253 1298/1622/211 663/1625/212
f 1140/1619/194 737/1614/194 1301/1615/194
f 1301/1615/194 1297/1620/194 1140/1619/194
f 1142/1617/211 1298/1622/211 1302/1616/211
f 1298/1622/211 1142/1617/211 663/1625/212
f 717/1618/194 1303/1518/194 790/1515/194
f 1303/1518/194 717/1618/194 1299/1621/194
f 1143/1517/194 1283/1581/235 1133/1580/234
f 1283/1581/235 1143/1517/194 1304/1516/195
f 1300/1624/253 1144/1542/212 1305/1539/210
f 1144/1542/212 1300/1624/253 1141/1623/253
f 1306/1541/211 137/1585/239 1285/1587/241
f 137/1585/239 1306/1541/211 789/1540/211
f 989/1626/254 83/1519/196 1273/1522/199
f 1273/1522/199 1307/1627/255 989/1626/254
f 1485/1628/256 1263/1553/219 1478/1629/257
f 1128/1552/218 1478/1629/257 1263/1553/219
f 1274/1556/221 1486/1630/258 1477/1631/259
f 1274/1556/221 1477/1631/259 84/1557/222
f 1307/1632/260 1310/1633/261 989/1634/262
f 989/1634/262 1310/1633/261 1147/1635/263
f 1480/1636/264 1311/1637/265 1487/1638/266
f 1311/1637/265 1480/1636/264 1039/1639/267
f 1312/1640/268 1146/1639/269 1479/1641/270
f 1479/1641/270 1488/1642/271 1312/1640/268
f 1195/1643/272 106/1644/273 1193/1645/274
f 106/1644/273 1195/1643/272 1166/1646/275
f 1194/1647/276 1200/1648/277 109/1649/278
f 764/1650/279 109/1649/278 1200/1648/277
f 1201/1651/280 1315/1652/281 1170/1653/282
f 1315/1652/281 1201/1651/280 1319/1654/283
f 102/1655/284 1165/1656/285 1189/1657/286
f 1189/1657/286 1191/1658/287 102/1655/284
f 1193/1645/274 102/1655/288 1191/1658/289
f 102/1655/288 1193/1645/274 106/1644/273
f 1192/1659/290 1194/1647/276 1164/1660/291
f 109/1649/278 1164/1660/291 1194/1647/276
f 1164/1660/291 1195/1643/272 1192/1659/290
f 1195/1643/272 1164/1660/291 1166/1646/275
f 1170/1653/282 686/1661/277 1197/1662/277
f 1170/1653/282 1197/1662/277 1201/1651/280
f 764/1650/279 1199/1663/277 1169/1664/277
f 1199/1663/277 764/1650/279 1200/1648/277
f 686/1661/277 1167/1665/277 1196/1666/277
f 686/1661/277 1196/1666/277 1197/1662/277
f 1167/1665/277 1168/1667/277 1198/1668/277
f 1167/1665/277 1198/1668/277 1196/1666/277
f 1168/1667/277 1169/1664/277 1199/1663/277
f 1168/1667/277 1199/1663/277 1198/1668/277
f 1202/1669/292 1189/1657/286 1171/1670/293
f 1171/1670/293 1189/1657/286 1165/1656/285
f 1203/1671/294 1171/1670/295 1041/1672/296
f 1171/1670/295 1203/1671/294 1202/1669/297
f 1320/1673/298 1190/1674/299 1316/1675/300
f 1316/1675/300 1190/1674/299 1172/1676/301
f 1152/1677/7 1179/256/7 1154/1678/7
f 1179/256/7 1152/1677/7 1177/257/7
f 1159/1679/3 1153/1680/3 1178/262/3
f 1159/1679/3 1178/262/3 1184/264/3
f 1313/1681/302 1160/1682/3 1185/275/3
f 1313/1681/302 1185/275/3 1317/272/3
f 1148/1683/1 1175/280/1 1150/1684/1
f 1175/280/1 1148/1683/1 1173/278/1
f 1150/1684/16 1177/257/7 1152/1677/7
f 1177/257/7 1150/1684/16 1175/280/16
f 1151/1685/3 1178/262/3 1153/1680/3
f 1178/262/3 1151/1685/3 1176/283/3
f 1154/1678/7 1176/511/7 1151/1686/7
f 1176/511/7 1154/1678/7 1179/256/7
f 1160/1682/3 1181/1045/3 1185/275/3
f 1181/1045/3 1160/1682/3 1156/1687/3
f 1158/1688/3 1184/264/3 1183/1061/3
f 1184/264/3 1158/1688/3 1159/1679/3
f 1156/1687/3 1180/1126/3 1181/1045/3
f 1180/1126/3 1156/1687/3 1155/1689/3
f 1155/1689/3 1182/1143/3 1180/1126/3
f 1182/1143/3 1155/1689/3 1157/1690/302
f 1157/1690/302 1183/1061/3 1182/1143/3
f 1183/1061/3 1157/1690/302 1158/1688/3
f 1161/1691/1 1173/278/1 1148/1683/1
f 1173/278/1 1161/1691/1 1186/1273/1
f 1162/1692/164 1186/1452/164 1161/1693/164
f 1186/1452/164 1162/1692/164 1187/1453/164
f 1314/1694/303 1174/1572/226 1149/1695/304
f 1174/1572/226 1314/1694/303 1318/1573/227
f 1195/1643/272 1152/1696/305 1154/1697/306
f 1152/1696/305 1195/1643/272 1193/1645/274
f 1200/1648/277 1153/1698/307 1159/1699/277
f 1153/1698/307 1200/1648/277 1194/1647/276
f 1160/1700/308 1319/1654/283 1201/1651/280
f 1319/1654/283 1160/1700/308 1313/1701/309
f 1148/1702/310 1191/1658/287 1189/1657/286
f 1191/1658/287 1148/1702/310 1150/1703/311
f 1152/1696/305 1191/1658/289 1150/1703/312
f 1193/1645/274 1191/1658/289 1152/1696/305
f 1151/1704/313 1153/1698/307 1192/1659/290
f 1194/1647/276 1192/1659/290 1153/1698/307
f 1192/1659/290 1154/1697/306 1151/1704/313
f 1154/1697/306 1192/1659/290 1195/1643/272
f 1156/1705/277 1201/1651/280 1197/1662/277
f 1201/1651/280 1156/1705/277 1160/1700/308
f 1159/1699/277 1199/1663/277 1200/1648/277
f 1199/1663/277 1159/1699/277 1158/1706/277
f 1155/1707/308 1197/1662/277 1196/1666/277
f 1197/1662/277 1155/1707/308 1156/1705/277
f 1157/1708/308 1196/1666/277 1198/1668/277
f 1196/1666/277 1157/1708/308 1155/1707/308
f 1158/1706/277 1198/1668/277 1199/1663/277
f 1198/1668/277 1158/1706/277 1157/1708/308
f 1161/1709/314 1148/1702/310 1202/1669/292
f 1202/1669/292 1148/1702/310 1189/1657/286
f 1202/1669/297 1162/1710/315 1161/1709/316
f 1162/1710/315 1202/1669/297 1203/1671/294
f 1314/1711/317 1149/1712/318 1320/1673/298
f 1320/1673/298 1149/1712/318 1190/1674/299
f 1234/66/6 1083/1713/6 1097/1714/6
f 1083/1713/6 1234/66/6 1221/65/6
f 1249/68/9 1113/1715/9 1112/1716/9
f 1113/1715/9 1249/68/9 1250/71/9
f 1212/132/6 1219/131/6 1074/1717/6
f 1074/1717/6 1219/131/6 1081/1718/6
f 1221/65/6 1074/1717/6 1083/1713/6
f 1074/1717/6 1221/65/6 1212/132/6
f 2580/1719/3 1241/872/3 1104/1720/3
f 1104/1720/3 2593/1721/3 2580/1719/3
f 1072/1722/5 1098/1723/5 1210/202/5
f 1210/202/5 1098/1723/5 1235/203/5
f 1099/1724/6 1222/209/6 1236/206/6
f 1222/209/6 1099/1724/6 1084/1725/6
f 1095/1726/8 1096/1727/8 1232/210/8
f 1232/210/8 1096/1727/8 1233/211/8
f 1114/1728/319 1252/217/9 1251/214/9
f 1252/217/9 1114/1728/319 1115/1729/9
f 1086/1730/3 1087/1731/3 1224/219/3
f 1224/219/3 1087/1731/3 1225/220/3
f 1089/1732/3 1090/1733/3 1226/222/3
f 1226/222/3 1090/1733/3 1227/223/3
f 1075/1734/6 1209/226/6 1213/228/6
f 1209/226/6 1075/1734/6 1071/1735/6
f 1082/1736/5 1067/1737/5 1220/232/5
f 1220/232/5 1067/1737/5 1205/230/5
f 1067/1737/5 1072/1722/5 1205/230/5
f 1205/230/5 1072/1722/5 1210/202/5
f 1084/1725/6 1213/228/6 1222/209/6
f 1213/228/6 1084/1725/6 1075/1734/6
f 1073/1738/3 1242/235/3 1105/1739/3
f 1242/235/3 1073/1738/3 1211/237/3
f 1080/1740/3 1223/1741/3 1085/1742/3
f 1223/1741/3 1080/1740/3 1218/285/3
f 1069/1743/12 1086/1730/3 1207/253/12
f 1207/253/12 1086/1730/3 1224/219/3
f 1087/1731/3 1070/1744/3 1225/220/3
f 1225/220/3 1070/1744/3 1208/255/3
f 1317/272/3 1216/274/13 1188/1745/3
f 1188/1745/3 1216/274/13 1078/1746/320
f 1080/1740/3 1089/1732/3 1218/285/3
f 1218/285/3 1089/1732/3 1226/222/3
f 1090/1733/3 1079/1747/13 1227/223/3
f 1227/223/3 1079/1747/13 1217/287/13
f 1216/274/13 1091/1748/9 1078/1746/320
f 1091/1748/9 1216/274/13 1228/299/9
f 1229/316/9 1076/1749/9 1092/1750/9
f 1076/1749/9 1229/316/9 1214/315/9
f 1079/1747/13 1230/338/9 1217/287/13
f 1230/338/9 1079/1747/13 1093/1751/9
f 1094/1752/9 1215/342/9 1231/340/9
f 1215/342/9 1094/1752/9 1077/1753/9
f 1068/1754/8 1095/1726/8 1206/358/8
f 1206/358/8 1095/1726/8 1232/210/8
f 1096/1727/8 1069/1743/12 1233/211/8
f 1233/211/8 1069/1743/12 1207/253/12
f 1214/491/6 1097/1714/6 1076/1755/6
f 1097/1714/6 1214/491/6 1234/66/6
f 1098/1723/5 1068/1756/5 1235/203/5
f 1235/203/5 1068/1756/5 1206/507/5
f 1077/1757/6 1236/206/6 1215/509/6
f 1236/206/6 1077/1757/6 1099/1724/6
f 1102/1758/3 1103/1759/3 1239/660/3
f 1239/660/3 1103/1759/3 1240/661/3
f 1085/1760/3 1238/201/3 1101/1761/3
f 1238/201/3 1085/1760/3 1223/240/3
f 1073/1738/3 1102/1758/3 1211/237/3
f 1211/237/3 1102/1758/3 1239/660/3
f 1103/1759/3 1100/1762/3 1240/661/3
f 1240/661/3 1100/1762/3 1237/770/3
f 1100/1762/3 1104/1720/3 1237/770/3
f 1237/770/3 1104/1720/3 1241/872/3
f 1070/1744/3 1105/1739/3 1208/255/3
f 1208/255/3 1105/1739/3 2809/1763/3
f 1228/299/9 1110/1764/9 1091/1748/9
f 1110/1764/9 1228/299/9 1247/1073/9
f 1093/1751/9 1248/1083/9 1230/338/9
f 1248/1083/9 1093/1751/9 1111/1765/319
f 1243/1171/9 1108/1766/9 1106/1767/9
f 1108/1766/9 1243/1171/9 1245/1173/9
f 1107/1768/9 1246/1188/9 1244/1185/9
f 1246/1188/9 1107/1768/9 1109/1769/319
f 1247/1073/9 1106/1767/9 1110/1764/9
f 1106/1767/9 1247/1073/9 1243/1171/9
f 1111/1765/319 1244/1185/9 1248/1083/9
f 1244/1185/9 1111/1765/319 1107/1768/9
f 1245/1173/9 1112/1716/9 1108/1766/9
f 1112/1716/9 1245/1173/9 1249/68/9
f 1250/71/9 1092/1750/9 1113/1715/9
f 1092/1750/9 1250/71/9 1229/316/9
f 1109/1769/319 1251/214/9 1246/1188/9
f 1251/214/9 1109/1769/319 1114/1728/319
f 1115/1729/9 1231/340/9 1252/217/9
f 1231/340/9 1115/1729/9 1094/1752/9
f 1219/131/6 1253/1248/6 1081/1718/6
f 1081/1718/6 1253/1248/6 1116/1770/6
f 1209/226/6 1473/1771/6 1481/1267/6
f 1473/1771/6 1209/226/6 1071/1735/6
f 1474/1772/5 1220/232/5 1482/1269/5
f 1220/232/5 1474/1772/5 1082/1736/5
f 1119/1773/160 1116/1770/190 1256/1404/160
f 1256/1404/160 1116/1770/190 1253/1248/160
f 1257/1441/160 1475/1774/321 1120/1775/160
f 1475/1774/321 1257/1441/160 1483/1440/160
f 1476/1776/322 1258/1446/165 1121/1777/323
f 1258/1446/165 1476/1776/322 1484/1443/165
f 1097/1714/324 1083/1713/192 1288/1514/193
f 1275/1512/192 1288/1514/193 1083/1713/192
f 1112/1716/194 1304/1516/195 1303/1518/194
f 1304/1516/195 1112/1716/194 1113/1715/325
f 1074/1717/326 1081/1718/327 1266/1521/198
f 1273/1522/199 1266/1521/198 1081/1718/327
f 1083/1713/192 1074/1717/326 1275/1512/192
f 1266/1521/198 1275/1512/192 1074/1717/326
f 2604/1525/200 1101/1778/200 2613/1779/200
f 1101/1778/200 2604/1525/200 1292/1526/200
f 1072/1722/201 1289/1528/202 1098/1723/328
f 1289/1528/202 1072/1722/201 1264/1529/201
f 1084/1725/329 1290/1534/205 1276/1533/204
f 1290/1534/205 1084/1725/329 1099/1724/330
f 1096/1780/331 1286/1538/209 1287/1535/206
f 1286/1538/209 1096/1780/331 1095/1781/332
f 1305/1539/210 1306/1541/211 1114/1782/210
f 1114/1782/210 1306/1541/211 1115/1783/212
f 1278/1545/214 1279/1544/200 1086/1784/333
f 1086/1784/333 1279/1544/200 1087/1785/200
f 1280/1549/200 1281/1548/215 1089/1786/200
f 1089/1786/200 1281/1548/215 1090/1787/334
f 1071/1735/335 1075/1734/336 1263/1553/219
f 1267/1554/217 1263/1553/219 1075/1734/336
f 1082/1736/337 1259/1555/220 1067/1737/220
f 1259/1555/220 1082/1736/337 1274/1556/221
f 1067/1737/220 1264/1529/201 1072/1722/201
f 1264/1529/201 1067/1737/220 1259/1555/220
f 1075/1734/336 1084/1725/329 1267/1554/217
f 1276/1533/204 1267/1554/217 1084/1725/329
f 1296/1561/200 1265/1560/200 1105/1788/252
f 1105/1788/252 1265/1560/200 1073/1789/338
f 1277/1565/200 1272/1564/200 1085/1790/200
f 1085/1790/200 1272/1564/200 1080/1791/200
f 1261/1568/224 1086/1784/333 1069/1792/224
f 1086/1784/333 1261/1568/224 1278/1545/214
f 1279/1544/200 1070/1793/338 1087/1785/200
f 1070/1793/338 1279/1544/200 1262/1569/200
f 1188/1745/339 1270/1574/228 1318/1573/227
f 1270/1574/228 1188/1745/339 1078/1746/340
f 1272/1564/200 1280/1549/200 1080/1791/200
f 1080/1791/200 1280/1549/200 1089/1786/200
f 1281/1548/215 1271/1576/230 1090/1787/334
f 1090/1787/334 1271/1576/230 1079/1794/230
f 1091/1748/341 1270/1574/228 1078/1746/340
f 1270/1574/228 1091/1748/341 1282/1577/231
f 1092/1750/342 1268/1582/236 1283/1581/235
f 1268/1582/236 1092/1750/342 1076/1749/343
f 1271/1576/230 1093/1795/212 1079/1794/230
f 1093/1795/212 1271/1576/230 1284/1583/237
f 1285/1587/241 1269/1588/242 1094/1796/344
f 1077/1797/345 1094/1796/344 1269/1588/242
f 1095/1781/332 1260/1589/243 1286/1538/209
f 1260/1589/243 1095/1781/332 1068/1798/346
f 1069/1792/224 1096/1780/331 1261/1568/224
f 1287/1535/206 1261/1568/224 1096/1780/331
f 1076/1755/347 1097/1714/324 1268/1591/245
f 1288/1514/193 1268/1591/245 1097/1714/324
f 1068/1756/348 1098/1723/328 1260/1597/248
f 1260/1597/248 1098/1723/328 1289/1528/202
f 1099/1724/330 1269/1602/251 1290/1534/205
f 1269/1602/251 1099/1724/330 1077/1757/349
f 1293/1608/252 1294/1607/252 1102/1799/338
f 1102/1799/338 1294/1607/252 1103/1800/338
f 1292/1526/200 1277/1565/200 1101/1778/200
f 1101/1778/200 1277/1565/200 1085/1790/200
f 1265/1560/200 1293/1608/252 1073/1789/338
f 1073/1789/338 1293/1608/252 1102/1799/338
f 1294/1607/252 1291/1610/200 1103/1800/338
f 1103/1800/338 1291/1610/200 1100/1801/338
f 1291/1610/200 1295/1612/200 1100/1801/338
f 1100/1801/338 1295/1612/200 1104/1802/252
f 1262/1569/200 1296/1561/200 1070/1793/338
f 1070/1793/338 1296/1561/200 1105/1788/252
f 1110/1764/195 1282/1577/231 1091/1748/341
f 1282/1577/231 1110/1764/195 1301/1615/194
f 1284/1583/237 1111/1803/210 1093/1795/212
f 1111/1803/210 1284/1583/237 1302/1616/211
f 1108/1766/195 1297/1620/194 1106/1767/194
f 1297/1620/194 1108/1766/195 1299/1621/194
f 1298/1622/211 1300/1624/253 1107/1804/211
f 1107/1804/211 1300/1624/253 1109/1805/211
f 1106/1767/194 1301/1615/194 1110/1764/195
f 1301/1615/194 1106/1767/194 1297/1620/194
f 1302/1616/211 1107/1804/211 1111/1803/210
f 1107/1804/211 1302/1616/211 1298/1622/211
f 1112/1716/194 1299/1621/194 1108/1766/195
f 1299/1621/194 1112/1716/194 1303/1518/194
f 1113/1715/325 1283/1581/235 1304/1516/195
f 1283/1581/235 1113/1715/325 1092/1750/342
f 1300/1624/253 1305/1539/210 1109/1805/211
f 1109/1805/211 1305/1539/210 1114/1782/210
f 1306/1541/211 1285/1587/241 1115/1783/212
f 1115/1783/212 1285/1587/241 1094/1796/344
f 1081/1718/327 1307/1627/255 1273/1522/199
f 1307/1627/255 1081/1718/327 1116/1770/350
f 1473/1771/351 1071/1735/335 1485/1628/256
f 1263/1553/219 1485/1628/256 1071/1735/335
f 1082/1736/337 1474/1772/352 1486/1630/258
f 1082/1736/337 1486/1630/258 1274/1556/221
f 1116/1806/353 1119/1807/354 1307/1632/260
f 1307/1632/260 1119/1807/354 1310/1633/261
f 1120/1808/355 1475/1809/356 1487/1638/266
f 1120/1808/357 1487/1638/266 1311/1637/265
f 1312/1640/268 1488/1642/271 1121/1810/358
f 1488/1642/271 1476/1811/359 1121/1810/358
f 1315/1652/281 1319/1654/283 1088/1812/360
f 1319/1654/283 1204/1813/361 1088/1812/360
f 1320/1673/298 1088/1812/362 1204/1813/363
f 1088/1812/362 1320/1673/298 1316/1675/300
f 1163/1814/302 1313/1681/302 1317/272/3
f 1163/1814/302 1317/272/3 1188/1745/3
f 1163/1814/364 1318/1573/227 1314/1694/303
f 1318/1573/227 1163/1814/364 1188/1745/339
f 1204/1813/361 1319/1654/283 1313/1701/309
f 1313/1701/309 1163/1815/365 1204/1813/361
f 1314/1711/317 1204/1813/363 1163/1815/366
f 1204/1813/363 1314/1711/317 1320/1673/298
f 945/1816/10 998/1817/10 1342/522/10
f 1342/522/10 998/1817/10 1384/520/10
f 1385/528/1 946/1818/1 999/1819/1
f 946/1818/1 1385/528/1 1343/527/1
f 977/1820/10 1394/685/10 1366/683/10
f 1394/685/10 977/1820/10 1013/1821/10
f 1369/692/1 1345/694/1 980/1822/1
f 980/1822/1 1345/694/1 948/1823/1
f 979/1824/10 945/1816/10 1368/779/10
f 1368/779/10 945/1816/10 1342/522/10
f 1360/782/1 1369/692/1 971/1825/1
f 971/1825/1 1369/692/1 980/1822/1
f 1359/833/6 1349/834/6 970/1826/6
f 952/1827/6 970/1826/6 1349/834/6
f 938/1828/5 1396/836/5 1335/835/5
f 1396/836/5 938/1828/5 1015/1829/5
f 943/1830/10 1386/837/10 1340/838/10
f 1386/837/10 943/1830/10 1000/1831/117
f 1343/527/1 966/1832/1 946/1818/1
f 966/1832/1 1343/527/1 1355/839/1
f 940/1833/6 1361/840/6 1337/841/6
f 1361/840/6 940/1833/6 972/1834/6
f 941/1835/5 973/1836/5 1338/842/5
f 1362/843/5 1338/842/5 973/1836/5
f 969/1837/6 1359/833/6 970/1826/6
f 1359/833/6 969/1837/6 1358/844/6
f 937/1838/5 938/1828/5 1334/845/5
f 1335/835/5 1334/845/5 938/1828/5
f 1387/846/1 1360/782/1 1001/1839/1
f 1001/1839/1 1360/782/1 971/1825/1
f 940/1833/6 1358/844/6 969/1837/6
f 1358/844/6 940/1833/6 1337/841/6
f 968/1840/6 1361/840/6 972/1834/6
f 1361/840/6 968/1840/6 1357/847/6
f 936/1841/5 941/1835/5 1333/848/5
f 1338/842/5 1333/848/5 941/1835/5
f 973/1836/5 937/1838/5 1362/843/5
f 1334/845/5 1362/843/5 937/1838/5
f 974/1842/10 934/1843/10 1363/850/10
f 1363/850/10 934/1843/10 1331/849/10
f 1339/851/1 1357/852/1 942/1844/1
f 942/1844/1 1357/852/1 968/1845/1
f 935/1846/10 943/1830/10 1332/853/10
f 1332/853/10 943/1830/10 1340/838/10
f 1333/854/1 1364/855/1 936/1847/1
f 936/1847/1 1364/855/1 975/1848/1
f 944/1849/6 1331/857/6 934/1850/6
f 1331/857/6 944/1849/6 1341/856/6
f 976/1851/5 1332/859/5 1365/858/5
f 1332/859/5 976/1851/5 935/1852/5
f 947/1853/10 1368/779/10 1344/860/10
f 1368/779/10 947/1853/10 979/1824/10
f 939/1854/367 1344/860/10 1336/862/10
f 1344/860/10 939/1854/367 947/1853/10
f 1345/694/1 1367/863/1 948/1823/1
f 948/1823/1 1367/863/1 978/1855/1
f 998/1817/10 977/1820/10 1384/520/10
f 1384/520/10 977/1820/10 1366/683/10
f 1367/863/1 1385/528/1 978/1855/1
f 978/1855/1 1385/528/1 999/1819/1
f 1000/1831/117 1336/862/10 1386/837/10
f 1336/862/10 1000/1831/117 939/1854/367
f 1001/1839/1 975/1848/1 1364/855/1
f 1364/855/1 1387/846/1 1001/1839/1
f 952/1827/6 1341/856/6 944/1849/6
f 1341/856/6 952/1827/6 1349/834/6
f 1003/1856/5 976/1851/5 1389/970/5
f 1365/858/5 1389/970/5 976/1851/5
f 1389/970/5 1396/836/5 1015/1829/5
f 1389/970/5 1015/1829/5 1003/1856/5
f 1355/839/1 1339/851/1 966/1832/1
f 966/1832/1 1339/851/1 942/1844/1
f 1013/1821/10 974/1842/10 1394/685/10
f 1394/685/10 974/1842/10 1363/850/10
f 1382/1241/10 1346/1240/10 996/1857/10
f 996/1857/10 1346/1240/10 949/1858/10
f 1329/1243/10 1323/1242/10 932/1859/10
f 932/1859/10 1323/1242/10 923/1860/10
f 1330/1244/10 1382/1241/10 933/1861/10
f 933/1861/10 1382/1241/10 996/1857/10
f 954/1862/6 1005/1863/6 1351/1245/6
f 1391/1246/6 1351/1245/6 1005/1863/6
f 1380/1250/10 1327/1249/10 994/1864/10
f 994/1864/10 1327/1249/10 930/1865/10
f 1379/1252/10 1354/1251/10 992/1866/10
f 992/1866/10 1354/1251/10 962/1867/10
f 1006/1868/5 1352/1255/5 955/1869/5
f 1352/1255/5 1006/1868/5 1392/1256/5
f 1377/1260/10 1324/1259/10 990/1870/10
f 990/1870/10 1324/1259/10 926/1871/10
f 1378/1261/10 1325/1262/10 991/1872/10
f 991/1872/10 1325/1262/10 927/1873/10
f 1375/1264/10 950/1874/367 987/1875/10
f 1375/1264/10 1347/1263/10 950/1874/367
f 1323/1242/10 1322/1265/10 923/1860/10
f 923/1860/10 1322/1265/10 922/1876/10
f 1254/1877/6 983/1878/6 1481/1267/6
f 1372/1268/6 1481/1267/6 983/1878/6
f 1255/1879/5 1373/1270/5 984/1880/5
f 1373/1270/5 1255/1879/5 1482/1269/5
f 1374/1271/10 1377/1260/10 985/1881/10
f 985/1881/10 1377/1260/10 990/1870/10
f 1324/1259/10 1375/1264/10 926/1871/10
f 926/1871/10 1375/1264/10 987/1875/10
f 1322/1265/10 991/1872/10 922/1876/10
f 991/1872/10 1322/1265/10 1378/1261/10
f 1325/1262/10 1321/1272/10 927/1873/10
f 927/1873/10 1321/1272/10 921/1882/10
f 1321/1272/10 1379/1252/10 921/1882/10
f 921/1882/10 1379/1252/10 992/1866/10
f 1326/1276/10 981/1883/10 928/1884/10
f 981/1883/10 1326/1276/10 1370/1275/10
f 1371/1280/10 1380/1250/10 982/1885/10
f 982/1885/10 1380/1250/10 994/1864/10
f 1327/1249/10 1374/1271/10 930/1865/10
f 930/1865/10 1374/1271/10 985/1881/10
f 995/1886/6 981/1887/6 1381/1281/6
f 1370/1282/6 1381/1281/6 981/1887/6
f 931/1888/5 1371/1283/5 982/1889/5
f 1371/1283/5 931/1888/5 1328/1284/5
f 933/1861/10 1383/1285/10 1330/1244/10
f 933/1861/10 997/1890/10 1383/1285/10
f 1376/1286/117 1383/1285/10 997/1890/10
f 997/1890/10 988/1891/10 1376/1286/117
f 2602/1287/10 932/1859/10 2605/1892/10
f 932/1859/10 2602/1287/10 1329/1243/10
f 1347/1263/10 1376/1286/117 988/1891/10
f 988/1891/10 950/1874/367 1347/1263/10
f 983/1878/6 1348/1289/6 1372/1268/6
f 1348/1289/6 983/1878/6 951/1893/6
f 1002/1894/6 995/1886/6 1388/1290/6
f 1381/1281/6 1388/1290/6 995/1886/6
f 953/1895/5 1328/1284/5 931/1888/5
f 1328/1284/5 953/1895/5 1350/1291/5
f 984/1880/5 1390/1292/5 1004/1896/5
f 1390/1292/5 984/1880/5 1373/1270/5
f 951/1893/6 954/1862/6 1348/1289/6
f 1351/1245/6 1348/1289/6 954/1862/6
f 1005/1863/6 1002/1894/6 1391/1246/6
f 1388/1290/6 1391/1246/6 1002/1894/6
f 955/1869/5 1350/1291/5 953/1895/5
f 1350/1291/5 955/1869/5 1352/1255/5
f 1004/1896/5 1392/1256/5 1006/1868/5
f 1392/1256/5 1004/1896/5 1390/1292/5
f 1395/1297/10 1356/1296/10 1014/1897/10
f 1014/1897/10 1356/1296/10 967/1898/10
f 1354/1251/10 1353/1304/10 962/1867/10
f 962/1867/10 1353/1304/10 958/1899/10
f 1353/1304/10 1009/1900/10 958/1899/10
f 1009/1900/10 1353/1304/10 1393/1307/10
f 1356/1296/10 1326/1276/10 967/1898/10
f 967/1898/10 1326/1276/10 928/1884/10
f 1393/1307/10 1395/1297/10 1009/1900/10
f 1009/1900/10 1395/1297/10 1014/1897/10
f 1418/1310/118 1460/1309/118 945/1816/118
f 945/1816/118 1460/1309/118 998/1817/118
f 946/1818/368 1461/1314/121 999/1819/368
f 1461/1314/121 946/1818/368 1419/1315/121
f 1013/1821/118 977/1820/369 1442/1318/122
f 1442/1318/122 1470/1319/118 1013/1821/118
f 980/1822/368 948/1823/368 1445/1322/121
f 1445/1322/121 948/1823/368 1421/1323/121
f 1444/1325/118 1418/1310/118 979/1824/118
f 979/1824/118 1418/1310/118 945/1816/118
f 971/1825/368 980/1822/368 1436/1327/121
f 1436/1327/121 980/1822/368 1445/1322/121
f 1425/1329/124 1435/1328/123 970/1826/132
f 1425/1329/124 970/1826/132 952/1827/124
f 938/1828/125 1472/1332/125 1015/1829/370
f 1472/1332/125 938/1828/125 1411/1333/125
f 1416/1338/127 1000/1831/118 943/1830/371
f 1000/1831/118 1416/1338/127 1462/1337/118
f 946/1818/368 1431/1340/121 1419/1315/121
f 1431/1340/121 946/1818/368 966/1832/368
f 972/1834/372 940/1833/373 1437/1344/129
f 1413/1345/124 1437/1344/129 940/1833/373
f 941/1835/374 1438/1346/125 973/1836/125
f 1438/1346/125 941/1835/374 1414/1347/130
f 969/1837/132 970/1826/132 1434/1351/132
f 1435/1328/123 1434/1351/132 970/1826/132
f 937/1838/125 1411/1333/125 938/1828/125
f 1411/1333/125 937/1838/125 1410/1353/125
f 1001/1839/121 971/1825/368 1463/1355/121
f 1463/1355/121 971/1825/368 1436/1327/121
f 940/1833/373 969/1837/132 1413/1345/124
f 1434/1351/132 1413/1345/124 969/1837/132
f 968/1840/375 972/1834/372 1433/1356/133
f 1437/1344/129 1433/1356/133 972/1834/372
f 941/1835/374 1409/1359/136 1414/1347/130
f 1409/1359/136 941/1835/374 936/1841/376
f 973/1836/125 1410/1353/125 937/1838/125
f 1410/1353/125 973/1836/125 1438/1346/125
f 1439/1362/139 1407/1363/140 974/1842/377
f 974/1842/377 1407/1363/140 934/1843/378
f 942/1844/379 1433/1367/144 1415/1366/143
f 1433/1367/144 942/1844/379 968/1845/380
f 1408/1369/146 943/1830/371 935/1846/381
f 943/1830/371 1408/1369/146 1416/1338/127
f 936/1847/380 975/1848/382 1409/1370/147
f 1409/1370/147 975/1848/382 1440/1371/148
f 944/1849/383 1407/1377/154 1417/1376/153
f 1407/1377/154 944/1849/383 934/1850/384
f 935/1852/385 976/1851/386 1408/1378/155
f 1408/1378/155 976/1851/386 1441/1379/156
f 1420/1383/118 979/1824/118 947/1853/118
f 979/1824/118 1420/1383/118 1444/1325/118
f 1412/1385/118 947/1853/118 939/1854/118
f 947/1853/118 1412/1385/118 1420/1383/118
f 948/1823/368 978/1855/368 1421/1323/121
f 1421/1323/121 978/1855/368 1443/1387/121
f 1460/1309/118 1442/1318/122 998/1817/118
f 998/1817/118 1442/1318/122 977/1820/369
f 999/1819/368 1443/1387/121 978/1855/368
f 1443/1387/121 999/1819/368 1461/1314/121
f 1462/1337/118 939/1854/118 1000/1831/118
f 939/1854/118 1462/1337/118 1412/1385/118
f 975/1848/382 1463/1355/121 1440/1371/148
f 1463/1355/121 975/1848/382 1001/1839/121
f 952/1827/124 944/1849/383 1425/1329/124
f 1417/1376/153 1425/1329/124 944/1849/383
f 1003/1856/387 1441/1379/156 976/1851/386
f 1441/1379/156 1003/1856/387 1465/1388/125
f 1003/1856/387 1015/1829/370 1472/1332/125
f 1003/1856/387 1472/1332/125 1465/1388/125
f 966/1832/368 942/1844/379 1431/1340/121
f 1431/1340/121 942/1844/379 1415/1366/143
f 1470/1319/118 1439/1362/139 1013/1821/118
f 1013/1821/118 1439/1362/139 974/1842/377
f 949/1901/159 1458/1392/159 996/1902/159
f 1458/1392/159 949/1901/159 1422/1393/159
f 932/1903/159 923/1904/159 1405/1396/159
f 1405/1396/159 923/1904/159 1399/1397/159
f 933/1905/159 996/1902/159 1406/1399/159
f 1406/1399/159 996/1902/159 1458/1392/159
f 1005/1863/190 954/1862/388 1467/1402/160
f 1427/1403/161 1467/1402/160 954/1862/388
f 994/1906/389 930/1907/159 1456/1408/163
f 1456/1408/163 930/1907/159 1403/1409/159
f 992/1908/159 962/1909/159 1455/1412/159
f 1455/1412/159 962/1909/159 1430/1413/159
f 955/1869/323 1468/1418/165 1006/1868/165
f 1468/1418/165 955/1869/323 1428/1419/165
f 990/1910/159 926/1911/390 1453/1426/159
f 1453/1426/159 926/1911/390 1400/1427/159
f 991/1912/159 927/1913/391 1454/1430/159
f 1454/1430/159 927/1913/391 1401/1431/159
f 987/1914/159 1423/1435/159 1451/1434/159
f 987/1914/159 950/1915/392 1423/1435/159
f 922/1916/159 1399/1397/159 923/1904/159
f 1399/1397/159 922/1916/159 1398/1437/159
f 983/1878/161 1254/1877/160 1448/1442/160
f 1483/1440/160 1448/1442/160 1254/1877/160
f 984/1880/165 1484/1443/165 1255/1879/165
f 1484/1443/165 984/1880/165 1449/1444/165
f 990/1910/159 1450/1448/159 985/1917/159
f 1450/1448/159 990/1910/159 1453/1426/159
f 987/1914/159 1400/1427/159 926/1911/390
f 1400/1427/159 987/1914/159 1451/1434/159
f 922/1916/159 991/1912/159 1398/1437/159
f 1398/1437/159 991/1912/159 1454/1430/159
f 927/1913/391 921/1918/159 1401/1431/159
f 1401/1431/159 921/1918/159 1397/1450/159
f 921/1918/159 992/1908/159 1397/1450/159
f 1397/1450/159 992/1908/159 1455/1412/159
f 928/1919/393 1446/1458/173 1402/1457/172
f 1446/1458/173 928/1919/393 981/1920/394
f 982/1921/395 994/1906/389 1447/1465/178
f 1447/1465/178 994/1906/389 1456/1408/163
f 985/1917/159 1403/1409/159 930/1907/159
f 1403/1409/159 985/1917/159 1450/1448/159
f 981/1887/169 995/1886/396 1446/1467/181
f 1446/1467/181 995/1886/396 1457/1468/182
f 931/1888/397 1447/1472/187 1404/1471/186
f 1447/1472/187 931/1888/397 982/1889/398
f 1406/1399/159 1459/1476/159 997/1922/399
f 997/1922/399 933/1905/159 1406/1399/159
f 1459/1476/159 1452/1478/159 988/1923/159
f 988/1923/159 997/1922/399 1459/1476/159
f 2589/1479/159 1422/1393/159 949/1901/159
f 949/1901/159 2594/1924/159 2589/1479/159
f 1452/1478/159 1423/1435/159 950/1915/392
f 950/1915/392 988/1923/159 1452/1478/159
f 951/1893/161 983/1878/161 1424/1482/190
f 1448/1442/160 1424/1482/190 983/1878/161
f 995/1886/396 1002/1894/190 1457/1468/182
f 1464/1484/160 1457/1468/182 1002/1894/190
f 931/1888/397 1426/1485/165 953/1895/165
f 1426/1485/165 931/1888/397 1404/1471/186
f 1004/1896/165 1449/1444/165 984/1880/165
f 1449/1444/165 1004/1896/165 1466/1487/165
f 954/1862/388 951/1893/161 1427/1403/161
f 1424/1482/190 1427/1403/161 951/1893/161
f 1002/1894/190 1005/1863/190 1464/1484/160
f 1467/1402/160 1464/1484/160 1005/1863/190
f 953/1895/165 1428/1419/165 955/1869/323
f 1428/1419/165 953/1895/165 1426/1485/165
f 1006/1868/165 1466/1487/165 1004/1896/165
f 1466/1487/165 1006/1868/165 1468/1418/165
f 1014/1925/159 967/1926/392 1471/1494/159
f 1471/1494/159 967/1926/392 1432/1495/159
f 962/1909/159 958/1927/159 1430/1413/159
f 1430/1413/159 958/1927/159 1429/1504/159
f 958/1927/159 1009/1928/159 1429/1504/159
f 1429/1504/159 1009/1928/159 1469/1510/159
f 967/1926/392 928/1919/393 1432/1495/159
f 1432/1495/159 928/1919/393 1402/1457/172
f 1009/1928/159 1014/1925/159 1469/1510/159
f 1469/1510/159 1014/1925/159 1471/1494/159
f 1145/1929/400 1485/1628/256 1478/1629/257
f 1485/1628/256 1145/1929/400 1308/1930/401
f 1309/1931/402 925/1932/403 1486/1630/258
f 1486/1630/258 925/1932/403 1477/1631/259
f 1145/1933/404 1487/1638/266 1308/1934/405
f 1487/1638/266 1145/1933/404 1480/1636/264
f 925/1935/406 1488/1642/271 1479/1641/270
f 1488/1642/271 925/1935/406 1309/1936/407
f 1481/1267/6 1117/1937/6 1254/1877/6
f 1117/1937/6 1481/1267/6 1473/1771/6
f 1118/1938/408 1482/1269/5 1255/1879/5
f 1482/1269/5 1118/1938/408 1474/1772/5
f 1475/1774/321 1483/1440/160 1117/1937/190
f 1483/1440/160 1254/1877/160 1117/1937/190
f 1118/1938/409 1484/1443/165 1476/1776/322
f 1484/1443/165 1118/1938/409 1255/1879/165
f 1308/1930/401 1473/1771/351 1485/1628/256
f 1473/1771/351 1308/1930/401 1117/1937/410
f 1118/1938/411 1309/1931/402 1474/1772/352
f 1474/1772/352 1309/1931/402 1486/1630/258
f 1308/1934/405 1475/1809/356 1117/1939/412
f 1475/1809/356 1308/1934/405 1487/1638/266
f 1309/1936/407 1476/1811/359 1488/1642/271
f 1476/1811/359 1309/1936/407 1118/1940/413
f 1525/1941/3 1527/1942/3 1528/1943/3
f 1527/1942/3 1525/1941/3 1526/1944/3
f 1514/1945/5 1517/1946/5 1518/1947/5
f 1517/1946/5 1514/1945/5 1513/1948/5
f 1505/1949/10 1506/1950/10 1501/1951/10
f 1501/1951/10 1506/1950/10 1502/1952/10
f 1516/1953/6 1515/1954/6 1520/1955/6
f 1519/1956/6 1520/1955/6 1515/1954/6
f 1504/1957/1 1507/1958/1 1508/1959/1
f 1507/1958/1 1504/1957/1 1503/1960/1
f 1518/1947/5 1521/1961/5 1522/1962/5
f 1521/1961/5 1518/1947/5 1517/1946/5
f 1505/1949/10 1511/1963/10 1512/1964/10
f 1505/1949/10 1512/1964/10 1506/1950/10
f 1523/1965/6 1524/1966/6 1519/1956/6
f 1524/1966/6 1520/1955/6 1519/1956/6
f 1508/1959/1 1509/1967/1 1510/1968/1
f 1509/1967/1 1508/1959/1 1507/1958/1
f 1516/1965/3 1525/1941/3 1515/1966/3
f 1525/1941/3 1516/1965/3 1526/1944/3
f 1513/1969/3 1528/1943/3 1527/1942/3
f 1528/1943/3 1513/1969/3 1514/1970/3
f 1495/1971/10 1505/1949/10 1491/1972/10
f 1491/1972/10 1505/1949/10 1501/1951/10
f 1494/1973/10 1502/1952/10 1506/1950/10
f 1502/1952/10 1494/1973/10 1490/1974/10
f 1489/1975/1 1507/1958/1 1503/1960/1
f 1507/1958/1 1489/1975/1 1493/1976/1
f 1492/1977/1 1504/1957/1 1496/1978/1
f 1496/1978/1 1504/1957/1 1508/1959/1
f 1495/1971/10 1499/1979/10 1511/1963/10
f 1495/1971/10 1511/1963/10 1505/1949/10
f 1506/1950/10 1512/1964/10 1498/1980/10
f 1506/1950/10 1498/1980/10 1494/1973/10
f 1507/1958/1 1497/1981/1 1509/1967/1
f 1497/1981/1 1507/1958/1 1493/1976/1
f 1500/1982/1 1496/1978/1 1508/1959/1
f 1500/1982/1 1508/1959/1 1510/1968/1
f 1501/1983/3 1527/1942/3 1526/1944/3
f 1527/1942/3 1501/1983/3 1502/1984/3
f 1504/1963/3 1528/1943/3 1503/1964/3
f 1528/1943/3 1504/1963/3 1525/1941/3
f 1490/1985/5 1517/1946/5 1513/1948/5
f 1517/1946/5 1490/1985/5 1494/1986/5
f 1518/1947/5 1493/1987/5 1514/1945/5
f 1489/1979/5 1514/1945/5 1493/1987/5
f 1515/1954/6 1492/1988/6 1519/1956/6
f 1496/1989/6 1519/1956/6 1492/1988/6
f 1495/1990/6 1516/1953/6 1520/1955/6
f 1516/1953/6 1495/1990/6 1491/1991/6
f 1494/1986/5 1521/1961/5 1517/1946/5
f 1521/1961/5 1494/1986/5 1498/1992/5
f 1497/1991/5 1493/1987/5 1518/1947/5
f 1518/1947/5 1522/1962/5 1497/1991/5
f 1500/1993/6 1519/1956/6 1496/1989/6
f 1519/1956/6 1500/1993/6 1523/1965/6
f 1524/1966/6 1495/1990/6 1520/1955/6
f 1495/1990/6 1524/1966/6 1499/1979/6
f 1491/1993/3 1526/1944/3 1516/1965/3
f 1526/1944/3 1491/1993/3 1501/1983/3
f 1492/1979/3 1515/1966/3 1504/1963/3
f 1515/1966/3 1525/1941/3 1504/1963/3
f 1503/1964/3 1528/1943/3 1489/1980/3
f 1528/1943/3 1514/1970/3 1489/1980/3
f 1502/1984/3 1513/1969/3 1527/1942/3
f 1513/1969/3 1502/1984/3 1490/1994/3
f 1568/1995/5 1602/1996/5 1567/1997/5
f 1602/1996/5 1568/1995/5 1601/1998/5
f 1570/1999/6 1610/2000/6 1611/2001/6
f 1570/1999/6 1611/2001/6 1569/2002/6
f 1593/2003/1 1594/2004/1 1596/2005/1
f 1596/2005/1 1594/2004/1 1595/2006/1
f 1585/2007/4 1586/2008/4 1588/2009/4
f 1588/2009/4 1586/2008/4 1587/2010/4
f 1583/2011/3 1584/2012/3 1621/2013/3
f 1621/2013/3 1584/2012/3 1620/2014/3
f 1631/2015/5 1632/2016/5 1543/2017/5
f 1543/2017/5 1606/2018/5 1631/2015/5
f 1607/2019/5 1543/2017/5 1632/2016/5
f 1549/2020/6 1612/2021/6 1614/2022/6
f 1612/2021/6 1613/2023/6 1614/2022/6
f 1572/2024/1 1577/2025/1 1571/2026/1
f 1577/2025/1 1572/2024/1 1578/2027/1
f 1597/2028/10 1598/2029/10 1600/2030/10
f 1600/2030/10 1598/2029/10 1599/2031/10
f 1564/2032/5 1604/2033/5 1605/2034/5
f 1604/2033/5 1564/2032/5 1603/2035/5
f 1618/2036/6 1566/2037/6 1565/2038/6
f 1618/2036/6 1565/2038/6 1617/2039/6
f 1629/2040/414 1630/2041/414 1628/2042/414
f 1630/2041/414 1627/2043/414 1628/2042/414
f 1589/2044/3 1590/2045/3 1592/2046/3
f 1592/2046/3 1590/2045/3 1591/2047/3
f 1608/2048/5 1555/2049/5 1554/2050/5
f 1555/2049/5 1608/2048/5 1609/2051/5
f 1633/2052/6 1634/2053/6 1544/2054/6
f 1544/2054/6 1615/2055/6 1633/2052/6
f 1616/2056/6 1544/2054/6 1634/2053/6
f 1567/1997/5 1603/2035/5 1564/2032/5
f 1603/2035/5 1567/1997/5 1602/1996/5
f 1570/1999/6 1569/2002/6 1566/2037/6
f 1566/2037/6 1569/2002/6 1565/2038/6
f 1581/2057/4 1582/2058/4 1585/2007/4
f 1585/2007/4 1582/2058/4 1586/2008/4
f 1588/2009/4 1587/2010/4 1571/2059/4
f 1571/2059/4 1587/2010/4 1572/2060/4
f 1615/2055/6 1544/2054/6 1549/2020/6
f 1549/2020/6 1614/2022/6 1615/2055/6
f 1573/2061/3 1589/2044/3 1574/2062/3
f 1589/2044/3 1573/2061/3 1590/2045/3
f 1592/2046/3 1591/2047/3 1583/2011/3
f 1583/2011/3 1591/2047/3 1584/2012/3
f 1607/2019/5 1554/2050/5 1543/2017/5
f 1554/2050/5 1607/2019/5 1608/2048/5
f 1554/2050/5 1555/2049/5 1568/1995/5
f 1554/2050/5 1568/1995/5 1567/1997/5
f 1611/2001/6 1549/2020/6 1569/2002/6
f 1549/2020/6 1611/2001/6 1612/2021/6
f 1578/2027/1 1593/2003/1 1577/2025/1
f 1593/2003/1 1578/2027/1 1594/2004/1
f 1596/2005/1 1595/2006/1 1574/2063/1
f 1574/2063/1 1595/2006/1 1573/2064/1
f 1576/2065/10 1597/2028/10 1575/2066/10
f 1597/2028/10 1576/2065/10 1598/2029/10
f 1600/2030/10 1599/2031/10 1579/2067/10
f 1579/2067/10 1599/2031/10 1580/2068/10
f 1606/2018/5 1543/2017/5 1564/2032/5
f 1606/2018/5 1564/2032/5 1605/2034/5
f 1565/2038/6 1616/2056/6 1617/2039/6
f 1616/2056/6 1565/2038/6 1544/2054/6
f 1543/2017/5 1554/2050/5 1567/1997/5
f 1543/2017/5 1567/1997/5 1564/2032/5
f 1569/2002/6 1549/2020/6 1565/2038/6
f 1565/2038/6 1549/2020/6 1544/2054/6
f 1595/2006/1 1594/2004/1 1559/2069/1
f 1595/2006/1 1559/2069/1 1558/2070/1
f 1561/2071/1 1560/2072/1 1593/2003/1
f 1561/2071/1 1593/2003/1 1596/2005/1
f 1548/2073/4 1587/2010/4 1586/2008/4
f 1587/2010/4 1548/2073/4 1547/2074/4
f 1551/2075/4 1550/2076/4 1585/2007/4
f 1551/2075/4 1585/2007/4 1588/2009/4
f 1620/2014/3 1584/2012/3 1542/2077/3
f 1620/2014/3 1542/2077/3 1619/2078/3
f 1622/2079/3 1583/2011/3 1621/2013/3
f 1583/2011/3 1622/2079/3 1539/2080/3
f 1578/2027/1 1572/2024/1 1533/2081/1
f 1578/2027/1 1533/2081/1 1537/2082/1
f 1536/2083/1 1530/2084/1 1571/2026/1
f 1536/2083/1 1571/2026/1 1577/2025/1
f 1599/2031/10 1598/2029/10 1563/2085/10
f 1599/2031/10 1563/2085/10 1562/2086/10
f 1557/2087/10 1556/2088/10 1597/2028/10
f 1557/2087/10 1597/2028/10 1600/2030/10
f 1626/2089/414 1625/2090/414 1627/2043/414
f 1628/2042/414 1627/2043/414 1625/2090/414
f 1623/2091/414 1629/2040/414 1624/2092/414
f 1629/2040/414 1623/2091/414 1630/2041/414
f 1590/2045/3 1552/2093/3 1591/2047/3
f 1552/2093/3 1590/2045/3 1553/2094/3
f 1546/2095/3 1545/2096/3 1589/2044/3
f 1546/2095/3 1589/2044/3 1592/2046/3
f 1582/2058/4 1541/2097/4 1586/2008/4
f 1586/2008/4 1541/2097/4 1548/2073/4
f 1550/2076/4 1540/2098/4 1581/2057/4
f 1550/2076/4 1581/2057/4 1585/2007/4
f 1530/2099/4 1551/2075/4 1588/2009/4
f 1530/2099/4 1588/2009/4 1571/2059/4
f 1547/2074/4 1572/2060/4 1587/2010/4
f 1572/2060/4 1547/2074/4 1533/2100/4
f 1573/2061/3 1532/2101/3 1590/2045/3
f 1590/2045/3 1532/2101/3 1553/2094/3
f 1545/2096/3 1529/2102/3 1574/2062/3
f 1545/2096/3 1574/2062/3 1589/2044/3
f 1539/2080/3 1546/2095/3 1592/2046/3
f 1539/2080/3 1592/2046/3 1583/2011/3
f 1591/2047/3 1552/2093/3 1584/2012/3
f 1584/2012/3 1552/2093/3 1542/2077/3
f 1578/2027/1 1537/2082/1 1594/2004/1
f 1594/2004/1 1537/2082/1 1559/2069/1
f 1560/2072/1 1536/2083/1 1577/2025/1
f 1560/2072/1 1577/2025/1 1593/2003/1
f 1529/2103/1 1561/2071/1 1596/2005/1
f 1529/2103/1 1596/2005/1 1574/2063/1
f 1558/2070/1 1573/2064/1 1595/2006/1
f 1573/2064/1 1558/2070/1 1532/2104/1
f 1576/2065/10 1534/2105/10 1598/2029/10
f 1598/2029/10 1534/2105/10 1563/2085/10
f 1556/2088/10 1531/2106/10 1575/2066/10
f 1556/2088/10 1575/2066/10 1597/2028/10
f 1535/2107/10 1557/2087/10 1600/2030/10
f 1535/2107/10 1600/2030/10 1579/2067/10
f 1599/2031/10 1562/2086/10 1580/2068/10
f 1580/2068/10 1562/2086/10 1538/2108/10
f 1602/1996/5 1601/1998/5 1545/2109/5
f 1602/1996/5 1545/2109/5 1546/2110/5
f 1602/1996/5 1546/2110/5 1603/2035/5
f 1603/2035/5 1546/2110/5 1539/2111/5
f 1603/2035/5 1622/2112/5 1604/2033/5
f 1622/2112/5 1603/2035/5 1539/2111/5
f 1556/2113/5 1557/2114/5 1605/2034/5
f 1605/2034/5 1604/2033/5 1556/2113/5
f 1535/2115/5 1606/2018/5 1557/2114/5
f 1606/2018/5 1605/2034/5 1557/2114/5
f 1623/2116/5 1624/2117/5 1631/2015/5
f 1631/2015/5 1624/2117/5 1632/2016/5
f 1550/2118/5 1607/2019/5 1540/2119/5
f 1607/2019/5 1550/2118/5 1608/2048/5
f 1551/2120/5 1608/2048/5 1550/2118/5
f 1608/2048/5 1551/2120/5 1609/2051/5
f 1551/2120/5 1530/2121/5 1609/2051/5
f 1609/2051/5 1536/2122/5 1555/2049/5
f 1536/2122/5 1609/2051/5 1530/2121/5
f 1536/2122/5 1568/1995/5 1555/2049/5
f 1568/1995/5 1536/2122/5 1560/2123/5
f 1568/1995/5 1561/2124/5 1601/1998/5
f 1561/2124/5 1568/1995/5 1560/2123/5
f 1561/2124/5 1529/2125/5 1601/1998/5
f 1601/1998/5 1529/2125/5 1545/2109/5
f 1558/2124/6 1611/2001/6 1610/2000/6
f 1611/2001/6 1558/2124/6 1559/2123/6
f 1559/2123/6 1612/2021/6 1611/2001/6
f 1612/2021/6 1559/2123/6 1537/2122/6
f 1537/2122/6 1613/2023/6 1612/2021/6
f 1537/2122/6 1533/2121/6 1613/2023/6
f 1533/2121/6 1547/2126/6 1613/2023/6
f 1547/2126/6 1614/2022/6 1613/2023/6
f 1614/2022/6 1547/2126/6 1548/2127/6
f 1614/2022/6 1548/2127/6 1615/2055/6
f 1615/2055/6 1548/2127/6 1541/2128/6
f 1625/2129/6 1634/2053/6 1633/2052/6
f 1634/2053/6 1625/2129/6 1626/2130/6
f 1562/2131/6 1616/2056/6 1538/2132/6
f 1616/2056/6 1562/2131/6 1617/2039/6
f 1563/2133/6 1617/2039/6 1562/2131/6
f 1617/2039/6 1563/2133/6 1618/2036/6
f 1534/2134/6 1619/2135/6 1618/2036/6
f 1534/2134/6 1618/2036/6 1563/2133/6
f 1619/2135/6 1566/2037/6 1618/2036/6
f 1566/2037/6 1619/2135/6 1542/2136/6
f 1542/2136/6 1552/2137/6 1570/1999/6
f 1542/2136/6 1570/1999/6 1566/2037/6
f 1553/2138/6 1570/1999/6 1552/2137/6
f 1570/1999/6 1553/2138/6 1610/2000/6
f 1532/2125/6 1610/2000/6 1553/2138/6
f 1610/2000/6 1532/2125/6 1558/2124/6
f 1576/2139/3 1619/2078/3 1534/2140/3
f 1619/2078/3 1576/2139/3 1620/2014/3
f 1575/2141/3 1620/2014/3 1576/2139/3
f 1620/2014/3 1575/2141/3 1621/2013/3
f 1531/2142/3 1621/2013/3 1575/2141/3
f 1621/2013/3 1531/2142/3 1622/2079/3
f 1556/2113/5 1604/2033/5 1531/2143/5
f 1604/2033/5 1622/2112/5 1531/2143/5
f 1582/2058/414 1581/2057/414 1629/2040/414
f 1629/2040/414 1628/2042/414 1582/2058/414
f 1579/2144/414 1627/2043/414 1630/2041/414
f 1627/2043/414 1579/2144/414 1580/2145/414
f 1582/2058/414 1628/2042/414 1541/2097/414
f 1628/2042/414 1625/2090/414 1541/2097/414
f 1580/2145/414 1626/2089/414 1627/2043/414
f 1626/2089/414 1580/2145/414 1538/2146/414
f 1535/2147/414 1630/2041/414 1623/2091/414
f 1630/2041/414 1535/2147/414 1579/2144/414
f 1540/2098/414 1624/2092/414 1581/2057/414
f 1624/2092/414 1629/2040/414 1581/2057/414
f 1624/2117/5 1607/2019/5 1632/2016/5
f 1607/2019/5 1624/2117/5 1540/2119/5
f 1606/2018/5 1623/2116/5 1631/2015/5
f 1623/2116/5 1606/2018/5 1535/2115/5
f 1626/2130/6 1538/2132/6 1616/2056/6
f 1626/2130/6 1616/2056/6 1634/2053/6
f 1541/2128/6 1625/2129/6 1615/2055/6
f 1625/2129/6 1633/2052/6 1615/2055/6
f 1673/2148/5 1707/2149/5 1674/2150/5
f 1707/2149/5 1673/2148/5 1708/2151/5
f 1716/2152/6 1675/2153/6 1717/2154/6
f 1675/2153/6 1716/2152/6 1676/2155/6
f 1699/2156/10 1702/2157/10 1700/2158/10
f 1702/2157/10 1701/2159/10 1700/2158/10
f 1691/2160/4 1694/2161/4 1692/2162/4
f 1694/2161/4 1693/2163/4 1692/2162/4
f 1689/2164/3 1727/2165/3 1690/2166/3
f 1727/2165/3 1726/2167/3 1690/2166/3
f 1649/2168/5 1713/2169/5 1738/2170/5
f 1649/2168/5 1738/2170/5 1737/2171/5
f 1649/2168/5 1737/2171/5 1712/2172/5
f 1655/2173/6 1720/2174/6 1718/2175/6
f 1718/2175/6 1720/2174/6 1719/2176/6
f 1677/2177/10 1683/2178/10 1678/2179/10
f 1683/2178/10 1684/2180/10 1678/2179/10
f 1703/2181/1 1706/2182/1 1704/2183/1
f 1706/2182/1 1705/2184/1 1704/2183/1
f 1711/2185/5 1709/2186/5 1670/2187/5
f 1709/2186/5 1711/2185/5 1710/2188/5
f 1672/2189/6 1723/2190/6 1671/2191/6
f 1723/2190/6 1672/2189/6 1724/2192/6
f 1734/2193/415 1736/2194/415 1735/2195/415
f 1736/2194/415 1734/2193/415 1733/2196/415
f 1695/2197/3 1697/2198/3 1696/2199/3
f 1697/2198/3 1695/2197/3 1698/2200/3
f 1714/2201/5 1661/2202/5 1715/2203/5
f 1661/2202/5 1714/2201/5 1660/2204/5
f 1739/2205/6 1650/2206/6 1740/2207/6
f 1650/2206/6 1722/2208/6 1740/2207/6
f 1721/2209/6 1650/2206/6 1739/2205/6
f 1670/2187/5 1708/2151/5 1673/2148/5
f 1708/2151/5 1670/2187/5 1709/2186/5
f 1676/2155/6 1671/2191/6 1675/2153/6
f 1671/2191/6 1676/2155/6 1672/2189/6
f 1688/2210/4 1687/2211/4 1691/2160/4
f 1691/2160/4 1692/2162/4 1688/2210/4
f 1677/2212/4 1693/2163/4 1694/2161/4
f 1693/2163/4 1677/2212/4 1678/2213/4
f 1650/2206/6 1721/2209/6 1655/2173/6
f 1655/2173/6 1721/2209/6 1720/2174/6
f 1679/2214/3 1680/2215/3 1695/2197/3
f 1695/2197/3 1696/2199/3 1679/2214/3
f 1689/2164/3 1697/2198/3 1698/2200/3
f 1697/2198/3 1689/2164/3 1690/2166/3
f 1713/2169/5 1660/2204/5 1714/2201/5
f 1660/2204/5 1713/2169/5 1649/2168/5
f 1660/2204/5 1674/2150/5 1661/2202/5
f 1674/2150/5 1660/2204/5 1673/2148/5
f 1655/2173/6 1717/2154/6 1675/2153/6
f 1717/2154/6 1655/2173/6 1718/2175/6
f 1684/2180/10 1683/2178/10 1699/2156/10
f 1699/2156/10 1700/2158/10 1684/2180/10
f 1680/2216/10 1701/2159/10 1702/2157/10
f 1701/2159/10 1680/2216/10 1679/2217/10
f 1682/2218/1 1681/2219/1 1703/2181/1
f 1703/2181/1 1704/2183/1 1682/2218/1
f 1685/2220/1 1705/2184/1 1706/2182/1
f 1705/2184/1 1685/2220/1 1686/2221/1
f 1712/2172/5 1670/2187/5 1649/2168/5
f 1670/2187/5 1712/2172/5 1711/2185/5
f 1722/2208/6 1671/2191/6 1723/2190/6
f 1671/2191/6 1722/2208/6 1650/2206/6
f 1649/2168/5 1673/2148/5 1660/2204/5
f 1673/2148/5 1649/2168/5 1670/2187/5
f 1675/2153/6 1671/2191/6 1655/2173/6
f 1671/2191/6 1650/2206/6 1655/2173/6
f 1664/2222/10 1665/2223/10 1701/2159/10
f 1700/2158/10 1701/2159/10 1665/2223/10
f 1667/2224/10 1699/2156/10 1666/2225/10
f 1699/2156/10 1667/2224/10 1702/2157/10
f 1653/2226/4 1654/2227/4 1693/2163/4
f 1692/2162/4 1693/2163/4 1654/2227/4
f 1657/2228/4 1691/2160/4 1656/2229/4
f 1691/2160/4 1657/2228/4 1694/2161/4
f 1725/2230/3 1648/2231/3 1726/2167/3
f 1690/2166/3 1726/2167/3 1648/2231/3
f 1728/2232/3 1689/2164/3 1645/2077/3
f 1689/2164/3 1728/2232/3 1727/2165/3
f 1643/2233/10 1639/2234/10 1684/2180/10
f 1678/2179/10 1684/2180/10 1639/2234/10
f 1642/2235/10 1677/2177/10 1636/2236/10
f 1677/2177/10 1642/2235/10 1683/2178/10
f 1668/2237/1 1669/2238/1 1705/2184/1
f 1704/2183/1 1705/2184/1 1669/2238/1
f 1663/2239/1 1703/2181/1 1662/2240/1
f 1703/2181/1 1663/2239/1 1706/2182/1
f 1733/2196/415 1734/2193/415 1731/2241/415
f 1733/2196/415 1731/2241/415 1732/2242/415
f 1729/2243/415 1730/2244/415 1735/2195/415
f 1729/2243/415 1735/2195/415 1736/2194/415
f 1658/2245/3 1696/2199/3 1697/2198/3
f 1696/2199/3 1658/2245/3 1659/2246/3
f 1651/2247/3 1698/2200/3 1695/2197/3
f 1698/2200/3 1651/2247/3 1652/2248/3
f 1688/2210/4 1692/2162/4 1647/2249/4
f 1692/2162/4 1654/2227/4 1647/2249/4
f 1656/2229/4 1687/2211/4 1646/2250/4
f 1687/2211/4 1656/2229/4 1691/2160/4
f 1636/2251/4 1694/2161/4 1657/2228/4
f 1694/2161/4 1636/2251/4 1677/2212/4
f 1693/2163/4 1678/2213/4 1653/2226/4
f 1678/2213/4 1639/2252/4 1653/2226/4
f 1679/2214/3 1696/2199/3 1638/2253/3
f 1696/2199/3 1659/2246/3 1638/2253/3
f 1651/2247/3 1680/2215/3 1635/2140/3
f 1680/2215/3 1651/2247/3 1695/2197/3
f 1645/2077/3 1698/2200/3 1652/2248/3
f 1698/2200/3 1645/2077/3 1689/2164/3
f 1697/2198/3 1690/2166/3 1658/2245/3
f 1690/2166/3 1648/2231/3 1658/2245/3
f 1684/2180/10 1700/2158/10 1643/2233/10
f 1700/2158/10 1665/2223/10 1643/2233/10
f 1666/2225/10 1683/2178/10 1642/2235/10
f 1683/2178/10 1666/2225/10 1699/2156/10
f 1635/2254/10 1702/2157/10 1667/2224/10
f 1702/2157/10 1635/2254/10 1680/2216/10
f 1701/2159/10 1679/2217/10 1664/2222/10
f 1679/2217/10 1638/2255/10 1664/2222/10
f 1682/2218/1 1704/2183/1 1640/2256/1
f 1704/2183/1 1669/2238/1 1640/2256/1
f 1662/2240/1 1681/2219/1 1637/2257/1
f 1681/2219/1 1662/2240/1 1703/2181/1
f 1641/2258/1 1706/2182/1 1663/2239/1
f 1706/2182/1 1641/2258/1 1685/2220/1
f 1705/2184/1 1686/2221/1 1668/2237/1
f 1686/2221/1 1644/2259/1 1668/2237/1
f 1652/2260/5 1651/2261/5 1708/2151/5
f 1707/2149/5 1708/2151/5 1651/2261/5
f 1708/2151/5 1709/2186/5 1652/2260/5
f 1709/2186/5 1645/2262/5 1652/2260/5
f 1728/2263/5 1709/2186/5 1710/2188/5
f 1709/2186/5 1728/2263/5 1645/2262/5
f 1662/2264/5 1711/2185/5 1663/2265/5
f 1711/2185/5 1662/2264/5 1710/2188/5
f 1641/2266/5 1663/2265/5 1712/2172/5
f 1712/2172/5 1663/2265/5 1711/2185/5
f 1729/2267/5 1738/2170/5 1730/2268/5
f 1738/2170/5 1729/2267/5 1737/2171/5
f 1656/2269/5 1713/2169/5 1714/2201/5
f 1713/2169/5 1656/2269/5 1646/2270/5
f 1657/2271/5 1714/2201/5 1715/2203/5
f 1714/2201/5 1657/2271/5 1656/2269/5
f 1657/2271/5 1715/2203/5 1636/2272/5
f 1642/2273/5 1715/2203/5 1661/2202/5
f 1715/2203/5 1642/2273/5 1636/2272/5
f 1642/2273/5 1661/2202/5 1674/2150/5
f 1642/2273/5 1674/2150/5 1666/2274/5
f 1674/2150/5 1667/2275/5 1666/2274/5
f 1667/2275/5 1674/2150/5 1707/2149/5
f 1667/2275/5 1707/2149/5 1635/2147/5
f 1707/2149/5 1651/2261/5 1635/2147/5
f 1716/2152/6 1717/2154/6 1664/2113/6
f 1664/2113/6 1717/2154/6 1665/2114/6
f 1665/2114/6 1717/2154/6 1718/2175/6
f 1665/2114/6 1718/2175/6 1643/2115/6
f 1718/2175/6 1719/2176/6 1643/2115/6
f 1643/2115/6 1719/2176/6 1639/2276/6
f 1639/2276/6 1719/2176/6 1653/2277/6
f 1654/2278/6 1653/2277/6 1720/2174/6
f 1719/2176/6 1720/2174/6 1653/2277/6
f 1720/2174/6 1721/2209/6 1654/2278/6
f 1721/2209/6 1647/2279/6 1654/2278/6
f 1732/2280/6 1731/2281/6 1739/2205/6
f 1732/2280/6 1739/2205/6 1740/2207/6
f 1668/2282/6 1722/2208/6 1723/2190/6
f 1722/2208/6 1668/2282/6 1644/2283/6
f 1669/2284/6 1723/2190/6 1724/2192/6
f 1723/2190/6 1669/2284/6 1668/2282/6
f 1640/2285/6 1724/2192/6 1725/2286/6
f 1724/2192/6 1640/2285/6 1669/2284/6
f 1725/2286/6 1672/2189/6 1648/2287/6
f 1672/2189/6 1725/2286/6 1724/2192/6
f 1648/2287/6 1676/2155/6 1658/2288/6
f 1676/2155/6 1648/2287/6 1672/2189/6
f 1659/2289/6 1676/2155/6 1716/2152/6
f 1676/2155/6 1659/2289/6 1658/2288/6
f 1638/2143/6 1659/2289/6 1716/2152/6
f 1638/2143/6 1716/2152/6 1664/2113/6
f 1682/2290/3 1725/2230/3 1726/2167/3
f 1725/2230/3 1682/2290/3 1640/2291/3
f 1681/2292/3 1726/2167/3 1727/2165/3
f 1726/2167/3 1681/2292/3 1682/2290/3
f 1637/2101/3 1727/2165/3 1728/2232/3
f 1727/2165/3 1637/2101/3 1681/2292/3
f 1662/2264/5 1637/2293/5 1710/2188/5
f 1710/2188/5 1637/2293/5 1728/2263/5
f 1688/2294/415 1735/2195/415 1687/2295/415
f 1735/2195/415 1688/2294/415 1734/2193/415
f 1736/2194/415 1733/2196/415 1685/2220/415
f 1685/2220/415 1733/2196/415 1686/2221/415
f 1688/2294/415 1647/2296/415 1734/2193/415
f 1734/2193/415 1647/2296/415 1731/2241/415
f 1686/2221/415 1733/2196/415 1732/2242/415
f 1686/2221/415 1732/2242/415 1644/2259/415
f 1641/2258/415 1729/2243/415 1736/2194/415
f 1641/2258/415 1736/2194/415 1685/2220/415
f 1646/2297/415 1687/2295/415 1730/2244/415
f 1730/2244/415 1687/2295/415 1735/2195/415
f 1738/2170/5 1713/2169/5 1730/2268/5
f 1713/2169/5 1646/2270/5 1730/2268/5
f 1712/2172/5 1737/2171/5 1729/2267/5
f 1712/2172/5 1729/2267/5 1641/2266/5
f 1732/2280/6 1722/2208/6 1644/2283/6
f 1722/2208/6 1732/2280/6 1740/2207/6
f 1721/2209/6 1731/2281/6 1647/2279/6
f 1731/2281/6 1721/2209/6 1739/2205/6
f 1814/2298/5 1813/2299/5 1779/2300/5
f 1813/2299/5 1780/2301/5 1779/2300/5
f 1781/2302/6 1823/2303/6 1782/2304/6
f 1823/2303/6 1822/2305/6 1782/2304/6
f 1805/2306/1 1808/2307/1 1806/2308/1
f 1808/2307/1 1807/2309/1 1806/2308/1
f 1797/2310/3 1799/2311/3 1798/2312/3
f 1799/2311/3 1797/2310/3 1800/2313/3
f 1795/2314/4 1833/2315/4 1796/2316/4
f 1833/2315/4 1832/2317/4 1796/2316/4
f 1844/2318/5 1843/2319/5 1755/2320/5
f 1755/2320/5 1819/2321/5 1844/2318/5
f 1818/2322/5 1755/2320/5 1843/2319/5
f 1826/2323/6 1825/2324/6 1824/2325/6
f 1826/2323/6 1824/2325/6 1761/2326/6
f 1783/2327/1 1789/2328/1 1784/2329/1
f 1789/2328/1 1790/2330/1 1784/2329/1
f 1809/2331/10 1812/2332/10 1810/2333/10
f 1812/2332/10 1811/2334/10 1810/2333/10
f 1816/2335/5 1815/2336/5 1817/2337/5
f 1815/2336/5 1776/2338/5 1817/2337/5
f 1829/2339/6 1778/2340/6 1830/2341/6
f 1778/2340/6 1829/2339/6 1777/2342/6
f 1841/2343/416 1840/2344/416 1842/2345/416
f 1842/2345/416 1840/2344/416 1839/2346/416
f 1801/2347/4 1804/2348/4 1802/2349/4
f 1804/2348/4 1803/2350/4 1802/2349/4
f 1767/2351/5 1821/2352/5 1766/2353/5
f 1766/2353/5 1821/2352/5 1820/2354/5
f 1846/2355/6 1845/2356/6 1756/2357/6
f 1756/2357/6 1828/2358/6 1846/2355/6
f 1827/2359/6 1756/2357/6 1845/2356/6
f 1776/2338/5 1815/2336/5 1814/2298/5
f 1814/2298/5 1779/2300/5 1776/2338/5
f 1778/2340/6 1777/2342/6 1781/2302/6
f 1781/2302/6 1782/2304/6 1778/2340/6
f 1794/2065/3 1793/2066/3 1797/2310/3
f 1797/2310/3 1798/2312/3 1794/2065/3
f 1800/2313/3 1784/2210/3 1799/2311/3
f 1784/2210/3 1800/2313/3 1783/2211/3
f 1826/2323/6 1761/2326/6 1827/2359/6
f 1761/2326/6 1756/2357/6 1827/2359/6
f 1785/2360/4 1786/2361/4 1801/2347/4
f 1801/2347/4 1802/2349/4 1785/2360/4
f 1795/2314/4 1803/2350/4 1804/2348/4
f 1803/2350/4 1795/2314/4 1796/2316/4
f 1766/2353/5 1819/2321/5 1755/2320/5
f 1819/2321/5 1766/2353/5 1820/2354/5
f 1767/2351/5 1766/2353/5 1780/2301/5
f 1779/2300/5 1780/2301/5 1766/2353/5
f 1824/2325/6 1781/2302/6 1761/2326/6
f 1781/2302/6 1824/2325/6 1823/2303/6
f 1790/2330/1 1789/2328/1 1805/2306/1
f 1805/2306/1 1806/2308/1 1790/2330/1
f 1786/2362/1 1807/2309/1 1808/2307/1
f 1807/2309/1 1786/2362/1 1785/2363/1
f 1788/2364/10 1787/2365/10 1809/2331/10
f 1809/2331/10 1810/2333/10 1788/2364/10
f 1791/2366/10 1811/2334/10 1812/2332/10
f 1811/2334/10 1791/2366/10 1792/2367/10
f 1755/2320/5 1818/2322/5 1776/2338/5
f 1817/2337/5 1776/2338/5 1818/2322/5
f 1828/2358/6 1777/2342/6 1829/2339/6
f 1777/2342/6 1828/2358/6 1756/2357/6
f 1776/2338/5 1779/2300/5 1755/2320/5
f 1779/2300/5 1766/2353/5 1755/2320/5
f 1761/2326/6 1777/2342/6 1756/2357/6
f 1777/2342/6 1761/2326/6 1781/2302/6
f 1770/2368/1 1771/2369/1 1807/2309/1
f 1806/2308/1 1807/2309/1 1771/2369/1
f 1773/2370/1 1805/2306/1 1772/2371/1
f 1805/2306/1 1773/2370/1 1808/2307/1
f 1759/2372/3 1760/2373/3 1799/2311/3
f 1798/2312/3 1799/2311/3 1760/2373/3
f 1763/2374/3 1797/2310/3 1762/2375/3
f 1797/2310/3 1763/2374/3 1800/2313/3
f 1831/2376/4 1754/2377/4 1832/2317/4
f 1796/2316/4 1832/2317/4 1754/2377/4
f 1834/2378/4 1795/2314/4 1751/2379/4
f 1795/2314/4 1834/2378/4 1833/2315/4
f 1749/2083/1 1745/2103/1 1790/2330/1
f 1784/2329/1 1790/2330/1 1745/2103/1
f 1748/2380/1 1783/2327/1 1742/2381/1
f 1783/2327/1 1748/2380/1 1789/2328/1
f 1774/2382/10 1775/2240/10 1811/2334/10
f 1810/2333/10 1811/2334/10 1775/2240/10
f 1769/2383/10 1809/2331/10 1768/2384/10
f 1809/2331/10 1769/2383/10 1812/2332/10
f 1839/2346/416 1840/2344/416 1837/2244/416
f 1839/2346/416 1837/2244/416 1838/2385/416
f 1835/2386/416 1836/2387/416 1841/2343/416
f 1835/2386/416 1841/2343/416 1842/2345/416
f 1764/2388/4 1802/2349/4 1803/2350/4
f 1802/2349/4 1764/2388/4 1765/2389/4
f 1758/2390/4 1801/2347/4 1757/2391/4
f 1801/2347/4 1758/2390/4 1804/2348/4
f 1794/2065/3 1798/2312/3 1753/2105/3
f 1798/2312/3 1760/2373/3 1753/2105/3
f 1762/2375/3 1793/2066/3 1752/2106/3
f 1793/2066/3 1762/2375/3 1797/2310/3
f 1742/2250/3 1800/2313/3 1763/2374/3
f 1800/2313/3 1742/2250/3 1783/2211/3
f 1799/2311/3 1784/2210/3 1759/2372/3
f 1784/2210/3 1745/2249/3 1759/2372/3
f 1785/2360/4 1802/2349/4 1744/2392/4
f 1802/2349/4 1765/2389/4 1744/2392/4
f 1757/2391/4 1786/2361/4 1741/2393/4
f 1786/2361/4 1757/2391/4 1801/2347/4
f 1751/2379/4 1804/2348/4 1758/2390/4
f 1804/2348/4 1751/2379/4 1795/2314/4
f 1803/2350/4 1796/2316/4 1764/2388/4
f 1796/2316/4 1754/2377/4 1764/2388/4
f 1790/2330/1 1806/2308/1 1749/2083/1
f 1806/2308/1 1771/2369/1 1749/2083/1
f 1772/2371/1 1789/2328/1 1748/2380/1
f 1789/2328/1 1772/2371/1 1805/2306/1
f 1741/2394/1 1808/2307/1 1773/2370/1
f 1808/2307/1 1741/2394/1 1786/2362/1
f 1807/2309/1 1785/2363/1 1770/2368/1
f 1785/2363/1 1744/2084/1 1770/2368/1
f 1788/2364/10 1810/2333/10 1746/2257/10
f 1810/2333/10 1775/2240/10 1746/2257/10
f 1768/2384/10 1787/2365/10 1743/2395/10
f 1787/2365/10 1768/2384/10 1809/2331/10
f 1747/2396/10 1812/2332/10 1769/2383/10
f 1812/2332/10 1747/2396/10 1791/2366/10
f 1811/2334/10 1792/2367/10 1774/2382/10
f 1792/2367/10 1750/2397/10 1774/2382/10
f 1757/2398/5 1814/2298/5 1758/2399/5
f 1814/2298/5 1757/2398/5 1813/2299/5
f 1758/2399/5 1815/2336/5 1751/2400/5
f 1815/2336/5 1758/2399/5 1814/2298/5
f 1834/2401/5 1815/2336/5 1816/2335/5
f 1815/2336/5 1834/2401/5 1751/2400/5
f 1816/2335/5 1817/2337/5 1768/2402/5
f 1768/2402/5 1817/2337/5 1769/2403/5
f 1769/2403/5 1817/2337/5 1818/2322/5
f 1769/2403/5 1818/2322/5 1747/2132/5
f 1836/2404/5 1835/2405/5 1843/2319/5
f 1836/2404/5 1843/2319/5 1844/2318/5
f 1762/2406/5 1819/2321/5 1820/2354/5
f 1819/2321/5 1762/2406/5 1752/2407/5
f 1763/2408/5 1820/2354/5 1821/2352/5
f 1820/2354/5 1763/2408/5 1762/2406/5
f 1763/2408/5 1821/2352/5 1742/2409/5
f 1748/2410/5 1821/2352/5 1767/2351/5
f 1821/2352/5 1748/2410/5 1742/2409/5
f 1772/2411/5 1748/2410/5 1780/2301/5
f 1780/2301/5 1748/2410/5 1767/2351/5
f 1773/2412/5 1780/2301/5 1813/2299/5
f 1780/2301/5 1773/2412/5 1772/2411/5
f 1741/2413/5 1813/2299/5 1757/2398/5
f 1813/2299/5 1741/2413/5 1773/2412/5
f 1771/2411/6 1770/2412/6 1823/2303/6
f 1823/2303/6 1770/2412/6 1822/2305/6
f 1749/2410/6 1771/2411/6 1824/2325/6
f 1824/2325/6 1771/2411/6 1823/2303/6
f 1745/2409/6 1749/2410/6 1825/2324/6
f 1825/2324/6 1749/2410/6 1824/2325/6
f 1745/2409/6 1825/2324/6 1759/2414/6
f 1759/2414/6 1826/2323/6 1760/2415/6
f 1826/2323/6 1759/2414/6 1825/2324/6
f 1760/2415/6 1827/2359/6 1753/2416/6
f 1827/2359/6 1760/2415/6 1826/2323/6
f 1846/2355/6 1837/2417/6 1845/2356/6
f 1837/2417/6 1846/2355/6 1838/2418/6
f 1828/2358/6 1774/2419/6 1750/2420/6
f 1774/2419/6 1828/2358/6 1829/2339/6
f 1829/2339/6 1775/2421/6 1774/2419/6
f 1775/2421/6 1829/2339/6 1830/2341/6
f 1775/2421/6 1830/2341/6 1746/2422/6
f 1830/2341/6 1831/2423/6 1746/2422/6
f 1778/2340/6 1831/2423/6 1830/2341/6
f 1831/2423/6 1778/2340/6 1754/2424/6
f 1778/2340/6 1782/2304/6 1754/2424/6
f 1782/2304/6 1764/2425/6 1754/2424/6
f 1765/2426/6 1782/2304/6 1822/2305/6
f 1782/2304/6 1765/2426/6 1764/2425/6
f 1770/2412/6 1744/2413/6 1822/2305/6
f 1822/2305/6 1744/2413/6 1765/2426/6
f 1788/2427/4 1831/2376/4 1832/2317/4
f 1831/2376/4 1788/2427/4 1746/2428/4
f 1787/2429/4 1832/2317/4 1833/2315/4
f 1832/2317/4 1787/2429/4 1788/2427/4
f 1743/2251/4 1833/2315/4 1834/2378/4
f 1833/2315/4 1743/2251/4 1787/2429/4
f 1743/2430/5 1834/2401/5 1816/2335/5
f 1743/2430/5 1816/2335/5 1768/2402/5
f 1793/2431/416 1794/2432/416 1841/2343/416
f 1841/2343/416 1794/2432/416 1840/2344/416
f 1842/2345/416 1839/2346/416 1791/2366/416
f 1791/2366/416 1839/2346/416 1792/2367/416
f 1794/2432/416 1753/2433/416 1840/2344/416
f 1840/2344/416 1753/2433/416 1837/2244/416
f 1792/2367/416 1839/2346/416 1838/2385/416
f 1792/2367/416 1838/2385/416 1750/2397/416
f 1747/2396/416 1835/2386/416 1842/2345/416
f 1747/2396/416 1842/2345/416 1791/2366/416
f 1752/2434/416 1793/2431/416 1836/2387/416
f 1836/2387/416 1793/2431/416 1841/2343/416
f 1752/2407/5 1836/2404/5 1819/2321/5
f 1819/2321/5 1836/2404/5 1844/2318/5
f 1835/2405/5 1747/2132/5 1818/2322/5
f 1835/2405/5 1818/2322/5 1843/2319/5
f 1750/2420/6 1838/2418/6 1828/2358/6
f 1846/2355/6 1828/2358/6 1838/2418/6
f 1827/2359/6 1845/2356/6 1837/2417/6
f 1837/2417/6 1753/2416/6 1827/2359/6
f 1885/2435/5 1919/2436/5 1920/2437/5
f 1919/2436/5 1885/2435/5 1886/2438/5
f 1888/2439/6 1929/2440/6 1887/2441/6
f 1929/2440/6 1888/2439/6 1928/2442/6
f 1911/2443/10 1912/2444/10 1914/2445/10
f 1914/2445/10 1912/2444/10 1913/2446/10
f 1903/2447/3 1904/2448/3 1906/2449/3
f 1906/2449/3 1904/2448/3 1905/2450/3
f 1901/2451/4 1902/2452/4 1939/2453/4
f 1939/2453/4 1902/2452/4 1938/2454/4
f 1950/2455/5 1861/2456/5 1949/2457/5
f 1861/2456/5 1924/2458/5 1949/2457/5
f 1925/2459/5 1861/2456/5 1950/2455/5
f 1932/2460/6 1930/2461/6 1931/2462/6
f 1930/2461/6 1932/2460/6 1867/2463/6
f 1890/2464/10 1895/2465/10 1889/2466/10
f 1895/2465/10 1890/2464/10 1896/2467/10
f 1916/2468/1 1918/2469/1 1915/2470/1
f 1918/2469/1 1916/2468/1 1917/2471/1
f 1922/2472/5 1923/2473/5 1921/2474/5
f 1921/2474/5 1923/2473/5 1882/2475/5
f 1935/2476/6 1936/2477/6 1883/2478/6
f 1883/2478/6 1936/2477/6 1884/2479/6
f 1947/2480/417 1948/2481/417 1946/2482/417
f 1948/2481/417 1945/2483/417 1946/2482/417
f 1907/2484/4 1909/2485/4 1910/2486/4
f 1909/2485/4 1907/2484/4 1908/2487/4
f 1873/2488/5 1872/2489/5 1927/2490/5
f 1872/2489/5 1926/2491/5 1927/2490/5
f 1862/2492/6 1933/2493/6 1951/2494/6
f 1862/2492/6 1951/2494/6 1952/2495/6
f 1862/2492/6 1952/2495/6 1934/2496/6
f 1921/2474/5 1882/2475/5 1920/2437/5
f 1920/2437/5 1882/2475/5 1885/2435/5
f 1883/2478/6 1884/2479/6 1887/2441/6
f 1887/2441/6 1884/2479/6 1888/2439/6
f 1899/2497/3 1900/2498/3 1903/2447/3
f 1903/2447/3 1900/2498/3 1904/2448/3
f 1906/2449/3 1905/2450/3 1889/2499/3
f 1889/2499/3 1905/2450/3 1890/2500/3
f 1933/2493/6 1867/2463/6 1932/2460/6
f 1867/2463/6 1933/2493/6 1862/2492/6
f 1891/2501/4 1907/2484/4 1892/2502/4
f 1907/2484/4 1891/2501/4 1908/2487/4
f 1910/2486/4 1909/2485/4 1901/2451/4
f 1901/2451/4 1909/2485/4 1902/2452/4
f 1872/2489/5 1925/2459/5 1926/2491/5
f 1925/2459/5 1872/2489/5 1861/2456/5
f 1886/2438/5 1885/2435/5 1872/2489/5
f 1886/2438/5 1872/2489/5 1873/2488/5
f 1930/2461/6 1867/2463/6 1887/2441/6
f 1930/2461/6 1887/2441/6 1929/2440/6
f 1896/2467/10 1911/2443/10 1895/2465/10
f 1911/2443/10 1896/2467/10 1912/2444/10
f 1914/2445/10 1913/2446/10 1892/2503/10
f 1892/2503/10 1913/2446/10 1891/2504/10
f 1894/2068/1 1915/2470/1 1893/2067/1
f 1915/2470/1 1894/2068/1 1916/2468/1
f 1918/2469/1 1917/2471/1 1897/2505/1
f 1897/2505/1 1917/2471/1 1898/2506/1
f 1924/2458/5 1882/2475/5 1923/2473/5
f 1882/2475/5 1924/2458/5 1861/2456/5
f 1934/2496/6 1883/2478/6 1862/2492/6
f 1883/2478/6 1934/2496/6 1935/2476/6
f 1882/2475/5 1861/2456/5 1885/2435/5
f 1885/2435/5 1861/2456/5 1872/2489/5
f 1867/2463/6 1862/2492/6 1883/2478/6
f 1867/2463/6 1883/2478/6 1887/2441/6
f 1913/2446/10 1912/2444/10 1877/2507/10
f 1913/2446/10 1877/2507/10 1876/2508/10
f 1879/2509/10 1878/2245/10 1911/2443/10
f 1879/2509/10 1911/2443/10 1914/2445/10
f 1905/2450/3 1904/2448/3 1866/2383/3
f 1905/2450/3 1866/2383/3 1865/2510/3
f 1869/2511/3 1868/2073/3 1903/2447/3
f 1869/2511/3 1903/2447/3 1906/2449/3
f 1938/2454/4 1902/2452/4 1860/2080/4
f 1938/2454/4 1860/2080/4 1937/2512/4
f 1940/2513/4 1901/2451/4 1939/2453/4
f 1901/2451/4 1940/2513/4 1857/2377/4
f 1851/2394/10 1896/2467/10 1890/2464/10
f 1896/2467/10 1851/2394/10 1855/2380/10
f 1854/2231/10 1848/2291/10 1889/2466/10
f 1854/2231/10 1889/2466/10 1895/2465/10
f 1881/2514/1 1917/2471/1 1916/2468/1
f 1917/2471/1 1881/2514/1 1880/2515/1
f 1875/2516/1 1874/2517/1 1915/2470/1
f 1875/2516/1 1915/2470/1 1918/2469/1
f 1944/2387/417 1943/2386/417 1945/2483/417
f 1946/2482/417 1945/2483/417 1943/2386/417
f 1941/2089/417 1947/2480/417 1942/2090/417
f 1947/2480/417 1941/2089/417 1948/2481/417
f 1908/2487/4 1870/2095/4 1909/2485/4
f 1870/2095/4 1908/2487/4 1871/2096/4
f 1863/2518/4 1910/2486/4 1864/2519/4
f 1910/2486/4 1863/2518/4 1907/2484/4
f 1859/2396/3 1904/2448/3 1900/2498/3
f 1904/2448/3 1859/2396/3 1866/2383/3
f 1868/2073/3 1858/2097/3 1899/2497/3
f 1868/2073/3 1899/2497/3 1903/2447/3
f 1848/2520/3 1869/2511/3 1906/2449/3
f 1848/2520/3 1906/2449/3 1889/2499/3
f 1905/2450/3 1865/2510/3 1890/2500/3
f 1890/2500/3 1865/2510/3 1851/2395/3
f 1891/2501/4 1850/2102/4 1908/2487/4
f 1908/2487/4 1850/2102/4 1871/2096/4
f 1863/2518/4 1847/2521/4 1892/2502/4
f 1863/2518/4 1892/2502/4 1907/2484/4
f 1857/2377/4 1864/2519/4 1910/2486/4
f 1857/2377/4 1910/2486/4 1901/2451/4
f 1870/2095/4 1902/2452/4 1909/2485/4
f 1902/2452/4 1870/2095/4 1860/2080/4
f 1896/2467/10 1855/2380/10 1912/2444/10
f 1912/2444/10 1855/2380/10 1877/2507/10
f 1878/2245/10 1854/2231/10 1895/2465/10
f 1878/2245/10 1895/2465/10 1911/2443/10
f 1847/2253/10 1879/2509/10 1914/2445/10
f 1847/2253/10 1914/2445/10 1892/2503/10
f 1913/2446/10 1876/2508/10 1891/2504/10
f 1891/2504/10 1876/2508/10 1850/2522/10
f 1894/2068/1 1852/2108/1 1916/2468/1
f 1916/2468/1 1852/2108/1 1881/2514/1
f 1874/2517/1 1849/2107/1 1893/2067/1
f 1874/2517/1 1893/2067/1 1915/2470/1
f 1853/2523/1 1875/2516/1 1918/2469/1
f 1853/2523/1 1918/2469/1 1897/2505/1
f 1917/2471/1 1880/2515/1 1898/2506/1
f 1898/2506/1 1880/2515/1 1856/2524/1
f 1863/2525/5 1864/2526/5 1920/2437/5
f 1863/2525/5 1920/2437/5 1919/2436/5
f 1864/2526/5 1857/2527/5 1921/2474/5
f 1864/2526/5 1921/2474/5 1920/2437/5
f 1940/2528/5 1921/2474/5 1857/2527/5
f 1921/2474/5 1940/2528/5 1922/2472/5
f 1874/2529/5 1923/2473/5 1922/2472/5
f 1923/2473/5 1874/2529/5 1875/2530/5
f 1875/2530/5 1924/2458/5 1923/2473/5
f 1924/2458/5 1875/2530/5 1853/2531/5
f 1941/2532/5 1950/2455/5 1949/2457/5
f 1950/2455/5 1941/2532/5 1942/2533/5
f 1925/2459/5 1868/2534/5 1926/2491/5
f 1868/2534/5 1925/2459/5 1858/2535/5
f 1926/2491/5 1869/2536/5 1927/2490/5
f 1869/2536/5 1926/2491/5 1868/2534/5
f 1869/2536/5 1848/2256/5 1927/2490/5
f 1854/2537/5 1927/2490/5 1848/2256/5
f 1927/2490/5 1854/2537/5 1873/2488/5
f 1878/2538/5 1886/2438/5 1854/2537/5
f 1886/2438/5 1873/2488/5 1854/2537/5
f 1879/2539/5 1886/2438/5 1878/2538/5
f 1886/2438/5 1879/2539/5 1919/2436/5
f 1847/2540/5 1863/2525/5 1919/2436/5
f 1847/2540/5 1919/2436/5 1879/2539/5
f 1876/2541/6 1877/2542/6 1929/2440/6
f 1929/2440/6 1928/2442/6 1876/2541/6
f 1855/2543/6 1930/2461/6 1877/2542/6
f 1930/2461/6 1929/2440/6 1877/2542/6
f 1855/2543/6 1851/2081/6 1931/2462/6
f 1931/2462/6 1930/2461/6 1855/2543/6
f 1851/2081/6 1865/2544/6 1931/2462/6
f 1865/2544/6 1866/2545/6 1932/2460/6
f 1865/2544/6 1932/2460/6 1931/2462/6
f 1866/2545/6 1859/2546/6 1933/2493/6
f 1866/2545/6 1933/2493/6 1932/2460/6
f 1943/2547/6 1944/2548/6 1951/2494/6
f 1952/2495/6 1951/2494/6 1944/2548/6
f 1934/2496/6 1880/2530/6 1935/2476/6
f 1880/2530/6 1934/2496/6 1856/2531/6
f 1935/2476/6 1881/2529/6 1936/2477/6
f 1881/2529/6 1935/2476/6 1880/2530/6
f 1881/2529/6 1852/2549/6 1936/2477/6
f 1936/2477/6 1852/2549/6 1937/2550/6
f 1937/2550/6 1884/2479/6 1936/2477/6
f 1884/2479/6 1937/2550/6 1860/2551/6
f 1884/2479/6 1860/2551/6 1888/2439/6
f 1888/2439/6 1860/2551/6 1870/2552/6
f 1888/2439/6 1871/2553/6 1928/2442/6
f 1871/2553/6 1888/2439/6 1870/2552/6
f 1876/2541/6 1928/2442/6 1850/2554/6
f 1928/2442/6 1871/2553/6 1850/2554/6
f 1894/2555/4 1937/2512/4 1852/2556/4
f 1937/2512/4 1894/2555/4 1938/2454/4
f 1893/2557/4 1938/2454/4 1894/2555/4
f 1938/2454/4 1893/2557/4 1939/2453/4
f 1849/2392/4 1939/2453/4 1893/2557/4
f 1939/2453/4 1849/2392/4 1940/2513/4
f 1849/2549/5 1922/2472/5 1940/2528/5
f 1922/2472/5 1849/2549/5 1874/2529/5
f 1900/2498/417 1899/2497/417 1947/2480/417
f 1947/2480/417 1946/2482/417 1900/2498/417
f 1897/2558/417 1945/2483/417 1948/2481/417
f 1945/2483/417 1897/2558/417 1898/2559/417
f 1900/2498/417 1946/2482/417 1859/2396/417
f 1946/2482/417 1943/2386/417 1859/2396/417
f 1898/2559/417 1944/2387/417 1945/2483/417
f 1944/2387/417 1898/2559/417 1856/2434/417
f 1853/2146/417 1948/2481/417 1941/2089/417
f 1948/2481/417 1853/2146/417 1897/2558/417
f 1858/2097/417 1942/2090/417 1899/2497/417
f 1942/2090/417 1947/2480/417 1899/2497/417
f 1942/2533/5 1858/2535/5 1925/2459/5
f 1925/2459/5 1950/2455/5 1942/2533/5
f 1949/2457/5 1924/2458/5 1941/2532/5
f 1853/2531/5 1941/2532/5 1924/2458/5
f 1934/2496/6 1952/2495/6 1944/2548/6
f 1934/2496/6 1944/2548/6 1856/2531/6
f 1951/2494/6 1933/2493/6 1943/2547/6
f 1943/2547/6 1933/2493/6 1859/2546/6
f 2115/2560/1 456/717/1 2322/2561/1
f 456/717/1 2115/2560/1 310/718/1
f 2116/2562/1 2322/2561/1 2323/2563/1
f 2322/2561/1 2116/2562/1 2115/2560/1
f 2116/2562/1 2324/2564/1 2117/2565/1
f 2324/2564/1 2116/2562/1 2323/2563/1
f 2117/2565/1 2325/2566/1 2118/2567/1
f 2325/2566/1 2117/2565/1 2324/2564/1
f 2118/2567/1 2326/2568/1 2119/2569/1
f 2326/2568/1 2118/2567/1 2325/2566/1
f 2119/2569/1 2327/2570/1 2120/2571/1
f 2327/2570/1 2119/2569/1 2326/2568/1
f 2120/2571/1 2328/2572/1 2121/2573/1
f 2328/2572/1 2120/2571/1 2327/2570/1
f 2121/2573/1 2329/2574/1 2122/2575/1
f 2329/2574/1 2121/2573/1 2328/2572/1
f 2123/2576/1 2329/2574/1 2330/2577/1
f 2329/2574/1 2123/2576/1 2122/2575/1
f 2123/2576/1 2331/2578/1 2124/2579/1
f 2331/2578/1 2123/2576/1 2330/2577/1
f 2124/2579/1 2332/865/1 2125/806/1
f 2332/865/1 2124/2579/1 2331/2578/1
f 2126/1/1 2332/865/1 2333/4/1
f 2332/865/1 2126/1/1 2125/806/1
f 2344/2580/1 457/721/1 2137/2581/1
f 311/826/1 2137/2581/1 457/721/1
f 2343/2582/1 2344/2580/1 2136/2583/1
f 2137/2581/1 2136/2583/1 2344/2580/1
f 2342/2584/1 2343/2582/1 2135/2585/1
f 2136/2583/1 2135/2585/1 2343/2582/1
f 2341/2586/1 2342/2584/1 2134/2587/1
f 2135/2585/1 2134/2587/1 2342/2584/1
f 2340/2588/1 2134/2587/1 2133/2589/1
f 2134/2587/1 2340/2588/1 2341/2586/1
f 2339/2590/1 2133/2589/1 2132/2591/1
f 2133/2589/1 2339/2590/1 2340/2588/1
f 2338/2592/1 2339/2590/1 2131/2593/1
f 2132/2591/1 2131/2593/1 2339/2590/1
f 2337/2594/1 2338/2592/1 2130/2595/1
f 2131/2593/1 2130/2595/1 2338/2592/1
f 2336/2596/1 2337/2594/1 2129/2597/1
f 2130/2595/1 2129/2597/1 2337/2594/1
f 2335/2598/1 2336/2596/1 2128/2599/1
f 2129/2597/1 2128/2599/1 2336/2596/1
f 2334/2/1 2335/2598/1 2127/3/1
f 2128/2599/1 2127/3/1 2335/2598/1
f 2091/2600/5 307/722/5 897/19/5
f 2090/2601/5 2091/2600/5 897/19/5
f 2089/2602/5 2090/2601/5 897/19/5
f 2088/2603/5 2089/2602/5 897/19/5
f 2087/2604/5 2088/2603/5 897/19/5
f 2086/2605/5 2087/2604/5 897/19/5
f 2085/2606/5 2086/2605/5 897/19/5
f 2084/2607/5 2085/2606/5 897/19/5
f 2083/2608/5 2084/2607/5 897/19/5
f 2082/2609/5 2083/2608/5 897/19/5
f 2081/2610/5 2082/2609/5 897/19/5
f 2080/18/5 2081/2610/5 897/19/5
f 897/19/5 306/731/5 2069/2611/5
f 897/19/5 2069/2611/5 2070/2612/5
f 897/19/5 2070/2612/5 2071/2613/5
f 897/19/5 2071/2613/5 2072/2614/5
f 897/19/5 2072/2614/5 2073/2615/5
f 897/19/5 2073/2615/5 2074/2616/5
f 897/19/5 2074/2616/5 2075/2617/5
f 897/19/5 2075/2617/5 2076/2618/5
f 897/19/5 2076/2618/5 2077/2619/5
f 897/19/5 2077/2619/5 2078/2620/5
f 897/19/5 2078/2620/5 2079/17/5
f 478/724/1 300/723/1 2000/2621/1
f 2000/2621/1 2345/2622/1 478/724/1
f 2345/2622/1 2000/2621/1 2001/2623/1
f 2001/2623/1 2346/2624/1 2345/2622/1
f 2346/2624/1 2001/2623/1 2002/2625/1
f 2002/2625/1 2347/2626/1 2346/2624/1
f 2347/2626/1 2002/2625/1 2003/2627/1
f 2003/2627/1 2348/2628/1 2347/2626/1
f 2348/2628/1 2003/2627/1 2004/2629/1
f 2004/2629/1 2349/2630/1 2348/2628/1
f 2349/2630/1 2004/2629/1 2005/2631/1
f 2005/2631/1 2350/2632/1 2349/2630/1
f 2005/2631/1 2351/2633/1 2350/2632/1
f 2351/2633/1 2005/2631/1 2006/2634/1
f 2006/2634/1 2352/2635/1 2351/2633/1
f 2352/2635/1 2006/2634/1 2007/2636/1
f 2352/2635/1 2007/2636/1 2008/2637/1
f 2008/2637/1 2353/2638/1 2352/2635/1
f 2353/2638/1 2008/2637/1 2009/2639/1
f 2009/2639/1 2354/2640/1 2353/2638/1
f 2354/2640/1 2009/2639/1 2010/2641/1
f 2010/2641/1 2355/2642/1 2354/2640/1
f 2355/2642/1 2010/2641/1 2011/29/1
f 2011/29/1 2356/28/1 2355/2642/1
f 2021/2643/1 2367/2644/1 2366/2645/1
f 2367/2644/1 2021/2643/1 2022/2646/1
f 2021/2643/1 2365/2647/1 2020/2648/1
f 2365/2647/1 2021/2643/1 2366/2645/1
f 2020/2648/1 2364/2649/1 2019/2650/1
f 2364/2649/1 2020/2648/1 2365/2647/1
f 2019/2650/1 2363/2651/1 2018/2652/1
f 2363/2651/1 2019/2650/1 2364/2649/1
f 2018/2652/1 2362/2653/1 2017/2654/1
f 2362/2653/1 2018/2652/1 2363/2651/1
f 2017/2654/1 2361/2655/1 2016/2656/1
f 2361/2655/1 2017/2654/1 2362/2653/1
f 2016/2656/1 2360/2657/1 2015/2658/1
f 2360/2657/1 2016/2656/1 2361/2655/1
f 2015/2658/1 2359/2659/1 2014/2660/1
f 2359/2659/1 2015/2658/1 2360/2657/1
f 2014/2660/1 2358/2661/1 2013/2662/1
f 2358/2661/1 2014/2660/1 2359/2659/1
f 2012/30/1 2358/2661/1 2357/31/1
f 2358/2661/1 2012/30/1 2013/2662/1
f 1977/2663/5 2114/2664/5 309/726/5
f 1977/2663/5 309/726/5 298/725/5
f 1978/2665/5 2113/2666/5 2114/2664/5
f 1978/2665/5 2114/2664/5 1977/2663/5
f 1979/2667/5 2112/2668/5 2113/2666/5
f 1979/2667/5 2113/2666/5 1978/2665/5
f 1980/2669/5 2111/2670/5 2112/2668/5
f 1980/2669/5 2112/2668/5 1979/2667/5
f 1981/2671/5 2110/2672/5 2111/2670/5
f 1981/2671/5 2111/2670/5 1980/2669/5
f 1982/2673/5 2109/2674/5 2110/2672/5
f 1982/2673/5 2110/2672/5 1981/2671/5
f 1983/2675/5 2108/2676/5 2109/2674/5
f 1983/2675/5 2109/2674/5 1982/2673/5
f 1984/2677/5 2107/2678/5 2108/2676/5
f 1984/2677/5 2108/2676/5 1983/2675/5
f 1985/2679/5 2106/2680/5 2107/2678/5
f 1985/2679/5 2107/2678/5 1984/2677/5
f 2105/2681/5 1985/2679/5 1986/2682/5
f 1985/2679/5 2105/2681/5 2106/2680/5
f 1987/2683/5 2104/2684/5 2105/2681/5
f 1987/2683/5 2105/2681/5 1986/2682/5
f 2103/63/5 1987/2683/5 1988/61/5
f 1987/2683/5 2103/63/5 2104/2684/5
f 308/727/5 1999/2685/5 299/728/5
f 1999/2685/5 308/727/5 2092/2686/5
f 1999/2685/5 2092/2686/5 2093/2687/5
f 1999/2685/5 2093/2687/5 1998/2688/5
f 1998/2688/5 2093/2687/5 2094/2689/5
f 1998/2688/5 2094/2689/5 1997/2690/5
f 2094/2689/5 1996/2691/5 1997/2690/5
f 1996/2691/5 2094/2689/5 2095/2692/5
f 2095/2692/5 1995/2693/5 1996/2691/5
f 1995/2693/5 2095/2692/5 2096/2694/5
f 1995/2693/5 2096/2694/5 2097/2695/5
f 1995/2693/5 2097/2695/5 1994/2696/5
f 1994/2696/5 2097/2695/5 2098/2697/5
f 1994/2696/5 2098/2697/5 1993/2698/5
f 1993/2698/5 2098/2697/5 2099/2699/5
f 1993/2698/5 2099/2699/5 1992/2700/5
f 1992/2700/5 2099/2699/5 2100/2701/5
f 1992/2700/5 2100/2701/5 1991/2702/5
f 2100/2701/5 1990/2703/5 1991/2702/5
f 1990/2703/5 2100/2701/5 2101/2704/5
f 1990/2703/5 2101/2704/5 2102/60/5
f 1990/2703/5 2102/60/5 1989/62/5
f 2068/2705/5 305/729/5 2091/2600/5
f 2091/2600/5 305/729/5 307/722/5
f 2067/2706/5 2068/2705/5 2090/2601/5
f 2090/2601/5 2068/2705/5 2091/2600/5
f 2066/2707/5 2090/2601/5 2089/2602/5
f 2090/2601/5 2066/2707/5 2067/2706/5
f 2065/2708/5 2066/2707/5 2088/2603/5
f 2088/2603/5 2066/2707/5 2089/2602/5
f 2064/2709/5 2065/2708/5 2087/2604/5
f 2087/2604/5 2065/2708/5 2088/2603/5
f 2063/2710/5 2064/2709/5 2086/2605/5
f 2086/2605/5 2064/2709/5 2087/2604/5
f 2062/2711/5 2063/2710/5 2085/2606/5
f 2085/2606/5 2063/2710/5 2086/2605/5
f 2061/2712/5 2062/2711/5 2084/2607/5
f 2084/2607/5 2062/2711/5 2085/2606/5
f 2060/2713/5 2084/2607/5 2083/2608/5
f 2084/2607/5 2060/2713/5 2061/2712/5
f 2059/2714/5 2060/2713/5 2082/2609/5
f 2082/2609/5 2060/2713/5 2083/2608/5
f 2058/2715/5 2059/2714/5 2081/2610/5
f 2081/2610/5 2059/2714/5 2082/2609/5
f 2057/145/5 2081/2610/5 2080/18/5
f 2081/2610/5 2057/145/5 2058/2715/5
f 306/731/5 304/730/5 2046/2716/5
f 306/731/5 2046/2716/5 2069/2611/5
f 2069/2611/5 2046/2716/5 2047/2717/5
f 2069/2611/5 2047/2717/5 2070/2612/5
f 2070/2612/5 2047/2717/5 2048/2718/5
f 2070/2612/5 2048/2718/5 2071/2613/5
f 2048/2718/5 2072/2614/5 2071/2613/5
f 2072/2614/5 2048/2718/5 2049/2719/5
f 2072/2614/5 2049/2719/5 2050/2720/5
f 2072/2614/5 2050/2720/5 2073/2615/5
f 2073/2615/5 2050/2720/5 2051/2721/5
f 2073/2615/5 2051/2721/5 2074/2616/5
f 2074/2616/5 2051/2721/5 2052/2722/5
f 2074/2616/5 2052/2722/5 2075/2617/5
f 2075/2617/5 2052/2722/5 2053/2723/5
f 2075/2617/5 2053/2723/5 2076/2618/5
f 2053/2723/5 2077/2619/5 2076/2618/5
f 2077/2619/5 2053/2723/5 2054/2724/5
f 2077/2619/5 2054/2724/5 2055/2725/5
f 2077/2619/5 2055/2725/5 2078/2620/5
f 2078/2620/5 2055/2725/5 2056/144/5
f 2078/2620/5 2056/144/5 2079/17/5
f 1954/2726/1 296/732/1 2345/2622/1
f 478/724/1 2345/2622/1 296/732/1
f 1955/2727/1 2345/2622/1 2346/2624/1
f 2345/2622/1 1955/2727/1 1954/2726/1
f 1956/2728/1 1955/2727/1 2347/2626/1
f 2346/2624/1 2347/2626/1 1955/2727/1
f 1957/2729/1 1956/2728/1 2348/2628/1
f 2347/2626/1 2348/2628/1 1956/2728/1
f 1958/2730/1 1957/2729/1 2349/2630/1
f 2348/2628/1 2349/2630/1 1957/2729/1
f 1959/2731/1 1958/2730/1 2350/2632/1
f 2349/2630/1 2350/2632/1 1958/2730/1
f 1960/2732/1 2350/2632/1 2351/2633/1
f 2350/2632/1 1960/2732/1 1959/2731/1
f 1961/2733/1 1960/2732/1 2352/2635/1
f 2351/2633/1 2352/2635/1 1960/2732/1
f 1962/2734/1 1961/2733/1 2353/2638/1
f 2352/2635/1 2353/2638/1 1961/2733/1
f 1963/2735/1 1962/2734/1 2354/2640/1
f 2353/2638/1 2354/2640/1 1962/2734/1
f 1964/801/1 2354/2640/1 2355/2642/1
f 2354/2640/1 1964/801/1 1963/2735/1
f 1965/153/1 1964/801/1 2356/28/1
f 2355/2642/1 2356/28/1 1964/801/1
f 479/734/1 1976/2736/1 2367/2644/1
f 1976/2736/1 479/734/1 297/817/1
f 2367/2644/1 1975/2737/1 2366/2645/1
f 1975/2737/1 2367/2644/1 1976/2736/1
f 2366/2645/1 1974/2738/1 2365/2647/1
f 1974/2738/1 2366/2645/1 1975/2737/1
f 2365/2647/1 1973/2739/1 2364/2649/1
f 1973/2739/1 2365/2647/1 1974/2738/1
f 2364/2649/1 1972/2740/1 2363/2651/1
f 1972/2740/1 2364/2649/1 1973/2739/1
f 2362/2653/1 1972/2740/1 1971/2741/1
f 1972/2740/1 2362/2653/1 2363/2651/1
f 2362/2653/1 1970/2742/1 2361/2655/1
f 1970/2742/1 2362/2653/1 1971/2741/1
f 2361/2655/1 1969/2743/1 2360/2657/1
f 1969/2743/1 2361/2655/1 1970/2742/1
f 2360/2657/1 1968/2744/1 2359/2659/1
f 1968/2744/1 2360/2657/1 1969/2743/1
f 2359/2659/1 1967/2745/1 2358/2661/1
f 1967/2745/1 2359/2659/1 1968/2744/1
f 2357/31/1 1967/2745/1 1966/152/1
f 1967/2745/1 2357/31/1 2358/2661/1
f 2045/2746/5 303/735/5 2114/2664/5
f 2114/2664/5 303/735/5 309/726/5
f 2044/2747/5 2045/2746/5 2113/2666/5
f 2113/2666/5 2045/2746/5 2114/2664/5
f 2043/2748/5 2044/2747/5 2112/2668/5
f 2112/2668/5 2044/2747/5 2113/2666/5
f 2042/2749/5 2112/2668/5 2111/2670/5
f 2112/2668/5 2042/2749/5 2043/2748/5
f 2041/2750/5 2042/2749/5 2110/2672/5
f 2110/2672/5 2042/2749/5 2111/2670/5
f 2040/2751/5 2041/2750/5 2109/2674/5
f 2109/2674/5 2041/2750/5 2110/2672/5
f 2039/2752/5 2040/2751/5 2108/2676/5
f 2108/2676/5 2040/2751/5 2109/2674/5
f 2039/2752/5 2107/2678/5 2038/2753/5
f 2107/2678/5 2039/2752/5 2108/2676/5
f 2037/2754/5 2038/2753/5 2106/2680/5
f 2106/2680/5 2038/2753/5 2107/2678/5
f 2036/2755/5 2037/2754/5 2105/2681/5
f 2105/2681/5 2037/2754/5 2106/2680/5
f 2035/2756/5 2036/2755/5 2104/2684/5
f 2104/2684/5 2036/2755/5 2105/2681/5
f 2034/186/5 2104/2684/5 2103/63/5
f 2104/2684/5 2034/186/5 2035/2756/5
f 302/736/5 2023/2757/5 308/727/5
f 308/727/5 2023/2757/5 2092/2686/5
f 2023/2757/5 2024/2758/5 2092/2686/5
f 2092/2686/5 2024/2758/5 2093/2687/5
f 2024/2758/5 2025/2759/5 2093/2687/5
f 2093/2687/5 2025/2759/5 2094/2689/5
f 2025/2759/5 2095/2692/5 2094/2689/5
f 2095/2692/5 2025/2759/5 2026/2760/5
f 2026/2760/5 2096/2694/5 2095/2692/5
f 2096/2694/5 2026/2760/5 2027/2761/5
f 2027/2761/5 2028/2762/5 2096/2694/5
f 2096/2694/5 2028/2762/5 2097/2695/5
f 2028/2762/5 2029/2763/5 2097/2695/5
f 2097/2695/5 2029/2763/5 2098/2697/5
f 2029/2763/5 2030/2764/5 2098/2697/5
f 2098/2697/5 2030/2764/5 2099/2699/5
f 2030/2764/5 2031/2765/5 2099/2699/5
f 2099/2699/5 2031/2765/5 2100/2701/5
f 2031/2765/5 2032/2766/5 2100/2701/5
f 2100/2701/5 2032/2766/5 2101/2704/5
f 2032/2766/5 2033/185/5 2101/2704/5
f 2101/2704/5 2033/185/5 2102/60/5
f 1977/2663/5 305/729/5 2068/2705/5
f 305/729/5 1977/2663/5 298/725/5
f 1978/2665/5 2068/2705/5 2067/2706/5
f 2068/2705/5 1978/2665/5 1977/2663/5
f 1979/2667/5 2067/2706/5 2066/2707/5
f 2067/2706/5 1979/2667/5 1978/2665/5
f 1980/2669/5 2066/2707/5 2065/2708/5
f 2066/2707/5 1980/2669/5 1979/2667/5
f 1981/2671/5 2065/2708/5 2064/2709/5
f 2065/2708/5 1981/2671/5 1980/2669/5
f 1982/2673/5 2064/2709/5 2063/2710/5
f 2064/2709/5 1982/2673/5 1981/2671/5
f 1983/2675/5 2063/2710/5 2062/2711/5
f 2063/2710/5 1983/2675/5 1982/2673/5
f 1984/2677/5 2062/2711/5 2061/2712/5
f 2062/2711/5 1984/2677/5 1983/2675/5
f 1985/2679/5 2061/2712/5 2060/2713/5
f 2061/2712/5 1985/2679/5 1984/2677/5
f 1986/2682/5 2060/2713/5 2059/2714/5
f 2060/2713/5 1986/2682/5 1985/2679/5
f 1987/2683/5 2059/2714/5 2058/2715/5
f 2059/2714/5 1987/2683/5 1986/2682/5
f 1988/61/5 2058/2715/5 2057/145/5
f 2058/2715/5 1988/61/5 1987/2683/5
f 299/728/5 1999/2685/5 304/730/5
f 304/730/5 1999/2685/5 2046/2716/5
f 1999/2685/5 1998/2688/5 2046/2716/5
f 2046/2716/5 1998/2688/5 2047/2717/5
f 1998/2688/5 1997/2690/5 2047/2717/5
f 2047/2717/5 1997/2690/5 2048/2718/5
f 1997/2690/5 2049/2719/5 2048/2718/5
f 2049/2719/5 1997/2690/5 1996/2691/5
f 1996/2691/5 1995/2693/5 2049/2719/5
f 2049/2719/5 1995/2693/5 2050/2720/5
f 1995/2693/5 1994/2696/5 2050/2720/5
f 2050/2720/5 1994/2696/5 2051/2721/5
f 1994/2696/5 1993/2698/5 2051/2721/5
f 2051/2721/5 1993/2698/5 2052/2722/5
f 1993/2698/5 2053/2723/5 2052/2722/5
f 2053/2723/5 1993/2698/5 1992/2700/5
f 1992/2700/5 2054/2724/5 2053/2723/5
f 2054/2724/5 1992/2700/5 1991/2702/5
f 1991/2702/5 2055/2725/5 2054/2724/5
f 2055/2725/5 1991/2702/5 1990/2703/5
f 1990/2703/5 2056/144/5 2055/2725/5
f 2056/144/5 1990/2703/5 1989/62/5
f 2000/2621/1 303/737/1 2045/2767/1
f 303/737/1 2000/2621/1 300/723/1
f 2001/2623/1 2045/2767/1 2044/2768/1
f 2045/2767/1 2001/2623/1 2000/2621/1
f 2002/2625/1 2044/2768/1 2043/2769/1
f 2044/2768/1 2002/2625/1 2001/2623/1
f 2003/2627/1 2043/2769/1 2042/2770/1
f 2043/2769/1 2003/2627/1 2002/2625/1
f 2004/2629/1 2042/2770/1 2041/2771/1
f 2042/2770/1 2004/2629/1 2003/2627/1
f 2005/2631/1 2041/2771/1 2040/2772/1
f 2041/2771/1 2005/2631/1 2004/2629/1
f 2006/2634/1 2040/2772/1 2039/2773/1
f 2040/2772/1 2006/2634/1 2005/2631/1
f 2007/2636/1 2039/2773/1 2038/2774/1
f 2039/2773/1 2007/2636/1 2006/2634/1
f 2008/2637/1 2038/2774/1 2037/2775/1
f 2038/2774/1 2008/2637/1 2007/2636/1
f 2009/2639/1 2037/2775/1 2036/2776/1
f 2037/2775/1 2009/2639/1 2008/2637/1
f 2010/2641/1 2036/2776/1 2035/2777/1
f 2036/2776/1 2010/2641/1 2009/2639/1
f 2011/29/1 2035/2777/1 2034/344/1
f 2035/2777/1 2011/29/1 2010/2641/1
f 302/738/1 2022/2646/1 2023/2778/1
f 2022/2646/1 302/738/1 301/733/1
f 2023/2778/1 2021/2643/1 2024/2779/1
f 2021/2643/1 2023/2778/1 2022/2646/1
f 2024/2779/1 2020/2648/1 2025/2780/1
f 2020/2648/1 2024/2779/1 2021/2643/1
f 2025/2780/1 2019/2650/1 2026/2781/1
f 2019/2650/1 2025/2780/1 2020/2648/1
f 2026/2781/1 2018/2652/1 2027/2782/1
f 2018/2652/1 2026/2781/1 2019/2650/1
f 2027/2782/1 2017/2654/1 2028/2783/1
f 2017/2654/1 2027/2782/1 2018/2652/1
f 2028/2783/1 2016/2656/1 2029/2784/1
f 2016/2656/1 2028/2783/1 2017/2654/1
f 2030/2785/1 2016/2656/1 2015/2658/1
f 2016/2656/1 2030/2785/1 2029/2784/1
f 2031/2786/1 2015/2658/1 2014/2660/1
f 2015/2658/1 2031/2786/1 2030/2785/1
f 2032/2787/1 2014/2660/1 2013/2662/1
f 2014/2660/1 2032/2787/1 2031/2786/1
f 2033/343/1 2013/2662/1 2012/30/1
f 2013/2662/1 2033/343/1 2032/2787/1
f 356/2788/418 357/2789/418 2207/2790/418
f 2207/2790/418 2206/2791/418 356/2788/418
f 2205/2792/21 2208/2793/21 2209/2794/21
f 2209/2794/21 2204/2795/21 2205/2792/21
f 2210/2796/21 2202/2797/21 2203/2798/21
f 2202/2797/21 2210/2796/21 2211/2799/21
f 2201/2800/21 2212/2801/21 2213/2802/21
f 2213/2802/21 2200/2803/21 2201/2800/21
f 2214/2804/21 2198/2805/21 2199/2806/21
f 2198/2805/21 2214/2804/21 2215/2807/21
f 2216/2808/21 2196/2809/21 2197/2810/21
f 2196/2809/21 2216/2808/21 2217/2811/21
f 2229/2812/21 2185/2813/21 2228/2814/21
f 2185/2813/21 2229/2812/21 2184/2815/21
f 2227/2816/21 2187/2817/21 2226/2818/21
f 2187/2817/21 2227/2816/21 2186/2819/21
f 2225/2820/21 2189/2821/21 2224/2822/21
f 2189/2821/21 2225/2820/21 2188/2823/21
f 2223/2824/21 2191/2825/21 2222/2826/21
f 2191/2825/21 2223/2824/21 2190/2827/21
f 2221/2828/21 2193/2829/21 2220/2830/21
f 2193/2829/21 2221/2828/21 2192/2831/21
f 2252/2832/419 368/750/31 2253/2833/22
f 369/748/22 2253/2833/22 368/750/31
f 2251/2834/420 2252/2832/419 2254/2835/22
f 2253/2833/22 2254/2835/22 2252/2832/419
f 2250/2836/421 2251/2834/420 2255/2837/22
f 2254/2835/22 2255/2837/22 2251/2834/420
f 2249/2838/422 2250/2836/421 2256/2839/22
f 2255/2837/22 2256/2839/22 2250/2836/421
f 2248/2840/423 2249/2838/422 2257/2841/22
f 2256/2839/22 2257/2841/22 2249/2838/422
f 2247/2842/424 2248/2840/423 2258/2843/22
f 2257/2841/22 2258/2843/22 2248/2840/423
f 2246/2844/425 2247/2842/424 2259/2845/22
f 2258/2843/22 2259/2845/22 2247/2842/424
f 2245/2846/426 2246/2844/425 2260/2847/22
f 2259/2845/22 2260/2847/22 2246/2844/425
f 2244/2848/427 2245/2846/426 2261/2849/22
f 2260/2847/22 2261/2849/22 2245/2846/426
f 2243/2850/428 2244/2848/427 2262/2851/22
f 2261/2849/22 2262/2851/22 2244/2848/427
f 2242/2852/429 2243/2850/428 2263/800/22
f 2262/2851/22 2263/800/22 2243/2850/428
f 2241/703/22 2242/2852/429 2264/700/22
f 2263/800/22 2264/700/22 2242/2852/429
f 2275/2853/22 366/745/22 367/746/30
f 367/746/30 2230/2854/430 2275/2853/22
f 2274/2855/22 2275/2853/22 2230/2854/430
f 2230/2854/430 2231/2856/431 2274/2855/22
f 2273/2857/22 2274/2855/22 2231/2856/431
f 2231/2856/431 2232/2858/432 2273/2857/22
f 2272/2859/22 2273/2857/22 2232/2858/432
f 2232/2858/432 2233/2860/433 2272/2859/22
f 2271/2861/22 2272/2859/22 2233/2860/433
f 2233/2860/433 2234/2862/434 2271/2861/22
f 2270/2863/22 2271/2861/22 2234/2862/434
f 2234/2862/434 2235/2864/435 2270/2863/22
f 2269/2865/22 2270/2863/22 2235/2864/435
f 2235/2864/435 2236/2866/436 2269/2865/22
f 2268/2867/22 2269/2865/22 2236/2866/436
f 2236/2866/436 2237/2868/437 2268/2867/22
f 2267/2869/22 2268/2867/22 2237/2868/437
f 2237/2868/437 2238/2870/438 2267/2869/22
f 2266/2871/22 2267/2869/22 2238/2870/438
f 2266/2871/22 2238/2870/438 2239/2872/439
f 2265/701/22 2266/2871/22 2239/2872/439
f 2265/701/22 2239/2872/439 2240/702/23
f 2298/2873/440 372/755/33 2299/2874/26
f 2299/2874/26 372/755/33 373/757/26
f 2297/2875/441 2298/2873/440 2300/2876/26
f 2300/2876/26 2298/2873/440 2299/2874/26
f 2296/2877/442 2297/2875/441 2301/2878/26
f 2301/2878/26 2297/2875/441 2300/2876/26
f 2295/2879/443 2296/2877/442 2302/2880/26
f 2302/2880/26 2296/2877/442 2301/2878/26
f 2294/2881/444 2295/2879/443 2303/2882/26
f 2303/2882/26 2295/2879/443 2302/2880/26
f 2293/2883/445 2294/2881/444 2304/2884/26
f 2304/2884/26 2294/2881/444 2303/2882/26
f 2293/2883/445 2305/2885/26 2292/2886/446
f 2305/2885/26 2293/2883/445 2304/2884/26
f 2292/2886/446 2306/2887/26 2291/2888/447
f 2306/2887/26 2292/2886/446 2305/2885/26
f 2291/2888/447 2307/2889/26 2290/2890/448
f 2307/2889/26 2291/2888/447 2306/2887/26
f 2290/2890/448 2308/2891/26 2289/2892/449
f 2308/2891/26 2290/2890/448 2307/2889/26
f 2289/2892/449 2309/807/26 2288/2893/450
f 2309/807/26 2289/2892/449 2308/2891/26
f 2288/2893/450 2310/710/26 2287/709/26
f 2310/710/26 2288/2893/450 2309/807/26
f 371/752/32 2276/2894/451 2321/2895/26
f 371/752/32 2321/2895/26 370/753/26
f 2276/2894/451 2277/2896/452 2320/2897/26
f 2276/2894/451 2320/2897/26 2321/2895/26
f 2277/2896/452 2278/2898/453 2319/2899/26
f 2277/2896/452 2319/2899/26 2320/2897/26
f 2278/2898/453 2279/2900/454 2318/2901/26
f 2278/2898/453 2318/2901/26 2319/2899/26
f 2279/2900/454 2280/2902/455 2317/2903/26
f 2279/2900/454 2317/2903/26 2318/2901/26
f 2280/2902/455 2281/2904/456 2316/2905/26
f 2280/2902/455 2316/2905/26 2317/2903/26
f 2281/2904/456 2282/2906/457 2315/2907/26
f 2281/2904/456 2315/2907/26 2316/2905/26
f 2282/2906/457 2283/2908/458 2314/2909/26
f 2282/2906/457 2314/2909/26 2315/2907/26
f 2283/2908/458 2284/2910/459 2313/2911/26
f 2283/2908/458 2313/2911/26 2314/2909/26
f 2284/2910/459 2285/2912/460 2312/2913/26
f 2284/2910/459 2312/2913/26 2313/2911/26
f 2285/2912/460 2286/708/25 2311/711/26
f 2285/2912/460 2311/711/26 2312/2913/26
f 2183/2914/461 315/2915/462 2206/2791/418
f 356/2788/418 2206/2791/418 315/2915/462
f 2181/2916/463 2182/2917/464 2204/2795/21
f 2205/2792/21 2204/2795/21 2182/2917/464
f 2179/2918/465 2203/2798/21 2202/2797/21
f 2203/2798/21 2179/2918/465 2180/2919/466
f 2177/2920/467 2178/2921/468 2200/2803/21
f 2201/2800/21 2200/2803/21 2178/2921/468
f 2175/2922/469 2176/2923/470 2198/2805/21
f 2199/2806/21 2198/2805/21 2176/2923/470
f 2173/805/21 2174/2924/21 2196/2809/21
f 2197/2810/21 2196/2809/21 2174/2924/21
f 2184/2815/21 2162/2925/471 2185/2813/21
f 2162/2925/471 2184/2815/21 2161/2926/472
f 2186/2819/21 2164/2927/473 2187/2817/21
f 2164/2927/473 2186/2819/21 2163/2928/474
f 2188/2823/21 2166/2929/21 2189/2821/21
f 2166/2929/21 2188/2823/21 2165/2930/475
f 2190/2827/21 2168/2931/21 2191/2825/21
f 2168/2931/21 2190/2827/21 2167/2932/21
f 2192/2831/21 2170/2933/21 2193/2829/21
f 2170/2933/21 2192/2831/21 2169/2934/21
f 2160/2935/476 2228/2814/21 2159/2936/477
f 2228/2814/21 2160/2935/476 2229/2812/21
f 2157/2937/478 2227/2816/21 2226/2818/21
f 2227/2816/21 2157/2937/478 2158/2938/479
f 2156/2939/480 2224/2822/21 2155/2940/21
f 2224/2822/21 2156/2939/480 2225/2820/21
f 2154/2941/21 2222/2826/21 2153/2942/21
f 2222/2826/21 2154/2941/21 2223/2824/21
f 2152/2943/21 2220/2830/21 2151/2944/21
f 2220/2830/21 2152/2943/21 2221/2828/21
f 2150/796/21 2218/630/21 2149/2945/21
f 2218/630/21 2150/796/21 2219/631/21
f 2207/2790/418 357/2789/418 2138/2946/481
f 312/2947/482 2138/2946/481 357/2789/418
f 2209/2794/21 2208/2793/21 2140/2948/483
f 2139/2949/484 2140/2948/483 2208/2793/21
f 2211/2799/21 2210/2796/21 2142/2950/485
f 2141/2951/486 2142/2950/485 2210/2796/21
f 2213/2802/21 2212/2801/21 2144/2952/487
f 2143/2953/488 2144/2952/487 2212/2801/21
f 2215/2807/21 2214/2804/21 2146/2954/489
f 2145/2955/490 2146/2954/489 2214/2804/21
f 2217/2811/21 2147/2956/21 2148/2957/21
f 2147/2956/21 2217/2811/21 2216/2808/21
f 2138/2946/481 312/2947/482 2252/2832/491
f 368/820/31 2252/2958/419 312/821/59
f 2139/2959/492 2138/2960/493 2251/2961/420
f 2252/2832/491 2251/2834/494 2138/2946/481
f 2140/2948/483 2139/2949/484 2250/2836/495
f 2251/2961/420 2250/2962/421 2139/2959/492
f 2141/2963/496 2140/2964/497 2249/2965/422
f 2250/2836/495 2249/2838/494 2140/2948/483
f 2142/2950/485 2141/2951/486 2248/2840/498
f 2249/2965/422 2248/2966/423 2141/2963/496
f 2143/2967/499 2142/2968/500 2247/2969/424
f 2248/2840/498 2247/2842/494 2142/2950/485
f 2144/2952/487 2143/2953/488 2246/2844/501
f 2247/2969/424 2246/2970/425 2143/2967/499
f 2145/2971/502 2144/2972/503 2245/2973/426
f 2246/2844/501 2245/2846/494 2144/2952/487
f 2146/2954/489 2145/2955/490 2244/2848/504
f 2245/2973/426 2244/2974/427 2145/2971/502
f 2147/2975/505 2146/2976/506 2243/2977/428
f 2244/2848/504 2243/2850/494 2146/2954/489
f 2148/2957/507 2147/2956/508 2242/2852/509
f 2243/2977/428 2242/2978/429 2147/2975/505
f 2149/799/42 2148/2979/510 2241/797/40
f 2242/2852/509 2241/703/494 2148/2957/507
f 2230/2980/430 367/816/30 313/815/54
f 313/794/36 2160/2935/476 2230/2854/511
f 2231/2856/37 2230/2854/511 2160/2935/476
f 2160/2981/512 2159/2982/513 2231/2983/431
f 2232/2984/432 2231/2983/431 2159/2982/513
f 2159/2936/477 2158/2938/479 2232/2858/514
f 2233/2860/494 2232/2858/514 2158/2938/479
f 2158/2985/515 2157/2986/516 2233/2987/433
f 2234/2988/434 2233/2987/433 2157/2986/516
f 2157/2937/478 2156/2939/480 2234/2862/517
f 2235/2864/37 2234/2862/517 2156/2939/480
f 2156/2989/518 2155/2990/519 2235/2991/435
f 2236/2992/436 2235/2991/435 2155/2990/519
f 2236/2993/520 2155/2994/521 2154/2995/522
f 2237/2868/37 2236/2866/520 2154/2941/522
f 2154/2996/523 2153/2997/524 2237/2998/437
f 2238/2999/438 2237/2998/437 2153/2997/524
f 2238/3000/525 2153/3001/526 2152/3002/527
f 2239/2872/37 2238/2870/525 2152/2943/527
f 2152/3003/528 2151/3004/529 2239/3005/439
f 2240/3006/23 2239/3005/439 2151/3004/529
f 2240/3007/38 2151/3008/530 2150/3009/39
f 1976/2736/22 297/817/22 366/745/22
f 366/745/22 2275/2853/22 1976/2736/22
f 1975/2737/22 1976/2736/22 2275/2853/22
f 2275/2853/22 2274/2855/22 1975/2737/22
f 1974/2738/22 1975/2737/22 2274/2855/22
f 2274/2855/22 2273/2857/22 1974/2738/22
f 1973/2739/43 1974/2738/22 2273/2857/22
f 2273/2857/22 2272/2859/22 1973/2739/43
f 1972/2740/43 1973/2739/43 2272/2859/22
f 2272/2859/22 2271/2861/22 1972/2740/43
f 1971/2741/22 1972/2740/43 2271/2861/22
f 2271/2861/22 2270/2863/22 1971/2741/22
f 1970/2742/22 1971/2741/22 2270/2863/22
f 2270/2863/22 2269/2865/22 1970/2742/22
f 1969/2743/22 1970/2742/22 2269/2865/22
f 2269/2865/22 2268/2867/22 1969/2743/22
f 1968/2744/22 1969/2743/22 2268/2867/22
f 1968/2744/22 2268/2867/22 2267/2869/22
f 1967/2745/22 1968/2744/22 2267/2869/22
f 1967/2745/22 2267/2869/22 2266/2871/22
f 1966/152/43 1967/2745/22 2266/2871/22
f 1966/152/43 2266/2871/22 2265/701/22
f 1965/153/43 1966/152/43 2265/701/22
f 1965/153/43 2265/701/22 2264/700/22
f 2253/2833/22 369/748/22 1954/2726/22
f 296/732/22 1954/2726/22 369/748/22
f 2254/2835/22 2253/2833/22 1955/2727/22
f 1954/2726/22 1955/2727/22 2253/2833/22
f 2255/2837/22 2254/2835/22 1956/2728/22
f 1955/2727/22 1956/2728/22 2254/2835/22
f 2256/2839/22 2255/2837/22 1957/2729/22
f 1956/2728/22 1957/2729/22 2255/2837/22
f 2257/2841/22 2256/2839/22 1958/2730/22
f 1957/2729/22 1958/2730/22 2256/2839/22
f 2258/2843/22 2257/2841/22 1959/2731/22
f 1958/2730/22 1959/2731/22 2257/2841/22
f 2259/2845/22 2258/2843/22 1960/2732/22
f 1959/2731/22 1960/2732/22 2258/2843/22
f 2260/2847/22 2259/2845/22 1961/2733/22
f 1960/2732/22 1961/2733/22 2259/2845/22
f 2261/2849/22 2260/2847/22 1962/2734/22
f 1961/2733/22 1962/2734/22 2260/2847/22
f 2262/2851/22 2261/2849/22 1963/2735/22
f 1962/2734/22 1963/2735/22 2261/2849/22
f 2263/800/22 2262/2851/22 1964/801/22
f 1963/2735/22 1964/801/22 2262/2851/22
f 2161/2926/472 314/793/35 2298/2873/531
f 2298/3010/440 314/827/66 372/829/33
f 2162/3011/532 2161/3012/533 2297/3013/441
f 2297/2875/534 2161/2926/472 2298/2873/531
f 2163/2928/474 2162/2925/471 2296/2877/535
f 2296/3014/442 2162/3011/532 2297/3013/441
f 2164/3015/536 2163/3016/537 2295/3017/443
f 2295/2879/534 2163/2928/474 2296/2877/535
f 2164/3018/473 2294/3019/538 2165/3020/475
f 2294/3021/444 2164/3015/536 2295/3017/443
f 2166/3022/539 2165/3023/540 2293/3024/445
f 2293/2883/534 2165/2930/475 2294/2881/538
f 2166/3025/541 2292/3026/542 2167/3027/543
f 2292/3006/446 2166/3022/539 2293/3024/445
f 2168/3028/544 2167/3029/545 2291/3030/447
f 2291/2888/534 2167/2932/543 2292/2886/542
f 2168/3031/546 2290/3032/547 2169/3033/548
f 2290/3034/448 2168/3028/544 2291/3030/447
f 2169/3035/549 2289/3036/449 2170/3037/550
f 2289/2892/534 2169/2934/548 2290/2890/547
f 2170/3038/551 2288/3039/552 2171/3040/553
f 2288/3041/450 2170/3037/550 2289/3036/449
f 2171/3042/554 2287/804/46 2172/803/45
f 2287/709/47 2171/759/553 2288/2893/552
f 315/2915/462 2183/2914/461 2276/2894/555
f 315/823/61 2276/3043/451 371/824/32
f 2183/3044/556 2182/3045/557 2277/3046/452
f 2183/2914/461 2277/2896/47 2276/2894/555
f 2182/2917/464 2181/2916/463 2278/2898/558
f 2182/3045/557 2278/3047/453 2277/3046/452
f 2181/3048/559 2180/3049/560 2279/3050/454
f 2181/2916/463 2279/2900/47 2278/2898/558
f 2180/2919/466 2179/2918/465 2280/2902/561
f 2180/3049/560 2280/3051/455 2279/3050/454
f 2179/3052/562 2178/3053/563 2281/3054/456
f 2179/2918/465 2281/2904/47 2280/2902/561
f 2178/2921/468 2177/2920/467 2282/2906/564
f 2178/3053/563 2282/3055/457 2281/3054/456
f 2177/3056/565 2176/3057/566 2283/3058/458
f 2177/2920/467 2283/2908/47 2282/2906/564
f 2176/2923/470 2175/2922/469 2284/2910/567
f 2176/3057/566 2284/3059/459 2283/3058/458
f 2175/3060/568 2174/3061/569 2285/3062/460
f 2175/2922/469 2285/2912/47 2284/2910/567
f 2174/2924/570 2173/805/49 2286/708/48
f 2174/3061/569 2286/3063/25 2285/3062/460
f 370/753/26 2321/2895/26 2137/2581/26
f 370/753/26 2137/2581/26 311/826/26
f 2321/2895/26 2320/2897/26 2136/2583/26
f 2321/2895/26 2136/2583/26 2137/2581/26
f 2320/2897/26 2319/2899/26 2135/2585/26
f 2320/2897/26 2135/2585/26 2136/2583/26
f 2319/2899/26 2318/2901/26 2134/2587/26
f 2319/2899/26 2134/2587/26 2135/2585/26
f 2318/2901/26 2317/2903/26 2133/2589/26
f 2318/2901/26 2133/2589/26 2134/2587/26
f 2317/2903/26 2316/2905/26 2132/2591/26
f 2317/2903/26 2132/2591/26 2133/2589/26
f 2316/2905/26 2315/2907/26 2131/2593/26
f 2316/2905/26 2131/2593/26 2132/2591/26
f 2315/2907/26 2314/2909/26 2130/2595/26
f 2315/2907/26 2130/2595/26 2131/2593/26
f 2314/2909/26 2313/2911/26 2129/2597/26
f 2314/2909/26 2129/2597/26 2130/2595/26
f 2313/2911/26 2312/2913/26 2128/2599/26
f 2313/2911/26 2128/2599/26 2129/2597/26
f 2312/2913/26 2311/711/26 2127/3/26
f 2312/2913/26 2127/3/26 2128/2599/26
f 2311/711/26 2310/710/26 2126/1/50
f 2311/711/26 2126/1/50 2127/3/26
f 2299/2874/26 373/757/26 2115/2560/26
f 2115/2560/26 373/757/26 310/718/26
f 2300/2876/26 2299/2874/26 2116/2562/26
f 2116/2562/26 2299/2874/26 2115/2560/26
f 2301/2878/26 2300/2876/26 2117/2565/26
f 2117/2565/26 2300/2876/26 2116/2562/26
f 2302/2880/26 2301/2878/26 2118/2567/50
f 2118/2567/50 2301/2878/26 2117/2565/26
f 2303/2882/26 2302/2880/26 2119/2569/50
f 2119/2569/50 2302/2880/26 2118/2567/50
f 2304/2884/26 2303/2882/26 2120/2571/26
f 2120/2571/26 2303/2882/26 2119/2569/50
f 2304/2884/26 2121/2573/26 2305/2885/26
f 2121/2573/26 2304/2884/26 2120/2571/26
f 2305/2885/26 2122/2575/50 2306/2887/26
f 2122/2575/50 2305/2885/26 2121/2573/26
f 2306/2887/26 2123/2576/50 2307/2889/26
f 2123/2576/50 2306/2887/26 2122/2575/50
f 2307/2889/26 2124/2579/50 2308/2891/26
f 2124/2579/50 2307/2889/26 2123/2576/50
f 2308/2891/26 2125/806/50 2309/807/26
f 2125/806/50 2308/2891/26 2124/2579/50
f 291/550/1 457/721/1 2344/2580/1
f 291/550/1 2344/2580/1 2343/2582/1
f 291/550/1 2343/2582/1 2342/2584/1
f 291/550/1 2342/2584/1 2341/2586/1
f 291/550/1 2341/2586/1 2340/2588/1
f 291/550/1 2340/2588/1 2339/2590/1
f 291/550/1 2339/2590/1 2338/2592/1
f 291/550/1 2338/2592/1 2337/2594/1
f 291/550/1 2337/2594/1 2336/2596/1
f 291/550/1 2336/2596/1 2335/2598/1
f 291/550/1 2335/2598/1 2334/2/1
f 291/550/1 2334/2/1 2333/4/1
f 2322/2561/1 456/717/1 291/550/1
f 2323/2563/1 2322/2561/1 291/550/1
f 2324/2564/1 2323/2563/1 291/550/1
f 2325/2566/1 2324/2564/1 291/550/1
f 2326/2568/1 2325/2566/1 291/550/1
f 2327/2570/1 2326/2568/1 291/550/1
f 2328/2572/1 2327/2570/1 291/550/1
f 2329/2574/1 2328/2572/1 291/550/1
f 2330/2577/1 2329/2574/1 291/550/1
f 2331/2578/1 2330/2577/1 291/550/1
f 2332/865/1 2331/2578/1 291/550/1
f 2022/2646/1 479/734/1 2367/2644/1
f 479/734/1 2022/2646/1 301/733/1
f 292/818/57 312/2947/482 2369/3064/571
f 292/818/57 2369/3064/571 2368/3065/571
f 2369/3064/571 357/2789/418 2370/3066/572
f 357/2789/418 2369/3064/571 312/2947/482
f 357/2789/418 2371/3067/571 2370/3066/572
f 2371/3067/571 357/2789/418 356/2788/418
f 356/2788/418 2372/3068/571 2371/3067/571
f 356/2788/418 315/2915/462 2372/3068/571
f 2373/3069/571 2372/3068/571 315/2915/462
f 2373/3069/571 315/2915/462 295/825/64
f 352/809/52 2373/3069/571 295/825/64
f 2373/3069/571 352/809/52 2374/3070/572
f 352/809/52 353/811/52 2375/3071/572
f 2375/3071/572 2374/3070/572 352/809/52
f 353/811/52 292/818/57 2368/3065/571
f 2368/3065/571 2375/3071/572 353/811/52
f 2149/2945/21 2376/3072/571 2148/2957/21
f 2376/3072/571 2149/2945/21 2377/3073/572
f 2377/3073/572 2218/630/21 2378/3074/571
f 2218/630/21 2377/3073/572 2149/2945/21
f 2218/630/21 2379/3075/571 2378/3074/571
f 2379/3075/571 2218/630/21 2195/629/21
f 2195/629/21 2380/3076/571 2379/3075/571
f 2195/629/21 2172/760/21 2380/3076/571
f 2381/3077/571 2380/3076/571 2172/760/21
f 2381/3077/571 2172/760/21 2173/805/21
f 2196/2809/21 2381/3077/571 2173/805/21
f 2381/3077/571 2196/2809/21 2382/3078/572
f 2196/2809/21 2217/2811/21 2383/3079/572
f 2383/3079/572 2382/3078/572 2196/2809/21
f 2217/2811/21 2148/2957/21 2376/3072/571
f 2376/3072/571 2383/3079/572 2217/2811/21
f 2138/2946/481 2139/2949/484 2385/3080/571
f 2138/2946/481 2385/3080/571 2384/3081/571
f 2385/3080/571 2208/2793/21 2386/3082/572
f 2208/2793/21 2385/3080/571 2139/2949/484
f 2208/2793/21 2387/3083/571 2386/3082/572
f 2387/3083/571 2208/2793/21 2205/2792/21
f 2205/2792/21 2388/3084/571 2387/3083/571
f 2205/2792/21 2182/2917/464 2388/3084/571
f 2388/3084/571 2183/2914/461 2389/3085/571
f 2183/2914/461 2388/3084/571 2182/2917/464
f 2206/2791/418 2389/3085/571 2183/2914/461
f 2389/3085/571 2206/2791/418 2390/3086/571
f 2206/2791/418 2207/2790/418 2391/3087/571
f 2391/3087/571 2390/3086/571 2206/2791/418
f 2207/2790/418 2138/2946/481 2384/3081/571
f 2384/3081/571 2391/3087/571 2207/2790/418
f 2141/2951/486 2392/3088/571 2140/2948/483
f 2392/3088/571 2141/2951/486 2393/3089/571
f 2393/3089/571 2210/2796/21 2394/3090/572
f 2210/2796/21 2393/3089/571 2141/2951/486
f 2210/2796/21 2395/3091/571 2394/3090/572
f 2395/3091/571 2210/2796/21 2203/2798/21
f 2203/2798/21 2396/3092/571 2395/3091/571
f 2203/2798/21 2180/2919/466 2396/3092/571
f 2396/3092/571 2181/2916/463 2397/3093/571
f 2181/2916/463 2396/3092/571 2180/2919/466
f 2204/2795/21 2397/3093/571 2181/2916/463
f 2397/3093/571 2204/2795/21 2398/3094/572
f 2204/2795/21 2209/2794/21 2399/3095/572
f 2399/3095/572 2398/3094/572 2204/2795/21
f 2209/2794/21 2140/2948/483 2392/3088/571
f 2392/3088/571 2399/3095/572 2209/2794/21
f 2143/2953/488 2400/3096/571 2142/2950/485
f 2400/3096/571 2143/2953/488 2401/3097/571
f 2401/3097/571 2212/2801/21 2402/3098/571
f 2212/2801/21 2401/3097/571 2143/2953/488
f 2212/2801/21 2403/3099/571 2402/3098/571
f 2403/3099/571 2212/2801/21 2201/2800/21
f 2201/2800/21 2404/3100/571 2403/3099/571
f 2201/2800/21 2178/2921/468 2404/3100/571
f 2405/3101/571 2404/3100/571 2178/2921/468
f 2405/3101/571 2178/2921/468 2179/2918/465
f 2202/2797/21 2405/3101/571 2179/2918/465
f 2405/3101/571 2202/2797/21 2406/3102/572
f 2202/2797/21 2211/2799/21 2407/3103/572
f 2407/3103/572 2406/3102/572 2202/2797/21
f 2211/2799/21 2142/2950/485 2400/3096/571
f 2400/3096/571 2407/3103/572 2211/2799/21
f 2144/2952/487 2145/2955/490 2409/3104/571
f 2144/2952/487 2409/3104/571 2408/3105/571
f 2409/3104/571 2214/2804/21 2410/3106/571
f 2214/2804/21 2409/3104/571 2145/2955/490
f 2410/3106/571 2199/2806/21 2411/3107/571
f 2199/2806/21 2410/3106/571 2214/2804/21
f 2199/2806/21 2412/3108/571 2411/3107/571
f 2199/2806/21 2176/2923/470 2412/3108/571
f 2176/2923/470 2413/3109/571 2412/3108/571
f 2413/3109/571 2176/2923/470 2177/2920/467
f 2200/2803/21 2413/3109/571 2177/2920/467
f 2413/3109/571 2200/2803/21 2414/3110/572
f 2200/2803/21 2213/2802/21 2415/3111/572
f 2415/3111/572 2414/3110/572 2200/2803/21
f 2213/2802/21 2144/2952/487 2408/3105/571
f 2408/3105/571 2415/3111/572 2213/2802/21
f 2147/2956/21 2416/3112/571 2146/2954/489
f 2416/3112/571 2147/2956/21 2417/3113/572
f 2417/3113/572 2216/2808/21 2418/3114/571
f 2216/2808/21 2417/3113/572 2147/2956/21
f 2216/2808/21 2419/3115/571 2418/3114/571
f 2419/3115/571 2216/2808/21 2197/2810/21
f 2197/2810/21 2420/3116/571 2419/3115/571
f 2197/2810/21 2174/2924/21 2420/3116/571
f 2421/3117/571 2420/3116/571 2174/2924/21
f 2421/3117/571 2174/2924/21 2175/2922/469
f 2198/2805/21 2421/3117/571 2175/2922/469
f 2421/3117/571 2198/2805/21 2422/3118/571
f 2215/2807/21 2422/3118/571 2198/2805/21
f 2422/3118/571 2215/2807/21 2423/3119/572
f 2215/2807/21 2146/2954/489 2416/3112/571
f 2416/3112/571 2423/3119/572 2215/2807/21
f 2425/3120/571 2424/3121/571 314/793/35
f 2425/3120/571 314/793/35 2161/2926/472
f 2184/2815/21 2425/3120/571 2161/2926/472
f 2425/3120/571 2184/2815/21 2426/3122/571
f 2184/2815/21 2229/2812/21 2427/3123/571
f 2427/3123/571 2426/3122/571 2184/2815/21
f 2229/2812/21 2160/2935/476 2428/3124/571
f 2428/3124/571 2427/3123/571 2229/2812/21
f 2160/2935/476 313/794/36 2429/3125/571
f 2160/2935/476 2429/3125/571 2428/3124/571
f 2429/3125/571 354/741/29 2430/3126/572
f 354/741/29 2429/3125/571 313/794/36
f 354/741/29 2431/3127/571 2430/3126/572
f 2431/3127/571 354/741/29 355/742/29
f 355/742/29 2424/3121/571 2431/3127/571
f 355/742/29 314/793/35 2424/3121/571
f 2158/2938/479 2159/2936/477 2433/3128/571
f 2158/2938/479 2433/3128/571 2432/3129/571
f 2433/3128/571 2228/2814/21 2434/3130/572
f 2228/2814/21 2433/3128/571 2159/2936/477
f 2228/2814/21 2435/3131/571 2434/3130/572
f 2435/3131/571 2228/2814/21 2185/2813/21
f 2185/2813/21 2436/3132/571 2435/3131/571
f 2185/2813/21 2162/2925/471 2436/3132/571
f 2437/3133/571 2436/3132/571 2162/2925/471
f 2437/3133/571 2162/2925/471 2163/2928/474
f 2186/2819/21 2437/3133/571 2163/2928/474
f 2437/3133/571 2186/2819/21 2438/3134/571
f 2186/2819/21 2227/2816/21 2439/3135/571
f 2439/3135/571 2438/3134/571 2186/2819/21
f 2227/2816/21 2158/2938/479 2432/3129/571
f 2432/3129/571 2439/3135/571 2227/2816/21
f 2156/2939/480 2157/2937/478 2441/3136/571
f 2156/2939/480 2441/3136/571 2440/3137/571
f 2441/3136/571 2226/2818/21 2442/3138/572
f 2226/2818/21 2441/3136/571 2157/2937/478
f 2226/2818/21 2443/3139/571 2442/3138/572
f 2443/3139/571 2226/2818/21 2187/2817/21
f 2187/2817/21 2444/3140/571 2443/3139/571
f 2187/2817/21 2164/2927/473 2444/3140/571
f 2445/3141/571 2444/3140/571 2164/2927/473
f 2445/3141/571 2164/2927/473 2165/2930/475
f 2188/2823/21 2445/3141/571 2165/2930/475
f 2445/3141/571 2188/2823/21 2446/3142/572
f 2188/2823/21 2225/2820/21 2447/3143/572
f 2447/3143/572 2446/3142/572 2188/2823/21
f 2225/2820/21 2156/2939/480 2440/3137/571
f 2440/3137/571 2447/3143/572 2225/2820/21
f 2154/2941/21 2155/2940/21 2449/3144/571
f 2154/2941/21 2449/3144/571 2448/3145/571
f 2449/3144/571 2224/2822/21 2450/3146/572
f 2224/2822/21 2449/3144/571 2155/2940/21
f 2224/2822/21 2451/3147/571 2450/3146/572
f 2451/3147/571 2224/2822/21 2189/2821/21
f 2189/2821/21 2452/3148/571 2451/3147/571
f 2189/2821/21 2166/2929/21 2452/3148/571
f 2453/3149/571 2452/3148/571 2166/2929/21
f 2453/3149/571 2166/2929/21 2167/2932/21
f 2190/2827/21 2453/3149/571 2167/2932/21
f 2453/3149/571 2190/2827/21 2454/3150/572
f 2190/2827/21 2223/2824/21 2455/3151/571
f 2455/3151/571 2454/3150/572 2190/2827/21
f 2223/2824/21 2154/2941/21 2448/3145/571
f 2448/3145/571 2455/3151/571 2223/2824/21
f 2152/2943/21 2153/2942/21 2457/3152/572
f 2152/2943/21 2457/3152/572 2456/3153/571
f 2457/3152/572 2222/2826/21 2458/3154/571
f 2222/2826/21 2457/3152/572 2153/2942/21
f 2222/2826/21 2459/3155/571 2458/3154/571
f 2459/3155/571 2222/2826/21 2191/2825/21
f 2191/2825/21 2460/3156/571 2459/3155/571
f 2191/2825/21 2168/2931/21 2460/3156/571
f 2461/3157/571 2460/3156/571 2168/2931/21
f 2461/3157/571 2168/2931/21 2169/2934/21
f 2192/2831/21 2461/3157/571 2169/2934/21
f 2461/3157/571 2192/2831/21 2462/3158/572
f 2192/2831/21 2221/2828/21 2463/3159/572
f 2463/3159/572 2462/3158/572 2192/2831/21
f 2221/2828/21 2152/2943/21 2456/3153/571
f 2456/3153/571 2463/3159/572 2221/2828/21
f 2151/2944/21 2464/3160/571 2150/796/21
f 2464/3160/571 2151/2944/21 2465/3161/571
f 2465/3161/571 2220/2830/21 2466/3162/571
f 2220/2830/21 2465/3161/571 2151/2944/21
f 2220/2830/21 2467/3163/571 2466/3162/571
f 2467/3163/571 2220/2830/21 2193/2829/21
f 2193/2829/21 2468/3164/572 2467/3163/571
f 2193/2829/21 2170/2933/21 2468/3164/572
f 2469/3165/571 2468/3164/572 2170/2933/21
f 2469/3165/571 2170/2933/21 2171/759/21
f 2194/632/21 2469/3165/571 2171/759/21
f 2469/3165/571 2194/632/21 2470/3166/571
f 2194/632/21 2219/631/21 2471/3167/571
f 2471/3167/571 2470/3166/571 2194/632/21
f 2219/631/21 2150/796/21 2464/3160/571
f 2464/3160/571 2471/3167/571 2219/631/21
f 2369/3168/573 2472/3169/573 2368/3170/573
f 2472/3169/574 2369/3168/574 2473/3171/574
f 2473/3172/575 2370/3066/575 2474/3173/575
f 2370/3066/575 2473/3172/575 2369/3064/575
f 2370/3066/575 2475/3174/575 2474/3173/575
f 2475/3174/575 2370/3066/575 2371/3067/575
f 2371/3067/575 2476/3175/575 2475/3174/575
f 2476/3175/575 2371/3067/575 2372/3068/575
f 2476/3176/576 2372/3177/577 2477/3178/578
f 2477/3178/578 2372/3177/577 2373/3179/579
f 2477/3180/580 2374/3181/580 2478/3182/580
f 2374/3181/580 2477/3180/580 2373/3183/580
f 2374/3181/580 2375/3184/580 2479/3185/580
f 2479/3185/580 2478/3182/580 2374/3181/580
f 2479/3185/580 2375/3184/580 2472/3186/580
f 2368/831/580 2472/3186/580 2375/3184/580
f 2377/3187/581 2480/3188/581 2376/3189/581
f 2480/3188/582 2377/3187/582 2481/3190/582
f 2481/3191/583 2378/3074/583 2482/3192/583
f 2378/3074/583 2481/3191/583 2377/3073/583
f 2378/3074/583 2483/3193/583 2482/3192/583
f 2483/3193/583 2378/3074/583 2379/3075/583
f 2379/3075/583 2484/3194/583 2483/3193/583
f 2484/3194/583 2379/3075/583 2380/3076/583
f 2484/3195/584 2380/3196/585 2485/3197/586
f 2485/3197/586 2380/3196/585 2381/3198/587
f 2485/3199/588 2382/3200/588 2486/3201/588
f 2382/3200/588 2485/3199/588 2381/3202/588
f 2382/3200/588 2383/3203/588 2487/3204/588
f 2487/3204/588 2486/3201/588 2382/3200/588
f 2487/3204/588 2383/3203/588 2480/3205/588
f 2376/3206/588 2480/3205/588 2383/3203/588
f 2385/3207/581 2488/3208/581 2384/3209/581
f 2488/3208/582 2385/3207/582 2489/3210/582
f 2489/3211/583 2386/3082/583 2490/3212/583
f 2386/3082/583 2489/3211/583 2385/3080/583
f 2386/3082/583 2491/3213/583 2490/3212/583
f 2491/3213/583 2386/3082/583 2387/3083/583
f 2387/3083/583 2492/3214/583 2491/3213/583
f 2492/3214/583 2387/3083/583 2388/3084/583
f 2492/3215/584 2388/3216/585 2493/3217/586
f 2493/3217/586 2388/3216/585 2389/3218/587
f 2493/3219/588 2390/3220/588 2494/3221/588
f 2390/3220/588 2493/3219/588 2389/3222/588
f 2390/3220/588 2391/3223/588 2495/3224/588
f 2495/3224/588 2494/3221/588 2390/3220/588
f 2495/3224/588 2391/3223/588 2488/3225/588
f 2384/3226/588 2488/3225/588 2391/3223/588
f 2393/3227/589 2496/3228/589 2392/3229/589
f 2496/3228/582 2393/3227/582 2497/3230/582
f 2497/3231/583 2394/3090/583 2498/3232/583
f 2394/3090/583 2497/3231/583 2393/3089/583
f 2394/3090/583 2499/3233/583 2498/3232/583
f 2499/3233/583 2394/3090/583 2395/3091/583
f 2395/3091/583 2500/3234/583 2499/3233/583
f 2500/3234/583 2395/3091/583 2396/3092/583
f 2500/3235/584 2396/3236/585 2501/3237/586
f 2501/3237/586 2396/3236/585 2397/3238/587
f 2501/3239/588 2398/3182/588 2502/3240/588
f 2398/3182/588 2501/3239/588 2397/3241/588
f 2398/3182/588 2399/3185/588 2503/3242/588
f 2503/3242/588 2502/3240/588 2398/3182/588
f 2503/3242/588 2399/3185/588 2496/3243/588
f 2392/3244/588 2496/3243/588 2399/3185/588
f 2401/3245/581 2504/3246/581 2400/3247/581
f 2504/3246/582 2401/3245/582 2505/3248/582
f 2505/3249/583 2402/3098/583 2506/3250/583
f 2402/3098/583 2505/3249/583 2401/3097/583
f 2402/3098/583 2507/3251/583 2506/3250/583
f 2507/3251/583 2402/3098/583 2403/3099/583
f 2403/3099/583 2508/3252/583 2507/3251/583
f 2508/3252/583 2403/3099/583 2404/3100/583
f 2508/3253/584 2404/3254/585 2509/3255/586
f 2509/3255/586 2404/3254/585 2405/3256/587
f 2509/3257/588 2406/3221/588 2510/3258/588
f 2406/3221/588 2509/3257/588 2405/3259/588
f 2406/3221/588 2407/3224/588 2511/3260/588
f 2511/3260/588 2510/3258/588 2406/3221/588
f 2511/3260/588 2407/3224/588 2504/3261/588
f 2400/3262/588 2504/3261/588 2407/3224/588
f 2409/3263/581 2512/3264/581 2408/3265/581
f 2512/3264/582 2409/3263/582 2513/3266/582
f 2513/3267/583 2410/3106/583 2514/3268/583
f 2410/3106/583 2513/3267/583 2409/3104/583
f 2410/3106/583 2515/3269/583 2514/3268/583
f 2515/3269/583 2410/3106/583 2411/3107/583
f 2411/3107/583 2516/3270/583 2515/3269/583
f 2516/3270/583 2411/3107/583 2412/3108/583
f 2516/3271/584 2412/3272/585 2517/3273/586
f 2517/3273/586 2412/3272/585 2413/3274/587
f 2517/3275/588 2414/3276/588 2518/3277/588
f 2414/3276/588 2517/3275/588 2413/3278/588
f 2414/3276/588 2415/3279/588 2519/3280/588
f 2519/3280/588 2518/3277/588 2414/3276/588
f 2519/3280/588 2415/3279/588 2512/3281/588
f 2408/3282/588 2512/3281/588 2415/3279/588
f 2417/3283/581 2520/3284/581 2416/3285/581
f 2520/3284/582 2417/3283/582 2521/3286/582
f 2521/3287/583 2418/3114/583 2522/3288/583
f 2418/3114/583 2521/3287/583 2417/3113/583
f 2418/3114/583 2523/3289/583 2522/3288/583
f 2523/3289/583 2418/3114/583 2419/3115/583
f 2419/3115/583 2524/3290/583 2523/3289/583
f 2524/3290/583 2419/3115/583 2420/3116/583
f 2524/3254/584 2420/3291/585 2525/3292/586
f 2525/3292/586 2420/3291/585 2421/3293/587
f 2525/3294/588 2422/3295/588 2526/3296/588
f 2422/3295/588 2525/3294/588 2421/3297/588
f 2423/3298/588 2526/3296/588 2422/3295/588
f 2526/3296/588 2423/3298/588 2527/3299/588
f 2527/3299/588 2423/3298/588 2520/3300/588
f 2416/3301/588 2520/3300/588 2423/3298/588
f 2528/3291/584 2424/3302/585 2529/3303/586
f 2529/3303/586 2424/3302/585 2425/3304/587
f 2529/3305/588 2426/3306/588 2530/3220/588
f 2426/3306/588 2529/3305/588 2425/3307/588
f 2426/3306/588 2427/3308/588 2531/3223/588
f 2531/3223/588 2530/3220/588 2426/3306/588
f 2531/3223/588 2427/3308/588 2532/3309/588
f 2428/3183/588 2532/3309/588 2427/3308/588
f 2429/3310/581 2532/3311/581 2428/3312/581
f 2532/3311/582 2429/3310/582 2533/3313/582
f 2533/3314/583 2430/3126/583 2534/3315/583
f 2430/3126/583 2533/3314/583 2429/3125/583
f 2430/3126/583 2535/3316/583 2534/3315/583
f 2535/3316/583 2430/3126/583 2431/3127/583
f 2431/3127/583 2528/3317/583 2535/3316/583
f 2528/3317/583 2431/3127/583 2424/3121/583
f 2433/3318/581 2536/3319/581 2432/3320/581
f 2536/3319/582 2433/3318/582 2537/3321/582
f 2537/3322/583 2434/3130/583 2538/3323/583
f 2434/3130/583 2537/3322/583 2433/3128/583
f 2434/3130/583 2539/3324/583 2538/3323/583
f 2539/3324/583 2434/3130/583 2435/3131/583
f 2435/3131/583 2540/3325/583 2539/3324/583
f 2540/3325/583 2435/3131/583 2436/3132/583
f 2540/3326/584 2436/3271/585 2541/3327/586
f 2541/3327/586 2436/3271/585 2437/3328/590
f 2541/3329/588 2438/3330/588 2542/3331/588
f 2438/3330/588 2541/3329/588 2437/3332/588
f 2438/3330/588 2439/3333/588 2543/3334/588
f 2543/3334/588 2542/3331/588 2438/3330/588
f 2543/3334/588 2439/3333/588 2536/3335/588
f 2432/3336/588 2536/3335/588 2439/3333/588
f 2441/3337/581 2544/3338/581 2440/3339/581
f 2544/3338/582 2441/3337/582 2545/3227/582
f 2545/3340/583 2442/3138/583 2546/3341/583
f 2442/3138/583 2545/3340/583 2441/3136/583
f 2442/3138/583 2547/3342/583 2546/3341/583
f 2547/3342/583 2442/3138/583 2443/3139/583
f 2443/3139/583 2548/3343/583 2547/3342/583
f 2548/3343/583 2443/3139/583 2444/3140/583
f 2548/3344/584 2444/3345/585 2549/3346/586
f 2549/3346/586 2444/3345/585 2445/3236/587
f 2549/3347/588 2446/3348/588 2550/3200/588
f 2446/3348/588 2549/3347/588 2445/3349/588
f 2446/3348/588 2447/3350/588 2551/3203/588
f 2551/3203/588 2550/3200/588 2446/3348/588
f 2551/3203/588 2447/3350/588 2544/3351/588
f 2440/3352/588 2544/3351/588 2447/3350/588
f 2449/3353/581 2552/3354/581 2448/3310/581
f 2552/3354/582 2449/3353/582 2553/3355/582
f 2553/3356/583 2450/3146/583 2554/3357/583
f 2450/3146/583 2553/3356/583 2449/3144/583
f 2450/3146/583 2555/3358/583 2554/3357/583
f 2555/3358/583 2450/3146/583 2451/3147/583
f 2451/3147/583 2556/3359/583 2555/3358/583
f 2556/3359/583 2451/3147/583 2452/3148/583
f 2556/3360/584 2452/3361/585 2557/3362/586
f 2557/3362/586 2452/3361/585 2453/3363/587
f 2557/3364/588 2454/3365/588 2558/3295/588
f 2454/3365/588 2557/3364/588 2453/3366/588
f 2454/3365/588 2455/3367/588 2559/3298/588
f 2559/3298/588 2558/3295/588 2454/3365/588
f 2559/3298/588 2455/3367/588 2552/3368/588
f 2448/3369/588 2552/3368/588 2455/3367/588
f 2457/3370/581 2560/3371/581 2456/3372/581
f 2560/3371/582 2457/3370/582 2561/3373/582
f 2561/3374/583 2458/3154/583 2562/3375/583
f 2458/3154/583 2561/3374/583 2457/3152/583
f 2458/3154/583 2563/3376/583 2562/3375/583
f 2563/3376/583 2458/3154/583 2459/3155/583
f 2459/3155/583 2564/3377/583 2563/3376/583
f 2564/3377/583 2459/3155/583 2460/3156/583
f 2564/3378/584 2460/3379/585 2565/3380/586
f 2565/3380/586 2460/3379/585 2461/3345/587
f 2565/3381/588 2462/3240/588 2566/3382/588
f 2462/3240/588 2565/3381/588 2461/3383/588
f 2462/3240/588 2463/3242/588 2567/3384/588
f 2567/3384/588 2566/3382/588 2462/3240/588
f 2567/3384/588 2463/3242/588 2560/3385/588
f 2456/3386/588 2560/3385/588 2463/3242/588
f 2465/3387/581 2568/3388/581 2464/3389/581
f 2568/3388/582 2465/3387/582 2569/3390/582
f 2569/3391/583 2466/3162/583 2570/3392/583
f 2466/3162/583 2569/3391/583 2465/3161/583
f 2466/3162/583 2571/3393/583 2570/3392/583
f 2571/3393/583 2466/3162/583 2467/3163/583
f 2467/3163/583 2572/3394/583 2571/3393/583
f 2572/3394/583 2467/3163/583 2468/3164/583
f 2572/3395/584 2468/3396/585 2573/3397/586
f 2573/3397/586 2468/3396/585 2469/3398/587
f 2573/3399/588 2470/3331/588 2574/3365/588
f 2470/3331/588 2573/3399/588 2469/3400/588
f 2470/3331/588 2471/3334/588 2575/3367/588
f 2575/3367/588 2574/3365/588 2470/3331/588
f 2575/3367/588 2471/3334/588 2568/3401/588
f 2464/3222/588 2568/3401/588 2471/3334/588
f 285/866/2 2577/881/2 444/867/2
f 444/867/2 2577/881/2 2576/3402/2
f 444/867/2 2576/3402/2 438/97/2
f 438/97/2 2576/3402/2 2578/870/11
f 1241/872/3 2580/1719/3 441/873/3
f 441/873/3 2580/1719/3 2579/3403/3
f 451/877/3 2582/971/3 261/3404/3
f 261/3404/3 2582/971/3 2581/3405/3
f 2827/3406/3 2584/868/3 2583/869/3
f 2815/3407/3 2609/1033/3 2599/3408/3
f 2578/870/10 2596/101/10 2585/871/10
f 2585/871/10 2596/101/10 2600/1288/10
f 2832/3409/591 2577/881/2 2581/880/2
f 2812/3410/2 2598/419/2 2606/8/2
f 2830/3411/3 2582/971/3 2586/972/3
f 2817/3412/3 2610/3413/3 2608/3414/3
f 2579/3415/3 555/891/3 441/893/3
f 555/891/3 2579/3415/3 2587/3416/3
f 2584/868/3 2837/3417/3 2586/972/3
f 2586/972/3 2837/3417/3 2826/3418/3
f 555/891/3 2587/3416/3 629/9/3
f 629/9/3 2587/3416/3 2583/869/3
f 2585/871/10 1346/1240/10 443/99/10
f 1346/1240/10 2585/871/10 2588/3419/10
f 2589/1479/159 2611/3420/159 2590/1480/159
f 2590/1480/159 2611/3420/159 2603/3421/159
f 448/1613/200 2591/3422/338 1295/1612/200
f 2591/3422/338 448/1613/200 2592/3423/200
f 2593/1721/3 2613/3424/3 2580/1719/3
f 2580/1719/3 2613/3424/3 2818/3425/3
f 1295/1612/200 2593/3426/338 1104/1802/252
f 2593/3426/338 1295/1612/200 2591/3422/338
f 1346/1240/10 2588/3419/10 949/1858/10
f 949/1858/10 2588/3419/10 2594/3427/10
f 2594/1924/159 2605/3428/390 2589/1479/159
f 2589/1479/159 2605/3428/390 2611/3420/159
f 2577/881/2 2835/3429/2 2576/3402/2
f 2835/3429/2 2595/5/2 2576/3402/2
f 2595/5/2 2578/870/11 2576/3402/2
f 2578/870/11 2595/5/2 2596/101/2
f 2607/198/3 2816/3430/3 2818/3431/3
f 2579/3432/3 2838/3433/3 2819/3434/3
f 2581/880/3 2831/3435/592 2832/3436/593
f 2579/3432/3 2819/3437/3 2834/3438/3
f 2587/3416/3 2834/3439/3 2822/3440/3
f 2601/974/3 2813/3441/3 2811/3442/3
f 2583/869/3 2828/3443/3 2836/3444/3
f 2600/1288/10 2588/3419/10 2585/871/10
f 2588/3419/10 2600/1288/10 2602/1287/10
f 2592/3423/200 2604/1525/200 2591/3422/338
f 2604/1525/200 2592/3423/200 2612/1523/200
f 2591/3422/338 2613/1779/200 2593/3426/338
f 2613/1779/200 2591/3422/338 2604/1525/200
f 2588/3419/10 2602/1287/10 2594/3427/10
f 2594/3427/10 2602/1287/10 2605/1892/10
f 2609/1033/3 624/642/3 2599/3408/3
f 624/642/3 2609/1033/3 623/641/3
f 2596/101/10 254/100/10 2600/1288/10
f 2600/1288/10 254/100/10 267/651/10
f 2598/419/2 286/6/2 2606/8/2
f 286/6/2 2598/419/2 260/421/2
f 2610/3413/3 281/962/3 2608/3414/3
f 281/962/3 2610/3413/3 544/963/3
f 2599/3408/3 624/642/3 2610/3413/3
f 2610/3413/3 624/642/3 544/963/3
f 2611/3420/159 1405/1396/159 2603/3421/159
f 2603/3421/159 1405/1396/159 1029/1395/159
f 2613/3445/3 1101/1761/3 2607/198/3
f 2607/198/3 1101/1761/3 1238/201/3
f 2605/3428/390 932/1903/159 2611/3420/159
f 2611/3420/159 932/1903/159 1405/1396/159
f 919/1405/6 2672/3446/6 1256/1404/6
f 2672/3446/6 919/1405/6 2636/3447/6
f 2647/3448/594 890/1414/594 1062/1416/594
f 890/1414/594 2647/3448/594 2635/3449/594
f 1022/1423/595 2648/3450/6 1066/1422/6
f 2648/3450/6 1022/1423/595 2638/3451/596
f 2638/3451/596 1022/1423/595 845/1438/597
f 2669/3452/594 862/1451/594 1187/1453/594
f 862/1451/594 2669/3452/594 2628/3453/594
f 2629/3454/598 845/1460/599 868/1459/600
f 845/1460/599 2629/3454/599 2627/3455/599
f 2628/3453/594 1026/1463/594 862/1451/594
f 1026/1463/594 2628/3453/594 2639/3456/594
f 1066/1422/6 2648/3450/6 885/1489/6
f 885/1489/6 2648/3450/6 2632/3457/6
f 1061/1491/6 2634/3458/6 889/1490/6
f 2634/3458/6 1061/1491/6 2646/3459/6
f 2639/3456/594 1060/1496/594 1026/1463/594
f 1060/1496/594 2639/3456/594 2645/3460/594
f 882/1499/6 2630/3461/6 1057/1498/6
f 1057/1498/6 2630/3461/6 2642/3462/6
f 885/1489/6 2632/3457/6 1056/1500/6
f 1056/1500/6 2632/3457/6 2641/3463/6
f 1056/1500/6 2641/3463/6 1058/1501/6
f 1058/1501/6 2641/3463/6 2643/3464/6
f 886/1502/6 2633/3465/6 882/1499/6
f 882/1499/6 2633/3465/6 2630/3461/6
f 2631/3466/594 1059/1506/594 884/1505/594
f 1059/1506/594 2631/3466/594 2644/3467/594
f 2645/3460/594 884/1505/594 1060/1496/594
f 884/1505/594 2645/3460/594 2631/3466/594
f 1058/1501/6 2643/3464/6 1061/1491/6
f 1061/1491/6 2643/3464/6 2646/3459/6
f 889/1490/6 2633/3465/6 886/1502/6
f 2633/3465/6 889/1490/6 2634/3458/6
f 2644/3467/594 1062/1416/594 1059/1506/594
f 1062/1416/594 2644/3467/594 2647/3448/594
f 2635/3449/594 868/1459/600 890/1414/594
f 868/1459/600 2635/3449/594 2629/3454/598
f 1057/1498/6 2636/3447/6 919/1405/6
f 2636/3447/6 1057/1498/6 2642/3462/6
f 2621/3468/601 215/1511/601 1130/1513/601
f 1130/1513/602 2652/3469/6 2621/3468/603
f 1143/1517/604 2626/3470/604 790/1515/604
f 2626/3470/604 1143/1517/604 2655/3471/604
f 2652/3469/6 1130/1513/602 1123/1520/605
f 1123/1520/605 2651/3472/6 2652/3469/6
f 82/1571/606 2615/3473/607 1174/1572/10
f 2668/3474/10 1174/1572/10 2615/3473/607
f 138/1578/604 2615/3473/607 82/1571/606
f 2615/3473/607 138/1578/604 2620/3475/604
f 81/1579/608 2653/3476/609 1133/1580/609
f 2653/3476/609 81/1579/608 2614/3477/608
f 215/3478/610 2614/3479/610 81/3480/610
f 215/3478/611 2621/3481/611 2614/3479/611
f 737/1614/604 2620/3475/604 138/1578/604
f 2620/3475/604 737/1614/604 2624/3482/604
f 717/1618/604 2654/3483/604 1140/1619/604
f 2654/3483/604 717/1618/604 2623/3484/604
f 1140/1619/604 2624/3482/604 737/1614/604
f 2624/3482/604 1140/1619/604 2654/3483/604
f 790/1515/604 2623/3484/604 717/1618/604
f 2623/3484/604 790/1515/604 2626/3470/604
f 1133/1580/609 2655/3471/604 1143/1517/604
f 2655/3471/604 1133/1580/609 2653/3476/609
f 2616/3485/10 83/3486/10 989/3487/10
f 989/3487/10 2637/3488/10 2616/3485/10
f 2656/3489/612 1310/3490/613 2673/3491/612
f 1310/3490/614 2656/3489/614 1147/3492/614
f 2637/3493/1 1147/3494/1 2656/3495/1
f 1147/3494/1 2637/3493/1 989/3496/1
f 2661/3497/5 106/1644/5 1166/1646/5
f 106/1644/5 2661/3497/5 2618/3498/5
f 2619/3499/5 764/1650/5 2625/3500/5
f 764/1650/5 2619/3499/5 109/1649/5
f 2674/3501/5 2665/3502/5 1170/1653/5
f 2674/3501/5 1170/1653/5 1315/1652/5
f 102/1655/5 2617/3503/5 1165/1656/5
f 2660/3504/5 1165/1656/5 2617/3503/5
f 2617/3503/5 102/1655/5 2618/3498/5
f 2618/3498/5 102/1655/5 106/1644/5
f 2659/3505/5 109/1649/5 2619/3499/5
f 109/1649/5 2659/3505/5 1164/1660/5
f 2661/3497/5 1166/1646/5 2659/3505/5
f 2659/3505/5 1166/1646/5 1164/1660/5
f 2622/3506/5 686/1661/5 2665/3502/5
f 2665/3502/5 686/1661/5 1170/1653/5
f 2664/3507/5 2625/3500/5 764/1650/5
f 2664/3507/5 764/1650/5 1169/1664/5
f 2662/3508/5 686/1661/5 2622/3506/5
f 686/1661/5 2662/3508/5 1167/1665/5
f 2663/3509/5 1167/1665/5 2662/3508/5
f 1167/1665/5 2663/3509/5 1168/1667/5
f 2664/3507/5 1169/1664/5 2663/3509/5
f 2663/3509/5 1169/1664/5 1168/1667/5
f 2666/3510/5 1171/1670/5 2660/3504/5
f 1165/1656/5 2660/3504/5 1171/1670/5
f 1171/3511/6 2666/3512/6 1041/3513/6
f 2640/3514/6 1041/3513/6 2666/3512/6
f 1041/1672/615 2640/3515/616 1203/1671/615
f 1203/1671/615 2640/3515/616 2671/3516/615
f 1190/1674/299 2670/3517/617 1172/1676/301
f 2667/3518/617 1172/1676/301 2670/3517/617
f 2675/3519/5 1172/1676/408 2667/3518/5
f 1172/1676/408 2675/3519/5 1316/1675/408
f 2658/3520/594 1187/1453/594 1162/1692/594
f 1187/1453/594 2658/3520/594 2669/3452/594
f 1174/1572/10 2668/3474/10 1149/1695/10
f 2657/3521/10 1149/1695/10 2668/3474/10
f 1203/1671/615 2671/3516/615 1162/1710/618
f 1162/1710/618 2671/3516/615 2658/3522/619
f 1149/1712/318 2657/3523/617 1190/1674/299
f 2670/3517/617 1190/1674/299 2657/3523/617
f 1256/1404/6 2672/3446/6 1119/1773/6
f 1119/1773/6 2672/3446/6 2650/3524/6
f 2673/3491/612 1119/1773/613 2650/3524/620
f 1119/1773/613 2673/3491/612 1310/3490/613
f 2674/3501/5 1315/1652/5 2649/3525/408
f 2649/3525/408 1315/1652/5 1088/1812/5
f 2649/3525/408 1316/1675/408 2675/3519/5
f 1316/1675/408 2649/3525/408 1088/1812/5
f 2688/3526/1 2592/3423/1 448/1613/1
f 2592/3423/1 2688/3526/1 2711/3527/1
f 2679/3528/5 85/3529/621 2701/3530/622
f 1136/3531/621 2701/3530/622 85/3529/621
f 2685/3532/623 1135/1536/624 2700/3533/625
f 1135/1536/624 2685/3532/623 155/1537/623
f 2707/3534/626 789/1540/626 1144/1542/626
f 789/1540/626 2707/3534/626 2690/3535/626
f 2697/3536/1 98/1546/1 1131/1543/1
f 98/1546/1 2697/3536/1 2682/3537/1
f 2698/3538/1 110/1550/1 1132/1547/1
f 110/1550/1 2698/3538/1 2683/3539/1
f 80/3540/1 2678/3541/1 1128/3542/1
f 2696/3543/10 1128/3542/10 2678/3541/10
f 2678/3544/5 80/3545/627 2679/3528/5
f 85/3529/621 2679/3528/5 80/3545/627
f 2704/3546/1 86/1562/1 1139/1559/1
f 86/1562/1 2704/3546/1 2680/3547/1
f 2681/3548/1 1127/1566/1 87/1563/1
f 1127/1566/1 2681/3548/1 2695/3549/1
f 2677/3550/628 1131/1543/1 79/1567/629
f 1131/1543/1 2677/3550/628 2697/3536/1
f 2682/3537/1 1126/1570/1 98/1546/1
f 1126/1570/1 2682/3537/1 2694/3551/1
f 2695/3549/1 1132/1547/1 1127/1566/1
f 1132/1547/1 2695/3549/1 2698/3538/1
f 110/1550/1 2693/3552/630 1125/1575/631
f 2693/3552/630 110/1550/1 2683/3539/1
f 2693/3552/630 1134/1584/626 1125/1575/631
f 1134/1584/626 2693/3552/630 2699/3553/626
f 2684/3554/632 1124/1586/633 137/1585/632
f 1124/1586/633 2684/3554/632 2692/3555/633
f 2700/3533/625 2713/3556/634 2676/3557/635
f 2713/3556/634 2700/3533/625 1135/1536/624
f 155/1537/623 2677/3550/628 79/1567/629
f 2677/3550/628 155/1537/623 2685/3532/623
f 1124/3558/636 2692/3559/637 1136/3560/636
f 2701/3561/637 1136/3560/636 2692/3559/637
f 2703/3562/1 343/1609/1 1138/1606/1
f 343/1609/1 2703/3562/1 2687/3563/1
f 2686/3564/1 87/1563/1 276/1524/1
f 87/1563/1 2686/3564/1 2681/3548/1
f 2680/3547/1 1138/1606/1 86/1562/1
f 1138/1606/1 2680/3547/1 2703/3562/1
f 2687/3563/1 1137/1611/1 343/1609/1
f 1137/1611/1 2687/3563/1 2702/3565/1
f 2702/3565/1 448/1613/1 1137/1611/1
f 448/1613/1 2702/3565/1 2688/3526/1
f 2694/3551/1 1139/1559/1 1126/1570/1
f 1139/1559/1 2694/3551/1 2704/3546/1
f 2699/3553/626 1142/1617/626 1134/1584/626
f 1142/1617/626 2699/3553/626 2706/3566/626
f 2689/3567/626 1141/1623/626 663/1625/626
f 1141/1623/626 2689/3567/626 2705/3568/626
f 2706/3566/626 663/1625/626 1142/1617/626
f 663/1625/626 2706/3566/626 2689/3567/626
f 2705/3568/626 1144/1542/626 1141/1623/626
f 1144/1542/626 2705/3568/626 2707/3534/626
f 2690/3535/626 137/1585/632 789/1540/626
f 137/1585/632 2690/3535/626 2684/3554/632
f 1128/3542/1 2696/3543/1 1478/3569/1
f 2709/3570/1 1478/3569/1 2696/3543/1
f 1480/3571/10 2710/3572/10 1039/3573/10
f 2691/3574/10 1039/3573/10 2710/3572/10
f 1478/3569/1 2709/3570/1 1145/3575/1
f 2708/3576/1 1145/3575/1 2709/3570/1
f 1145/3577/10 2708/3578/10 1480/3571/10
f 2710/3572/10 1480/3571/10 2708/3578/10
f 2711/3527/1 2612/1523/1 2592/3423/1
f 2612/1523/1 2711/3527/1 2712/3579/1
f 2712/3579/1 276/1524/1 2612/1523/1
f 276/1524/1 2712/3579/1 2686/3564/1
f 1135/1536/624 78/1590/638 2713/3556/634
f 1521/3580/3 2723/3581/3 1522/3582/3
f 2723/3581/3 1521/3580/3 2722/3583/3
f 2720/3584/3 1512/3585/3 1511/3586/3
f 1512/3585/3 2720/3584/3 2721/3587/3
f 2724/3588/3 2725/3589/3 1524/3590/3
f 2724/3588/3 1524/3590/3 1523/3591/3
f 2719/3592/3 1509/3593/3 2718/3594/3
f 1509/3593/3 2719/3592/3 1510/3595/3
f 1499/3596/3 2720/3584/3 1511/3586/3
f 2720/3584/3 1499/3596/3 2716/3597/3
f 2721/3587/3 1498/3598/3 1512/3585/3
f 2721/3587/3 2715/1988/3 1498/3598/3
f 2718/3594/3 1497/3599/3 2714/3600/3
f 1497/3599/3 2718/3594/3 1509/3593/3
f 2717/1981/3 1500/3601/3 2719/3592/3
f 1500/3601/3 1510/3595/3 2719/3592/3
f 2722/3583/3 1498/3598/3 2715/1988/3
f 1498/3598/3 2722/3583/3 1521/3580/3
f 1522/3582/3 2723/3581/3 1497/3599/3
f 1497/3599/3 2723/3581/3 2714/3600/3
f 2724/3588/3 1500/3601/3 2717/1981/3
f 1500/3601/3 2724/3588/3 1523/3591/3
f 2716/3597/3 1499/3596/3 2725/3589/3
f 1499/3596/3 1524/3590/3 2725/3589/3
f 2756/3602/3 873/1311/3 1045/1308/3
f 873/1311/3 2756/3602/3 2740/3603/3
f 2757/3604/3 2741/3605/3 874/3606/3
f 874/3606/3 1046/3607/3 2757/3604/3
f 854/1316/3 2744/3608/3 891/1317/3
f 2744/3608/3 854/1316/3 2732/3609/3
f 2735/3610/3 1048/3611/3 2758/3612/3
f 1048/3611/3 2735/3610/3 857/3613/3
f 2734/3614/3 1045/1308/3 856/1324/3
f 1045/1308/3 2734/3614/3 2756/3602/3
f 2747/3615/3 857/3613/3 2735/3610/3
f 857/3613/3 2747/3615/3 1021/3616/3
f 848/3617/3 1052/3618/3 2760/3619/3
f 848/3617/3 2760/3619/3 2726/3620/3
f 1065/3621/3 1036/3622/3 2752/3623/3
f 1065/3621/3 2752/3623/3 2762/3624/3
f 2738/3625/3 1050/1339/3 869/1336/3
f 1050/1339/3 2738/3625/3 2759/3626/3
f 2761/3627/3 2757/3604/3 1046/3607/3
f 1046/3607/3 1063/3628/3 2761/3627/3
f 2727/3629/3 1038/3630/3 2753/3631/3
f 1038/3630/3 2727/3629/3 849/3632/3
f 2737/3633/3 2728/3634/3 850/3635/3
f 850/3635/3 865/3636/3 2737/3633/3
f 2746/3637/3 848/3617/3 2726/3620/3
f 848/3617/3 2746/3637/3 1019/3638/3
f 1035/3639/3 2751/3640/3 1036/3622/3
f 2751/3640/3 2752/3623/3 1036/3622/3
f 2742/3641/3 1021/3616/3 2747/3615/3
f 1021/3616/3 2742/3641/3 876/3642/3
f 2753/3631/3 1019/3638/3 2746/3637/3
f 1019/3638/3 2753/3631/3 1038/3630/3
f 2745/3643/3 849/3632/3 2727/3629/3
f 849/3632/3 2745/3643/3 1018/3644/3
f 2737/3633/3 865/3636/3 2750/3645/3
f 1033/3646/3 2750/3645/3 865/3636/3
f 850/3635/3 2728/3634/3 1035/3639/3
f 2728/3634/3 2751/3640/3 1035/3639/3
f 851/1360/3 2748/3647/3 1031/1361/3
f 2748/3647/3 851/1360/3 2729/3648/3
f 1018/3644/3 2745/3643/3 1042/3649/3
f 2754/3650/3 1042/3649/3 2745/3643/3
f 2749/3651/3 869/1336/3 1032/1368/3
f 869/1336/3 2749/3651/3 2738/3625/3
f 2750/3645/3 852/3652/3 2730/3653/3
f 852/3652/3 2750/3645/3 1033/3646/3
f 1031/1361/3 2748/3647/3 1044/3654/3
f 2755/3655/3 1044/3654/3 2748/3647/3
f 2749/3651/3 853/3656/3 2731/3657/3
f 853/3656/3 2749/3651/3 1032/1368/3
f 2739/3658/3 856/1324/3 872/1382/3
f 856/1324/3 2739/3658/3 2734/3614/3
f 2736/3659/3 872/1382/3 864/1384/3
f 872/1382/3 2736/3659/3 2739/3658/3
f 2758/3612/3 855/3660/3 2733/3661/3
f 855/3660/3 2758/3612/3 1048/3611/3
f 873/1311/3 2732/3609/3 854/1316/3
f 2732/3609/3 873/1311/3 2740/3603/3
f 874/3606/3 2733/3661/3 855/3660/3
f 2733/3661/3 874/3606/3 2741/3605/3
f 2759/3626/3 864/1384/3 1050/1339/3
f 864/1384/3 2759/3626/3 2736/3659/3
f 2730/3653/3 876/3642/3 2742/3641/3
f 876/3642/3 2730/3653/3 852/3652/3
f 2755/3655/3 2760/3619/3 1052/3618/3
f 1052/3618/3 1044/3654/3 2755/3655/3
f 2731/3657/3 878/3662/3 2743/3663/3
f 878/3662/3 2731/3657/3 853/3656/3
f 878/3662/3 1065/3621/3 2743/3663/3
f 2743/3663/3 1065/3621/3 2762/3624/3
f 1042/3649/3 2754/3650/3 1063/3628/3
f 2761/3627/3 1063/3628/3 2754/3650/3
f 891/1317/3 2729/3648/3 851/1360/3
f 2729/3648/3 891/1317/3 2744/3608/3
f 2793/3664/1 2740/3665/1 2756/3666/1
f 2740/3665/1 2793/3664/1 2777/3667/1
f 2778/3668/10 2757/3604/10 2794/3669/10
f 2757/3604/10 2778/3668/10 2741/3605/10
f 2769/3670/1 2744/3671/1 2732/3672/1
f 2744/3671/1 2769/3670/1 2781/3673/1
f 2795/3674/10 2772/3675/10 2735/3610/10
f 2735/3610/10 2758/3612/10 2795/3674/10
f 2771/3676/1 2756/3666/1 2734/3677/1
f 2756/3666/1 2771/3676/1 2793/3664/1
f 2735/3610/10 2772/3675/10 2747/3615/10
f 2784/3678/10 2747/3615/10 2772/3675/10
f 2797/3679/5 2763/3680/5 2726/3681/5
f 2797/3679/5 2726/3681/5 2760/3682/5
f 2752/3683/6 2799/3684/6 2762/3685/6
f 2799/3684/6 2752/3683/6 2789/3686/6
f 2775/3687/639 2759/3688/1 2738/3689/639
f 2759/3688/1 2775/3687/639 2796/3690/1
f 2794/3669/10 2761/3627/10 2798/3691/10
f 2761/3627/10 2794/3669/10 2757/3604/10
f 2790/3692/5 2764/3693/640 2727/3694/640
f 2790/3692/5 2727/3694/640 2753/3695/5
f 2737/3696/641 2774/3697/641 2728/3698/6
f 2728/3698/6 2774/3697/641 2765/3699/6
f 2783/3700/5 2746/3701/5 2763/3680/5
f 2763/3680/5 2746/3701/5 2726/3681/5
f 2751/3702/6 2788/3703/6 2752/3683/6
f 2752/3683/6 2788/3703/6 2789/3686/6
f 2747/3615/10 2784/3678/10 2742/3641/10
f 2779/3704/10 2742/3641/10 2784/3678/10
f 2790/3692/5 2753/3695/5 2783/3700/5
f 2783/3700/5 2753/3695/5 2746/3701/5
f 2782/3705/642 2745/3706/643 2764/3693/640
f 2764/3693/640 2745/3706/643 2727/3694/640
f 2750/3707/644 2787/3708/645 2737/3696/641
f 2737/3696/641 2787/3708/645 2774/3697/641
f 2728/3698/6 2765/3699/6 2751/3702/6
f 2751/3702/6 2765/3699/6 2788/3703/6
f 2766/3709/646 2748/3710/647 2729/3711/646
f 2748/3710/647 2766/3709/646 2785/3712/647
f 2745/3643/648 2782/3713/648 2754/3650/649
f 2791/3714/649 2754/3650/649 2782/3713/648
f 2786/3715/650 2738/3689/639 2749/3716/650
f 2738/3689/639 2786/3715/650 2775/3687/639
f 2730/3653/651 2767/3717/651 2750/3645/652
f 2787/3718/652 2750/3645/652 2767/3717/651
f 2792/3719/653 2755/3720/653 2785/3721/654
f 2785/3721/654 2755/3720/653 2748/3722/654
f 2731/3723/655 2768/3724/655 2749/3725/656
f 2749/3725/656 2768/3724/655 2786/3726/656
f 2776/3727/1 2734/3677/1 2739/3728/1
f 2734/3677/1 2776/3727/1 2771/3676/1
f 2773/3729/1 2739/3728/1 2736/3730/1
f 2739/3728/1 2773/3729/1 2776/3727/1
f 2733/3661/10 2770/3731/10 2758/3612/10
f 2795/3674/10 2758/3612/10 2770/3731/10
f 2777/3667/1 2732/3672/1 2740/3665/1
f 2732/3672/1 2777/3667/1 2769/3670/1
f 2741/3605/10 2778/3668/10 2733/3661/10
f 2770/3731/10 2733/3661/10 2778/3668/10
f 2796/3690/1 2736/3730/1 2759/3688/1
f 2736/3730/1 2796/3690/1 2773/3729/1
f 2767/3717/651 2742/3641/10 2779/3704/10
f 2742/3641/10 2767/3717/651 2730/3653/651
f 2792/3719/653 2797/3679/5 2760/3682/5
f 2792/3719/653 2760/3682/5 2755/3720/653
f 2780/3732/6 2731/3723/655 2743/3733/6
f 2731/3723/655 2780/3732/6 2768/3724/655
f 2762/3685/6 2780/3732/6 2743/3733/6
f 2780/3732/6 2762/3685/6 2799/3684/6
f 2754/3650/649 2791/3714/649 2761/3627/10
f 2798/3691/10 2761/3627/10 2791/3714/649
f 2781/3673/1 2729/3711/646 2744/3671/1
f 2729/3711/646 2781/3673/1 2766/3709/646
f 182/466/3 2801/162/3 28/465/3
f 2800/3734/3 501/938/3 2807/3735/3
f 2800/3736/3 1953/3737/3 2803/3738/3
f 559/983/3 188/3739/3 2802/3740/3
f 2807/1028/3 2806/976/3 558/978/3
f 468/179/2 2805/159/2 213/161/2
f 2804/885/3 2806/975/3 29/254/3
f 2803/3741/3 559/983/3 2802/3740/3
f 2801/162/2 2805/159/2 211/158/2
f 2809/1763/3 1105/1739/3 1242/235/3
f 2810/884/3 2809/1763/3 1242/235/3
f 2810/884/3 463/234/3 2804/885/3
f 2825/3742/2 2812/3743/2 2606/8/2
f 2838/3433/3 2579/3432/3 2580/3744/3
f 2813/3745/3 2822/3746/3 2811/3747/3
f 2824/3748/3 2830/3749/3 2826/3750/3
f 2824/3751/3 2599/3408/3 2610/3413/3
f 2818/3431/3 2613/3445/3 2607/198/3
f 2595/5/2 2825/3742/2 2606/8/2
f 2816/3430/3 2597/200/3 2819/3752/3
f 2821/3753/3 2598/419/3 2814/3754/3
f 2819/3755/3 2601/974/3 2811/3442/3
f 2813/3441/3 2609/1033/3 2823/3756/3
f 2821/3757/3 2817/3758/3 2608/3759/3
f 2820/3760/657 2825/3742/2 2835/3429/2
f 2823/3761/3 2827/3762/3 2836/3763/3
f 2834/3439/3 2587/3416/3 2579/3415/3
f 2836/3444/3 2827/3406/3 2583/869/3
f 2837/3764/3 2824/3748/3 2826/3750/3
f 2831/3765/592 2582/971/3 2833/3766/3
f 2828/3443/3 2587/3416/3 2822/3440/3
f 2826/3418/3 2830/3411/3 2586/972/3
f 2834/3767/3 2811/3747/3 2822/3746/3
f 2828/3768/3 2823/3761/3 2836/3763/3
f 2833/3769/3 2817/3770/3 2821/3771/3
f 2837/3764/3 2829/3772/3 2815/3773/3
f 2831/3435/592 2814/3754/3 2832/3436/593
f 2829/3774/3 2827/3775/3 2815/3776/3
f 2819/3777/3 2838/3778/3 2816/3779/3
f 1208/255/3 2809/1763/3 2810/884/3
f 182/466/3 2802/886/3 2808/505/3
f 2806/975/3 2807/3735/3 501/938/3
f 2806/976/3 2804/3780/3 463/977/3
f 501/938/3 579/1024/3 631/1023/3
f 579/1024/3 2800/3734/3 2803/1025/3
f 632/1027/3 2800/3736/3 2807/1028/3
f 632/1029/3 558/985/3 511/968/3
f 633/1030/3 605/245/3 606/247/3
f 580/1026/3 2803/1025/3 2802/886/3
f 605/245/3 633/1030/3 518/913/3
f 516/912/3 517/911/3 631/1023/3
f 1953/1034/3 632/1029/3 601/763/3
f 631/1023/3 579/1024/3 580/1026/3
f 633/1030/3 580/1026/3 500/887/3
f 559/983/3 1953/1034/3 602/764/3
f 2827/3406/3 2829/3781/3 2584/868/3
f 2815/3407/3 2823/3756/3 2609/1033/3
f 2832/3409/591 2820/3760/657 2577/881/2
f 2812/3410/2 2814/3754/2 2598/419/2
f 2830/3411/3 2833/3766/3 2582/971/3
f 2817/3412/3 2824/3751/3 2610/3413/3
f 2584/868/3 2829/3781/3 2837/3417/3
f 2577/881/2 2820/3760/657 2835/3429/2
f 2835/3429/2 2825/3742/2 2595/5/2
f 188/3739/3 58/3782/3 2808/3783/3
f 2800/3734/3 579/1024/3 501/938/3
f 2800/3736/3 632/1027/3 1953/3737/3
f 2802/3740/3 188/3739/3 2808/3783/3
f 2803/3741/3 1953/1034/3 559/983/3
f 2810/884/3 1242/235/3 463/234/3
f 2580/3744/3 2818/3784/3 2838/3433/3
f 2818/3784/3 2816/3785/3 2838/3433/3
f 2821/3753/3 2831/3435/592 2833/3786/3
f 2813/3745/3 2828/3768/3 2822/3746/3
f 2814/3754/2 2812/3410/2 2832/3409/591
f 2824/3748/3 2817/3770/3 2830/3749/3
f 2824/3751/3 2815/3407/3 2599/3408/3
f 2816/3430/3 2607/198/3 2597/200/3
f 2821/3753/3 2608/422/3 2598/419/3
f 2819/3755/3 2597/973/3 2601/974/3
f 2813/3441/3 2601/974/3 2609/1033/3
f 2820/3760/657 2812/3743/2 2825/3742/2
f 2823/3761/3 2815/3787/3 2827/3762/3
f 2837/3764/3 2815/3773/3 2824/3748/3
f 2831/3765/592 2581/3405/3 2582/971/3
f 2828/3443/3 2583/869/3 2587/3416/3
f 2834/3767/3 2819/3788/3 2811/3747/3
f 2828/3768/3 2813/3745/3 2823/3761/3
f 2820/3760/657 2832/3409/591 2812/3410/2
f 2833/3769/3 2830/3749/3 2817/3770/3
f 2831/3435/592 2821/3753/3 2814/3754/3
f 2840/3789/1 2841/3789/1 2839/3789/1
f 2842/3789/4 2845/3789/4 2841/3789/4
f 2846/3789/10 2843/3789/10 2845/3789/10
f 2844/3789/3 2839/3789/3 2843/3789/3
f 2845/3789/6 2839/3789/6 2841/3789/6
f 2842/3789/5 2844/3789/5 2846/3789/5
f 2848/3789/1 2849/3789/1 2847/3789/1
f 2850/3789/4 2853/3789/4 2849/3789/4
f 2854/3789/10 2851/3789/10 2853/3789/10
f 2852/3789/3 2847/3789/3 2851/3789/3
f 2853/3789/6 2847/3789/6 2849/3789/6
f 2850/3789/5 2852/3789/5 2854/3789/5
f 50/160/2 2805/159/2 468/179/2
f 2840/3789/1 2842/3789/1 2841/3789/1
f 2842/3789/4 2846/3789/4 2845/3789/4
f 2846/3789/10 2844/3789/10 2843/3789/10
f 2844/3789/3 2840/3789/3 2839/3789/3
f 2845/3789/6 2843/3789/6 2839/3789/6
f 2842/3789/5 2840/3789/5 2844/3789/5
f 2848/3789/1 2850/3789/1 2849/3789/1
f 2850/3789/4 2854/3789/4 2853/3789/4
f 2854/3789/10 2852/3789/10 2851/3789/10
f 2852/3789/3 2848/3789/3 2847/3789/3
f 2853/3789/6 2851/3789/6 2847/3789/6
f 2850/3789/5 2848/3789/5 2852/3789/5
s 0
f 2857/3790/1 2856/3790/1 2855/3790/1
f 2857/3790/1 2858/3790/1 2856/3790/1
