# Blender 4.0.0
# www.blender.org
o knob_temp
v 0.21686900 -0.21023450 0.01434000
v 0.22359400 -0.21023450 0.01516200
v 0.22987800 -0.21023450 0.01769500
v 0.23529200 -0.21023450 0.02176900
v 0.23946700 -0.21023450 0.02710500
v 0.24211800 -0.21023450 0.03334000
v 0.24306600 -0.21023450 0.04004900
v 0.24224500 -0.21023450 0.04677400
v 0.23971100 -0.21023450 0.05305800
v 0.23563700 -0.21023450 0.05847200
v 0.23030100 -0.21023450 0.06264700
v 0.22406600 -0.21023450 0.06529800
v 0.21735700 -0.21023450 0.06624600
v 0.21063200 -0.21023450 0.06542500
v 0.20434800 -0.21023450 0.06289100
v 0.19893400 -0.21023450 0.05881700
v 0.19475900 -0.21023450 0.05348100
v 0.19210800 -0.21023450 0.04724600
v 0.19116000 -0.21023450 0.04053700
v 0.19198100 -0.21023450 0.03381200
v 0.19451500 -0.21023450 0.02752800
v 0.19858900 -0.21023450 0.02211400
v 0.20392500 -0.21023450 0.01793900
v 0.21016000 -0.21023450 0.01528800
v 0.21691600 -0.21108150 0.01929100
v 0.22235800 -0.21108150 0.01995500
v 0.22744300 -0.21108150 0.02200600
v 0.23182400 -0.21108150 0.02530300
v 0.23520300 -0.21108150 0.02962100
v 0.23734900 -0.21108150 0.03466700
v 0.23811500 -0.21108150 0.04009600
v 0.23745100 -0.21108150 0.04553800
v 0.23540000 -0.21108150 0.05062300
v 0.23210400 -0.21108150 0.05500400
v 0.22778500 -0.21108150 0.05838300
v 0.22274000 -0.21108150 0.06052900
v 0.21731000 -0.21108150 0.06129500
v 0.21186800 -0.21108150 0.06063100
v 0.20678300 -0.21108150 0.05858000
v 0.20240200 -0.21108150 0.05528400
v 0.19902300 -0.21108150 0.05096500
v 0.19687700 -0.21108150 0.04592000
v 0.19611100 -0.21108150 0.04049100
v 0.19677500 -0.21108150 0.03504800
v 0.19882600 -0.21108150 0.02996300
v 0.20212200 -0.21108150 0.02558200
v 0.20644100 -0.21108150 0.02220300
v 0.21148600 -0.21108150 0.02005700
v 0.21687600 -0.21101950 0.01507200
v 0.22341200 -0.21101950 0.01587000
v 0.22951800 -0.21101950 0.01833300
v 0.23477900 -0.21101950 0.02229100
v 0.23883600 -0.21101950 0.02747700
v 0.24141300 -0.21101950 0.03353600
v 0.24233400 -0.21101950 0.04005600
v 0.24153600 -0.21101950 0.04659200
v 0.23907400 -0.21101950 0.05269800
v 0.23511500 -0.21101950 0.05795900
v 0.22992900 -0.21101950 0.06201700
v 0.22387000 -0.21101950 0.06459300
v 0.21735000 -0.21101950 0.06551400
v 0.21081400 -0.21101950 0.06471600
v 0.20470800 -0.21101950 0.06225400
v 0.19944700 -0.21101950 0.05829500
v 0.19539000 -0.21101950 0.05310900
v 0.19281300 -0.21101950 0.04705000
v 0.19189200 -0.21101950 0.04053000
v 0.19269000 -0.21101950 0.03399400
v 0.19515200 -0.21101950 0.02788800
v 0.19911100 -0.21101950 0.02262700
v 0.20429700 -0.21101950 0.01857000
v 0.21035600 -0.21101950 0.01599300
v 0.21687000 -0.21038350 0.01440500
v 0.22357800 -0.21038350 0.01522400
v 0.22984600 -0.21038350 0.01775200
v 0.23524700 -0.21038350 0.02181500
v 0.23941100 -0.21038350 0.02713800
v 0.24205600 -0.21038350 0.03335800
v 0.24300100 -0.21038350 0.04005000
v 0.24218200 -0.21038350 0.04675800
v 0.23965400 -0.21038350 0.05302600
v 0.23559100 -0.21038350 0.05842700
v 0.23026800 -0.21038350 0.06259100
v 0.22404800 -0.21038350 0.06523600
v 0.21735600 -0.21038350 0.06618100
v 0.21064800 -0.21038350 0.06536200
v 0.20438000 -0.21038350 0.06283500
v 0.19897900 -0.21038350 0.05877100
v 0.19481500 -0.21038350 0.05344800
v 0.19217000 -0.21038350 0.04722900
v 0.19122500 -0.21038350 0.04053600
v 0.19204400 -0.21038350 0.03382800
v 0.19457100 -0.21038350 0.02756000
v 0.19863500 -0.21038350 0.02216000
v 0.20395800 -0.21038350 0.01799500
v 0.21017800 -0.21038350 0.01535000
v 0.21687700 -0.21108150 0.01522800
v 0.22337300 -0.21108150 0.01602100
v 0.22944200 -0.21108150 0.01846800
v 0.23467000 -0.21108150 0.02240300
v 0.23870200 -0.21108150 0.02755600
v 0.24126300 -0.21108150 0.03357800
v 0.24217800 -0.21108150 0.04005700
v 0.24138500 -0.21108150 0.04655300
v 0.23893800 -0.21108150 0.05262200
v 0.23500300 -0.21108150 0.05785000
v 0.22985000 -0.21108150 0.06188200
v 0.22382800 -0.21108150 0.06444300
v 0.21734900 -0.21108150 0.06535800
v 0.21085300 -0.21108150 0.06456500
v 0.20478400 -0.21108150 0.06211800
v 0.19955600 -0.21108150 0.05818300
v 0.19552400 -0.21108150 0.05303000
v 0.19296300 -0.21108150 0.04700800
v 0.19204800 -0.21108150 0.04052900
v 0.19284100 -0.21108150 0.03403300
v 0.19528800 -0.21108150 0.02796500
v 0.19922300 -0.21108150 0.02273600
v 0.20437600 -0.21108150 0.01870400
v 0.21039800 -0.21108150 0.01614300
v 0.21686900 -0.20187150 0.01434000
v 0.22359400 -0.20187150 0.01516200
v 0.22987800 -0.20187150 0.01769500
v 0.23529200 -0.20187150 0.02176900
v 0.23946700 -0.20187150 0.02710500
v 0.24211800 -0.20187150 0.03334000
v 0.24306600 -0.20187150 0.04004900
v 0.24224400 -0.20187150 0.04677400
v 0.23971100 -0.20187150 0.05305800
v 0.23563700 -0.20187150 0.05847200
v 0.23030100 -0.20187150 0.06264700
v 0.22406600 -0.20187150 0.06529800
v 0.21735700 -0.20187150 0.06624600
v 0.21063200 -0.20187150 0.06542500
v 0.20434800 -0.20187150 0.06289100
v 0.19893400 -0.20187150 0.05881700
v 0.19475900 -0.20187150 0.05348100
v 0.19210800 -0.20187150 0.04724600
v 0.19116000 -0.20187150 0.04053700
v 0.19198100 -0.20187150 0.03381200
v 0.19451500 -0.20187150 0.02752800
v 0.19858900 -0.20187150 0.02211400
v 0.20392500 -0.20187150 0.01793900
v 0.21016000 -0.20187150 0.01528800
v 0.23271900 -0.20183150 0.01955400
v 0.23218500 -0.21112150 0.02026300
v 0.22974200 -0.21112150 0.02351000
v 0.23268000 -0.21041650 0.01960500
v 0.23227900 -0.21105950 0.02013900
v 0.23271900 -0.21026750 0.01955400
v 0.22682000 -0.20183150 0.01622100
v 0.22648800 -0.21112150 0.01704500
v 0.22496800 -0.21112150 0.02081300
v 0.22679600 -0.21041650 0.01628100
v 0.22654600 -0.21105950 0.01690000
v 0.22682000 -0.21026750 0.01622100
v 0.22025900 -0.20183150 0.01452900
v 0.22074300 -0.20183150 0.06599300
v 0.22015100 -0.21112150 0.01541000
v 0.22061800 -0.21112150 0.06511400
v 0.21965900 -0.21112150 0.01944400
v 0.22005000 -0.21112150 0.06109100
v 0.22025100 -0.21041650 0.01459300
v 0.22073400 -0.21041650 0.06592900
v 0.22017000 -0.21105950 0.01525600
v 0.22064000 -0.21105950 0.06526900
v 0.22025900 -0.21026750 0.01452900
v 0.22074300 -0.21026750 0.06599300
v 0.21396700 -0.20183150 0.06605700
v 0.21348300 -0.20183150 0.01459300
v 0.21407500 -0.21112150 0.06517600
v 0.21360800 -0.21112150 0.01547200
v 0.21456700 -0.21112150 0.06114300
v 0.21417600 -0.21112150 0.01949500
v 0.21397500 -0.21041650 0.06599300
v 0.21349200 -0.21041650 0.01465700
v 0.21405600 -0.21105950 0.06533000
v 0.21358600 -0.21105950 0.01531800
v 0.21396700 -0.21026750 0.06605700
v 0.21348300 -0.21026750 0.01459300
v 0.20695500 -0.20183150 0.01640800
v 0.20730300 -0.21112150 0.01722500
v 0.20889300 -0.21112150 0.02096400
v 0.20698100 -0.21041650 0.01646800
v 0.20724200 -0.21105950 0.01708200
v 0.20695500 -0.21026750 0.01640800
v 0.20112000 -0.20183150 0.01985100
v 0.20166700 -0.21112150 0.02055000
v 0.20417000 -0.21112150 0.02375000
v 0.20115900 -0.21041650 0.01990200
v 0.20157100 -0.21105950 0.02042700
v 0.20112000 -0.21026750 0.01985100
v 0.19637400 -0.20183150 0.02468700
v 0.19708300 -0.21112150 0.02522100
v 0.20033000 -0.21112150 0.02766400
v 0.19642500 -0.21041650 0.02472600
v 0.19695900 -0.21105950 0.02512700
v 0.19637400 -0.21026750 0.02468700
v 0.19304100 -0.20183150 0.03058600
v 0.19386400 -0.21112150 0.03091800
v 0.19763300 -0.21112150 0.03243800
v 0.19310100 -0.21041650 0.03061100
v 0.19372000 -0.21105950 0.03086000
v 0.19304100 -0.21026750 0.03058600
v 0.19134900 -0.20183150 0.03714700
v 0.19223000 -0.21112150 0.03725500
v 0.19626400 -0.21112150 0.03774700
v 0.19141300 -0.21041650 0.03715500
v 0.19207600 -0.21105950 0.03723600
v 0.19134900 -0.21026750 0.03714700
v 0.19141300 -0.20183150 0.04392300
v 0.19229200 -0.21112150 0.04379900
v 0.19631500 -0.21112150 0.04323000
v 0.19147700 -0.21041650 0.04391400
v 0.19213800 -0.21105950 0.04382000
v 0.19141300 -0.21026750 0.04392300
v 0.19322800 -0.20183150 0.05045100
v 0.19404500 -0.21112150 0.05010300
v 0.19778400 -0.21112150 0.04851300
v 0.19328700 -0.21041650 0.05042500
v 0.19390100 -0.21105950 0.05016400
v 0.19322800 -0.21026750 0.05045100
v 0.19667100 -0.20183150 0.05628600
v 0.19737000 -0.21112150 0.05573900
v 0.20057000 -0.21112150 0.05323600
v 0.19672200 -0.21041650 0.05624700
v 0.19724700 -0.21105950 0.05583500
v 0.19667100 -0.21026750 0.05628600
v 0.20150700 -0.20183150 0.06103200
v 0.20204100 -0.21112150 0.06032300
v 0.20448400 -0.21112150 0.05707600
v 0.20154600 -0.21041650 0.06098100
v 0.20194700 -0.21105950 0.06044800
v 0.20150700 -0.21026750 0.06103200
v 0.20740600 -0.20183150 0.06436500
v 0.20773800 -0.21112150 0.06354200
v 0.20925800 -0.21112150 0.05977300
v 0.20743000 -0.21041650 0.06430500
v 0.20768000 -0.21105950 0.06368600
v 0.20740600 -0.21026750 0.06436500
v 0.22727100 -0.20183150 0.06417800
v 0.22692300 -0.21112150 0.06336100
v 0.22533300 -0.21112150 0.05962200
v 0.22724500 -0.21041650 0.06411900
v 0.22698400 -0.21105950 0.06350500
v 0.22727100 -0.21026750 0.06417800
v 0.23310600 -0.20183150 0.06073500
v 0.23255900 -0.21112150 0.06003600
v 0.23005600 -0.21112150 0.05683600
v 0.23306700 -0.21041650 0.06068400
v 0.23265500 -0.21105950 0.06015900
v 0.23310600 -0.21026750 0.06073500
v 0.23785200 -0.20183150 0.05589900
v 0.23714300 -0.21112150 0.05536600
v 0.23389600 -0.21112150 0.05292200
v 0.23780100 -0.21041650 0.05586000
v 0.23726700 -0.21105950 0.05545900
v 0.23785200 -0.21026750 0.05589900
v 0.24118500 -0.20183150 0.05000000
v 0.24036100 -0.21112150 0.04966800
v 0.23659300 -0.21112150 0.04814800
v 0.24112500 -0.21041650 0.04997600
v 0.24050600 -0.21105950 0.04972600
v 0.24118500 -0.21026750 0.05000000
v 0.24287700 -0.20183150 0.04343900
v 0.24199600 -0.21112150 0.04333100
v 0.23796200 -0.21112150 0.04283900
v 0.24281300 -0.21041650 0.04343100
v 0.24215000 -0.21105950 0.04335000
v 0.24287700 -0.21026750 0.04343900
v 0.24281300 -0.20183150 0.03666300
v 0.24193400 -0.21112150 0.03678800
v 0.23791100 -0.21112150 0.03735600
v 0.24274900 -0.21041650 0.03667300
v 0.24208800 -0.21105950 0.03676600
v 0.24281300 -0.21026750 0.03666300
v 0.24099800 -0.20183150 0.03013600
v 0.24018100 -0.21112150 0.03048300
v 0.23644200 -0.21112150 0.03207300
v 0.24093900 -0.21041650 0.03016100
v 0.24032400 -0.21105950 0.03042200
v 0.24099800 -0.21026750 0.03013600
v 0.23755500 -0.20183150 0.02430000
v 0.23685600 -0.21112150 0.02484700
v 0.23365600 -0.21112150 0.02735000
v 0.23750400 -0.21041650 0.02434000
v 0.23697900 -0.21105950 0.02475100
v 0.23755500 -0.21026750 0.02430000
v 0.21691900 -0.21108150 0.01968200
v 0.22226000 -0.21108150 0.02033400
v 0.22725100 -0.21108150 0.02234600
v 0.23155000 -0.21108150 0.02558200
v 0.23486600 -0.21108150 0.02982000
v 0.23697200 -0.21108150 0.03477100
v 0.23772400 -0.21108150 0.04009900
v 0.23707200 -0.21108150 0.04544100
v 0.23506000 -0.21108150 0.05043100
v 0.23182400 -0.21108150 0.05473100
v 0.22758700 -0.21108150 0.05804600
v 0.22263500 -0.21108150 0.06015200
v 0.21730700 -0.21108150 0.06090400
v 0.21196600 -0.21108150 0.06025200
v 0.20697500 -0.21108150 0.05824000
v 0.20267600 -0.21108150 0.05500500
v 0.19936000 -0.21108150 0.05076700
v 0.19725400 -0.21108150 0.04581500
v 0.19650200 -0.21108150 0.04048700
v 0.19715400 -0.21108150 0.03514600
v 0.19916600 -0.21108150 0.03015500
v 0.20240100 -0.21108150 0.02585600
v 0.20663900 -0.21108150 0.02254000
v 0.21159100 -0.21108150 0.02043400
v 0.22950700 -0.21112050 0.02382200
v 0.22482200 -0.21112050 0.02117600
v 0.21961100 -0.21112050 0.01983200
v 0.21999600 -0.21112050 0.06070400
v 0.21461500 -0.21112050 0.06075400
v 0.21423000 -0.21112050 0.01988200
v 0.20904600 -0.21112050 0.02132400
v 0.20441100 -0.21112050 0.02405800
v 0.20064200 -0.21112050 0.02789900
v 0.19799500 -0.21112050 0.03258400
v 0.19665200 -0.21112050 0.03779500
v 0.19670200 -0.21112050 0.04317600
v 0.19814400 -0.21112050 0.04836000
v 0.20087800 -0.21112050 0.05299500
v 0.20471900 -0.21112050 0.05676400
v 0.20940400 -0.21112050 0.05941100
v 0.22518000 -0.21112050 0.05926200
v 0.22981500 -0.21112050 0.05652800
v 0.23358400 -0.21112050 0.05268700
v 0.23623100 -0.21112050 0.04800200
v 0.23757400 -0.21112050 0.04279100
v 0.23752400 -0.21112050 0.03741000
v 0.23608200 -0.21112050 0.03222600
v 0.23334800 -0.21112050 0.02759100
v 0.21691900 -0.21481950 0.01968200
v 0.21692200 -0.21509150 0.01995400
v 0.21692000 -0.21501250 0.01976200
v 0.22226000 -0.21481950 0.02033400
v 0.22219200 -0.21509150 0.02059800
v 0.22224000 -0.21501250 0.02041100
v 0.22725100 -0.21481950 0.02234600
v 0.22711700 -0.21509150 0.02258400
v 0.22721100 -0.21501250 0.02241600
v 0.23155000 -0.21481950 0.02558200
v 0.23135900 -0.21509150 0.02577600
v 0.23149400 -0.21501250 0.02563900
v 0.23486600 -0.21481950 0.02982000
v 0.23463100 -0.21509150 0.02995800
v 0.23479700 -0.21501250 0.02986000
v 0.23697200 -0.21481950 0.03477100
v 0.23670900 -0.21509150 0.03484400
v 0.23689500 -0.21501250 0.03479300
v 0.23772400 -0.21481950 0.04009900
v 0.23745200 -0.21509150 0.04010200
v 0.23764400 -0.21501250 0.04010000
v 0.23707200 -0.21481950 0.04544100
v 0.23680800 -0.21509150 0.04537200
v 0.23699500 -0.21501250 0.04542100
v 0.23506000 -0.21481950 0.05043100
v 0.23482200 -0.21509150 0.05029700
v 0.23499000 -0.21501250 0.05039200
v 0.23182400 -0.21481950 0.05473100
v 0.23163000 -0.21509150 0.05453900
v 0.23176700 -0.21501250 0.05467400
v 0.22758700 -0.21481950 0.05804600
v 0.22744800 -0.21509150 0.05781100
v 0.22754600 -0.21501250 0.05797700
v 0.22263500 -0.21481950 0.06015200
v 0.22256200 -0.21509150 0.05988900
v 0.22261300 -0.21501250 0.06007500
v 0.21730700 -0.21481950 0.06090400
v 0.21730400 -0.21509150 0.06063200
v 0.21730600 -0.21501250 0.06082400
v 0.21196600 -0.21481950 0.06025200
v 0.21203400 -0.21509150 0.05998800
v 0.21198600 -0.21501250 0.06017500
v 0.20697500 -0.21481950 0.05824000
v 0.20710900 -0.21509150 0.05800200
v 0.20701400 -0.21501250 0.05817000
v 0.20267600 -0.21481950 0.05500500
v 0.20286700 -0.21509150 0.05481000
v 0.20273200 -0.21501250 0.05494700
v 0.19936000 -0.21481950 0.05076700
v 0.19959500 -0.21509150 0.05062800
v 0.19942900 -0.21501250 0.05072600
v 0.19725400 -0.21481950 0.04581500
v 0.19751700 -0.21509150 0.04574200
v 0.19733100 -0.21501250 0.04579300
v 0.19650200 -0.21481950 0.04048700
v 0.19677400 -0.21509150 0.04048400
v 0.19658200 -0.21501250 0.04048600
v 0.19715400 -0.21481950 0.03514600
v 0.19741800 -0.21509150 0.03521400
v 0.19723100 -0.21501250 0.03516600
v 0.19916600 -0.21481950 0.03015500
v 0.19940400 -0.21509150 0.03028900
v 0.19923600 -0.21501250 0.03019500
v 0.20240100 -0.21481950 0.02585600
v 0.20259600 -0.21509150 0.02604700
v 0.20245900 -0.21501250 0.02591200
v 0.20663900 -0.21481950 0.02254000
v 0.20677800 -0.21509150 0.02277500
v 0.20668000 -0.21501250 0.02260900
v 0.21159100 -0.21481950 0.02043400
v 0.21166400 -0.21509150 0.02069700
v 0.21161300 -0.21501250 0.02051100
v 0.22934300 -0.21513050 0.02404000
v 0.22950700 -0.21485850 0.02382200
v 0.22945900 -0.21505150 0.02388600
v 0.22472000 -0.21513050 0.02142900
v 0.22482200 -0.21485850 0.02117600
v 0.22479200 -0.21505150 0.02125000
v 0.21957800 -0.21513050 0.02010300
v 0.21961100 -0.21485850 0.01983200
v 0.21960200 -0.21505150 0.01991100
v 0.21995700 -0.21513050 0.06043400
v 0.21999600 -0.21485850 0.06070400
v 0.21998400 -0.21505150 0.06062400
v 0.21464800 -0.21513050 0.06048400
v 0.21461500 -0.21485850 0.06075400
v 0.21462400 -0.21505150 0.06067500
v 0.21426900 -0.21513050 0.02015200
v 0.21423000 -0.21485850 0.01988200
v 0.21424200 -0.21505150 0.01996200
v 0.20915300 -0.21513050 0.02157500
v 0.20904600 -0.21485850 0.02132400
v 0.20907700 -0.21505150 0.02139800
v 0.20457900 -0.21513050 0.02427300
v 0.20441100 -0.21485850 0.02405800
v 0.20446100 -0.21505150 0.02412100
v 0.20086000 -0.21513050 0.02806300
v 0.20064200 -0.21485850 0.02789900
v 0.20070600 -0.21505150 0.02794700
v 0.19824800 -0.21513050 0.03268600
v 0.19799500 -0.21485850 0.03258400
v 0.19807000 -0.21505150 0.03261400
v 0.19692200 -0.21513050 0.03782800
v 0.19665200 -0.21485850 0.03779500
v 0.19673100 -0.21505150 0.03780400
v 0.19697200 -0.21513050 0.04313800
v 0.19670200 -0.21485850 0.04317600
v 0.19678200 -0.21505150 0.04316400
v 0.19839500 -0.21513050 0.04825300
v 0.19814400 -0.21485850 0.04836000
v 0.19821800 -0.21505150 0.04832900
v 0.20109300 -0.21513050 0.05282700
v 0.20087800 -0.21485850 0.05299500
v 0.20094100 -0.21505150 0.05294500
v 0.20488300 -0.21513050 0.05654600
v 0.20471900 -0.21485850 0.05676400
v 0.20476700 -0.21505150 0.05670000
v 0.20950600 -0.21513050 0.05915800
v 0.20940400 -0.21485850 0.05941100
v 0.20943400 -0.21505150 0.05933600
v 0.22507300 -0.21513050 0.05901100
v 0.22518000 -0.21485850 0.05926200
v 0.22514900 -0.21505150 0.05918800
v 0.22964700 -0.21513050 0.05631300
v 0.22981500 -0.21485850 0.05652800
v 0.22976500 -0.21505150 0.05646500
v 0.23336600 -0.21513050 0.05252300
v 0.23358400 -0.21485850 0.05268700
v 0.23352000 -0.21505150 0.05263900
v 0.23597800 -0.21513050 0.04790000
v 0.23623100 -0.21485850 0.04800200
v 0.23615600 -0.21505150 0.04797200
v 0.23730400 -0.21513050 0.04275800
v 0.23757400 -0.21485850 0.04279100
v 0.23749500 -0.21505150 0.04278200
v 0.23725400 -0.21513050 0.03744900
v 0.23752400 -0.21485850 0.03741000
v 0.23744400 -0.21505150 0.03742200
v 0.23583100 -0.21513050 0.03233300
v 0.23608200 -0.21485850 0.03222600
v 0.23600800 -0.21505150 0.03225700
v 0.23313300 -0.21513050 0.02775900
v 0.23334800 -0.21485850 0.02759100
v 0.23328500 -0.21505150 0.02764100
v 0.22193800 -0.21441750 0.02072000
v 0.22225400 -0.21441750 0.05978000
v 0.22209300 -0.22464950 0.05977200
v 0.22231600 -0.23231350 0.02137800
v 0.21202800 -0.22452150 0.05922800
v 0.21224800 -0.23255750 0.02080800
v 0.22204700 -0.23170950 0.05516400
v 0.21198800 -0.23118450 0.05491100
v 0.22207500 -0.22888650 0.05800800
v 0.21201200 -0.22852750 0.05756800
v 0.22200700 -0.23344250 0.05092800
v 0.21195000 -0.23284350 0.05090600
v 0.22231900 -0.23284350 0.02190900
v 0.21220900 -0.23343150 0.02189200
v 0.22078100 -0.22467450 0.05991200
v 0.22073200 -0.21595750 0.05993300
v 0.21398000 -0.21595950 0.05999700
v 0.21418800 -0.22464950 0.05985700
v 0.21397400 -0.22893850 0.05816900
v 0.21389500 -0.23176850 0.05528600
v 0.21385800 -0.23346650 0.05101500
v 0.21363500 -0.23343150 0.02309200
v 0.22038500 -0.23343150 0.02302800
v 0.22068700 -0.23346650 0.05095000
v 0.22073000 -0.23176850 0.05522100
v 0.22076200 -0.22894550 0.05811400
v 0.22190300 -0.23343650 0.03994000
v 0.21186000 -0.21441750 0.04003800
v 0.21184800 -0.23284350 0.04003900
v 0.21375500 -0.23344950 0.04001900
v 0.22058400 -0.23344950 0.03995400
v 0.22028900 -0.22458050 0.05946600
v 0.22025900 -0.21636050 0.05948000
v 0.21444600 -0.21636050 0.05953500
v 0.21441600 -0.22458050 0.05952100
v 0.21438200 -0.22867550 0.05778300
v 0.21435400 -0.23135850 0.05502000
v 0.21430600 -0.23297750 0.05092000
v 0.21420300 -0.23294850 0.04001500
v 0.21404800 -0.23292950 0.02343900
v 0.21997800 -0.23292950 0.02338300
v 0.22013500 -0.23294850 0.03995900
v 0.22023700 -0.23297750 0.05086400
v 0.22026600 -0.23135850 0.05496400
v 0.22029000 -0.22867550 0.05772700
v 0.22241600 -0.21441750 0.03996200
v 0.22224100 -0.21441750 0.02134600
v 0.22259600 -0.21441750 0.05914800
v 0.22267000 -0.22452150 0.05912200
v 0.22172800 -0.23255750 0.02071400
v 0.21204400 -0.21441750 0.05925200
v 0.21239700 -0.21441750 0.05987700
v 0.21168900 -0.21441750 0.02145100
v 0.21197500 -0.21441750 0.02081800
v 0.21261900 -0.22464950 0.05986500
v 0.21167300 -0.23231350 0.02148300
v 0.22262800 -0.23118450 0.05480600
v 0.21257700 -0.23170950 0.05525700
v 0.22265400 -0.22852750 0.05746300
v 0.21260300 -0.22888650 0.05810100
v 0.22259100 -0.23284350 0.05080100
v 0.21253800 -0.23344250 0.05102000
v 0.22178900 -0.23343150 0.02179800
v 0.21167800 -0.23284350 0.02201400
v 0.22248900 -0.23284350 0.03993500
v 0.21243500 -0.23343650 0.04003300
v 0.22224600 -0.21570250 0.02134900
v 0.21168800 -0.21570250 0.02145300
v 0.22242100 -0.21570250 0.03996000
v 0.21185900 -0.21569950 0.04003800
v 0.22192400 -0.21540850 0.02071900
v 0.21199400 -0.21540850 0.02081700
v 0.21204100 -0.21620550 0.05924800
v 0.21245500 -0.21703450 0.05987300
v 0.22260900 -0.21615250 0.05914300
v 0.22221300 -0.21698850 0.05977800
v 0.22225500 -0.21689950 0.05971000
v 0.22221400 -0.21693550 0.05977800
v 0.22215300 -0.21695450 0.05978400
v 0.22077600 -0.21737550 0.05992600
v 0.22026300 -0.21734450 0.05947800
v 0.21444300 -0.21729250 0.05953300
v 0.21393300 -0.21729350 0.05999100
v 0.22199700 -0.21441750 0.02084200
v 0.22232100 -0.21441750 0.05965700
v 0.22220500 -0.22462450 0.05964500
v 0.22220100 -0.23236050 0.02124900
v 0.21211300 -0.21441750 0.05937400
v 0.21174500 -0.21441750 0.02132700
v 0.21214300 -0.22454650 0.05935200
v 0.21213600 -0.23250950 0.02094000
v 0.22216100 -0.23160650 0.05509400
v 0.21210200 -0.23128650 0.05497800
v 0.22218800 -0.22881650 0.05790200
v 0.21212700 -0.22859750 0.05767200
v 0.22212100 -0.23332550 0.05090300
v 0.21206500 -0.23296050 0.05092800
v 0.22221600 -0.23295850 0.02188700
v 0.21210500 -0.23331650 0.02191600
v 0.22201700 -0.23332150 0.03993900
v 0.21196200 -0.23295950 0.04003800
v 0.22218300 -0.21564450 0.02122600
v 0.21174800 -0.21564450 0.02132900
v 0.21212200 -0.21636750 0.05937000
v 0.22218200 -0.21441750 0.02122400
v 0.22252900 -0.21441750 0.05927100
v 0.22255800 -0.22454650 0.05924900
v 0.22184300 -0.23250950 0.02084400
v 0.21232800 -0.21441750 0.05975500
v 0.21192000 -0.21441750 0.02094100
v 0.21250400 -0.22462450 0.05974100
v 0.21178500 -0.23236050 0.02135200
v 0.22251500 -0.23128650 0.05487600
v 0.21246200 -0.23160650 0.05518900
v 0.22254100 -0.22859750 0.05756900
v 0.21248800 -0.22881650 0.05799700
v 0.22247700 -0.23296050 0.05082600
v 0.21242400 -0.23332550 0.05099800
v 0.22189200 -0.23331650 0.02181900
v 0.21178200 -0.23295850 0.02199000
v 0.22237500 -0.23295950 0.03993600
v 0.21232000 -0.23332150 0.04003400
v 0.22198600 -0.21546550 0.02084200
v 0.21193500 -0.21546550 0.02094100
v 0.21237400 -0.21687250 0.05975200
v 0.22056700 -0.22465650 0.05983200
v 0.22056500 -0.21611650 0.05985900
v 0.21414700 -0.21611650 0.05991900
v 0.21398800 -0.22467250 0.05996700
v 0.21412700 -0.22889450 0.05810400
v 0.21410300 -0.23168950 0.05523400
v 0.21406400 -0.23336850 0.05099500
v 0.21380300 -0.23333650 0.02323300
v 0.22022000 -0.23333650 0.02317300
v 0.22048100 -0.23336850 0.05093400
v 0.22052200 -0.23168950 0.05517300
v 0.22055200 -0.22889450 0.05804400
v 0.21396000 -0.23334750 0.04001700
v 0.22037800 -0.23334750 0.03995600
v 0.22056400 -0.21740250 0.05984800
v 0.21419300 -0.21731350 0.05987200
v 0.22072500 -0.22467250 0.05990300
v 0.22069200 -0.21599750 0.05992500
v 0.21402000 -0.21599850 0.05998800
v 0.21414500 -0.22465650 0.05989300
v 0.21391800 -0.22894550 0.05817900
v 0.21395000 -0.23175750 0.05527900
v 0.21391300 -0.23345250 0.05101200
v 0.21367800 -0.23341850 0.02312800
v 0.22034300 -0.23341850 0.02306500
v 0.22063200 -0.23345250 0.05094800
v 0.22067500 -0.23175750 0.05521500
v 0.22070600 -0.22893850 0.05810600
v 0.21380900 -0.23343450 0.04001800
v 0.22052900 -0.23343450 0.03995500
v 0.22072100 -0.21738650 0.05991700
v 0.21398900 -0.21730050 0.05998100
v 0.22052400 -0.22464950 0.05979700
v 0.22052900 -0.21614850 0.05982800
v 0.21418300 -0.21614850 0.05988700
v 0.21393200 -0.22467450 0.05997700
v 0.21416800 -0.22887350 0.05807200
v 0.21414400 -0.23165650 0.05521300
v 0.21410400 -0.23332950 0.05098700
v 0.21383700 -0.23329950 0.02326100
v 0.22018700 -0.23329950 0.02320100
v 0.22044100 -0.23332950 0.05092800
v 0.22048000 -0.23165650 0.05515300
v 0.22051000 -0.22887350 0.05801300
v 0.21400000 -0.23330750 0.04001600
v 0.22033800 -0.23330750 0.03995700
v 0.22052000 -0.21740150 0.05981300
v 0.21414900 -0.21731250 0.05990800
v 0.22181200 -0.23343250 0.02543600
v 0.22020700 -0.23330050 0.02545400
v 0.21225400 -0.23343250 0.02553000
v 0.21385900 -0.23330050 0.02551300
v 0.21406800 -0.23293150 0.02551200
v 0.21999800 -0.23293150 0.02545600
v 0.22235200 -0.23284350 0.02543200
v 0.21171100 -0.23284350 0.02553600
v 0.22191700 -0.23331750 0.02543600
v 0.21214800 -0.23331750 0.02553100
v 0.22224700 -0.23295850 0.02543300
v 0.21181700 -0.23295850 0.02553500
v 0.22036900 -0.23342050 0.02545200
v 0.21369600 -0.23342050 0.02551500
v 0.22024100 -0.23333750 0.02545300
v 0.21382400 -0.23333750 0.02551400
v 0.22041300 -0.23343350 0.02545100
v 0.21365200 -0.23343350 0.02551500
v 0.21944500 -0.21441750 0.02040400
v 0.21979300 -0.21441750 0.06012800
v 0.21935500 -0.23255750 0.02040200
v 0.21875500 -0.23297050 0.05091000
v 0.21881400 -0.22869250 0.05779800
v 0.21878900 -0.23136450 0.05503600
v 0.21882200 -0.22458750 0.05960000
v 0.21939000 -0.23343150 0.02138100
v 0.21894400 -0.21615150 0.06006800
v 0.21859700 -0.23329450 0.02296800
v 0.21865200 -0.23294550 0.03997300
v 0.21880800 -0.21635450 0.05971400
v 0.21849400 -0.23292950 0.02316200
v 0.21943900 -0.21555550 0.02040400
v 0.21881000 -0.21738250 0.05969900
v 0.21902600 -0.21598150 0.06018200
v 0.21867400 -0.23341750 0.02280300
v 0.21896300 -0.21611650 0.06010400
v 0.21861300 -0.23333250 0.02293300
v 0.21904600 -0.21593450 0.06019400
v 0.21869500 -0.23343150 0.02275700
v 0.21851500 -0.23293150 0.02546900
v 0.21486500 -0.21441750 0.06017600
v 0.21446400 -0.21441750 0.02045300
v 0.21461500 -0.23255750 0.02044900
v 0.21578900 -0.23297050 0.05093700
v 0.21586000 -0.22869250 0.05782500
v 0.21583300 -0.23136450 0.05506400
v 0.21588600 -0.22458750 0.05962700
v 0.21459900 -0.23343150 0.02142800
v 0.21577200 -0.21615150 0.06009700
v 0.21542200 -0.23329450 0.02299700
v 0.21568600 -0.23294550 0.04000000
v 0.21590200 -0.21635450 0.05974100
v 0.21552900 -0.23292950 0.02318900
v 0.21447500 -0.21555550 0.02045300
v 0.21590000 -0.21735650 0.05972600
v 0.21569000 -0.21598250 0.06021400
v 0.21534100 -0.23341750 0.02283500
v 0.21575400 -0.21611650 0.06013400
v 0.21540500 -0.23333250 0.02296300
v 0.21566900 -0.21593550 0.06022600
v 0.21532000 -0.23343150 0.02278900
v 0.21555000 -0.23293150 0.02549700
v 0.22202700 -0.23269550 0.05309400
v 0.21255800 -0.23269550 0.05318600
v 0.21412400 -0.23261250 0.05314800
v 0.22046100 -0.23261250 0.05308800
v 0.21433000 -0.23228750 0.05301700
v 0.22025200 -0.23228750 0.05296200
v 0.22260900 -0.23213350 0.05285100
v 0.21196900 -0.23213350 0.05295600
v 0.22214100 -0.23258550 0.05304600
v 0.21244300 -0.23258550 0.05314200
v 0.22249600 -0.23224350 0.05289800
v 0.21208400 -0.23224350 0.05300100
v 0.21393200 -0.23272450 0.05319300
v 0.22065400 -0.23272450 0.05313000
v 0.21408300 -0.23264850 0.05316200
v 0.22050100 -0.23264850 0.05310200
v 0.21387700 -0.23273750 0.05319800
v 0.22070900 -0.23273750 0.05313400
v 0.21877200 -0.23228750 0.05302100
v 0.21581100 -0.23228750 0.05304800
v 0.22206100 -0.23037750 0.05665000
v 0.21259000 -0.23037750 0.05674300
v 0.21415600 -0.23034450 0.05670600
v 0.22049500 -0.23034450 0.05664700
v 0.21436800 -0.23009650 0.05646500
v 0.22027800 -0.23009650 0.05640900
v 0.22264100 -0.22993550 0.05619800
v 0.21200000 -0.22993550 0.05630400
v 0.22217400 -0.23029150 0.05656200
v 0.21247500 -0.23029150 0.05665700
v 0.22252800 -0.23002150 0.05628600
v 0.21211500 -0.23002150 0.05638900
v 0.21396200 -0.23042850 0.05678800
v 0.22069000 -0.23042850 0.05672400
v 0.21411500 -0.23037150 0.05673300
v 0.22053700 -0.23037150 0.05667200
v 0.21390700 -0.23043650 0.05679600
v 0.22074600 -0.23043650 0.05673100
v 0.21880100 -0.23010850 0.05648100
v 0.21584600 -0.23010850 0.05650800
v 0.22208400 -0.22682350 0.05901000
v 0.21261100 -0.22682350 0.05910300
v 0.21417800 -0.22681750 0.05908400
v 0.22051700 -0.22681750 0.05902400
v 0.21439900 -0.22668350 0.05877200
v 0.22029000 -0.22668350 0.05871600
v 0.22266200 -0.22658050 0.05841200
v 0.21202000 -0.22658050 0.05851800
v 0.22219700 -0.22677650 0.05889300
v 0.21249600 -0.22677650 0.05898900
v 0.22255000 -0.22662750 0.05852900
v 0.21213500 -0.22662750 0.05863200
v 0.21398100 -0.22686150 0.05918800
v 0.22071600 -0.22686150 0.05912400
v 0.21413600 -0.22683150 0.05911800
v 0.22055900 -0.22683150 0.05905800
v 0.21392500 -0.22686550 0.05919700
v 0.22077100 -0.22686550 0.05913300
v 0.21881800 -0.22669550 0.05881800
v 0.21587300 -0.22669550 0.05884600
v 0.21762800 -0.21441750 0.02017400
v 0.21627900 -0.21441750 0.02018700
v 0.21665900 -0.21441750 0.06039400
v 0.21800400 -0.21441750 0.06038100
v 0.21766400 -0.23343150 0.02108100
v 0.21631900 -0.23343150 0.02109400
v 0.21803000 -0.22459250 0.05967200
v 0.21667900 -0.22459250 0.05968500
v 0.21794800 -0.23296650 0.05093400
v 0.21659600 -0.23296650 0.05094700
v 0.21801400 -0.22870150 0.05783600
v 0.21666100 -0.22870150 0.05784800
v 0.21798700 -0.23136850 0.05507500
v 0.21663500 -0.23136850 0.05508800
v 0.21765700 -0.23255750 0.02017800
v 0.21630900 -0.23255750 0.02019200
v 0.21668700 -0.21592150 0.06036400
v 0.21802900 -0.21592150 0.06035100
v 0.21767900 -0.23343150 0.02259500
v 0.21633200 -0.23343150 0.02260800
v 0.21649400 -0.23294350 0.03999300
v 0.21784500 -0.23294350 0.03998000
v 0.21802700 -0.21635050 0.05983900
v 0.21668500 -0.21635050 0.05985200
v 0.21768500 -0.23292950 0.02304100
v 0.21633500 -0.23292950 0.02305400
v 0.21628100 -0.21566250 0.02018700
v 0.21763000 -0.21566250 0.02017400
v 0.21668500 -0.21739150 0.05983000
v 0.21802700 -0.21740350 0.05981800
v 0.21668900 -0.21611550 0.06025900
v 0.21803100 -0.21611550 0.06024600
v 0.21768200 -0.23333050 0.02279400
v 0.21633400 -0.23333050 0.02280700
v 0.21803000 -0.21597250 0.06033600
v 0.21668700 -0.21597350 0.06034800
v 0.21633300 -0.23341650 0.02266000
v 0.21768000 -0.23341650 0.02264700
v 0.21803000 -0.21615350 0.06020600
v 0.21668800 -0.21615350 0.06021900
v 0.21633400 -0.23329050 0.02284600
v 0.21768200 -0.23329050 0.02283300
v 0.21635800 -0.23293150 0.02548900
v 0.21770800 -0.23293150 0.02547700
v 0.21796800 -0.23228750 0.05305300
v 0.21661600 -0.23228750 0.05306500
v 0.21664800 -0.23011450 0.05653200
v 0.21800000 -0.23011450 0.05651900
v 0.21667000 -0.22670250 0.05888600
v 0.21802200 -0.22670250 0.05887300
vn 0.2497 -0.0000 -0.9683
vn 0.1187 -0.2018 -0.9722
vn 0.1212 -0.0000 -0.9926
vn 0.4918 -0.0000 -0.8707
vn 0.3663 -0.2023 -0.9083
vn 0.3740 -0.0000 -0.9274
vn 0.7004 -0.0000 -0.7137
vn 0.5889 -0.2021 -0.7825
vn 0.6013 -0.0000 -0.7990
vn 0.8613 -0.0000 -0.5081
vn 0.7713 -0.2022 -0.6035
vn 0.7876 -0.0000 -0.6162
vn 0.9635 -0.0000 -0.2679
vn 0.9012 -0.2022 -0.3833
vn 0.9202 -0.0000 -0.3914
vn 1.0000 -0.0000 -0.0094
vn 0.9698 -0.2019 -0.1370
vn 0.9902 -0.0000 -0.1398
vn 0.9683 -0.0000 0.2497
vn 0.9722 -0.2019 0.1187
vn 0.9926 -0.0000 0.1212
vn 0.8707 -0.0000 0.4918
vn 0.9083 -0.2022 0.3663
vn 0.9274 -0.0000 0.3740
vn 0.7137 -0.0000 0.7004
vn 0.7826 -0.2019 0.5889
vn 0.7990 -0.0000 0.6013
vn 0.5081 -0.0000 0.8613
vn 0.6035 -0.2017 0.7714
vn 0.6162 -0.0000 0.7876
vn 0.2679 -0.0000 0.9634
vn 0.3833 -0.2018 0.9013
vn 0.3914 -0.0000 0.9202
vn 0.0094 -0.0000 1.0000
vn 0.1369 -0.2023 0.9697
vn 0.1398 -0.0000 0.9902
vn -0.2497 -0.0000 0.9683
vn -0.1187 -0.2019 0.9722
vn -0.1212 -0.0000 0.9926
vn -0.4918 -0.0000 0.8707
vn -0.3663 -0.2020 0.9083
vn -0.3740 -0.0000 0.9274
vn -0.7004 -0.0000 0.7137
vn -0.5890 -0.2014 0.7827
vn -0.6013 -0.0000 0.7990
vn -0.8613 -0.0000 0.5081
vn -0.7714 -0.2018 0.6035
vn -0.7876 -0.0000 0.6162
vn -0.9635 -0.0000 0.2679
vn -0.9013 -0.2019 0.3833
vn -0.9202 -0.0000 0.3914
vn -1.0000 -0.0000 0.0094
vn -0.9698 -0.2020 0.1370
vn -0.9902 -0.0000 0.1398
vn -0.9683 -0.0000 -0.2497
vn -0.9722 -0.2019 -0.1187
vn -0.9926 -0.0000 -0.1212
vn -0.8707 -0.0000 -0.4918
vn -0.9083 -0.2020 -0.3663
vn -0.9274 -0.0000 -0.3740
vn -0.7137 -0.0000 -0.7004
vn -0.7827 -0.2014 -0.5890
vn -0.7990 -0.0000 -0.6013
vn -0.5081 -0.0000 -0.8613
vn -0.6035 -0.2018 -0.7714
vn -0.6162 -0.0000 -0.7876
vn -0.2679 -0.0000 -0.9635
vn -0.3833 -0.2019 -0.9013
vn -0.3914 -0.0000 -0.9202
vn -0.0094 -0.0000 -1.0000
vn -0.1370 -0.2022 -0.9697
vn -0.1398 -0.0000 -0.9902
vn 0.0490 -0.9805 -0.1901
vn -0.0001 -1.0000 0.0007
vn 0.0236 -0.9809 -0.1930
vn 0.0965 -0.9806 -0.1707
vn -0.0004 -1.0000 0.0010
vn 0.0727 -0.9809 -0.1803
vn 0.1377 -0.9805 -0.1403
vn -0.0007 -1.0000 0.0009
vn 0.1169 -0.9809 -0.1554
vn 0.1689 -0.9806 -0.0996
vn -0.0009 -1.0000 0.0007
vn 0.1532 -0.9809 -0.1198
vn 0.1891 -0.9806 -0.0526
vn -0.0010 -1.0000 0.0004
vn 0.1789 -0.9809 -0.0761
vn 0.1962 -0.9806 -0.0018
vn -0.0007 -1.0000 0.0001
vn 0.1925 -0.9809 -0.0272
vn 0.1901 -0.9805 0.0490
vn -0.0007 -1.0000 -0.0001
vn 0.1928 -0.9809 0.0235
vn 0.1709 -0.9806 0.0965
vn -0.0010 -1.0000 -0.0004
vn 0.1803 -0.9809 0.0727
vn 0.1400 -0.9806 0.1374
vn -0.0009 -1.0000 -0.0007
vn 0.1554 -0.9809 0.1170
vn 0.0998 -0.9805 0.1691
vn -0.0007 -1.0000 -0.0009
vn 0.1199 -0.9809 0.1532
vn 0.0526 -0.9805 0.1892
vn -0.0004 -1.0000 -0.0010
vn 0.0761 -0.9809 0.1789
vn 0.0018 -0.9805 0.1963
vn -0.0002 -1.0000 -0.0011
vn 0.0272 -0.9809 0.1925
vn -0.0490 -0.9806 0.1900
vn 0.0001 -1.0000 -0.0011
vn -0.0235 -0.9809 0.1928
vn -0.0963 -0.9806 0.1706
vn 0.0004 -1.0000 -0.0010
vn -0.0727 -0.9809 0.1803
vn -0.1376 -0.9805 0.1402
vn 0.0007 -1.0000 -0.0009
vn -0.1169 -0.9809 0.1554
vn -0.1690 -0.9806 0.0997
vn 0.0009 -1.0000 -0.0007
vn -0.1532 -0.9809 0.1198
vn -0.1891 -0.9806 0.0526
vn 0.0010 -1.0000 -0.0004
vn -0.1789 -0.9809 0.0761
vn -0.1965 -0.9805 0.0018
vn 0.0011 -1.0000 -0.0002
vn -0.1925 -0.9809 0.0272
vn -0.1897 -0.9806 -0.0489
vn 0.0011 -1.0000 0.0001
vn -0.1930 -0.9809 -0.0236
vn -0.1711 -0.9805 -0.0966
vn 0.0010 -1.0000 0.0004
vn -0.1803 -0.9809 -0.0727
vn -0.1401 -0.9806 -0.1375
vn 0.0009 -1.0000 0.0007
vn -0.1553 -0.9809 -0.1169
vn -0.0999 -0.9805 -0.1693
vn 0.0007 -1.0000 0.0009
vn -0.1199 -0.9809 -0.1532
vn -0.0525 -0.9806 -0.1889
vn 0.0004 -1.0000 0.0010
vn -0.0761 -0.9809 -0.1789
vn -0.0018 -0.9806 -0.1962
vn 0.0002 -1.0000 0.0011
vn -0.0272 -0.9809 -0.1925
vn 0.0998 -0.5677 -0.8172
vn 0.1366 -0.8371 -0.5298
vn 0.0661 -0.8384 -0.5411
vn 0.3079 -0.5678 -0.7634
vn 0.2691 -0.8370 -0.4765
vn 0.2038 -0.8384 -0.5055
vn 0.4949 -0.5678 -0.6577
vn 0.3833 -0.8370 -0.3905
vn 0.3278 -0.8384 -0.4356
vn 0.6484 -0.5677 -0.5073
vn 0.4712 -0.8370 -0.2780
vn 0.4293 -0.8384 -0.3359
vn 0.7575 -0.5678 -0.3222
vn 0.5271 -0.8370 -0.1466
vn 0.5016 -0.8384 -0.2133
vn 0.8151 -0.5678 -0.1151
vn 0.5471 -0.8371 -0.0051
vn 0.5397 -0.8384 -0.0762
vn 0.8171 -0.5678 0.0998
vn 0.5298 -0.8370 0.1366
vn 0.5411 -0.8383 0.0661
vn 0.7634 -0.5679 0.3078
vn 0.4764 -0.8370 0.2691
vn 0.5055 -0.8384 0.2038
vn 0.6578 -0.5678 0.4950
vn 0.3905 -0.8370 0.3833
vn 0.4356 -0.8383 0.3278
vn 0.5072 -0.5679 0.6483
vn 0.2780 -0.8371 0.4712
vn 0.3359 -0.8383 0.4294
vn 0.3222 -0.5678 0.7575
vn 0.1466 -0.8370 0.5272
vn 0.2133 -0.8384 0.5016
vn 0.1151 -0.5678 0.8151
vn 0.0051 -0.8371 0.5470
vn 0.0762 -0.8383 0.5398
vn -0.0998 -0.5677 0.8172
vn -0.1367 -0.8370 0.5299
vn -0.0661 -0.8384 0.5410
vn -0.3079 -0.5677 0.7635
vn -0.2691 -0.8370 0.4764
vn -0.2039 -0.8384 0.5055
vn -0.4950 -0.5677 0.6578
vn -0.3832 -0.8371 0.3905
vn -0.3278 -0.8384 0.4356
vn -0.6483 -0.5678 0.5072
vn -0.4712 -0.8371 0.2780
vn -0.4294 -0.8383 0.3359
vn -0.7575 -0.5678 0.3221
vn -0.5272 -0.8370 0.1466
vn -0.5017 -0.8383 0.2133
vn -0.8152 -0.5676 0.1151
vn -0.5471 -0.8370 0.0051
vn -0.5397 -0.8384 0.0762
vn -0.8172 -0.5677 -0.0998
vn -0.5298 -0.8371 -0.1366
vn -0.5410 -0.8384 -0.0661
vn -0.7635 -0.5678 -0.3079
vn -0.4764 -0.8370 -0.2691
vn -0.5055 -0.8384 -0.2038
vn -0.6578 -0.5677 -0.4950
vn -0.3905 -0.8370 -0.3833
vn -0.4356 -0.8383 -0.3278
vn -0.5072 -0.5678 -0.6483
vn -0.2780 -0.8370 -0.4712
vn -0.3359 -0.8384 -0.4293
vn -0.3221 -0.5678 -0.7575
vn -0.1466 -0.8370 -0.5271
vn -0.2133 -0.8383 -0.5017
vn -0.1151 -0.5677 -0.8152
vn -0.0051 -0.8370 -0.5472
vn -0.0762 -0.8384 -0.5398
vn 0.2059 -0.5659 -0.7984
vn 0.4055 -0.5658 -0.7179
vn 0.5775 -0.5659 -0.5885
vn 0.7100 -0.5660 -0.4189
vn 0.7943 -0.5659 -0.2209
vn 0.8245 -0.5659 -0.0078
vn 0.7983 -0.5659 0.2059
vn 0.7179 -0.5659 0.4055
vn 0.5885 -0.5659 0.5775
vn 0.4189 -0.5658 0.7101
vn 0.2209 -0.5659 0.7943
vn 0.0078 -0.5659 0.8245
vn -0.2059 -0.5659 0.7984
vn -0.4055 -0.5659 0.7179
vn -0.5775 -0.5659 0.5884
vn -0.7102 -0.5658 0.4190
vn -0.7944 -0.5658 0.2209
vn -0.8245 -0.5657 0.0078
vn -0.7984 -0.5658 -0.2059
vn -0.7179 -0.5658 -0.4055
vn -0.5885 -0.5659 -0.5775
vn -0.4189 -0.5659 -0.7101
vn -0.2209 -0.5659 -0.7943
vn -0.0078 -0.5659 -0.8245
vn 0.0004 -1.0000 -0.0007
vn 0.4819 -0.1996 -0.8532
vn 0.0002 -1.0000 -0.0008
vn 0.2447 -0.1998 -0.9488
vn 0.0002 -1.0000 0.0008
vn -0.0000 -1.0000 -0.0009
vn 0.2625 -0.1997 0.9440
vn -0.0092 -0.1997 -0.9798
vn -0.0002 -1.0000 -0.0007
vn -0.0000 -1.0000 0.0008
vn -0.2625 -0.2001 -0.9440
vn 0.0092 -0.1997 0.9798
vn -0.0004 -1.0000 -0.0007
vn -0.4979 -0.2000 -0.8439
vn -0.0005 -1.0000 -0.0005
vn -0.6993 -0.1998 -0.6863
vn -0.0007 -1.0000 -0.0004
vn -0.8531 -0.1999 -0.4819
vn -0.0008 -1.0000 -0.0002
vn -0.9488 -0.1997 -0.2447
vn -0.0009 -1.0000 -0.0000
vn -0.9798 -0.1998 0.0092
vn -0.0008 -1.0000 0.0002
vn -0.9440 -0.2000 0.2625
vn -0.0007 -1.0000 0.0004
vn -0.8439 -0.2000 0.4979
vn -0.0006 -1.0000 0.0006
vn -0.6863 -0.1997 0.6994
vn -0.0004 -1.0000 0.0007
vn -0.4819 -0.2005 0.8530
vn -0.0002 -1.0000 0.0007
vn -0.2447 -0.1998 0.9488
vn 0.0004 -1.0000 0.0007
vn 0.4978 -0.2001 0.8439
vn 0.0005 -1.0000 0.0005
vn 0.6994 -0.1997 0.6863
vn 0.0007 -1.0000 0.0004
vn 0.8531 -0.1999 0.4819
vn 0.0008 -1.0000 0.0002
vn 0.9487 -0.2001 0.2447
vn 0.0009 -1.0000 -0.0000
vn 0.9798 -0.1999 -0.0092
vn 0.0008 -1.0000 -0.0002
vn 0.9440 -0.1998 -0.2625
vn 0.0007 -1.0000 -0.0004
vn 0.8439 -0.1997 -0.4979
vn 0.0005 -1.0000 -0.0005
vn 0.6863 -0.1998 -0.6993
vn 0.0009 -1.0000 0.0002
vn -0.0009 -1.0000 -0.0004
vn 0.0005 -1.0000 -0.0008
vn -0.0004 -1.0000 0.0009
vn -0.0008 -1.0000 0.0005
vn 0.0008 -1.0000 -0.0006
vn -0.0007 -1.0000 0.0007
vn 0.0007 -1.0000 -0.0007
vn -0.0006 -1.0000 0.0008
vn -0.0009 -1.0000 0.0003
vn 0.0009 -1.0000 -0.0004
vn -0.0007 -1.0000 -0.0007
vn 0.0006 -1.0000 0.0007
vn 0.0008 -1.0000 -0.0005
vn -0.0007 -1.0000 0.0006
vn 0.0008 -1.0000 0.0005
vn -0.0008 -1.0000 -0.0006
vn -0.0000 -1.0000 -0.0010
vn -0.0001 -1.0000 0.0009
vn -0.0010 -1.0000 -0.0000
vn 0.0009 -1.0000 -0.0001
vn 0.0002 -1.0000 -0.0009
vn 0.0009 -1.0000 -0.0003
vn -0.0009 -1.0000 0.0004
vn 0.0003 -1.0000 0.0009
vn -0.0001 -1.0000 -0.0009
vn -0.0009 -1.0000 -0.0002
vn 0.0009 -1.0000 0.0001
vn 0.0010 -1.0000 -0.0000
vn -0.0009 -1.0000 0.0001
vn -0.0005 -1.0000 -0.0008
vn 0.0004 -1.0000 0.0009
vn -0.0008 -1.0000 -0.0005
vn 0.0009 -1.0000 0.0004
vn 0.0007 -1.0000 0.0007
vn -0.0006 -1.0000 -0.0007
vn -0.0009 -1.0000 -0.0001
vn 0.0008 -1.0000 0.0006
vn 0.0005 -1.0000 0.0008
vn -0.0004 -1.0000 -0.0009
vn -0.0003 -1.0000 -0.0009
vn 0.0001 -1.0000 0.0009
vn -0.0002 -1.0000 0.0009
vn 0.0004 -1.0000 -0.0009
vn -0.0000 -1.0000 0.0010
vn 0.0001 -1.0000 -0.0009
vn -0.0005 -1.0000 0.0008
vn 0.0006 -1.0000 -0.0008
vn -0.9634 -0.0000 0.2679
vn -0.2679 -0.0000 -0.9634
vn 0.9634 -0.0000 -0.2679
vn 0.1119 -0.3848 -0.9162
vn 0.1789 -0.6979 -0.6935
vn 0.0863 -0.7021 -0.7069
vn 0.0956 -0.9238 -0.3708
vn 0.0463 -0.9241 -0.3792
vn 0.3452 -0.3848 -0.8560
vn 0.3523 -0.6979 -0.6236
vn 0.2663 -0.7020 -0.6605
vn 0.1883 -0.9238 -0.3334
vn 0.1428 -0.9243 -0.3540
vn 0.5550 -0.3848 -0.7375
vn 0.5017 -0.6979 -0.5112
vn 0.4282 -0.7021 -0.5690
vn 0.2682 -0.9238 -0.2733
vn 0.2295 -0.9243 -0.3050
vn 0.7271 -0.3843 -0.5689
vn 0.6169 -0.6979 -0.3639
vn 0.5609 -0.7020 -0.4388
vn 0.3301 -0.9236 -0.1947
vn 0.3009 -0.9241 -0.2354
vn 0.8494 -0.3848 -0.3612
vn 0.6900 -0.6979 -0.1919
vn 0.6553 -0.7021 -0.2787
vn 0.3693 -0.9236 -0.1027
vn 0.3516 -0.9242 -0.1495
vn 0.9139 -0.3848 -0.1291
vn 0.7162 -0.6979 -0.0067
vn 0.7051 -0.7021 -0.0996
vn 0.3829 -0.9238 -0.0036
vn 0.3783 -0.9241 -0.0534
vn 0.9162 -0.3848 0.1119
vn 0.6935 -0.6979 0.1789
vn 0.7069 -0.7020 0.0863
vn 0.3711 -0.9236 0.0957
vn 0.3792 -0.9242 0.0463
vn 0.8560 -0.3848 0.3452
vn 0.6236 -0.6979 0.3523
vn 0.6605 -0.7020 0.2663
vn 0.3339 -0.9235 0.1886
vn 0.3543 -0.9242 0.1429
vn 0.7375 -0.3848 0.5550
vn 0.5112 -0.6979 0.5017
vn 0.5690 -0.7020 0.4282
vn 0.2733 -0.9238 0.2682
vn 0.3053 -0.9241 0.2297
vn 0.5688 -0.3848 0.7270
vn 0.3639 -0.6979 0.6169
vn 0.4388 -0.7020 0.5609
vn 0.1946 -0.9238 0.3298
vn 0.2354 -0.9242 0.3009
vn 0.3612 -0.3848 0.8494
vn 0.1919 -0.6979 0.6900
vn 0.2787 -0.7020 0.6553
vn 0.1026 -0.9238 0.3690
vn 0.1495 -0.9242 0.3516
vn 0.1291 -0.3848 0.9139
vn 0.0067 -0.6979 0.7162
vn 0.0996 -0.7021 0.7051
vn 0.0036 -0.9238 0.3829
vn 0.0534 -0.9243 0.3778
vn -0.1119 -0.3848 0.9162
vn -0.1789 -0.6979 0.6935
vn -0.0863 -0.7020 0.7069
vn -0.0956 -0.9238 0.3708
vn -0.0462 -0.9244 0.3787
vn -0.3452 -0.3848 0.8560
vn -0.3523 -0.6979 0.6236
vn -0.2663 -0.7021 0.6605
vn -0.1886 -0.9236 0.3338
vn -0.1429 -0.9242 0.3543
vn -0.5550 -0.3848 0.7375
vn -0.5017 -0.6979 0.5112
vn -0.4282 -0.7021 0.5690
vn -0.2682 -0.9238 0.2733
vn -0.2297 -0.9241 0.3053
vn -0.7270 -0.3848 0.5687
vn -0.6169 -0.6979 0.3639
vn -0.5609 -0.7020 0.4388
vn -0.3303 -0.9235 0.1949
vn -0.3009 -0.9241 0.2354
vn -0.8494 -0.3848 0.3612
vn -0.6900 -0.6979 0.1919
vn -0.6553 -0.7020 0.2787
vn -0.3694 -0.9236 0.1027
vn -0.3516 -0.9242 0.1495
vn -0.9139 -0.3848 0.1291
vn -0.7162 -0.6979 0.0067
vn -0.7051 -0.7021 0.0996
vn -0.3829 -0.9238 0.0036
vn -0.3783 -0.9241 0.0534
vn -0.9162 -0.3848 -0.1119
vn -0.6935 -0.6979 -0.1789
vn -0.7069 -0.7020 -0.0863
vn -0.3708 -0.9238 -0.0956
vn -0.3792 -0.9242 -0.0463
vn -0.8560 -0.3848 -0.3452
vn -0.6236 -0.6979 -0.3523
vn -0.6605 -0.7020 -0.2663
vn -0.3334 -0.9238 -0.1884
vn -0.3543 -0.9242 -0.1429
vn -0.7375 -0.3848 -0.5550
vn -0.5112 -0.6979 -0.5017
vn -0.5690 -0.7021 -0.4282
vn -0.2733 -0.9238 -0.2682
vn -0.3053 -0.9241 -0.2297
vn -0.5687 -0.3848 -0.7270
vn -0.3639 -0.6979 -0.6169
vn -0.4388 -0.7021 -0.5609
vn -0.1946 -0.9238 -0.3298
vn -0.2354 -0.9241 -0.3009
vn -0.3613 -0.3845 -0.8495
vn -0.1919 -0.6979 -0.6900
vn -0.2787 -0.7021 -0.6553
vn -0.1026 -0.9238 -0.3689
vn -0.1495 -0.9242 -0.3516
vn -0.1291 -0.3848 -0.9139
vn -0.0067 -0.6979 -0.7162
vn -0.0996 -0.7021 -0.7051
vn -0.0036 -0.9238 -0.3829
vn -0.0534 -0.9241 -0.3783
vn 0.4541 -0.3839 -0.8040
vn 0.2306 -0.3839 -0.8941
vn -0.0087 -0.3839 -0.9233
vn 0.2474 -0.3839 0.8896
vn 0.0087 -0.3839 0.9233
vn -0.2473 -0.3842 -0.8895
vn -0.4692 -0.3839 -0.7953
vn -0.6590 -0.3839 -0.6468
vn -0.8040 -0.3839 -0.4542
vn -0.8941 -0.3839 -0.2306
vn -0.9233 -0.3839 0.0087
vn -0.8896 -0.3839 0.2474
vn -0.7953 -0.3839 0.4692
vn -0.6468 -0.3839 0.6590
vn -0.4541 -0.3842 0.8039
vn -0.2306 -0.3839 0.8941
vn 0.4692 -0.3839 0.7953
vn 0.6590 -0.3839 0.6468
vn 0.8038 -0.3844 0.4541
vn 0.8939 -0.3844 0.2305
vn 0.9233 -0.3839 -0.0087
vn 0.8896 -0.3839 -0.2474
vn 0.7953 -0.3839 -0.4692
vn 0.6468 -0.3839 -0.6590
vn -0.0000 -1.0000 -0.0000
vn 0.9999 0.0040 -0.0104
vn 0.9999 0.0039 -0.0105
vn 0.9999 0.0041 -0.0104
vn -0.9612 -0.0007 0.2759
vn -1.0000 0.0007 0.0093
vn -0.9573 -0.0007 0.2890
vn -0.1464 -0.0011 -0.9892
vn -0.0778 -0.0005 -0.9970
vn 0.0708 -0.6058 0.7924
vn 0.1443 -0.4943 0.8572
vn 0.1340 -0.5956 0.7920
vn -0.0820 -0.1813 0.9800
vn -0.0548 -0.0188 0.9983
vn -0.1191 -0.0123 0.9928
vn -0.1478 -0.0013 -0.9890
vn -0.1477 -0.0010 -0.9890
vn 0.0004 -0.9881 0.1536
vn 0.0020 -1.0000 -0.0018
vn 0.0003 -0.9879 0.1550
vn 0.0146 -0.9317 0.3628
vn 0.0017 -0.9879 0.1550
vn 0.0024 -0.9879 0.1550
vn 0.0670 -0.4002 0.9140
vn 0.0285 -0.5752 0.8175
vn 0.0493 -0.5725 0.8185
vn -0.0260 -0.7184 0.6952
vn -0.0339 -0.5715 0.8199
vn -0.0255 -0.7182 0.6953
vn -0.0069 -0.8405 0.5418
vn -0.0186 -0.8401 0.5421
vn -0.0078 -0.9317 0.3630
vn -0.0184 -0.8409 0.5409
vn -0.0075 -0.9313 0.3641
vn 0.1004 -0.1814 0.9783
vn 0.0736 -0.0188 0.9971
vn 0.0547 -0.1876 0.9807
vn -0.0499 -0.4003 0.9150
vn -0.0818 -0.1779 0.9806
vn -0.0496 -0.3964 0.9167
vn -0.0207 -0.4062 0.9136
vn -0.1141 -0.7436 -0.6588
vn -0.1115 -0.7567 -0.6442
vn -0.1146 -0.7410 -0.6616
vn 0.1040 -0.0022 0.9946
vn 0.1031 -0.0021 0.9947
vn -0.0306 -0.0043 0.9995
vn -0.0642 -0.7241 -0.6867
vn -0.0603 -0.7238 -0.6874
vn -0.1256 -0.0376 0.9914
vn -0.0669 -0.0616 0.9959
vn -0.1258 -0.1743 0.9766
vn -0.0803 -0.0026 0.9968
vn -0.1024 -0.0226 0.9945
vn -0.0718 -0.5618 0.8242
vn 0.0545 -0.3870 0.9205
vn -0.0789 -0.3848 0.9196
vn -0.0481 -0.8337 0.5501
vn 0.0730 -0.7125 0.6979
vn -0.0605 -0.7114 0.7001
vn -0.0328 -0.9269 0.3740
vn 0.1134 -0.9806 0.1597
vn 0.0996 -0.9240 0.3692
vn -0.0194 -0.9865 0.1624
vn 0.1259 -0.9920 -0.0021
vn -0.0222 -0.9900 0.1394
vn -0.0090 -0.9918 0.1272
vn -0.0481 -0.9980 0.0407
vn 0.0026 -1.0000 -0.0007
vn 0.0003 -1.0000 -0.0004
vn 0.0597 -0.8337 0.5490
vn -0.0918 -0.9241 0.3710
vn 0.0407 -0.9268 0.3732
vn 0.0894 -0.5618 0.8224
vn -0.0588 -0.7129 0.6988
vn 0.0754 -0.7114 0.6987
vn 0.1048 -0.1682 0.9802
vn -0.0348 -0.3868 0.9215
vn 0.0984 -0.3847 0.9178
vn 0.9604 0.0028 -0.2786
vn 0.9999 0.0044 -0.0096
vn 1.0000 0.0038 -0.0091
vn -1.0000 0.0007 0.0094
vn -0.9658 -0.0003 -0.2591
vn 0.0010 -0.9879 0.1550
vn -0.0637 -0.0189 0.9978
vn -0.0027 -1.0000 -0.0006
vn -0.0093 -1.0000 -0.0003
vn 0.0229 -0.9866 0.1616
vn -0.1261 -0.9920 0.0002
vn 0.0090 -1.0000 -0.0008
vn -0.7195 -0.0032 0.6945
vn -0.8177 -0.0950 0.5678
vn -0.7278 -0.1154 0.6760
vn -0.0364 -0.8106 0.5844
vn -0.0641 -0.8774 0.4754
vn -0.0312 -0.8795 0.4748
vn -0.0773 -0.8144 0.5752
vn 0.4703 -0.5587 0.6832
vn 0.7318 -0.0034 0.6815
vn 0.8282 -0.0954 0.5523
vn 0.8089 -0.0027 0.5880
vn 0.7556 -0.2582 0.6019
vn 0.8504 -0.3024 0.4306
vn 0.8392 -0.2161 0.4990
vn 0.7723 -0.4588 0.4394
vn 0.8595 -0.4319 0.2734
vn 0.8534 -0.3777 0.3592
vn 0.7838 -0.5799 0.2220
vn 0.8692 -0.4896 0.0692
vn 0.8623 -0.4738 0.1786
vn 0.7984 -0.6021 -0.0084
vn 0.7888 -0.6079 0.0905
vn 0.8698 -0.4934 -0.0087
vn 0.8692 -0.4945 -0.0090
vn -0.0558 -0.6059 0.7936
vn -0.1282 -0.4943 0.8598
vn -0.0619 -0.4978 0.8651
vn -0.1191 -0.5954 0.7946
vn -0.6046 -0.5986 0.5255
vn -0.8059 -0.5919 0.0071
vn -0.5279 -0.7165 0.4561
vn -0.7984 -0.6021 0.0066
vn -0.8679 -0.4894 0.0853
vn -0.8692 -0.4944 0.0073
vn -0.7794 -0.5800 0.2368
vn -0.8543 -0.4318 0.2894
vn -0.8588 -0.4738 0.1948
vn -0.7637 -0.4590 0.4540
vn -0.8421 -0.3025 0.4464
vn -0.8465 -0.3777 0.3752
vn -0.7441 -0.2583 0.6162
vn -0.8298 -0.2160 0.5146
vn 0.8330 -0.0057 0.5533
vn 0.8124 -0.0062 0.5831
vn 0.7776 -0.1128 0.6185
vn 0.7492 -0.6153 -0.2451
vn 0.7319 -0.6814 -0.0050
vn 0.7496 -0.6222 -0.2260
vn 0.8180 -0.0015 -0.5752
vn 0.9631 0.0029 -0.2690
vn -0.9771 -0.0003 -0.2127
vn -0.8703 -0.0040 -0.4925
vn -0.7195 -0.6839 0.1208
vn -0.7175 -0.6966 0.0075
vn -0.7192 -0.6839 0.1225
vn -0.8578 -0.0182 0.5137
vn -0.8235 -0.0135 0.5672
vn -0.8055 -0.0164 0.5924
vn 0.7384 -0.4822 0.4715
vn 0.7461 -0.3765 0.5491
vn -0.7278 -0.4834 0.4864
vn -0.7269 -0.5682 0.3856
vn -0.7270 -0.5684 0.3852
vn 0.7465 -0.2583 0.6132
vn 0.7777 -0.1135 0.6183
vn 0.7772 -0.1158 0.6185
vn -0.7334 -0.2589 0.6285
vn -0.7340 -0.3777 0.5645
vn -0.7341 -0.3776 0.5643
vn 0.7260 -0.6388 0.2547
vn 0.7357 -0.5667 0.3709
vn 0.7357 -0.5669 0.3707
vn -0.7195 -0.6403 0.2689
vn 0.7131 -0.5205 -0.4697
vn 0.7130 -0.5239 -0.4659
vn -0.7527 -0.6233 -0.2123
vn -0.8045 -0.2750 -0.5265
vn -0.8082 -0.2604 -0.5282
vn 0.7187 -0.6953 -0.0060
vn 0.7230 -0.6825 0.1071
vn 0.7228 -0.6824 0.1089
vn -0.7175 -0.6965 0.0073
vn -0.7306 -0.6828 0.0087
vn -0.0792 -0.0005 -0.9969
vn -0.0587 -0.0239 0.9980
vn -0.0579 -0.1577 0.9858
vn 0.9999 0.0047 -0.0094
vn -0.9304 -0.3665 0.0088
vn -0.9268 -0.3754 0.0087
vn 0.8678 -0.0099 -0.4968
vn 0.8947 -0.0075 -0.4467
vn 0.8588 -0.0065 -0.5123
vn -0.8699 -0.0097 -0.4931
vn -0.8787 -0.0135 -0.4771
vn -0.9217 -0.3553 0.1556
vn -0.9240 -0.2661 0.2746
vn -0.9246 -0.1425 0.3532
vn -0.9258 -0.0632 0.3726
vn -0.8213 -0.0064 0.5705
vn 0.9999 0.0059 -0.0095
vn 0.9999 0.0051 -0.0100
vn 0.8598 -0.0113 0.5105
vn 0.1029 -0.0024 0.9947
vn -0.0834 -0.1681 0.9822
vn 0.0506 -0.0046 0.9987
vn 0.8512 -0.0059 0.5248
vn 0.8659 -0.0065 0.5001
vn 0.8659 -0.0065 0.5002
vn 0.0884 -0.0585 0.9944
vn -0.4574 -0.5587 0.6918
vn -0.7974 -0.0027 0.6034
vn 0.0476 -0.8103 0.5841
vn 0.0730 -0.8774 0.4741
vn 0.0883 -0.8133 0.5751
vn -0.1363 -0.0126 0.9906
vn -0.1194 -0.0076 0.9928
vn 0.7507 -0.5994 -0.2778
vn 0.7320 -0.6813 -0.0063
vn 0.7507 -0.6105 -0.2525
vn 0.8179 -0.0080 -0.5753
vn 0.8179 -0.0062 -0.5753
vn -0.9049 -0.0112 -0.4254
vn -0.9129 -0.4012 0.0748
vn -0.7175 -0.6965 0.0070
vn -0.7192 -0.6842 0.1210
vn -0.8546 -0.0070 0.5192
vn 0.7385 -0.4811 0.4724
vn 0.7460 -0.3759 0.5498
vn 0.7461 -0.3760 0.5496
vn -0.7278 -0.4823 0.4875
vn -0.9170 -0.3272 0.2280
vn -0.7270 -0.5676 0.3865
vn 0.7467 -0.2577 0.6132
vn 0.7779 -0.1112 0.6184
vn -0.7335 -0.2582 0.6287
vn -0.9186 -0.2169 0.3305
vn -0.7340 -0.3770 0.5649
vn 0.7261 -0.6381 0.2562
vn 0.7356 -0.5659 0.3724
vn 0.7357 -0.5661 0.3719
vn -0.7197 -0.6395 0.2704
vn 0.7131 -0.5086 -0.4826
vn -0.9076 -0.3857 -0.1659
vn -0.8035 -0.2658 -0.5326
vn -0.7544 -0.6114 -0.2388
vn 0.7188 -0.6952 -0.0065
vn 0.7231 -0.6826 0.1059
vn 0.7229 -0.6826 0.1074
vn -0.7307 -0.6826 0.0075
vn 0.9724 0.0030 -0.2334
vn 0.8591 -0.0011 -0.5117
vn 0.8953 -0.0011 -0.4455
vn -0.7651 -0.1177 0.6331
vn 0.7319 -0.6813 -0.0054
vn -0.9056 -0.0044 -0.4241
vn -0.8569 -0.0148 0.5153
vn 0.7383 -0.4820 0.4718
vn -0.7278 -0.4831 0.4867
vn 0.7466 -0.2581 0.6131
vn -0.7335 -0.2587 0.6285
vn 0.7260 -0.6386 0.2551
vn -0.7195 -0.6401 0.2693
vn -0.7527 -0.6164 -0.2313
vn 0.7188 -0.6952 -0.0062
vn -0.7306 -0.6827 0.0083
vn -0.7640 -0.1135 0.6351
vn -0.2877 -0.1635 0.9436
vn -0.5266 -0.0050 0.8501
vn -0.5261 -0.1447 0.8380
vn -0.0467 -0.6372 0.7693
vn -0.1172 -0.4339 0.8933
vn 0.2244 -0.3525 0.9085
vn -0.0995 -0.6510 0.7525
vn 0.3089 -0.0066 0.9511
vn 0.5411 -0.0054 0.8409
vn 0.3145 -0.3696 0.8743
vn 0.5650 -0.4694 0.6786
vn 0.5542 -0.3254 0.7662
vn 0.3348 -0.6762 0.6563
vn 0.5814 -0.6837 0.4410
vn 0.5736 -0.5893 0.5690
vn 0.3573 -0.8691 0.3421
vn 0.5999 -0.7906 0.1224
vn 0.5908 -0.7518 0.2928
vn 0.3868 -0.9222 -0.0046
vn 0.6161 -0.7877 -0.0067
vn -0.0439 -0.7883 0.6137
vn -0.0629 -0.9135 0.4020
vn -0.3836 -0.8635 0.3275
vn -0.0953 -0.7751 0.6247
vn -0.4120 -0.9112 0.0035
vn -0.6374 -0.7705 0.0056
vn -0.3502 -0.8693 0.3488
vn -0.5725 -0.6840 0.4521
vn -0.5850 -0.7519 0.3040
vn -0.3214 -0.6764 0.6627
vn -0.5514 -0.4697 0.6894
vn -0.5623 -0.5895 0.5799
vn -0.2968 -0.3698 0.8804
vn -0.5390 -0.3256 0.7769
vn 0.4118 -0.9113 -0.0042
vn 0.6373 -0.7706 -0.0064
vn -0.3868 -0.9222 0.0027
vn -0.5974 -0.7907 0.1336
vn -0.6161 -0.7876 0.0048
vn -0.2928 -0.0061 0.9562
vn -0.2088 -0.3493 0.9134
vn 0.5415 -0.1445 0.8282
vn 0.1141 -0.6482 0.7529
vn 0.0722 -0.4126 0.9081
vn 0.0616 -0.6362 0.7691
vn 0.3760 -0.4836 0.7904
vn 0.7647 -0.3684 0.5286
vn 0.7765 -0.5311 0.3391
vn 0.1071 -0.7749 0.6230
vn 0.0355 -0.9220 0.3857
vn 0.0555 -0.7882 0.6129
vn -0.7699 -0.5312 0.3537
vn -0.7544 -0.3687 0.5431
vn 0.8059 -0.5920 -0.0081
vn -0.7870 -0.6080 0.1052
vn -0.3622 -0.4820 0.7978
vn 0.7405 -0.1157 0.6621
vn -0.0285 -0.1708 0.9849
vn -0.0283 -0.9220 0.3862
vn 0.0747 -0.2100 0.9748
vn 0.3255 -0.5364 0.7787
vn 0.3459 -0.7870 0.5109
vn 0.3693 -0.9178 0.1455
vn -0.0010 -1.0000 -0.0015
vn -0.0000 -1.0000 -0.0008
vn -0.2206 -0.9574 0.1861
vn -0.1413 -0.9900 0.0008
vn -0.3355 -0.7872 0.5175
vn -0.3094 -0.5367 0.7850
vn 0.1412 -0.9900 -0.0019
vn -0.3663 -0.9179 0.1524
vn -0.0570 -0.2064 0.9768
vn 0.0490 -0.1708 0.9841
vn 0.3058 -0.1635 0.9380
vn 0.0010 -1.0000 -0.0015
vn 0.0001 -1.0000 -0.0008
vn 0.0489 -0.9980 0.0398
vn 0.6144 -0.5986 0.5141
vn -0.8698 -0.4933 0.0077
vn 0.7188 -0.6952 -0.0067
vn 0.7320 -0.6812 -0.0067
vn 0.3896 -0.8635 0.3203
vn 0.5363 -0.7165 0.4462
vn 0.2240 -0.9574 0.1820
vn -0.0001 -1.0000 -0.0010
vn -0.0024 -1.0000 -0.0016
vn 0.0705 -0.9134 0.4010
vn 0.0114 -0.9918 0.1270
vn 0.1447 -0.1683 0.9751
vn 0.1345 -0.4290 0.8932
vn 0.1378 -0.0075 0.9904
vn 0.1546 -0.0124 0.9879
vn 0.1376 -0.0122 0.9904
vn 0.1281 -0.0009 -0.9918
vn 0.1269 -0.0006 -0.9919
vn 0.1269 -0.0010 -0.9919
vn -0.0546 -0.4146 0.9084
vn 0.0026 -0.9881 0.1535
vn -0.0020 -1.0000 -0.0019
vn 0.1015 -0.7411 -0.6637
vn 0.0507 -0.7242 -0.6878
vn 0.0467 -0.7238 -0.6884
vn 0.1445 -0.0316 0.9890
vn 0.1243 -0.0196 0.9920
vn 0.0988 -0.7568 -0.6462
vn 0.1011 -0.7438 -0.6608
vn 0.1002 -0.1779 0.9789
vn 0.0669 -0.3964 0.9156
vn 0.0286 -0.8409 0.5405
vn 0.0143 -0.9313 0.3639
vn 0.0492 -0.5714 0.8192
vn 0.0391 -0.7184 0.6946
vn 0.0386 -0.7182 0.6947
vn 0.0001 -1.0000 -0.0010
vn 0.1257 -0.0007 -0.9921
vn 0.1256 -0.0015 -0.9921
vn 0.0248 -0.9900 0.1389
vn 0.0770 -0.1551 0.9849
vn 0.0824 -0.0187 0.9964
vn -0.1463 -0.0015 -0.9892
vn -0.1452 -0.0012 -0.9894
vn -0.0002 -1.0000 -0.0009
vn 0.0020 -1.0000 -0.0019
vn -0.0003 -1.0000 -0.0004
vn 0.0766 -0.0210 0.9968
vn 0.0385 -0.4064 0.9129
vn 0.0287 -0.8401 0.5417
vn 0.0093 -0.9325 0.3611
vn -0.0129 -0.5751 0.8179
vn -0.0340 -0.5725 0.8192
vn -0.0098 -0.7189 0.6950
vn -0.1096 -0.9808 0.1616
vn 0.0857 -0.8333 0.5462
vn 0.1283 -0.0005 -0.9917
vn 0.0583 -0.0003 -0.9983
vn -0.0742 -0.8333 0.5477
vn 0.0631 -0.5638 0.8235
vn -0.0025 -0.9325 0.3612
vn 0.0229 -0.7189 0.6947
vn -0.7650 -0.1216 0.6324
vn -0.0457 -0.5639 0.8246
vn 0.0170 -0.8405 0.5416
vn 0.0597 -0.0002 -0.9982
vn -0.0363 -0.1876 0.9816
vn 0.0398 -0.8797 0.4738
vn 0.0781 -0.4978 0.8638
vn 0.0581 -0.0002 -0.9983
vn -0.0001 -1.0000 -0.0008
vn 0.9999 0.0040 -0.0105
vn 0.9999 0.0039 -0.0103
vn 0.9999 0.0040 -0.0094
vn 0.9999 0.0040 -0.0093
vn -0.9261 -0.1675 -0.3380
vn 0.8943 -0.0111 -0.4473
vn -0.1360 -0.0079 0.9907
vn -0.9046 -0.0150 -0.4260
vn 0.7384 -0.4808 0.4728
vn 0.7467 -0.2575 0.6133
vn 0.7261 -0.6379 0.2567
vn 0.7129 -0.4989 -0.4928
vn 0.1546 -0.0076 0.9880
vn -0.1452 -0.0017 -0.9894
vt 0.431454 0.345158
vt 0.424586 0.342401
vt 0.431583 0.342401
vt 0.431120 0.350285
vt 0.424347 0.347801
vt 0.431344 0.347801
vt 0.430615 0.354610
vt 0.423925 0.352569
vt 0.430921 0.352569
vt 0.372882 0.327602
vt 0.365689 0.325250
vt 0.372656 0.325284
vt 0.373239 0.332779
vt 0.366154 0.330081
vt 0.373122 0.330114
vt 0.373360 0.338380
vt 0.366396 0.335516
vt 0.373363 0.335550
vt 0.373239 0.344023
vt 0.366396 0.341187
vt 0.373363 0.341221
vt 0.372882 0.349324
vt 0.366154 0.346706
vt 0.373122 0.346740
vt 0.372315 0.353921
vt 0.365689 0.351698
vt 0.372656 0.351732
vt 0.399940 0.382916
vt 0.407144 0.385283
vt 0.400250 0.385283
vt 0.399469 0.377671
vt 0.406528 0.380365
vt 0.399634 0.380365
vt 0.399310 0.372045
vt 0.406211 0.374882
vt 0.399317 0.374882
vt 0.399474 0.366422
vt 0.406213 0.369209
vt 0.399319 0.369209
vt 0.399948 0.361185
vt 0.406535 0.363732
vt 0.399641 0.363732
vt 0.400702 0.356691
vt 0.407154 0.358824
vt 0.400260 0.358824
vt 0.331701 0.381061
vt 0.338874 0.383515
vt 0.331911 0.383553
vt 0.331385 0.375651
vt 0.338443 0.378374
vt 0.331480 0.378413
vt 0.331312 0.369984
vt 0.338246 0.372788
vt 0.331284 0.372826
vt 0.331489 0.364445
vt 0.338299 0.367136
vt 0.331337 0.367174
vt 0.331903 0.359412
vt 0.338597 0.361804
vt 0.331635 0.361843
vt 0.430824 0.323916
vt 0.423580 0.321938
vt 0.430576 0.321938
vt 0.431268 0.328581
vt 0.424104 0.326142
vt 0.431100 0.326142
vt 0.431530 0.333923
vt 0.424460 0.331189
vt 0.431456 0.331189
vt 0.431594 0.339577
vt 0.424625 0.336734
vt 0.431621 0.336734
vt 0.297417 0.260260
vt 0.300039 0.263574
vt 0.296705 0.262911
vt 0.299836 0.255345
vt 0.301512 0.259226
vt 0.298463 0.257722
vt 0.303444 0.251224
vt 0.304059 0.255407
vt 0.301503 0.253165
vt 0.307994 0.248178
vt 0.307506 0.252379
vt 0.305617 0.249551
vt 0.313177 0.246415
vt 0.311619 0.250347
vt 0.310526 0.247126
vt 0.318638 0.246055
vt 0.316117 0.249449
vt 0.315894 0.246055
vt 0.324007 0.247121
vt 0.320694 0.249748
vt 0.321356 0.246411
vt 0.328916 0.249543
vt 0.325037 0.251222
vt 0.326540 0.248170
vt 0.333032 0.253154
vt 0.328851 0.253771
vt 0.331091 0.251212
vt 0.336074 0.257708
vt 0.331876 0.257221
vt 0.334702 0.255330
vt 0.337835 0.262895
vt 0.333906 0.261338
vt 0.337124 0.260243
vt 0.338194 0.268362
vt 0.334802 0.265841
vt 0.338193 0.265617
vt 0.337128 0.273736
vt 0.334503 0.270422
vt 0.337837 0.271084
vt 0.334708 0.278651
vt 0.333030 0.274770
vt 0.336078 0.276273
vt 0.331101 0.282772
vt 0.330483 0.278588
vt 0.333039 0.280830
vt 0.326551 0.285817
vt 0.327035 0.281617
vt 0.328924 0.284445
vt 0.321368 0.287581
vt 0.322923 0.283649
vt 0.324016 0.286870
vt 0.315907 0.287941
vt 0.318425 0.284546
vt 0.318648 0.287941
vt 0.310538 0.286874
vt 0.313848 0.284248
vt 0.313186 0.287585
vt 0.305629 0.284453
vt 0.309505 0.282774
vt 0.308002 0.285826
vt 0.301513 0.280842
vt 0.305690 0.280225
vt 0.303450 0.282783
vt 0.298471 0.276288
vt 0.302666 0.276774
vt 0.299840 0.278665
vt 0.296710 0.271101
vt 0.300636 0.272657
vt 0.297418 0.273752
vt 0.296350 0.265634
vt 0.299740 0.268155
vt 0.296349 0.268379
vt 0.424455 0.342391
vt 0.423787 0.344970
vt 0.423846 0.342291
vt 0.424216 0.347778
vt 0.423462 0.349953
vt 0.423614 0.347539
vt 0.301012 0.252713
vt 0.303360 0.251126
vt 0.301407 0.253080
vt 0.305261 0.248980
vt 0.307939 0.248062
vt 0.305547 0.249443
vt 0.366022 0.330102
vt 0.365585 0.332918
vt 0.365407 0.330328
vt 0.366263 0.335524
vt 0.365704 0.338361
vt 0.365642 0.335610
vt 0.366263 0.341181
vt 0.365585 0.343845
vt 0.365642 0.341121
vt 0.366022 0.346687
vt 0.365239 0.348996
vt 0.365407 0.346485
vt 0.331572 0.250696
vt 0.333132 0.253068
vt 0.331180 0.251114
vt 0.335300 0.254949
vt 0.336193 0.257650
vt 0.334812 0.255258
vt 0.406662 0.380344
vt 0.407075 0.377513
vt 0.407299 0.380131
vt 0.406345 0.374875
vt 0.406920 0.372046
vt 0.406990 0.374803
vt 0.406347 0.369216
vt 0.407079 0.366582
vt 0.406993 0.369290
vt 0.406668 0.363753
vt 0.407540 0.361492
vt 0.407305 0.363967
vt 0.333583 0.281286
vt 0.331189 0.282870
vt 0.333139 0.280916
vt 0.329334 0.285019
vt 0.326611 0.285935
vt 0.328999 0.284553
vt 0.338575 0.378357
vt 0.339036 0.375503
vt 0.339194 0.378186
vt 0.338379 0.372785
vt 0.338966 0.369996
vt 0.339003 0.372757
vt 0.338432 0.367147
vt 0.339138 0.364613
vt 0.339054 0.367265
vt 0.307724 0.286445
vt 0.305559 0.284562
vt 0.307947 0.285943
vt 0.303023 0.283303
vt 0.301417 0.280928
vt 0.303367 0.282882
vt 0.335028 0.317639
vt 0.335028 0.314926
vt 0.335575 0.317244
vt 0.424329 0.331207
vt 0.423861 0.334052
vt 0.423724 0.331395
vt 0.424493 0.336739
vt 0.423923 0.339546
vt 0.423884 0.336784
vt 0.296580 0.262886
vt 0.298349 0.257665
vt 0.310486 0.247002
vt 0.315888 0.245925
vt 0.321384 0.246283
vt 0.326600 0.248053
vt 0.337250 0.260202
vt 0.338325 0.265608
vt 0.337967 0.271110
vt 0.336198 0.276331
vt 0.324060 0.286993
vt 0.318659 0.288071
vt 0.313163 0.287713
vt 0.299734 0.278738
vt 0.297297 0.273794
vt 0.296221 0.268388
vt 0.424388 0.345141
vt 0.424055 0.350256
vt 0.423551 0.354570
vt 0.423794 0.352534
vt 0.365844 0.327596
vt 0.365558 0.325284
vt 0.366200 0.332760
vt 0.366321 0.338347
vt 0.366200 0.343976
vt 0.365844 0.349264
vt 0.365279 0.353850
vt 0.365558 0.351666
vt 0.406906 0.382889
vt 0.407276 0.385250
vt 0.406437 0.377657
vt 0.406278 0.372045
vt 0.406441 0.366436
vt 0.406915 0.361212
vt 0.407666 0.356729
vt 0.407286 0.358857
vt 0.338734 0.380999
vt 0.339005 0.383485
vt 0.338419 0.375603
vt 0.338347 0.369950
vt 0.338523 0.364425
vt 0.338936 0.359405
vt 0.338729 0.361829
vt 0.423759 0.323952
vt 0.423451 0.321979
vt 0.424202 0.328606
vt 0.423973 0.326173
vt 0.424464 0.333934
vt 0.424527 0.339574
vt 0.299730 0.255272
vt 0.302663 0.257234
vt 0.424184 0.350285
vt 0.300635 0.261352
vt 0.424518 0.345158
vt 0.334502 0.263560
vt 0.299742 0.265855
vt 0.406304 0.377671
vt 0.424658 0.339577
vt 0.300043 0.270436
vt 0.334803 0.268141
vt 0.424594 0.333923
vt 0.406145 0.372045
vt 0.423605 0.328861
vt 0.301518 0.274782
vt 0.424332 0.328581
vt 0.299294 0.279050
vt 0.304067 0.278598
vt 0.423888 0.323916
vt 0.339119 0.357156
vt 0.339250 0.357192
vt 0.307516 0.281624
vt 0.338805 0.359374
vt 0.339344 0.362084
vt 0.311630 0.283653
vt 0.338392 0.364407
vt 0.316128 0.284546
vt 0.338215 0.369946
vt 0.320704 0.284244
vt 0.338287 0.375613
vt 0.339344 0.380760
vt 0.325047 0.282767
vt 0.338603 0.381023
vt 0.339272 0.385771
vt 0.328859 0.280215
vt 0.332240 0.385844
vt 0.339142 0.385806
vt 0.334819 0.278724
vt 0.331882 0.276762
vt 0.406783 0.361185
vt 0.333910 0.272644
vt 0.406308 0.366422
vt 0.407532 0.382610
vt 0.333027 0.259214
vt 0.406774 0.382916
vt 0.407654 0.387385
vt 0.330478 0.255398
vt 0.400690 0.387423
vt 0.407524 0.387423
vt 0.328991 0.249434
vt 0.327029 0.252372
vt 0.365975 0.349290
vt 0.322915 0.250343
vt 0.366331 0.343990
vt 0.318417 0.249449
vt 0.366453 0.338347
vt 0.313840 0.249751
vt 0.366331 0.332746
vt 0.365239 0.327887
vt 0.309498 0.251229
vt 0.365975 0.327569
vt 0.365279 0.323207
vt 0.305685 0.253781
vt 0.372315 0.323202
vt 0.365408 0.323168
vt 0.361502 0.288965
vt 0.363479 0.290137
vt 0.361397 0.289275
vt 0.341249 0.295856
vt 0.340392 0.297992
vt 0.340098 0.297848
vt 0.363633 0.321389
vt 0.365440 0.319966
vt 0.365622 0.320238
vt 0.367446 0.318837
vt 0.367230 0.318591
vt 0.344272 0.292403
vt 0.342891 0.294245
vt 0.342645 0.294029
vt 0.359291 0.322866
vt 0.361404 0.321961
vt 0.361509 0.322271
vt 0.342654 0.317220
vt 0.341524 0.315214
vt 0.342900 0.317004
vt 0.348085 0.289851
vt 0.346275 0.291273
vt 0.346093 0.291001
vt 0.365615 0.290994
vt 0.367222 0.292639
vt 0.365434 0.291266
vt 0.338328 0.304477
vt 0.338946 0.302259
vt 0.338655 0.304498
vt 0.354715 0.323168
vt 0.356990 0.322841
vt 0.357011 0.323168
vt 0.339222 0.299974
vt 0.339532 0.300079
vt 0.352427 0.288373
vt 0.350311 0.289279
vt 0.350206 0.288969
vt 0.363489 0.321095
vt 0.373089 0.302182
vt 0.373062 0.304484
vt 0.372768 0.302246
vt 0.350216 0.322275
vt 0.352498 0.322549
vt 0.352435 0.322870
vt 0.344488 0.292649
vt 0.357003 0.288071
vt 0.354725 0.288398
vt 0.354704 0.288071
vt 0.340105 0.313404
vt 0.339532 0.311174
vt 0.340398 0.313259
vt 0.346103 0.320246
vt 0.348236 0.321102
vt 0.348091 0.321396
vt 0.369064 0.294019
vt 0.370191 0.296025
vt 0.368818 0.294235
vt 0.359217 0.288691
vt 0.359280 0.288370
vt 0.341521 0.296037
vt 0.344493 0.318600
vt 0.344277 0.318847
vt 0.359227 0.322545
vt 0.363624 0.289844
vt 0.348229 0.290144
vt 0.341252 0.315396
vt 0.367438 0.292393
vt 0.371613 0.297836
vt 0.372183 0.300065
vt 0.371320 0.297980
vt 0.338630 0.309058
vt 0.339223 0.311279
vt 0.370463 0.295843
vt 0.354736 0.322842
vt 0.352491 0.288694
vt 0.338653 0.306755
vt 0.338327 0.306777
vt 0.372492 0.299960
vt 0.372496 0.311266
vt 0.371323 0.313247
vt 0.372187 0.311161
vt 0.373390 0.306763
vt 0.373388 0.304462
vt 0.350322 0.321964
vt 0.356982 0.288398
vt 0.372769 0.308980
vt 0.373090 0.309044
vt 0.373063 0.306742
vt 0.370469 0.315384
vt 0.368824 0.316994
vt 0.370197 0.315202
vt 0.371617 0.313392
vt 0.338950 0.308994
vt 0.338625 0.302196
vt 0.346284 0.319973
vt 0.369070 0.317210
vt 0.361953 0.378106
vt 0.365239 0.379910
vt 0.362154 0.379926
vt 0.315120 0.379864
vt 0.317870 0.377984
vt 0.318175 0.379864
vt 0.325683 0.381495
vt 0.322807 0.379671
vt 0.325907 0.379682
vt 0.314381 0.367098
vt 0.317500 0.364885
vt 0.317435 0.367098
vt 0.361611 0.374023
vt 0.364812 0.376111
vt 0.361727 0.376127
vt 0.309538 0.379829
vt 0.306239 0.381553
vt 0.306451 0.379814
vt 0.309538 0.358824
vt 0.306239 0.357156
vt 0.309326 0.357171
vt 0.361457 0.369586
vt 0.364562 0.371815
vt 0.361477 0.371831
vt 0.309908 0.375865
vt 0.306690 0.377902
vt 0.306821 0.375850
vt 0.309908 0.362661
vt 0.306690 0.360651
vt 0.309777 0.360666
vt 0.326168 0.364516
vt 0.323178 0.366677
vt 0.323068 0.364506
vt 0.361500 0.365098
vt 0.364506 0.367314
vt 0.361422 0.367330
vt 0.310100 0.371481
vt 0.306973 0.373692
vt 0.307013 0.371466
vt 0.310100 0.366978
vt 0.306973 0.364762
vt 0.310060 0.364777
vt 0.325898 0.360507
vt 0.322984 0.362434
vt 0.322799 0.360497
vt 0.361738 0.360864
vt 0.364648 0.362915
vt 0.361563 0.362931
vt 0.307069 0.369211
vt 0.307013 0.366963
vt 0.310156 0.369225
vt 0.325494 0.357167
vt 0.322644 0.358728
vt 0.322394 0.357156
vt 0.362154 0.357172
vt 0.364978 0.358918
vt 0.361893 0.358934
vt 0.306821 0.362646
vt 0.310060 0.373707
vt 0.364823 0.360848
vt 0.325744 0.358739
vt 0.306451 0.358810
vt 0.309777 0.377917
vt 0.364585 0.365082
vt 0.326084 0.362445
vt 0.318466 0.381563
vt 0.315412 0.381563
vt 0.364542 0.369570
vt 0.326283 0.368921
vt 0.326278 0.366688
vt 0.314631 0.375958
vt 0.314816 0.377984
vt 0.364696 0.374007
vt 0.326237 0.373421
vt 0.323086 0.375600
vt 0.323137 0.373410
vt 0.314379 0.371604
vt 0.317497 0.373818
vt 0.314442 0.373818
vt 0.365037 0.378090
vt 0.322394 0.383105
vt 0.322583 0.381484
vt 0.317371 0.369350
vt 0.314316 0.369350
vt 0.315128 0.358850
vt 0.318476 0.357156
vt 0.318183 0.358850
vt 0.326032 0.377710
vt 0.322932 0.377699
vt 0.314636 0.362748
vt 0.314446 0.364885
vt 0.317877 0.360725
vt 0.317691 0.362748
vt 0.323213 0.371168
vt 0.323183 0.368910
vt 0.314823 0.360725
vt 0.317686 0.375958
vt 0.326186 0.375610
vt 0.317434 0.371604
vt 0.326313 0.371178
vt 0.332193 0.304325
vt 0.331974 0.306494
vt 0.332024 0.304313
vt 0.373682 0.301878
vt 0.374415 0.299758
vt 0.373837 0.301909
vt 0.331988 0.308614
vt 0.331695 0.310549
vt 0.331820 0.308585
vt 0.375122 0.297628
vt 0.376378 0.295770
vt 0.375264 0.297699
vt 0.331639 0.312399
vt 0.331284 0.313970
vt 0.331473 0.312355
vt 0.377612 0.293895
vt 0.379306 0.292426
vt 0.377730 0.294001
vt 0.296711 0.324822
vt 0.296781 0.326697
vt 0.296544 0.324863
vt 0.380982 0.290935
vt 0.382998 0.289955
vt 0.381069 0.291069
vt 0.297081 0.328658
vt 0.297063 0.330793
vt 0.296912 0.328685
vt 0.385003 0.288948
vt 0.387203 0.288525
vt 0.385052 0.289101
vt 0.297273 0.332975
vt 0.297159 0.335224
vt 0.297103 0.332985
vt 0.389400 0.288071
vt 0.391635 0.288232
vt 0.389408 0.288232
vt 0.297273 0.337479
vt 0.297063 0.339688
vt 0.297103 0.337471
vt 0.393874 0.288363
vt 0.395991 0.289098
vt 0.393840 0.288521
vt 0.297081 0.341862
vt 0.296781 0.343882
vt 0.296912 0.341837
vt 0.398120 0.289804
vt 0.399974 0.291063
vt 0.398046 0.289949
vt 0.296711 0.345827
vt 0.296332 0.347518
vt 0.296544 0.345786
vt 0.401849 0.292296
vt 0.403314 0.293993
vt 0.401739 0.292418
vt 0.390820 0.379398
vt 0.390686 0.377485
vt 0.390988 0.379358
vt 0.404805 0.295670
vt 0.405782 0.297688
vt 0.404669 0.295759
vt 0.390331 0.375492
vt 0.390313 0.373336
vt 0.390502 0.375467
vt 0.406789 0.299694
vt 0.407211 0.301898
vt 0.406634 0.299746
vt 0.390079 0.371138
vt 0.390188 0.368885
vt 0.390250 0.371130
vt 0.407665 0.304096
vt 0.407502 0.306334
vt 0.407501 0.304106
vt 0.390081 0.366633
vt 0.390317 0.364437
vt 0.390252 0.366642
vt 0.407373 0.308574
vt 0.406637 0.310694
vt 0.407212 0.308542
vt 0.390336 0.362283
vt 0.390692 0.360294
vt 0.390507 0.362309
vt 0.405933 0.312824
vt 0.404674 0.314682
vt 0.405785 0.312753
vt 0.390828 0.358385
vt 0.391288 0.356738
vt 0.390997 0.358426
vt 0.403443 0.316557
vt 0.401746 0.318026
vt 0.403318 0.316451
vt 0.297860 0.378090
vt 0.297804 0.376082
vt 0.298028 0.378053
vt 0.400072 0.319517
vt 0.398054 0.320497
vt 0.399980 0.319383
vt 0.297519 0.374007
vt 0.297555 0.371802
vt 0.297688 0.373986
vt 0.396052 0.321504
vt 0.393849 0.321928
vt 0.395997 0.321351
vt 0.297364 0.369570
vt 0.297499 0.367319
vt 0.297535 0.369567
vt 0.391654 0.322381
vt 0.389417 0.322220
vt 0.391641 0.322220
vt 0.297408 0.365082
vt 0.297641 0.362937
vt 0.297578 0.365096
vt 0.387181 0.322089
vt 0.385061 0.321354
vt 0.387209 0.321931
vt 0.297646 0.360848
vt 0.297969 0.358956
vt 0.297815 0.360878
vt 0.382935 0.320648
vt 0.381077 0.319389
vt 0.383003 0.320503
vt 0.331450 0.288071
vt 0.331533 0.289688
vt 0.331284 0.288122
vt 0.379206 0.318156
vt 0.377737 0.316459
vt 0.379309 0.318034
vt 0.331854 0.291412
vt 0.331872 0.293379
vt 0.331687 0.291449
vt 0.376249 0.314783
vt 0.375269 0.312764
vt 0.376380 0.314693
vt 0.332123 0.295421
vt 0.332065 0.297606
vt 0.331955 0.295443
vt 0.374265 0.310758
vt 0.373841 0.308554
vt 0.374415 0.310706
vt 0.332239 0.299825
vt 0.332100 0.302079
vt 0.332070 0.299830
vt 0.373390 0.306357
vt 0.373549 0.304118
vt 0.373547 0.306346
vt 0.331863 0.310586
vt 0.376247 0.295680
vt 0.332142 0.306515
vt 0.374265 0.299706
vt 0.332268 0.302083
vt 0.373391 0.304108
vt 0.390142 0.373353
vt 0.407372 0.301866
vt 0.390016 0.368885
vt 0.407666 0.306344
vt 0.332234 0.297592
vt 0.373686 0.308586
vt 0.332040 0.293349
vt 0.375128 0.312835
vt 0.331700 0.289643
vt 0.377619 0.316566
vt 0.298062 0.357156
vt 0.297801 0.358918
vt 0.380991 0.319524
vt 0.297471 0.362915
vt 0.385012 0.321507
vt 0.297329 0.367314
vt 0.389409 0.322381
vt 0.297385 0.371815
vt 0.393883 0.322086
vt 0.297635 0.376111
vt 0.398128 0.320642
vt 0.298229 0.379866
vt 0.298062 0.379910
vt 0.401855 0.318147
vt 0.390522 0.360260
vt 0.404811 0.314772
vt 0.390145 0.364419
vt 0.406793 0.310746
vt 0.390515 0.377519
vt 0.405930 0.297617
vt 0.391279 0.381051
vt 0.391111 0.381098
vt 0.403438 0.293887
vt 0.296949 0.343914
vt 0.400067 0.290929
vt 0.297233 0.339704
vt 0.396046 0.288945
vt 0.297329 0.335223
vt 0.391648 0.288071
vt 0.297233 0.330775
vt 0.387175 0.288366
vt 0.296949 0.326663
vt 0.382930 0.289811
vt 0.296332 0.323216
vt 0.296499 0.323168
vt 0.379202 0.292305
vt 0.357712 0.325999
vt 0.365239 0.341271
vt 0.355790 0.355434
vt 0.420720 0.317771
vt 0.418903 0.314961
vt 0.423492 0.319636
vt 0.407666 0.354177
vt 0.408731 0.338133
vt 0.409142 0.354152
vt 0.359309 0.372094
vt 0.357794 0.373066
vt 0.357785 0.372033
vt 0.331685 0.316142
vt 0.331329 0.315465
vt 0.331661 0.315377
vt 0.432862 0.360986
vt 0.433529 0.366906
vt 0.432873 0.366913
vt 0.361092 0.357955
vt 0.359096 0.357994
vt 0.333355 0.311360
vt 0.334599 0.302240
vt 0.334597 0.311387
vt 0.036141 0.625027
vt 0.034483 0.620646
vt 0.036148 0.620611
vt 0.435325 0.359122
vt 0.434661 0.357302
vt 0.435331 0.357304
vt 0.432859 0.355906
vt 0.431621 0.357306
vt 0.431622 0.355905
vt 0.039523 0.623658
vt 0.037863 0.626831
vt 0.037869 0.623650
vt 0.334598 0.313179
vt 0.333362 0.314851
vt 0.333358 0.313141
vt 0.435321 0.360987
vt 0.434653 0.366896
vt 0.434657 0.360995
vt 0.432859 0.359121
vt 0.431633 0.360970
vt 0.431626 0.359114
vt 0.433526 0.359125
vt 0.359152 0.357156
vt 0.439840 0.334852
vt 0.439790 0.334881
vt 0.438635 0.334559
vt 0.357699 0.357193
vt 0.357668 0.358022
vt 0.433684 0.337010
vt 0.432945 0.335716
vt 0.434357 0.335780
vt 0.431669 0.334812
vt 0.431621 0.336950
vt 0.431810 0.324803
vt 0.432907 0.326657
vt 0.431807 0.326671
vt 0.431815 0.321978
vt 0.432914 0.323301
vt 0.431812 0.323337
vt 0.391328 0.383771
vt 0.392434 0.381936
vt 0.392432 0.383790
vt 0.391329 0.381931
vt 0.392436 0.372739
vt 0.395863 0.356932
vt 0.396712 0.358342
vt 0.395863 0.358198
vt 0.397305 0.357196
vt 0.398125 0.358582
vt 0.399300 0.360608
vt 0.399310 0.357565
vt 0.399257 0.385539
vt 0.398153 0.383791
vt 0.399257 0.383770
vt 0.439741 0.324806
vt 0.438640 0.323304
vt 0.439743 0.323340
vt 0.439739 0.328589
vt 0.438639 0.326659
vt 0.439739 0.326674
vt 0.432452 0.288654
vt 0.432459 0.304232
vt 0.418305 0.292009
vt 0.407674 0.338148
vt 0.408742 0.322630
vt 0.031693 0.620646
vt 0.030030 0.625026
vt 0.030028 0.620609
vt 0.433530 0.367760
vt 0.391297 0.360609
vt 0.391331 0.372740
vt 0.399257 0.381930
vt 0.398155 0.372740
vt 0.399260 0.372739
vt 0.381366 0.279370
vt 0.386574 0.276586
vt 0.386776 0.276816
vt 0.331724 0.316115
vt 0.332138 0.315460
vt 0.332038 0.316115
vt 0.331833 0.315348
vt 0.332322 0.314243
vt 0.409697 0.279409
vt 0.404391 0.276651
vt 0.409863 0.279168
vt 0.402832 0.275538
vt 0.401913 0.273916
vt 0.403069 0.275355
vt 0.401003 0.272511
vt 0.400852 0.270885
vt 0.401301 0.272422
vt 0.400528 0.269018
vt 0.401049 0.267201
vt 0.400844 0.269039
vt 0.404536 0.258765
vt 0.400735 0.267123
vt 0.409848 0.247842
vt 0.404833 0.258896
vt 0.331684 0.317271
vt 0.331328 0.317948
vt 0.331351 0.317271
vt 0.331660 0.318036
vt 0.331284 0.319189
vt 0.381454 0.247671
vt 0.380432 0.246224
vt 0.380680 0.245959
vt 0.386436 0.258695
vt 0.389900 0.267101
vt 0.386136 0.258820
vt 0.390423 0.268923
vt 0.390096 0.270786
vt 0.390104 0.268938
vt 0.389950 0.272424
vt 0.389040 0.273828
vt 0.389649 0.272328
vt 0.388131 0.275469
vt 0.387889 0.275278
vt 0.431431 0.320763
vt 0.431351 0.320820
vt 0.425157 0.320345
vt 0.417854 0.288991
vt 0.417745 0.292020
vt 0.417746 0.288974
vt 0.418687 0.288512
vt 0.418742 0.288619
vt 0.407682 0.322644
vt 0.408703 0.322532
vt 0.423338 0.347104
vt 0.423451 0.337965
vt 0.423451 0.347131
vt 0.407715 0.354725
vt 0.409738 0.354590
vt 0.409883 0.354697
vt 0.420275 0.318156
vt 0.421580 0.319208
vt 0.421507 0.319299
vt 0.420919 0.351940
vt 0.421918 0.350621
vt 0.422019 0.350685
vt 0.423211 0.320144
vt 0.425043 0.320682
vt 0.425007 0.320790
vt 0.417985 0.353951
vt 0.419614 0.352996
vt 0.419688 0.353091
vt 0.418359 0.315172
vt 0.419274 0.316848
vt 0.419174 0.316908
vt 0.422833 0.348946
vt 0.418515 0.288178
vt 0.418460 0.288071
vt 0.423446 0.322828
vt 0.422676 0.322039
vt 0.422732 0.321938
vt 0.417741 0.304160
vt 0.417853 0.313334
vt 0.417741 0.313356
vt 0.423339 0.337958
vt 0.423447 0.325863
vt 0.435184 0.337053
vt 0.435208 0.335819
vt 0.433520 0.304238
vt 0.422884 0.325832
vt 0.422878 0.337930
vt 0.432651 0.288133
vt 0.433479 0.288238
vt 0.432612 0.288235
vt 0.408582 0.322226
vt 0.408544 0.322128
vt 0.422287 0.348714
vt 0.420472 0.351533
vt 0.417701 0.353419
vt 0.416002 0.354036
vt 0.409286 0.354258
vt 0.433528 0.320296
vt 0.432096 0.320286
vt 0.431395 0.320820
vt 0.439841 0.334895
vt 0.431807 0.328587
vt 0.432906 0.334624
vt 0.433518 0.320400
vt 0.433489 0.320726
vt 0.438599 0.335720
vt 0.380432 0.279479
vt 0.381168 0.279132
vt 0.331724 0.317238
vt 0.332137 0.317893
vt 0.331832 0.318005
vt 0.432874 0.367735
vt 0.431655 0.366928
vt 0.410563 0.279490
vt 0.418304 0.289061
vt 0.418196 0.292011
vt 0.418195 0.289044
vt 0.407715 0.322237
vt 0.422874 0.346996
vt 0.422990 0.337937
vt 0.422986 0.347022
vt 0.407676 0.354284
vt 0.420633 0.317846
vt 0.421883 0.318834
vt 0.421810 0.318925
vt 0.420559 0.351612
vt 0.421503 0.350356
vt 0.421603 0.350420
vt 0.423437 0.319735
vt 0.425193 0.320237
vt 0.417757 0.353523
vt 0.419309 0.352604
vt 0.419383 0.352699
vt 0.418797 0.315002
vt 0.419687 0.316601
vt 0.419587 0.316661
vt 0.422393 0.348760
vt 0.422886 0.322894
vt 0.422503 0.322357
vt 0.422995 0.322881
vt 0.418200 0.304150
vt 0.418316 0.313243
vt 0.418204 0.313265
vt 0.422994 0.325838
vt 0.433512 0.288657
vt 0.432491 0.288553
vt 0.433504 0.288556
vt 0.416154 0.354500
vt 0.417854 0.292018
vt 0.407690 0.322545
vt 0.407706 0.354619
vt 0.420361 0.318081
vt 0.420832 0.351861
vt 0.423265 0.320045
vt 0.417930 0.353847
vt 0.418465 0.315131
vt 0.422727 0.348901
vt 0.423337 0.322841
vt 0.417852 0.304157
vt 0.423337 0.325857
vt 0.416039 0.354148
vt 0.438593 0.328592
vt 0.438459 0.334522
vt 0.438462 0.328591
vt 0.435210 0.335641
vt 0.434444 0.335581
vt 0.435211 0.335603
vt 0.434374 0.335740
vt 0.433086 0.335573
vt 0.434429 0.335616
vt 0.432952 0.334617
vt 0.433087 0.334594
vt 0.432953 0.326659
vt 0.433086 0.324800
vt 0.433084 0.326671
vt 0.432960 0.323307
vt 0.433093 0.321993
vt 0.433089 0.323343
vt 0.392478 0.383787
vt 0.392607 0.381925
vt 0.392605 0.383765
vt 0.392482 0.372739
vt 0.392609 0.372743
vt 0.331724 0.317271
vt 0.396694 0.358381
vt 0.397985 0.358705
vt 0.396642 0.358492
vt 0.398092 0.360610
vt 0.397985 0.360613
vt 0.398107 0.383788
vt 0.397980 0.385535
vt 0.397979 0.383766
vt 0.438594 0.323309
vt 0.438465 0.324802
vt 0.438466 0.323345
vt 0.438593 0.326661
vt 0.438462 0.326673
vt 0.392505 0.360609
vt 0.392612 0.360612
vt 0.398109 0.372741
vt 0.397980 0.381926
vt 0.397982 0.372744
vt 0.438590 0.334548
vt 0.438459 0.335575
vt 0.433084 0.328589
vt 0.438425 0.328591
vt 0.438422 0.334517
vt 0.437116 0.335617
vt 0.436333 0.335775
vt 0.436334 0.335641
vt 0.433116 0.335542
vt 0.433124 0.334587
vt 0.433121 0.324812
vt 0.433119 0.326677
vt 0.400968 0.272521
vt 0.400534 0.270921
vt 0.400491 0.269015
vt 0.404501 0.258750
vt 0.393956 0.358492
vt 0.394735 0.358242
vt 0.394735 0.358368
vt 0.331698 0.318050
vt 0.331619 0.319365
vt 0.381487 0.247658
vt 0.390461 0.268921
vt 0.390418 0.270828
vt 0.389986 0.272435
vt 0.389320 0.273979
vt 0.438427 0.326679
vt 0.409544 0.247707
vt 0.386472 0.258682
vt 0.390217 0.267029
vt 0.438429 0.335544
vt 0.433120 0.328589
vt 0.438640 0.328592
vt 0.395863 0.358243
vt 0.432979 0.335682
vt 0.432957 0.324775
vt 0.432965 0.321945
vt 0.392480 0.381935
vt 0.337085 0.290110
vt 0.336406 0.302240
vt 0.336409 0.290109
vt 0.398089 0.358613
vt 0.398129 0.360609
vt 0.398108 0.385569
vt 0.438594 0.324778
vt 0.392468 0.360608
vt 0.398106 0.381936
vt 0.438565 0.335685
vt 0.432905 0.328590
vt 0.432952 0.328590
vt 0.334602 0.290109
vt 0.335275 0.302240
vt 0.337085 0.288179
vt 0.336409 0.288072
vt 0.392473 0.358581
vt 0.410565 0.246262
vt 0.381146 0.247799
vt 0.418311 0.304148
vt 0.392613 0.358704
vt 0.409511 0.247693
vt 0.410321 0.245990
vt 0.392508 0.358612
vt 0.338326 0.290110
vt 0.337082 0.302240
vt 0.393904 0.358380
vt 0.394735 0.358198
vt 0.437184 0.335782
vt 0.437168 0.335741
vt 0.437101 0.335582
vt 0.331724 0.316143
vt 0.436528 0.366887
vt 0.435308 0.367736
vt 0.435310 0.366893
vt 0.353163 0.357955
vt 0.355157 0.372094
vt 0.353096 0.372176
vt 0.435209 0.335774
vt 0.332321 0.319110
vt 0.332020 0.319333
vt 0.338321 0.311362
vt 0.338324 0.302241
vt 0.355132 0.357994
vt 0.356573 0.357193
vt 0.356540 0.358022
vt 0.437811 0.337011
vt 0.439875 0.336953
vt 0.355146 0.357156
vt 0.436550 0.360972
vt 0.436558 0.359116
vt 0.338312 0.314852
vt 0.337077 0.313180
vt 0.338316 0.313142
vt 0.436568 0.357308
vt 0.435333 0.355907
vt 0.436570 0.355907
vt 0.338327 0.288376
vt 0.355158 0.373037
vt 0.353089 0.372998
vt 0.333361 0.288375
vt 0.333361 0.290109
vt 0.393886 0.358342
vt 0.436332 0.335820
vt 0.331621 0.314048
vt 0.331699 0.315363
vt 0.395863 0.358369
vt 0.436334 0.335604
vt 0.434653 0.367760
vt 0.361400 0.372176
vt 0.359324 0.373037
vt 0.331286 0.314223
vt 0.334603 0.288178
vt 0.335278 0.290109
vt 0.333357 0.302240
vt 0.393294 0.357197
vt 0.391288 0.357566
vt 0.436310 0.337054
vt 0.394736 0.356932
vt 0.434658 0.359125
vt 0.036136 0.629268
vt 0.034481 0.625077
vt 0.433528 0.357302
vt 0.432858 0.357303
vt 0.433529 0.355907
vt 0.335272 0.311402
vt 0.337080 0.311388
vt 0.392477 0.385568
vt 0.392605 0.385534
vt 0.398152 0.381937
vt 0.391328 0.385540
vt 0.392431 0.385573
vt 0.356657 0.372033
vt 0.435336 0.354617
vt 0.436574 0.354612
vt 0.438595 0.321947
vt 0.401637 0.274059
vt 0.438467 0.321995
vt 0.438641 0.321940
vt 0.439745 0.321981
vt 0.432910 0.324772
vt 0.432861 0.354616
vt 0.431623 0.354610
vt 0.031690 0.625076
vt 0.030035 0.629267
vt 0.434662 0.355907
vt 0.388160 0.275490
vt 0.416191 0.354612
vt 0.404193 0.276873
vt 0.438640 0.324774
vt 0.043962 0.626833
vt 0.042315 0.623659
vt 0.043970 0.623653
vt 0.336404 0.311402
vt 0.433526 0.360995
vt 0.332038 0.317238
vt 0.331352 0.316142
vt 0.356666 0.373066
vt 0.335279 0.288071
vt 0.031690 0.629332
vt 0.034481 0.629332
vt 0.042308 0.626834
vt 0.423679 0.354610
vt 0.365408 0.353887
vt 0.407537 0.356691
vt 0.297872 0.257419
vt 0.299290 0.254964
vt 0.303016 0.250708
vt 0.307716 0.247562
vt 0.326870 0.247554
vt 0.329325 0.248971
vt 0.333576 0.252701
vt 0.336718 0.257405
vt 0.331581 0.283291
vt 0.326882 0.286437
vt 0.305273 0.285028
vt 0.301021 0.281298
vt 0.333953 0.317760
vt 0.333953 0.314926
vt 0.334491 0.314948
vt 0.297296 0.260218
vt 0.313153 0.246287
vt 0.318649 0.245925
vt 0.324051 0.246998
vt 0.337965 0.262870
vt 0.338327 0.268371
vt 0.337254 0.273778
vt 0.321396 0.287709
vt 0.315901 0.288071
vt 0.310499 0.286998
vt 0.298356 0.276346
vt 0.296584 0.271126
vt 0.296223 0.265625
vt 0.332157 0.357194
vt 0.335307 0.279035
vt 0.309326 0.381568
vt 0.365239 0.357156
vt 0.325494 0.383115
vt 0.315421 0.357156
vt 0.331450 0.314020
vt 0.296499 0.347565
vt 0.391121 0.356691
vt 0.298229 0.357201
vt 0.331286 0.339054
vt 0.331574 0.336845
vt 0.332152 0.334693
vt 0.333001 0.332635
vt 0.334115 0.330705
vt 0.335467 0.328937
vt 0.337043 0.327362
vt 0.338806 0.326005
vt 0.340735 0.324891
vt 0.342789 0.324037
vt 0.344940 0.323461
vt 0.347145 0.323168
vt 0.349372 0.323169
vt 0.351577 0.323458
vt 0.353728 0.324034
vt 0.355783 0.324885
vt 0.359477 0.327354
vt 0.361051 0.328930
vt 0.362406 0.330696
vt 0.363519 0.332625
vt 0.364371 0.334683
vt 0.364948 0.336835
vt 0.365238 0.339043
vt 0.364948 0.343479
vt 0.364373 0.345631
vt 0.363521 0.347690
vt 0.362410 0.349619
vt 0.361055 0.351387
vt 0.359482 0.352963
vt 0.357716 0.354320
vt 0.353733 0.356287
vt 0.351585 0.356864
vt 0.349377 0.357156
vt 0.347153 0.357156
vt 0.344945 0.356867
vt 0.342797 0.356290
vt 0.340739 0.355439
vt 0.338813 0.354325
vt 0.337046 0.352970
vt 0.335474 0.351395
vt 0.334116 0.349628
vt 0.333006 0.347699
vt 0.332151 0.345642
vt 0.331577 0.343490
vt 0.331284 0.341281
vt 0.039516 0.626832
vt 0.334600 0.314899
vt 0.391330 0.356693
vt 0.432918 0.321938
vt 0.398154 0.385574
vt 0.332021 0.314020
vt 0.422448 0.322458
vt 0.433471 0.288137
vt 0.433480 0.320830
vt 0.380436 0.279821
vt 0.431658 0.367690
vt 0.410565 0.279821
vt 0.407723 0.322139
vt 0.333253 0.288071
vt 0.333353 0.288097
vt 0.333253 0.301876
vt 0.402803 0.275557
vt 0.401604 0.274074
vt 0.400496 0.270924
vt 0.400698 0.267114
vt 0.331654 0.319393
vt 0.380703 0.245925
vt 0.390456 0.270833
vt 0.389354 0.273995
vt 0.390255 0.267021
vt 0.410299 0.245955
vt 0.436525 0.367692
vt 0.399268 0.356691
vt 0.337075 0.314900
vt 0.331656 0.314020
vt 0.361422 0.372998
s 1
f 122/1/1 167/2/2 157/3/3
f 123/4/4 156/5/5 151/6/6
f 124/7/7 150/8/8 145/9/9
f 125/10/10 288/11/11 283/12/12
f 126/13/13 282/14/14 277/15/15
f 127/16/16 276/17/17 271/18/18
f 128/19/19 270/20/20 265/21/21
f 129/22/22 264/23/23 259/24/24
f 130/25/25 258/26/26 253/27/27
f 131/28/28 252/29/29 247/30/30
f 132/31/31 246/32/32 241/33/33
f 133/34/34 168/35/35 158/36/36
f 134/37/37 179/38/38 169/39/39
f 135/40/40 240/41/41 235/42/42
f 136/43/43 234/44/44 229/45/45
f 137/46/46 228/47/47 223/48/48
f 138/49/49 222/50/50 217/51/51
f 139/52/52 216/53/53 211/54/54
f 140/55/55 210/56/56 205/57/57
f 141/58/58 204/59/59 199/60/60
f 142/61/61 198/62/62 193/63/63
f 143/64/64 192/65/65 187/66/66
f 144/67/67 186/68/68 181/69/69
f 121/70/70 180/71/71 170/72/72
f 98/73/73 161/74/74 159/75/75
f 99/76/76 153/77/77 152/78/78
f 100/79/79 147/80/80 146/81/81
f 101/82/82 285/83/83 284/84/84
f 102/85/85 279/86/86 278/87/87
f 103/88/88 273/89/89 272/90/90
f 104/91/91 267/92/92 266/93/93
f 105/94/94 261/95/95 260/96/96
f 106/97/97 255/98/98 254/99/99
f 107/100/100 249/101/101 248/102/102
f 108/103/103 243/104/104 242/105/105
f 109/106/106 162/107/107 160/108/108
f 110/109/109 173/110/110 171/111/111
f 111/112/112 237/113/113 236/114/114
f 112/115/115 231/116/116 230/117/117
f 113/118/118 225/119/119 224/120/120
f 114/121/121 219/122/122 218/123/123
f 115/124/124 213/125/125 212/126/126
f 116/127/127 207/128/128 206/129/129
f 117/130/130 201/131/131 200/132/132
f 118/133/133 195/134/134 194/135/135
f 119/136/136 189/137/137 188/138/138
f 120/139/139 183/140/140 182/141/141
f 97/142/142 174/143/143 172/144/144
f 163/145/145 50/146/146 165/147/147
f 154/148/148 51/149/149 155/150/150
f 148/151/151 52/152/152 149/153/153
f 286/154/154 53/155/155 287/156/156
f 280/157/157 54/158/158 281/159/159
f 274/160/160 55/161/161 275/162/162
f 268/163/163 56/164/164 269/165/165
f 262/166/166 57/167/167 263/168/168
f 256/169/169 58/170/170 257/171/171
f 250/172/172 59/173/173 251/174/174
f 244/175/175 60/176/176 245/177/177
f 164/178/178 61/179/179 166/180/180
f 175/181/181 62/182/182 177/183/183
f 238/184/184 63/185/185 239/186/186
f 232/187/187 64/188/188 233/189/189
f 226/190/190 65/191/191 227/192/192
f 220/193/193 66/194/194 221/195/195
f 214/196/196 67/197/197 215/198/198
f 208/199/199 68/200/200 209/201/201
f 202/202/202 69/203/203 203/204/204
f 196/205/205 70/206/206 197/207/207
f 190/208/208 71/209/209 191/210/210
f 184/211/211 72/212/212 185/213/213
f 176/214/214 49/215/215 178/216/216
f 165/217/147 98/73/73 159/75/75
f 155/218/150 99/76/76 152/78/78
f 149/153/153 100/79/79 146/81/81
f 287/156/156 101/82/82 284/84/84
f 281/219/159 102/85/85 278/87/87
f 275/220/162 103/88/88 272/90/90
f 269/221/165 104/91/91 266/93/93
f 263/222/168 105/94/94 260/96/96
f 257/171/171 106/97/97 254/99/99
f 251/174/174 107/100/100 248/102/102
f 245/223/177 108/103/103 242/105/105
f 166/224/180 109/106/106 160/108/108
f 177/225/183 110/109/109 171/111/111
f 239/226/186 111/112/112 236/114/114
f 233/189/189 112/115/115 230/117/117
f 227/192/192 113/118/118 224/120/120
f 221/227/195 114/121/121 218/123/123
f 215/228/198 115/124/124 212/126/126
f 209/229/201 116/127/127 206/129/129
f 203/204/204 117/130/130 200/132/132
f 197/207/207 118/133/133 194/135/135
f 191/230/210 119/136/136 188/138/138
f 185/231/213 120/139/139 182/141/141
f 178/232/216 97/142/142 172/144/144
f 167/2/2 74/233/217 163/145/145
f 156/5/5 75/234/218 154/148/148
f 150/8/8 76/235/219 148/236/151
f 288/11/11 77/237/220 286/238/154
f 282/14/14 78/239/221 280/157/157
f 276/17/17 79/240/222 274/160/160
f 270/20/20 80/241/223 268/163/163
f 264/23/23 81/242/224 262/166/166
f 258/26/26 82/243/225 256/244/169
f 252/29/29 83/245/226 250/246/172
f 246/32/32 84/247/227 244/175/175
f 168/35/35 85/248/228 164/178/178
f 179/38/38 86/249/229 175/181/181
f 240/41/41 87/250/230 238/184/184
f 234/44/44 88/251/231 232/252/187
f 228/47/47 89/253/232 226/254/190
f 222/50/50 90/255/233 220/193/193
f 216/53/53 91/256/234 214/196/196
f 210/56/56 92/257/235 208/199/199
f 204/59/59 93/258/236 202/259/202
f 198/62/62 94/260/237 196/261/205
f 192/65/65 95/262/238 190/263/208
f 186/68/68 96/264/239 184/211/211
f 180/71/71 73/265/240 176/214/214
f 75/234/218 150/8/8 148/236/151
f 99/76/76 149/153/153 146/81/81
f 51/266/149 148/151/151 149/153/153
f 99/76/76 147/80/80 27/267/241
f 123/4/4 150/8/8 3/268/242
f 74/233/217 156/5/5 154/148/148
f 98/73/73 155/218/150 152/78/78
f 50/146/146 154/148/148 155/150/150
f 98/73/73 153/77/77 26/269/243
f 122/1/1 156/5/5 2/270/244
f 84/247/227 168/35/35 164/178/178
f 73/265/240 167/2/2 163/145/145
f 108/103/103 166/224/180 160/108/108
f 97/142/142 165/217/147 159/75/75
f 60/176/176 164/178/178 166/180/180
f 49/215/215 163/145/145 165/147/147
f 108/103/103 162/107/107 36/271/245
f 97/142/142 161/74/74 25/272/246
f 132/31/31 168/35/35 12/273/247
f 121/70/70 167/2/2 1/274/248
f 96/264/239 180/71/71 176/214/214
f 85/248/228 179/38/38 175/181/181
f 120/139/139 178/232/216 172/144/144
f 109/106/106 177/225/183 171/111/111
f 72/212/212 176/214/214 178/216/216
f 61/179/179 175/181/181 177/183/183
f 120/139/139 174/143/143 48/275/249
f 109/106/106 173/110/110 37/276/250
f 144/67/67 180/71/71 24/277/251
f 133/34/34 179/38/38 13/278/252
f 95/262/238 186/68/68 184/211/211
f 119/136/136 185/231/213 182/141/141
f 71/279/209 184/211/211 185/213/213
f 119/136/136 183/140/140 47/280/253
f 143/64/64 186/68/68 23/281/254
f 94/260/237 192/65/65 190/263/208
f 118/133/133 191/230/210 188/138/138
f 70/206/206 190/282/208 191/230/210
f 118/133/133 189/137/137 46/283/255
f 142/61/61 192/65/65 22/284/256
f 93/258/236 198/285/62 196/286/205
f 117/130/130 197/207/207 194/135/135
f 69/203/203 196/205/205 197/207/207
f 117/130/130 195/134/134 45/287/257
f 141/58/58 198/285/62 21/288/258
f 92/257/235 204/59/59 202/259/202
f 116/127/127 203/204/204 200/132/132
f 68/200/200 202/259/202 203/289/204
f 116/127/127 201/131/131 44/290/259
f 140/55/55 204/59/59 20/291/260
f 91/256/234 210/56/56 208/199/199
f 115/124/124 209/229/201 206/129/129
f 67/197/197 208/199/199 209/201/201
f 115/124/124 207/128/128 43/292/261
f 139/52/52 210/56/56 19/293/262
f 90/255/233 216/53/53 214/196/196
f 114/121/121 215/228/198 212/126/126
f 66/194/194 214/196/196 215/198/198
f 114/121/121 213/125/125 42/294/263
f 138/49/49 216/53/53 18/295/264
f 89/253/232 222/50/50 220/193/193
f 113/118/118 221/227/195 218/123/123
f 65/296/191 220/193/193 221/195/195
f 113/118/118 219/122/122 41/297/265
f 137/46/46 222/50/50 17/298/266
f 88/299/231 228/47/47 226/254/190
f 112/115/115 227/192/192 224/120/120
f 64/188/188 226/190/190 227/192/192
f 112/115/115 225/119/119 40/300/267
f 136/301/43 228/47/47 16/302/268
f 87/250/230 234/44/44 232/252/187
f 111/112/112 233/189/189 230/117/117
f 63/303/185 232/187/187 233/189/189
f 111/112/112 231/116/116 39/304/269
f 135/40/40 234/44/44 15/305/270
f 86/249/229 240/41/41 238/184/184
f 110/109/109 239/226/186 236/114/114
f 62/182/182 238/184/184 239/186/186
f 110/109/109 237/113/113 38/306/271
f 134/37/37 240/41/41 14/307/272
f 83/245/226 246/32/32 244/175/175
f 107/100/100 245/223/177 242/105/105
f 59/308/173 244/175/175 245/177/177
f 107/100/100 243/104/104 35/309/273
f 131/28/28 246/32/32 11/310/274
f 82/311/225 252/29/29 250/246/172
f 106/97/97 251/174/174 248/102/102
f 58/170/170 250/172/172 251/174/174
f 106/97/97 249/101/101 34/312/275
f 130/313/25 252/29/29 10/314/276
f 81/242/224 258/26/26 256/244/169
f 105/94/94 257/171/171 254/99/99
f 57/315/167 256/169/169 257/171/171
f 105/94/94 255/98/98 33/316/277
f 129/22/22 258/26/26 9/317/278
f 80/241/223 264/23/23 262/166/166
f 104/91/91 263/222/168 260/96/96
f 56/164/164 262/166/166 263/168/168
f 104/91/91 261/95/95 32/318/279
f 128/19/19 264/23/23 8/319/280
f 79/240/222 270/20/20 268/163/163
f 103/88/88 269/221/165 266/93/93
f 55/161/161 268/163/163 269/165/165
f 103/88/88 267/92/92 31/320/281
f 127/16/16 270/20/20 7/321/282
f 78/239/221 276/17/17 274/160/160
f 102/85/85 275/220/162 272/90/90
f 54/158/158 274/160/160 275/162/162
f 102/85/85 273/89/89 30/322/283
f 126/13/13 276/17/17 6/323/284
f 77/237/220 282/14/14 280/157/157
f 101/82/82 281/219/159 278/87/87
f 53/324/155 280/157/157 281/159/159
f 101/82/82 279/86/86 29/325/285
f 125/10/10 282/14/14 5/326/286
f 76/327/219 288/11/11 286/238/154
f 100/79/79 287/156/156 284/84/84
f 52/152/152 286/154/154 287/156/156
f 100/79/79 285/83/83 28/328/287
f 124/329/7 288/11/11 4/330/288
f 32/331/289 332/332/290 296/333/289
f 27/334/291 314/335/292 153/336/292
f 41/337/293 326/338/294 225/339/294
f 40/340/295 326/338/294 304/341/295
f 28/342/296 313/343/297 147/344/297
f 42/345/298 325/346/299 219/347/299
f 46/348/300 320/349/301 310/350/300
f 29/351/302 336/352/303 285/353/303
f 33/354/304 331/355/305 297/356/304
f 25/357/306 315/358/307 289/359/306
f 43/360/308 324/361/309 213/362/309
f 26/363/310 314/335/292 290/364/310
f 30/365/311 335/366/312 279/367/312
f 41/337/293 325/346/299 305/368/293
f 36/369/313 316/370/314 300/371/313
f 44/372/315 323/373/316 207/374/316
f 28/342/296 336/352/303 292/375/296
f 31/376/317 334/377/318 273/378/318
f 47/379/319 319/380/320 311/381/319
f 45/382/321 322/383/322 201/384/322
f 34/385/323 330/386/324 298/387/323
f 32/331/289 333/388/325 267/389/325
f 27/334/291 313/343/297 291/390/291
f 46/348/300 321/391/326 195/392/326
f 42/345/298 324/361/309 306/393/298
f 33/354/304 332/332/290 261/394/290
f 29/351/302 335/366/312 293/395/302
f 47/379/319 320/349/301 189/396/301
f 34/385/323 331/355/305 255/397/305
f 35/398/327 329/399/328 299/400/327
f 48/401/329 319/380/320 183/402/320
f 35/398/327 330/386/324 249/403/324
f 43/360/308 323/373/316 307/404/308
f 30/365/311 334/377/318 294/405/311
f 25/357/306 318/406/330 174/407/330
f 36/369/313 329/399/328 243/408/328
f 38/409/331 328/410/332 302/411/331
f 37/412/333 316/370/314 162/413/314
f 44/372/315 322/383/322 308/414/315
f 31/376/317 333/388/325 295/415/317
f 38/409/331 317/416/334 173/417/334
f 37/412/333 317/416/334 301/418/333
f 39/419/335 327/420/336 303/421/335
f 39/419/335 328/410/332 237/422/332
f 48/401/329 318/406/330 312/423/329
f 26/363/310 315/358/307 161/424/307
f 45/382/321 321/391/326 309/425/321
f 40/340/295 327/420/336 231/426/336
f 326/427/48 382/428/43 304/429/43
f 330/430/30 367/431/28 461/432/30
f 313/433/9 343/434/4 291/435/4
f 317/436/39 376/437/37 422/438/39
f 325/439/51 385/440/46 305/441/46
f 331/442/27 364/443/25 464/444/27
f 336/445/12 346/446/7 292/447/7
f 324/448/54 388/449/337 306/450/337
f 332/451/24 361/452/22 467/453/24
f 335/454/15 349/455/10 293/456/10
f 319/457/69 406/458/338 428/459/69
f 323/460/57 391/461/52 307/462/52
f 333/463/21 358/464/19 470/465/21
f 334/466/18 352/467/339 294/468/339
f 320/469/66 403/470/64 431/471/66
f 322/472/60 394/473/55 308/474/55
f 334/466/18 355/475/16 473/476/18
f 333/463/21 355/475/16 295/477/16
f 321/478/63 400/479/61 434/480/63
f 321/481/63 397/482/58 309/483/58
f 335/454/15 352/467/339 476/484/15
f 332/451/24 358/464/19 296/485/19
f 322/472/60 397/482/58 437/486/60
f 320/469/66 400/479/61 310/487/61
f 336/445/12 349/455/10 479/488/12
f 331/442/27 361/452/22 297/489/22
f 323/460/57 394/473/55 440/490/57
f 319/457/69 403/470/64 311/491/64
f 330/430/30 364/492/25 298/493/25
f 324/448/54 391/461/52 443/494/54
f 318/495/72 406/458/338 312/496/338
f 329/497/33 367/431/28 299/498/28
f 325/439/51 388/449/337 446/499/51
f 315/500/3 340/501/1 416/502/3
f 316/503/36 370/504/31 300/505/31
f 326/427/48 385/440/46 449/506/48
f 313/433/9 346/507/7 410/508/9
f 317/436/39 373/509/34 301/510/34
f 327/511/45 382/512/43 452/513/45
f 314/514/6 343/434/4 413/515/6
f 328/516/42 376/437/37 302/517/37
f 328/516/42 379/518/40 455/519/42
f 318/495/72 337/520/70 425/521/72
f 327/511/45 379/518/40 303/522/40
f 329/497/33 370/504/31 458/523/33
f 314/514/6 340/501/1 290/524/1
f 316/503/36 373/509/34 419/525/36
f 315/500/3 337/520/70 289/526/70
f 416/527/340 342/528/341 417/529/342
f 417/530/342 341/531/343 415/532/344
f 413/533/345 345/534/346 414/535/347
f 414/536/347 344/537/348 412/538/349
f 410/539/350 348/540/351 411/541/352
f 411/542/352 347/543/353 409/544/354
f 479/545/355 351/546/356 480/547/357
f 480/548/357 350/549/358 478/550/359
f 476/551/360 354/552/361 477/553/362
f 477/554/362 353/555/363 475/556/364
f 473/557/365 357/558/366 474/559/367
f 474/560/367 356/561/368 472/562/369
f 470/563/370 360/564/371 471/565/372
f 471/566/372 359/567/373 469/568/374
f 467/569/375 363/570/376 468/571/377
f 468/572/377 362/573/378 466/574/379
f 464/575/380 366/576/381 465/577/382
f 465/578/382 365/579/383 463/580/384
f 461/581/385 369/582/386 462/583/387
f 462/584/387 368/585/388 460/586/389
f 458/587/390 372/588/391 459/589/392
f 459/590/392 371/591/393 457/592/394
f 419/593/395 375/594/396 420/595/397
f 420/596/397 374/597/398 418/598/399
f 422/599/400 378/600/401 423/601/402
f 423/602/402 377/603/403 421/604/404
f 455/605/405 381/606/406 456/607/407
f 456/608/407 380/609/408 454/610/409
f 452/611/410 384/612/411 453/613/412
f 453/614/412 383/615/413 451/616/414
f 449/617/415 387/618/416 450/619/417
f 450/620/417 386/621/418 448/622/419
f 446/623/420 390/624/421 447/625/422
f 447/626/422 389/627/423 445/628/424
f 443/629/425 393/630/426 444/631/427
f 444/632/427 392/633/428 442/634/429
f 440/635/430 396/636/431 441/637/432
f 441/638/432 395/639/433 439/640/434
f 437/641/435 399/642/436 438/643/437
f 438/644/437 398/645/438 436/646/439
f 434/647/440 402/648/441 435/649/442
f 435/650/442 401/651/443 433/652/444
f 431/653/445 405/654/446 432/655/447
f 432/656/447 404/657/448 430/658/449
f 428/659/450 408/660/451 429/661/452
f 429/662/452 407/663/453 427/664/454
f 425/665/455 339/666/456 426/667/457
f 426/668/457 338/669/458 424/670/459
f 410/539/350 345/534/346 343/671/460
f 411/542/352 344/537/348 345/672/346
f 413/533/345 342/528/341 340/673/461
f 414/536/347 341/531/343 342/674/341
f 416/527/340 339/666/456 337/675/462
f 417/530/342 338/669/458 339/676/456
f 419/593/395 372/588/391 370/677/463
f 420/596/397 371/591/393 372/678/391
f 422/599/400 375/594/396 373/679/464
f 423/602/402 374/597/398 375/680/396
f 425/665/455 408/660/451 406/681/465
f 426/668/457 407/663/453 408/682/451
f 428/659/450 405/654/446 403/683/466
f 429/662/452 404/657/448 405/684/446
f 431/653/445 402/648/441 400/685/467
f 432/656/447 401/651/443 402/686/441
f 434/687/440 399/642/436 397/688/468
f 435/650/442 398/645/438 399/689/436
f 437/641/435 396/636/431 394/690/469
f 438/644/437 395/639/433 396/691/431
f 440/635/430 393/630/426 391/692/470
f 441/638/432 392/633/428 393/693/426
f 443/629/425 390/624/421 388/694/471
f 444/632/427 389/627/423 390/695/421
f 446/623/420 387/618/416 385/696/472
f 447/626/422 386/621/418 387/697/416
f 449/617/415 384/698/411 382/699/473
f 450/620/417 383/615/413 384/700/411
f 452/611/410 381/606/406 379/701/474
f 453/614/412 380/609/408 381/702/406
f 455/605/405 378/600/401 376/703/475
f 456/608/407 377/603/403 378/704/401
f 458/587/390 369/582/386 367/705/476
f 459/590/392 368/585/388 369/706/386
f 461/581/385 366/707/381 364/708/477
f 462/584/387 365/579/383 366/709/381
f 464/575/380 363/570/376 361/710/478
f 465/578/382 362/573/378 363/711/376
f 467/569/375 360/564/371 358/712/479
f 468/572/377 359/567/373 360/713/371
f 470/563/370 357/558/366 355/714/480
f 471/566/372 356/561/368 357/715/366
f 473/557/365 354/552/361 352/716/481
f 474/560/367 353/555/363 354/717/361
f 476/551/360 351/546/356 349/718/482
f 477/554/362 350/549/358 351/719/356
f 479/545/355 348/720/351 346/721/483
f 480/548/357 347/543/353 348/722/351
f 362/723/484 374/724/484 386/725/484
f 742/726/485 722/727/486 762/728/487
f 531/729/488 550/730/489 553/731/490
f 707/732/491 777/733/492 802/734/492
f 816/735/493 706/736/494 703/737/495
f 700/738/496 804/739/497 708/740/498
f 486/741/499 707/732/491 696/742/500
f 518/743/501 704/744/502 697/745/503
f 734/746/504 784/747/505 675/748/506
f 774/749/507 786/750/508 676/751/509
f 755/752/510 516/753/511 740/754/512
f 789/755/513 755/756/510 699/757/514
f 735/758/515 517/759/516 720/760/517
f 678/761/518 805/762/519 782/763/520
f 775/764/521 515/765/522 760/766/523
f 824/767/524 700/738/496 775/764/521
f 701/768/525 486/741/526 696/742/527
f 556/769/528 559/770/529 560/771/530
f 781/772/531 696/742/527 791/773/532
f 694/774/533 497/775/534 713/776/535
f 554/777/536 497/775/534 532/778/537
f 540/779/538 772/780/539 757/781/540
f 538/782/541 752/783/542 737/784/543
f 717/785/544 501/786/545 732/787/546
f 542/788/547 510/789/548 501/786/545
f 780/790/484 692/791/549 794/792/550
f 679/793/484 503/794/551 692/791/549
f 654/795/552 503/794/551 543/796/553
f 487/797/554 733/798/555 716/799/556
f 489/800/557 753/801/558 736/802/559
f 483/803/560 773/804/561 756/805/562
f 547/806/563 549/807/564 660/808/565
f 508/809/566 548/810/567 550/730/489
f 785/811/568 735/812/515 697/813/503
f 799/814/569 708/740/498 804/739/497
f 656/815/570 510/789/548 546/816/571
f 491/817/572 511/818/573 507/819/574
f 652/820/575 512/821/576 638/822/577
f 815/823/578 705/824/579 799/825/580
f 702/826/581 514/827/582 705/824/579
f 621/828/583 515/829/584 562/830/585
f 758/831/586 516/832/587 760/833/588
f 738/834/589 517/835/590 740/836/591
f 718/837/592 518/838/593 720/839/594
f 650/840/595 518/838/593 644/841/596
f 650/840/595 658/842/597 519/843/598
f 817/844/599 684/845/600 800/846/601
f 681/847/602 521/848/603 684/845/600
f 655/849/604 521/850/603 646/851/605
f 651/852/606 523/853/607 522/854/608
f 719/855/609 524/856/610 721/857/611
f 739/858/612 525/859/613 741/860/614
f 759/861/615 512/821/576 761/862/616
f 557/863/617 556/864/618 587/865/619
f 599/866/620 654/867/621 543/868/622
f 567/869/623 547/806/563 484/870/624
f 533/871/625 583/872/626 548/810/567
f 598/873/627 546/874/628 542/875/629
f 532/876/630 605/877/631 554/878/632
f 736/879/633 574/880/634 489/881/634
f 737/882/635 594/883/636 538/884/637
f 756/885/638 566/886/639 483/887/640
f 757/888/641 596/889/642 540/890/643
f 716/891/644 572/892/645 487/893/646
f 717/894/647 598/873/627 542/875/629
f 588/895/648 543/868/622 530/896/649
f 494/897/650 571/898/651 486/899/652
f 507/900/653 576/901/654 491/902/655
f 602/903/656 656/904/657 546/874/628
f 696/742/500 802/734/492 791/773/658
f 778/905/659 713/776/535 792/906/660
f 547/806/563 526/907/661 549/807/564
f 661/908/662 509/909/663 550/730/489
f 551/910/664 564/911/665 603/912/666
f 486/899/652 604/913/667 552/914/668
f 723/915/669 743/916/670 763/917/671
f 485/918/672 584/919/673 553/731/490
f 549/807/564 528/920/674 555/921/675
f 558/922/676 556/864/618 557/863/617
f 556/769/528 558/923/677 559/770/529
f 535/924/678 563/925/679 554/777/536
f 555/921/680 586/926/681 565/927/682
f 496/928/683 560/771/530 559/770/529
f 652/820/575 513/929/684 561/930/685
f 814/931/686 683/932/687 680/933/688
f 705/934/689 562/935/690 708/740/498
f 514/936/582 621/828/583 562/830/585
f 493/937/691 664/938/692 578/939/693
f 530/896/694 603/912/666 588/895/695
f 590/940/696 552/914/668 604/913/667
f 492/941/697 581/942/698 577/943/699
f 568/944/700 553/731/490 584/919/673
f 746/945/701 539/946/702 595/947/703
f 747/948/704 488/949/705 573/950/706
f 766/951/707 529/952/708 587/865/619
f 767/953/709 490/954/710 575/955/711
f 726/956/712 537/957/713 593/958/714
f 727/959/715 492/941/697 577/943/699
f 567/869/716 493/937/691 578/939/693
f 544/960/717 592/961/718 600/962/719
f 601/963/720 541/964/721 597/965/722
f 581/942/698 661/908/662 665/966/723
f 527/967/724 582/968/725 585/969/726
f 592/961/718 548/810/567 583/872/626
f 591/970/727 554/878/632 605/877/631
f 578/939/693 662/971/728 599/866/620
f 588/895/695 582/968/725 567/869/623
f 569/972/729 604/913/667 583/872/626
f 577/943/699 602/903/656 598/873/627
f 589/973/730 584/919/673 605/877/631
f 744/974/731 595/947/703 574/880/634
f 745/975/732 573/950/706 594/883/636
f 764/976/733 587/865/619 566/886/639
f 765/977/734 575/955/711 596/889/642
f 724/978/735 593/958/714 572/892/645
f 725/979/736 577/943/699 598/873/627
f 567/869/716 599/866/620 588/895/648
f 579/980/737 592/961/718 571/898/651
f 580/981/738 597/965/722 576/901/654
f 581/942/698 663/982/739 602/903/656
f 585/969/726 603/912/666 564/911/665
f 571/898/651 583/872/626 604/913/667
f 570/983/740 605/877/631 584/919/673
f 622/984/741 620/985/742 606/986/743
f 806/987/744 702/988/581 815/989/578
f 709/990/745 608/991/746 711/992/747
f 608/991/746 637/993/748 653/994/749
f 768/995/750 610/996/751 770/997/752
f 748/998/753 611/999/754 750/1000/755
f 728/1001/756 612/1002/757 730/1003/758
f 612/1002/757 634/1004/759 618/1005/760
f 808/1006/761 681/847/602 817/844/599
f 688/1007/762 614/1008/763 690/1009/764
f 614/1008/763 666/1010/765 668/1011/766
f 729/1012/767 616/1013/768 731/1014/769
f 749/1015/770 617/1016/771 751/1017/772
f 769/1018/773 606/986/743 771/1019/774
f 618/1005/760 667/1020/775 669/1021/776
f 635/1022/777 615/1023/778 619/1024/779
f 636/1025/780 607/1026/781 620/985/742
f 637/993/748 625/1027/782 653/994/749
f 638/1028/577 620/985/742 652/1029/575
f 689/1030/783 810/1031/784 807/1032/785
f 711/992/747 640/1033/786 702/988/581
f 640/1033/786 653/994/749 621/1034/583
f 770/997/752 642/1035/787 758/1036/586
f 750/1037/755 643/1038/788 738/834/589
f 730/1039/758 644/841/596 718/837/592
f 644/841/596 618/1040/760 650/840/595
f 712/1041/789 812/1042/790 809/1043/791
f 690/1044/764 646/1045/605 681/847/602
f 646/851/605 668/1046/766 655/849/604
f 731/1047/769 648/1048/792 719/855/609
f 751/1049/772 649/1050/793 739/858/612
f 771/1019/774 638/1028/577 759/1051/615
f 618/1040/760 657/1052/794 650/840/595
f 619/1053/779 647/1054/795 651/852/606
f 620/985/742 639/1055/796 652/1029/575
f 653/994/749 498/1056/797 621/1034/583
f 495/1057/798 636/1025/780 622/984/741
f 794/792/550 688/1007/762 813/1058/799
f 713/776/535 624/1059/800 709/990/745
f 624/1059/800 563/925/679 637/993/748
f 772/780/539 499/1060/801 768/995/750
f 752/783/542 627/1061/802 748/998/753
f 732/787/546 628/1062/803 728/1001/756
f 628/1062/803 510/789/548 634/1004/759
f 693/1063/314 797/1064/804 819/1065/805
f 692/791/549 630/1066/806 688/1007/762
f 630/1066/806 670/1067/807 666/1010/765
f 733/798/555 632/1068/808 729/1012/767
f 753/801/558 633/1069/809 749/1015/770
f 773/804/561 622/984/741 769/1018/773
f 634/1004/759 671/1070/810 667/1020/775
f 511/818/573 631/1071/811 635/1022/777
f 560/771/530 623/1072/812 636/1025/780
f 637/993/748 641/1073/813 609/1074/814
f 715/1075/332 796/1076/815 704/744/502
f 507/819/574 670/1067/807 654/795/552
f 684/1077/310 819/1065/805 800/1078/816
f 656/815/570 502/1079/817 671/1070/810
f 657/1052/794 520/1080/818 658/842/597
f 651/852/606 659/1081/819 655/849/604
f 580/981/738 654/867/621 662/971/728
f 579/980/737 656/904/657 663/982/739
f 545/1082/820 664/938/692 660/808/821
f 544/960/717 665/966/723 661/908/662
f 601/963/720 662/971/728 664/938/692
f 600/962/719 663/982/739 665/966/723
f 635/1022/777 668/1011/766 666/1010/765
f 667/1020/775 613/1083/822 669/1021/776
f 619/1053/779 655/849/604 668/1046/766
f 669/1084/776 645/1085/823 657/1052/794
f 670/1067/807 635/1022/777 666/1010/765
f 671/1070/810 629/1086/824 667/1020/775
f 659/1087/825 682/1088/826 693/1063/314
f 710/1089/827 795/1090/828 812/1042/790
f 623/1072/812 691/1091/829 687/1092/830
f 639/1055/796 689/1030/783 680/1093/688
f 703/737/495 809/1094/791 816/735/493
f 607/1026/781 687/1092/830 689/1030/783
f 561/1095/831 683/1096/832 686/1097/833
f 530/1098/834 685/1099/835 551/1100/836
f 811/1101/837 711/992/747 806/987/744
f 680/933/688 513/1102/684 639/1103/796
f 523/1104/838 682/1088/826 522/1105/839
f 674/1106/840 780/1107/841 790/1108/842
f 673/1109/843 496/928/683 482/1110/844
f 530/1098/845 679/1111/846 674/1106/840
f 512/1112/847 774/749/507 761/1113/848
f 524/1114/849 734/1115/504 721/1116/850
f 525/1117/851 754/1118/852 741/1119/853
f 512/1112/847 686/1097/833 678/761/518
f 521/1120/854 693/1063/314 684/1077/310
f 551/1100/836 672/1121/855 481/1122/856
f 520/1123/825 715/1075/332 658/1124/854
f 629/1086/824 714/1125/857 710/1089/827
f 687/1092/830 793/1126/858 810/1031/784
f 645/1127/823 712/1128/789 703/737/495
f 813/1058/799 690/1009/764 808/1129/761
f 613/1083/822 710/1089/827 712/1041/789
f 680/1093/688 807/1032/785 814/1130/686
f 686/1097/833 798/1131/859 805/762/519
f 552/1132/860 695/1133/861 707/732/491
f 703/737/495 520/1134/818 645/1127/823
f 706/1135/862 818/1136/805 715/1075/332
f 658/1124/854 704/744/502 519/1137/863
f 701/1138/484 502/1079/817 494/1139/864
f 779/1140/865 691/1091/829 673/1109/843
f 781/1141/484 714/1125/857 701/1138/484
f 678/761/518 825/1142/866 774/749/507
f 677/1143/867 820/1144/868 734/746/504
f 787/1145/869 775/764/521 698/1146/870
f 515/765/522 708/740/498 562/935/690
f 822/1147/871 698/1146/870 755/752/510
f 792/906/660 709/990/745 811/1101/837
f 697/745/503 796/1076/815 785/1148/568
f 721/1116/850 675/1149/506 523/1104/838
f 631/1071/811 733/798/555 729/1012/767
f 627/1150/802 732/787/546 728/1001/756
f 647/1054/795 731/1047/769 719/855/609
f 643/1038/788 730/1039/758 718/837/592
f 615/1023/778 729/1012/767 731/1014/769
f 611/1151/754 728/1001/756 730/1003/758
f 573/950/706 725/979/736 594/883/636
f 597/965/722 724/978/735 576/901/654
f 488/949/705 727/959/715 573/950/706
f 541/964/721 726/956/712 597/965/722
f 594/883/636 717/894/647 538/884/637
f 576/901/654 716/891/644 491/902/655
f 719/855/609 523/853/607 647/1054/795
f 718/837/592 517/835/590 643/1038/788
f 716/799/556 504/1152/872 491/817/572
f 538/1153/541 732/787/546 500/1154/873
f 697/745/503 720/760/517 518/743/501
f 675/1149/506 797/1064/804 682/1088/826
f 674/1106/874 803/1155/875 685/1099/835
f 741/1119/853 677/1156/867 524/1157/849
f 632/1158/808 753/801/558 749/1015/770
f 499/1060/801 752/783/542 748/998/753
f 648/1048/792 751/1049/772 739/858/612
f 642/1159/787 750/1037/755 738/834/589
f 616/1160/768 749/1015/770 751/1017/772
f 610/996/751 748/998/753 750/1000/755
f 575/955/711 745/975/732 596/889/642
f 593/958/714 744/974/731 572/892/645
f 490/954/710 747/948/704 575/955/711
f 537/957/713 746/945/701 593/958/714
f 596/889/642 737/882/635 540/890/643
f 572/892/645 736/879/633 487/893/646
f 739/858/612 524/856/610 648/1048/792
f 738/834/589 516/832/587 642/1159/787
f 736/802/559 505/1161/876 487/1162/554
f 540/779/538 752/783/542 626/1163/877
f 699/1164/514 740/754/512 517/1165/516
f 821/1166/878 699/1167/514 735/812/515
f 676/751/509 823/1168/879 754/1118/852
f 761/1113/848 676/751/509 525/1117/851
f 633/1069/809 773/804/561 769/1018/773
f 609/1074/814 772/780/539 768/995/750
f 649/1050/793 771/1169/774 759/861/615
f 498/1056/797 770/997/752 758/1036/586
f 617/1016/771 769/1018/773 771/1019/774
f 625/1027/782 768/995/750 770/997/752
f 570/983/740 765/977/734 591/970/727
f 595/947/703 764/976/733 574/880/634
f 485/918/672 767/953/709 570/983/740
f 539/946/702 766/951/707 595/947/703
f 591/970/727 757/888/641 535/1170/880
f 574/880/634 756/885/638 489/881/634
f 759/861/615 525/859/613 649/1050/793
f 758/831/586 515/829/584 498/1171/797
f 489/800/557 773/804/561 506/1172/881
f 535/924/678 772/780/539 641/1073/813
f 698/1146/870 760/766/523 516/753/511
f 754/1173/852 788/1174/882 677/1175/867
f 791/773/658 803/1155/875 790/1108/883
f 796/1076/815 784/1176/505 785/1148/568
f 804/739/497 798/1131/859 799/814/569
f 823/1168/879 787/1145/869 822/1147/871
f 825/1142/866 783/1177/884 824/767/524
f 785/811/568 820/1144/868 821/1166/878
f 780/1107/841 791/773/532 790/1108/842
f 792/906/660 779/1140/865 778/905/659
f 794/792/550 781/1141/484 780/790/484
f 818/1136/805 797/1064/804 796/1076/815
f 815/823/578 798/1178/885 814/931/686
f 817/844/599 801/1179/886 816/735/493
f 802/734/492 776/1180/887 803/1155/875
f 783/1177/884 805/762/519 804/739/497
f 810/1031/784 806/987/744 807/1032/785
f 812/1042/790 808/1129/761 809/1043/791
f 793/1126/858 811/1101/837 810/1031/784
f 795/1090/828 813/1058/799 812/1042/790
f 807/1032/785 815/989/578 814/1130/686
f 809/1094/791 817/844/599 816/735/493
f 801/1181/888 819/1065/805 818/1136/805
f 789/1182/513 820/1144/868 788/1183/882
f 823/1184/879 789/755/513 788/1174/882
f 825/1142/866 787/1145/869 786/750/508
f 685/1099/835 776/1180/887 672/1121/855
f 122/1/1 2/270/244 167/2/2
f 123/4/4 3/268/242 156/5/5
f 124/7/7 4/1185/288 150/8/8
f 125/10/10 5/326/286 288/11/11
f 126/13/13 6/323/284 282/14/14
f 127/16/16 7/321/282 276/17/17
f 128/19/19 8/319/280 270/20/20
f 129/22/22 9/317/278 264/23/23
f 130/25/25 10/1186/276 258/26/26
f 131/28/28 11/310/274 252/29/29
f 132/31/31 12/273/247 246/32/32
f 133/34/34 13/278/252 168/35/35
f 134/37/37 14/307/272 179/38/38
f 135/40/40 15/305/270 240/41/41
f 136/43/43 16/1187/268 234/44/44
f 137/46/46 17/298/266 228/47/47
f 138/49/49 18/295/264 222/50/50
f 139/52/52 19/293/262 216/53/53
f 140/55/55 20/291/260 210/56/56
f 141/58/58 21/288/258 204/59/59
f 142/61/61 22/284/256 198/62/62
f 143/64/64 23/281/254 192/65/65
f 144/67/67 24/277/251 186/68/68
f 121/70/70 1/274/248 180/71/71
f 98/73/73 26/269/243 161/74/74
f 99/76/76 27/267/241 153/77/77
f 100/79/79 28/328/287 147/80/80
f 101/82/82 29/325/285 285/83/83
f 102/85/85 30/322/283 279/86/86
f 103/88/88 31/320/281 273/89/89
f 104/91/91 32/318/279 267/92/92
f 105/94/94 33/316/277 261/95/95
f 106/97/97 34/312/275 255/98/98
f 107/100/100 35/309/273 249/101/101
f 108/103/103 36/271/245 243/104/104
f 109/106/106 37/276/250 162/107/107
f 110/109/109 38/306/271 173/110/110
f 111/112/112 39/304/269 237/113/113
f 112/115/115 40/300/267 231/116/116
f 113/118/118 41/297/265 225/119/119
f 114/121/121 42/294/263 219/122/122
f 115/124/124 43/292/261 213/125/125
f 116/127/127 44/290/259 207/128/128
f 117/130/130 45/287/257 201/131/131
f 118/133/133 46/283/255 195/134/134
f 119/136/136 47/280/253 189/137/137
f 120/139/139 48/275/249 183/140/140
f 97/142/142 25/272/246 174/143/143
f 163/145/145 74/233/217 50/146/146
f 154/1188/148 75/1189/218 51/266/149
f 148/151/151 76/1190/219 52/152/152
f 286/154/154 77/1191/220 53/155/155
f 280/157/157 78/239/221 54/158/158
f 274/160/160 79/240/222 55/161/161
f 268/163/163 80/241/223 56/164/164
f 262/1192/166 81/1193/224 57/315/167
f 256/169/169 82/1194/225 58/170/170
f 250/172/172 83/1195/226 59/173/173
f 244/175/175 84/247/227 60/176/176
f 164/178/178 85/248/228 61/179/179
f 175/181/181 86/249/229 62/182/182
f 238/184/184 87/250/230 63/185/185
f 232/187/187 88/1196/231 64/188/188
f 226/190/190 89/1197/232 65/191/191
f 220/193/193 90/255/233 66/194/194
f 214/196/196 91/256/234 67/197/197
f 208/199/199 92/257/235 68/200/200
f 202/202/202 93/1198/236 69/203/203
f 196/205/205 94/1199/237 70/206/206
f 190/1200/208 95/1201/238 71/1202/209
f 184/211/211 96/264/239 72/212/212
f 176/214/214 73/265/240 49/215/215
f 165/217/147 50/1203/146 98/73/73
f 155/218/150 51/266/149 99/76/76
f 149/153/153 52/152/152 100/79/79
f 287/156/156 53/155/155 101/82/82
f 281/219/159 54/1204/158 102/85/85
f 275/220/162 55/1205/161 103/88/88
f 269/221/165 56/1206/164 104/91/91
f 263/222/168 57/315/167 105/94/94
f 257/171/171 58/170/170 106/97/97
f 251/174/174 59/173/173 107/100/100
f 245/223/177 60/1207/176 108/103/103
f 166/224/180 61/1208/179 109/106/106
f 177/225/183 62/1209/182 110/109/109
f 239/226/186 63/303/185 111/112/112
f 233/189/189 64/188/188 112/115/115
f 227/192/192 65/191/191 113/118/118
f 221/227/195 66/1210/194 114/121/121
f 215/228/198 67/1211/197 115/124/124
f 209/229/201 68/1212/200 116/127/127
f 203/204/204 69/203/203 117/130/130
f 197/207/207 70/206/206 118/133/133
f 191/230/210 71/1213/209 119/136/136
f 185/231/213 72/1214/212 120/139/139
f 178/232/216 49/1215/215 97/142/142
f 167/2/2 2/270/244 74/233/217
f 156/5/5 3/268/242 75/234/218
f 150/8/8 4/1185/288 76/235/219
f 288/11/11 5/326/286 77/237/220
f 282/14/14 6/323/284 78/239/221
f 276/17/17 7/321/282 79/240/222
f 270/20/20 8/319/280 80/241/223
f 264/23/23 9/317/278 81/242/224
f 258/26/26 10/1186/276 82/243/225
f 252/29/29 11/310/274 83/245/226
f 246/32/32 12/273/247 84/247/227
f 168/35/35 13/278/252 85/248/228
f 179/38/38 14/307/272 86/249/229
f 240/41/41 15/305/270 87/250/230
f 234/44/44 16/1187/268 88/251/231
f 228/47/47 17/298/266 89/253/232
f 222/50/50 18/295/264 90/255/233
f 216/53/53 19/293/262 91/256/234
f 210/56/56 20/291/260 92/257/235
f 204/59/59 21/288/258 93/258/236
f 198/62/62 22/284/256 94/260/237
f 192/65/65 23/281/254 95/262/238
f 186/68/68 24/277/251 96/264/239
f 180/71/71 1/274/248 73/265/240
f 75/234/218 3/268/242 150/8/8
f 99/76/76 51/266/149 149/153/153
f 51/266/149 75/1189/218 148/151/151
f 99/76/76 146/81/81 147/80/80
f 123/4/4 145/9/9 150/8/8
f 74/233/217 2/270/244 156/5/5
f 98/73/73 50/1203/146 155/218/150
f 50/146/146 74/233/217 154/148/148
f 98/73/73 152/78/78 153/77/77
f 122/1/1 151/6/6 156/5/5
f 84/247/227 12/273/247 168/35/35
f 73/265/240 1/274/248 167/2/2
f 108/103/103 60/1207/176 166/224/180
f 97/142/142 49/1215/215 165/217/147
f 60/176/176 84/247/227 164/178/178
f 49/215/215 73/265/240 163/145/145
f 108/103/103 160/108/108 162/107/107
f 97/142/142 159/75/75 161/74/74
f 132/31/31 158/36/36 168/35/35
f 121/70/70 157/3/3 167/2/2
f 96/264/239 24/277/251 180/71/71
f 85/248/228 13/278/252 179/38/38
f 120/139/139 72/1214/212 178/232/216
f 109/106/106 61/1208/179 177/225/183
f 72/212/212 96/264/239 176/214/214
f 61/179/179 85/248/228 175/181/181
f 120/139/139 172/144/144 174/143/143
f 109/106/106 171/111/111 173/110/110
f 144/67/67 170/72/72 180/71/71
f 133/34/34 169/39/39 179/38/38
f 95/262/238 23/281/254 186/68/68
f 119/136/136 71/1213/209 185/231/213
f 71/279/209 95/262/238 184/211/211
f 119/136/136 182/141/141 183/140/140
f 143/64/64 181/69/69 186/68/68
f 94/260/237 22/284/256 192/65/65
f 118/133/133 70/206/206 191/230/210
f 70/206/206 94/1199/237 190/282/208
f 118/133/133 188/138/138 189/137/137
f 142/61/61 187/66/66 192/65/65
f 93/258/236 21/288/258 198/285/62
f 117/130/130 69/203/203 197/207/207
f 69/203/203 93/1198/236 196/205/205
f 117/130/130 194/135/135 195/134/134
f 141/58/58 193/1216/63 198/285/62
f 92/257/235 20/291/260 204/59/59
f 116/127/127 68/1212/200 203/204/204
f 68/200/200 92/257/235 202/259/202
f 116/127/127 200/132/132 201/131/131
f 140/55/55 199/60/60 204/59/59
f 91/256/234 19/293/262 210/56/56
f 115/124/124 67/1211/197 209/229/201
f 67/197/197 91/256/234 208/199/199
f 115/124/124 206/129/129 207/128/128
f 139/52/52 205/57/57 210/56/56
f 90/255/233 18/295/264 216/53/53
f 114/121/121 66/1210/194 215/228/198
f 66/194/194 90/255/233 214/196/196
f 114/121/121 212/126/126 213/125/125
f 138/49/49 211/54/54 216/53/53
f 89/253/232 17/298/266 222/50/50
f 113/118/118 65/191/191 221/227/195
f 65/296/191 89/253/232 220/193/193
f 113/118/118 218/123/123 219/122/122
f 137/46/46 217/51/51 222/50/50
f 88/299/231 16/302/268 228/47/47
f 112/115/115 64/188/188 227/192/192
f 64/188/188 88/1196/231 226/190/190
f 112/115/115 224/120/120 225/119/119
f 136/301/43 223/48/48 228/47/47
f 87/250/230 15/305/270 234/44/44
f 111/112/112 63/303/185 233/189/189
f 63/303/185 87/1217/230 232/187/187
f 111/112/112 230/117/117 231/116/116
f 135/40/40 229/45/45 234/44/44
f 86/249/229 14/307/272 240/41/41
f 110/109/109 62/1209/182 239/226/186
f 62/182/182 86/249/229 238/184/184
f 110/109/109 236/114/114 237/113/113
f 134/37/37 235/42/42 240/41/41
f 83/245/226 11/310/274 246/32/32
f 107/100/100 59/173/173 245/223/177
f 59/308/173 83/245/226 244/175/175
f 107/100/100 242/105/105 243/104/104
f 131/28/28 241/33/33 246/32/32
f 82/311/225 10/314/276 252/29/29
f 106/97/97 58/170/170 251/174/174
f 58/170/170 82/1194/225 250/172/172
f 106/97/97 248/102/102 249/101/101
f 130/313/25 247/30/30 252/29/29
f 81/242/224 9/317/278 258/26/26
f 105/94/94 57/315/167 257/171/171
f 57/315/167 81/1193/224 256/169/169
f 105/94/94 254/99/99 255/98/98
f 129/22/22 253/27/27 258/26/26
f 80/241/223 8/319/280 264/23/23
f 104/91/91 56/1206/164 263/222/168
f 56/164/164 80/241/223 262/166/166
f 104/91/91 260/96/96 261/95/95
f 128/19/19 259/24/24 264/23/23
f 79/240/222 7/321/282 270/20/20
f 103/88/88 55/1205/161 269/221/165
f 55/161/161 79/240/222 268/163/163
f 103/88/88 266/93/93 267/92/92
f 127/16/16 265/21/21 270/20/20
f 78/239/221 6/323/284 276/17/17
f 102/85/85 54/1204/158 275/220/162
f 54/158/158 78/239/221 274/160/160
f 102/85/85 272/90/90 273/89/89
f 126/13/13 271/18/18 276/17/17
f 77/237/220 5/326/286 282/14/14
f 101/82/82 53/155/155 281/219/159
f 53/324/155 77/237/220 280/157/157
f 101/82/82 278/87/87 279/86/86
f 125/10/10 277/15/15 282/14/14
f 76/327/219 4/330/288 288/11/11
f 100/79/79 52/152/152 287/156/156
f 52/152/152 76/1190/219 286/154/154
f 100/79/79 284/84/84 285/83/83
f 124/329/7 283/12/12 288/11/11
f 32/331/289 261/394/290 332/332/290
f 27/334/291 291/390/291 314/335/292
f 41/337/293 305/368/293 326/338/294
f 40/340/295 225/339/294 326/338/294
f 28/342/296 292/375/296 313/343/297
f 42/345/298 306/393/298 325/346/299
f 46/348/300 189/396/301 320/349/301
f 29/351/302 293/395/302 336/352/303
f 33/354/304 255/397/305 331/355/305
f 25/357/306 161/424/307 315/358/307
f 43/360/308 307/404/308 324/361/309
f 26/363/310 153/336/292 314/335/292
f 30/365/311 294/405/311 335/366/312
f 41/337/293 219/347/299 325/346/299
f 36/369/313 162/413/314 316/370/314
f 44/372/315 308/414/315 323/373/316
f 28/342/296 285/353/303 336/352/303
f 31/376/317 295/415/317 334/377/318
f 47/379/319 183/402/320 319/380/320
f 45/382/321 309/425/321 322/383/322
f 34/385/323 249/403/324 330/386/324
f 32/331/289 296/333/289 333/388/325
f 27/334/291 147/344/297 313/343/297
f 46/348/300 310/350/300 321/391/326
f 42/345/298 213/362/309 324/361/309
f 33/354/304 297/356/304 332/332/290
f 29/351/302 279/367/312 335/366/312
f 47/379/319 311/381/319 320/349/301
f 34/385/323 298/387/323 331/355/305
f 35/398/327 243/408/328 329/399/328
f 48/401/329 312/423/329 319/380/320
f 35/398/327 299/400/327 330/386/324
f 43/360/308 207/374/316 323/373/316
f 30/365/311 273/378/318 334/377/318
f 25/357/306 289/359/306 318/406/330
f 36/369/313 300/371/313 329/399/328
f 38/409/331 237/422/332 328/410/332
f 37/412/333 301/418/333 316/370/314
f 44/372/315 201/384/322 322/383/322
f 31/376/317 267/389/325 333/388/325
f 38/409/331 302/411/331 317/416/334
f 37/412/333 173/417/334 317/416/334
f 39/419/335 231/426/336 327/420/336
f 39/419/335 303/421/335 328/410/332
f 48/401/329 174/407/330 318/406/330
f 26/363/310 290/364/310 315/358/307
f 45/382/321 195/392/326 321/391/326
f 40/340/295 304/341/295 327/420/336
f 326/427/48 449/506/48 382/428/43
f 330/430/30 299/498/28 367/431/28
f 313/433/9 410/508/9 343/434/4
f 317/436/39 302/517/37 376/437/37
f 325/439/51 446/499/51 385/440/46
f 331/442/27 298/1218/25 364/443/25
f 336/445/12 479/488/12 346/446/7
f 324/448/54 443/494/54 388/449/337
f 332/451/24 297/489/22 361/452/22
f 335/454/15 476/484/15 349/455/10
f 319/457/69 312/496/338 406/458/338
f 323/460/57 440/490/57 391/461/52
f 333/463/21 296/485/19 358/464/19
f 334/466/18 473/476/18 352/467/339
f 320/469/66 311/491/64 403/470/64
f 322/472/60 437/486/60 394/473/55
f 334/466/18 295/477/16 355/475/16
f 333/463/21 470/465/21 355/475/16
f 321/478/63 310/487/61 400/479/61
f 321/481/63 434/1219/63 397/482/58
f 335/454/15 294/468/339 352/467/339
f 332/451/24 467/453/24 358/464/19
f 322/472/60 309/483/58 397/482/58
f 320/469/66 431/471/66 400/479/61
f 336/445/12 293/456/10 349/455/10
f 331/442/27 464/444/27 361/452/22
f 323/460/57 308/474/55 394/473/55
f 319/457/69 428/459/69 403/470/64
f 330/430/30 461/432/30 364/492/25
f 324/448/54 307/462/52 391/461/52
f 318/495/72 425/521/72 406/458/338
f 329/497/33 458/523/33 367/431/28
f 325/439/51 306/450/337 388/449/337
f 315/500/3 290/524/1 340/501/1
f 316/503/36 419/525/36 370/504/31
f 326/427/48 305/441/46 385/440/46
f 313/433/9 292/1220/7 346/507/7
f 317/436/39 422/438/39 373/509/34
f 327/511/45 304/1221/43 382/512/43
f 314/514/6 291/435/4 343/434/4
f 328/516/42 455/519/42 376/437/37
f 328/516/42 303/522/40 379/518/40
f 318/495/72 289/526/70 337/520/70
f 327/511/45 452/513/45 379/518/40
f 329/497/33 300/505/31 370/504/31
f 314/514/6 413/515/6 340/501/1
f 316/503/36 301/510/34 373/509/34
f 315/500/3 416/502/3 337/520/70
f 416/527/340 340/673/461 342/528/341
f 417/530/342 342/674/341 341/531/343
f 413/533/345 343/671/460 345/534/346
f 414/536/347 345/672/346 344/537/348
f 410/539/350 346/1222/483 348/540/351
f 411/542/352 348/722/351 347/543/353
f 479/545/355 349/718/482 351/546/356
f 480/548/357 351/719/356 350/549/358
f 476/551/360 352/716/481 354/552/361
f 477/554/362 354/717/361 353/555/363
f 473/557/365 355/714/480 357/558/366
f 474/560/367 357/715/366 356/561/368
f 470/563/370 358/712/479 360/564/371
f 471/566/372 360/713/371 359/567/373
f 467/569/375 361/710/478 363/570/376
f 468/572/377 363/711/376 362/573/378
f 464/575/380 364/1223/477 366/576/381
f 465/578/382 366/709/381 365/579/383
f 461/581/385 367/705/476 369/582/386
f 462/584/387 369/706/386 368/585/388
f 458/587/390 370/677/463 372/588/391
f 459/590/392 372/678/391 371/591/393
f 419/593/395 373/679/464 375/594/396
f 420/596/397 375/680/396 374/597/398
f 422/599/400 376/703/475 378/600/401
f 423/602/402 378/704/401 377/603/403
f 455/605/405 379/701/474 381/606/406
f 456/608/407 381/702/406 380/609/408
f 452/611/410 382/1224/473 384/612/411
f 453/614/412 384/700/411 383/615/413
f 449/617/415 385/696/472 387/618/416
f 450/620/417 387/697/416 386/621/418
f 446/623/420 388/694/471 390/624/421
f 447/626/422 390/695/421 389/627/423
f 443/629/425 391/692/470 393/630/426
f 444/632/427 393/693/426 392/633/428
f 440/635/430 394/690/469 396/636/431
f 441/638/432 396/691/431 395/639/433
f 437/641/435 397/688/468 399/642/436
f 438/644/437 399/689/436 398/645/438
f 434/647/440 400/685/467 402/648/441
f 435/650/442 402/686/441 401/651/443
f 431/653/445 403/683/466 405/654/446
f 432/656/447 405/684/446 404/657/448
f 428/659/450 406/681/465 408/660/451
f 429/662/452 408/682/451 407/663/453
f 425/665/455 337/675/462 339/666/456
f 426/668/457 339/676/456 338/669/458
f 410/539/350 411/541/352 345/534/346
f 411/542/352 409/544/354 344/537/348
f 413/533/345 414/535/347 342/528/341
f 414/536/347 412/538/349 341/531/343
f 416/527/340 417/529/342 339/666/456
f 417/530/342 415/532/344 338/669/458
f 419/593/395 420/595/397 372/588/391
f 420/596/397 418/598/399 371/591/393
f 422/599/400 423/601/402 375/594/396
f 423/602/402 421/604/404 374/597/398
f 425/665/455 426/667/457 408/660/451
f 426/668/457 424/670/459 407/663/453
f 428/659/450 429/661/452 405/654/446
f 429/662/452 427/664/454 404/657/448
f 431/653/445 432/655/447 402/648/441
f 432/656/447 430/658/449 401/651/443
f 434/687/440 435/1225/442 399/642/436
f 435/650/442 433/652/444 398/645/438
f 437/641/435 438/643/437 396/636/431
f 438/644/437 436/646/439 395/639/433
f 440/635/430 441/637/432 393/630/426
f 441/638/432 439/640/434 392/633/428
f 443/629/425 444/631/427 390/624/421
f 444/632/427 442/634/429 389/627/423
f 446/623/420 447/625/422 387/618/416
f 447/626/422 445/628/424 386/621/418
f 449/617/415 450/619/417 384/698/411
f 450/620/417 448/622/419 383/615/413
f 452/611/410 453/613/412 381/606/406
f 453/614/412 451/616/414 380/609/408
f 455/605/405 456/607/407 378/600/401
f 456/608/407 454/610/409 377/603/403
f 458/587/390 459/589/392 369/582/386
f 459/590/392 457/592/394 368/585/388
f 461/581/385 462/583/387 366/707/381
f 462/584/387 460/586/389 365/579/383
f 464/575/380 465/577/382 363/570/376
f 465/578/382 463/580/384 362/573/378
f 467/569/375 468/571/377 360/564/371
f 468/572/377 466/574/379 359/567/373
f 470/563/370 471/565/372 357/558/366
f 471/566/372 469/568/374 356/561/368
f 473/557/365 474/559/367 354/552/361
f 474/560/367 472/562/369 353/555/363
f 476/551/360 477/553/362 351/546/356
f 477/554/362 475/556/364 350/549/358
f 479/545/355 480/547/357 348/720/351
f 480/548/357 478/550/359 347/543/353
f 338/1226/484 415/1227/484 341/1228/484
f 341/1228/484 412/1229/484 344/1230/484
f 344/1230/484 409/1231/484 347/1232/484
f 347/1232/484 478/1233/484 350/1234/484
f 350/1234/484 475/1235/484 353/1236/484
f 353/1236/484 472/1237/484 356/1238/484
f 356/1238/484 469/1239/484 359/1240/484
f 359/1240/484 466/1241/484 362/723/484
f 362/723/484 463/1242/484 365/1243/484
f 365/1243/484 460/1244/484 368/1245/484
f 368/1245/484 457/1246/484 371/1247/484
f 371/1247/484 418/1248/484 374/724/484
f 374/724/484 421/1249/484 377/1250/484
f 377/1250/484 454/1251/484 380/1252/484
f 380/1252/484 451/1253/484 383/1254/484
f 383/1254/484 448/1255/484 386/725/484
f 386/725/484 445/1256/484 389/1257/484
f 389/1257/484 442/1258/484 392/1259/484
f 392/1259/484 439/1260/484 395/1261/484
f 395/1261/484 436/1262/484 398/1263/484
f 398/1263/484 433/1264/484 401/1265/484
f 401/1265/484 430/1266/484 404/1267/484
f 404/1267/484 427/1268/484 407/1269/484
f 407/1269/484 424/1270/484 338/1226/484
f 338/1226/484 341/1228/484 344/1230/484
f 344/1230/484 347/1232/484 350/1234/484
f 350/1234/484 353/1236/484 362/723/484
f 353/1236/484 356/1238/484 362/723/484
f 356/1238/484 359/1240/484 362/723/484
f 362/723/484 365/1243/484 368/1245/484
f 368/1245/484 371/1247/484 362/723/484
f 371/1247/484 374/724/484 362/723/484
f 374/724/484 377/1250/484 386/725/484
f 377/1250/484 380/1252/484 386/725/484
f 380/1252/484 383/1254/484 386/725/484
f 386/725/484 389/1257/484 398/1263/484
f 389/1257/484 392/1259/484 398/1263/484
f 392/1259/484 395/1261/484 398/1263/484
f 398/1263/484 401/1265/484 404/1267/484
f 404/1267/484 407/1269/484 338/1226/484
f 338/1226/484 344/1230/484 350/1234/484
f 398/1263/484 404/1267/484 386/725/484
f 404/1267/484 338/1226/484 386/725/484
f 338/1226/484 350/1234/484 386/725/484
f 350/1234/484 362/723/484 386/725/484
f 549/807/564 555/921/675 529/952/889
f 529/952/889 762/728/487 549/807/564
f 762/728/487 539/946/487 742/726/485
f 549/807/564 762/728/487 722/727/486
f 742/726/485 537/957/485 722/727/486
f 722/727/486 541/964/890 549/807/564
f 541/964/890 545/1082/891 549/807/564
f 531/729/488 508/809/566 550/730/489
f 707/732/491 695/1133/861 777/733/492
f 816/735/493 801/1179/886 706/736/494
f 700/738/496 783/1177/884 804/739/497
f 486/741/499 552/1132/860 707/732/491
f 518/743/501 519/1137/863 704/744/502
f 734/746/504 820/1144/868 784/747/505
f 774/749/507 825/1142/866 786/750/508
f 755/752/510 698/1146/870 516/753/511
f 789/755/513 822/1271/871 755/756/510
f 735/758/515 699/1272/514 517/759/516
f 678/761/518 686/1097/833 805/762/519
f 775/764/521 700/738/496 515/765/522
f 824/767/524 783/1177/884 700/738/496
f 701/1138/525 494/1139/526 486/1273/526
f 495/1057/798 483/803/560 560/771/530
f 483/803/560 556/769/528 560/771/530
f 781/772/531 701/768/525 696/742/527
f 694/774/533 532/778/537 497/775/534
f 554/777/536 563/925/679 497/775/534
f 540/779/538 626/1163/877 772/780/539
f 538/782/541 500/1274/873 752/783/542
f 717/785/544 542/788/547 501/786/545
f 542/788/547 546/816/571 510/789/548
f 780/790/484 679/793/484 692/791/549
f 679/793/484 543/796/553 503/794/551
f 654/795/552 670/1067/807 503/794/551
f 487/797/554 505/1275/876 733/798/555
f 489/800/557 506/1172/881 753/801/558
f 483/803/560 495/1057/798 773/804/561
f 549/807/564 545/1082/891 660/808/565
f 660/808/565 493/937/892 484/870/624
f 484/870/624 547/806/563 660/808/565
f 508/809/566 533/871/625 548/810/567
f 785/811/568 821/1166/878 735/812/515
f 799/814/569 705/934/689 708/740/498
f 656/815/570 671/1070/810 510/789/548
f 491/817/572 504/1152/872 511/818/573
f 652/820/575 561/930/685 512/821/576
f 815/823/578 702/826/581 705/824/579
f 702/826/581 640/1276/786 514/827/582
f 621/828/583 498/1171/797 515/829/584
f 758/831/586 642/1159/787 516/832/587
f 738/834/589 643/1038/788 517/835/590
f 718/837/592 644/841/596 518/838/593
f 650/840/595 519/843/598 518/838/593
f 650/840/595 657/1052/794 658/842/597
f 817/844/599 681/847/602 684/845/600
f 681/847/602 646/1045/605 521/848/603
f 655/849/604 659/1081/819 521/850/603
f 651/852/606 647/1054/795 523/853/607
f 719/855/609 648/1048/792 524/856/610
f 739/858/612 649/1050/793 525/859/613
f 759/861/615 638/822/577 512/821/576
f 556/864/618 483/887/640 566/886/639
f 566/886/639 587/865/619 556/864/618
f 587/865/619 529/952/708 557/863/617
f 529/952/708 555/921/680 557/863/617
f 599/866/620 662/971/728 654/867/621
f 567/869/623 582/968/725 547/806/563
f 533/871/625 569/972/729 583/872/626
f 598/873/627 602/903/656 546/874/628
f 532/876/630 589/973/730 605/877/631
f 736/879/633 744/974/731 574/880/634
f 737/882/635 745/975/732 594/883/636
f 756/885/638 764/976/733 566/886/639
f 757/888/641 765/977/734 596/889/642
f 716/891/644 724/978/735 572/892/645
f 717/894/647 725/979/736 598/873/627
f 588/895/648 599/866/620 543/868/622
f 494/897/650 579/980/737 571/898/651
f 507/900/653 580/981/738 576/901/654
f 602/903/656 663/982/739 656/904/657
f 696/742/500 707/732/491 802/734/492
f 778/905/659 694/774/533 713/776/535
f 547/806/563 527/967/724 526/907/661
f 550/730/489 548/810/567 661/908/662
f 548/810/567 536/1277/893 661/908/662
f 536/1277/893 544/960/717 661/908/662
f 551/910/664 481/1278/894 564/911/665
f 486/899/652 571/898/651 604/913/667
f 553/731/490 550/730/489 485/918/672
f 550/730/489 509/909/663 492/941/697
f 723/915/669 550/730/489 492/941/697
f 723/915/669 488/949/705 743/916/670
f 743/916/670 490/954/710 763/917/671
f 763/917/671 485/918/672 550/730/489
f 550/730/489 723/915/669 763/917/671
f 485/918/672 570/983/740 584/919/673
f 549/807/564 526/907/661 528/920/674
f 535/924/678 641/1073/813 563/925/679
f 558/922/676 557/863/617 555/921/680
f 555/921/680 528/920/681 586/926/681
f 565/927/682 482/1279/681 555/921/680
f 482/1279/681 558/922/676 555/921/680
f 559/770/529 558/923/677 496/928/683
f 558/923/677 482/1110/844 496/928/683
f 652/820/575 639/1280/796 513/929/684
f 814/931/686 798/1178/885 683/932/687
f 705/934/689 514/1281/895 562/935/690
f 514/936/582 640/1282/786 621/828/583
f 493/937/691 660/808/821 664/938/692
f 530/896/694 551/910/664 603/912/666
f 590/940/696 534/1283/896 552/914/668
f 492/941/697 509/909/663 581/942/698
f 568/944/700 531/729/488 553/731/490
f 746/945/701 742/726/897 539/946/702
f 747/948/704 743/916/670 488/949/705
f 766/951/707 762/728/898 529/952/708
f 767/953/709 763/917/671 490/954/710
f 726/956/712 722/727/899 537/957/713
f 727/959/715 723/915/669 492/941/697
f 567/869/716 484/870/900 493/937/691
f 544/960/717 536/1277/893 592/961/718
f 601/963/720 545/1082/820 541/964/721
f 581/942/698 509/909/663 661/908/662
f 527/967/724 547/806/563 582/968/725
f 592/1284/718 536/1285/893 548/1286/567
f 591/970/727 535/1170/880 554/878/632
f 578/939/693 664/938/692 662/971/728
f 588/895/695 603/912/666 582/968/725
f 569/972/729 590/940/696 604/913/667
f 577/943/699 581/942/698 602/903/656
f 589/973/730 568/944/700 584/919/673
f 744/974/731 746/945/701 595/947/703
f 745/975/732 747/948/704 573/950/706
f 764/976/733 766/951/707 587/865/619
f 765/977/734 767/953/709 575/955/711
f 724/978/735 726/956/712 593/958/714
f 725/979/736 727/959/715 577/943/699
f 567/869/716 578/939/693 599/866/620
f 579/980/737 600/962/719 592/961/718
f 580/981/738 601/963/720 597/965/722
f 581/942/698 665/966/723 663/982/739
f 585/969/726 582/968/725 603/912/666
f 571/898/651 592/961/718 583/872/626
f 570/983/740 591/970/727 605/877/631
f 622/984/741 636/1025/780 620/985/742
f 806/987/744 711/992/747 702/988/581
f 709/990/745 624/1059/800 608/991/746
f 608/991/746 624/1059/800 637/993/748
f 768/995/750 499/1060/801 610/996/751
f 748/998/753 627/1061/802 611/999/754
f 728/1001/756 628/1062/803 612/1002/757
f 612/1002/757 628/1062/803 634/1004/759
f 808/1006/761 690/1044/764 681/847/602
f 688/1007/762 630/1066/806 614/1008/763
f 614/1008/763 630/1066/806 666/1010/765
f 729/1012/767 632/1068/808 616/1013/768
f 749/1015/770 633/1069/809 617/1016/771
f 769/1018/773 622/984/741 606/986/743
f 618/1005/760 634/1004/759 667/1020/775
f 635/1022/777 631/1071/811 615/1023/778
f 636/1025/780 623/1072/812 607/1026/781
f 637/993/748 609/1074/814 625/1027/782
f 638/1028/577 606/986/743 620/985/742
f 689/1030/783 687/1092/830 810/1031/784
f 711/992/747 608/991/746 640/1033/786
f 640/1033/786 608/991/746 653/994/749
f 770/1287/752 610/1288/751 642/1159/787
f 750/1037/755 611/1289/754 643/1038/788
f 730/1039/758 612/1290/757 644/841/596
f 644/841/596 612/1290/757 618/1040/760
f 712/1041/789 710/1089/827 812/1042/790
f 690/1044/764 614/1291/763 646/1045/605
f 646/851/605 614/1292/763 668/1046/766
f 731/1047/769 616/1293/768 648/1048/792
f 751/1049/772 617/1294/771 649/1050/793
f 771/1019/774 606/986/743 638/1028/577
f 618/1040/760 669/1084/776 657/1052/794
f 619/1053/779 615/1295/778 647/1054/795
f 620/985/742 607/1026/781 639/1055/796
f 653/994/749 625/1027/782 498/1056/797
f 495/1057/798 560/771/530 636/1025/780
f 794/792/550 692/791/549 688/1007/762
f 713/776/535 497/775/534 624/1059/800
f 624/1059/800 497/775/534 563/925/679
f 772/780/539 626/1163/877 499/1060/801
f 752/783/542 500/1274/873 627/1061/802
f 732/787/546 501/786/545 628/1062/803
f 628/1062/803 501/786/545 510/789/548
f 693/1063/314 682/1088/826 797/1064/804
f 692/791/549 503/794/551 630/1066/806
f 630/1066/806 503/794/551 670/1067/807
f 733/798/555 505/1275/876 632/1068/808
f 753/801/558 506/1172/881 633/1069/809
f 773/804/561 495/1057/798 622/984/741
f 634/1004/759 510/789/548 671/1070/810
f 511/818/573 504/1152/872 631/1071/811
f 560/771/530 496/928/683 623/1072/812
f 637/993/748 563/925/679 641/1073/813
f 715/1075/332 818/1136/805 796/1076/815
f 507/819/574 511/818/573 670/1067/807
f 684/1077/310 693/1063/314 819/1065/805
f 656/815/570 494/1139/864 502/1079/817
f 657/1052/794 645/1085/823 520/1080/818
f 651/852/606 522/854/608 659/1081/819
f 580/981/738 507/900/653 654/867/621
f 579/980/737 494/897/650 656/904/657
f 545/1082/820 601/963/720 664/938/692
f 544/960/717 600/962/719 665/966/723
f 601/963/720 580/981/738 662/971/728
f 600/962/719 579/980/737 663/982/739
f 635/1022/777 619/1024/779 668/1011/766
f 667/1020/775 629/1086/824 613/1083/822
f 619/1053/779 651/852/606 655/849/604
f 669/1084/776 613/1296/822 645/1085/823
f 670/1067/807 511/818/573 635/1022/777
f 671/1070/810 502/1079/817 629/1086/824
f 659/1087/825 522/1105/839 682/1088/826
f 710/1089/827 714/1125/857 795/1090/828
f 623/1072/812 496/928/683 691/1091/829
f 639/1055/796 607/1026/781 689/1030/783
f 703/737/495 712/1128/789 809/1094/791
f 607/1026/781 623/1072/812 687/1092/830
f 561/1095/831 513/1297/901 683/1096/832
f 530/1098/834 674/1106/874 685/1099/835
f 811/1101/837 709/990/745 711/992/747
f 680/933/688 683/932/687 513/1102/684
f 523/1104/838 675/1149/506 682/1088/826
f 674/1106/840 679/1111/846 780/1107/841
f 673/1109/843 691/1091/829 496/928/683
f 530/1298/845 543/796/845 679/793/846
f 512/1112/847 678/761/518 774/749/507
f 524/1114/849 677/1299/867 734/1115/504
f 525/1117/851 676/751/509 754/1118/852
f 512/1112/847 561/1095/831 686/1097/833
f 521/1120/854 659/1087/825 693/1063/314
f 551/1100/836 685/1099/835 672/1121/855
f 520/1123/825 706/1135/862 715/1075/332
f 629/1086/824 502/1079/817 714/1125/857
f 687/1092/830 691/1091/829 793/1126/858
f 645/1127/823 613/1300/822 712/1128/789
f 813/1058/799 688/1007/762 690/1009/764
f 613/1083/822 629/1086/824 710/1089/827
f 680/1093/688 689/1030/783 807/1032/785
f 686/1097/833 683/1096/832 798/1131/859
f 552/1132/860 534/1301/902 695/1133/861
f 703/737/495 706/736/494 520/1134/818
f 706/1135/862 801/1181/888 818/1136/805
f 658/1124/854 715/1075/332 704/744/502
f 701/1138/484 714/1125/857 502/1079/817
f 779/1140/865 793/1126/858 691/1091/829
f 781/1141/484 795/1090/828 714/1125/857
f 678/761/518 782/763/520 825/1142/866
f 677/1143/867 788/1183/882 820/1144/868
f 787/1145/869 824/767/524 775/764/521
f 515/765/522 700/738/496 708/740/498
f 822/1147/871 787/1145/869 698/1146/870
f 792/906/660 713/776/535 709/990/745
f 697/745/503 704/744/502 796/1076/815
f 721/1116/850 734/1115/504 675/1149/506
f 631/1071/811 504/1152/872 733/798/555
f 627/1150/802 500/1154/873 732/787/546
f 647/1054/795 615/1295/778 731/1047/769
f 643/1038/788 611/1289/754 730/1039/758
f 615/1023/778 631/1071/811 729/1012/767
f 611/1151/754 627/1150/802 728/1001/756
f 573/950/706 727/959/715 725/979/736
f 597/965/722 726/956/712 724/978/735
f 488/949/705 723/915/669 727/959/715
f 541/964/721 722/727/899 726/956/712
f 594/883/636 725/979/736 717/894/647
f 576/901/654 724/978/735 716/891/644
f 719/855/609 721/857/611 523/853/607
f 718/837/592 720/839/594 517/835/590
f 716/799/556 733/798/555 504/1152/872
f 538/1153/541 717/785/544 732/787/546
f 697/745/503 735/758/515 720/760/517
f 675/1149/506 784/1176/505 797/1064/804
f 674/1106/874 790/1108/883 803/1155/875
f 741/1119/853 754/1118/852 677/1156/867
f 632/1158/808 505/1161/876 753/801/558
f 499/1060/801 626/1163/877 752/783/542
f 648/1048/792 616/1293/768 751/1049/772
f 642/1159/787 610/1288/751 750/1037/755
f 616/1160/768 632/1158/808 749/1015/770
f 610/996/751 499/1060/801 748/998/753
f 575/955/711 747/948/704 745/975/732
f 593/958/714 746/945/701 744/974/731
f 490/954/710 743/916/670 747/948/704
f 537/957/713 742/726/897 746/945/701
f 596/889/642 745/975/732 737/882/635
f 572/892/645 744/974/731 736/879/633
f 739/858/612 741/860/614 524/856/610
f 738/834/589 740/836/591 516/832/587
f 736/802/559 753/801/558 505/1161/876
f 540/779/538 737/784/543 752/783/542
f 699/1164/514 755/752/510 740/754/512
f 821/1166/878 789/1182/513 699/1167/514
f 676/751/509 786/750/508 823/1168/879
f 761/1113/848 774/749/507 676/751/509
f 633/1069/809 506/1172/881 773/804/561
f 609/1074/814 641/1073/813 772/780/539
f 649/1050/793 617/1294/771 771/1169/774
f 498/1056/797 625/1027/782 770/997/752
f 617/1016/771 633/1069/809 769/1018/773
f 625/1027/782 609/1074/814 768/995/750
f 570/983/740 767/953/709 765/977/734
f 595/947/703 766/951/707 764/976/733
f 485/918/672 763/917/671 767/953/709
f 539/946/702 762/728/898 766/951/707
f 591/970/727 765/977/734 757/888/641
f 574/880/634 764/976/733 756/885/638
f 759/861/615 761/862/616 525/859/613
f 758/831/586 760/833/588 515/829/584
f 489/800/557 756/805/562 773/804/561
f 535/924/678 757/781/540 772/780/539
f 698/1146/870 775/764/521 760/766/523
f 754/1173/852 823/1184/879 788/1174/882
f 791/773/658 802/734/492 803/1155/875
f 796/1076/815 797/1064/804 784/1176/505
f 804/739/497 805/762/519 798/1131/859
f 823/1168/879 786/750/508 787/1145/869
f 825/1142/866 782/763/520 783/1177/884
f 785/811/568 784/747/505 820/1144/868
f 780/1107/841 781/772/531 791/773/532
f 792/906/660 793/1126/858 779/1140/865
f 794/792/550 795/1090/828 781/1141/484
f 818/1136/805 819/1065/805 797/1064/804
f 815/823/578 799/825/580 798/1178/885
f 817/844/599 800/846/601 801/1179/886
f 802/734/492 777/733/492 776/1180/887
f 783/1177/884 782/763/520 805/762/519
f 810/1031/784 811/1101/837 806/987/744
f 812/1042/790 813/1058/799 808/1129/761
f 793/1126/858 792/906/660 811/1101/837
f 795/1090/828 794/792/550 813/1058/799
f 807/1032/785 806/987/744 815/989/578
f 809/1094/791 808/1006/761 817/844/599
f 801/1181/888 800/1078/816 819/1065/805
f 789/1182/513 821/1166/878 820/1144/868
f 823/1184/879 822/1271/871 789/755/513
f 825/1142/866 824/767/524 787/1145/869
f 685/1099/835 803/1155/875 776/1180/887
