# Blender 4.0.0
# www.blender.org
o ToasterOven027_Knob002
v 0.243066 -0.209665 -0.054996
v 0.242244 -0.209665 -0.048271
v 0.239711 -0.209665 -0.041987
v 0.235637 -0.209665 -0.036574
v 0.230301 -0.209665 -0.032399
v 0.224066 -0.209665 -0.029747
v 0.217357 -0.209665 -0.028800
v 0.210632 -0.209665 -0.029621
v 0.204348 -0.209665 -0.032155
v 0.198934 -0.209665 -0.036229
v 0.194759 -0.209665 -0.041565
v 0.192108 -0.209665 -0.047800
v 0.191160 -0.209665 -0.054508
v 0.191981 -0.209665 -0.061234
v 0.194515 -0.209665 -0.067517
v 0.198589 -0.209665 -0.072931
v 0.203925 -0.209665 -0.077106
v 0.210160 -0.209665 -0.079758
v 0.216869 -0.209665 -0.080705
v 0.223594 -0.209665 -0.079884
v 0.229878 -0.209665 -0.077350
v 0.235292 -0.209665 -0.073276
v 0.239467 -0.209665 -0.067940
v 0.242118 -0.209665 -0.061705
v 0.238115 -0.210511 -0.054950
v 0.237451 -0.210511 -0.049507
v 0.235400 -0.210511 -0.044422
v 0.232104 -0.210511 -0.040041
v 0.227785 -0.210511 -0.036663
v 0.222740 -0.210511 -0.034517
v 0.217310 -0.210511 -0.033750
v 0.211868 -0.210511 -0.034415
v 0.206783 -0.210511 -0.036465
v 0.202402 -0.210511 -0.039762
v 0.199023 -0.210511 -0.044080
v 0.196877 -0.210511 -0.049126
v 0.196111 -0.210511 -0.054555
v 0.196775 -0.210511 -0.059998
v 0.198826 -0.210511 -0.065083
v 0.202122 -0.210511 -0.069464
v 0.206441 -0.210511 -0.072842
v 0.211486 -0.210511 -0.074988
v 0.216916 -0.210511 -0.075755
v 0.222358 -0.210511 -0.075090
v 0.227443 -0.210511 -0.073040
v 0.231824 -0.210511 -0.069743
v 0.235203 -0.210511 -0.065425
v 0.237349 -0.210511 -0.060379
v 0.242334 -0.210449 -0.054990
v 0.241536 -0.210449 -0.048454
v 0.239074 -0.210449 -0.042347
v 0.235115 -0.210449 -0.037086
v 0.229929 -0.210449 -0.033029
v 0.223870 -0.210449 -0.030452
v 0.217350 -0.210449 -0.029532
v 0.210814 -0.210449 -0.030330
v 0.204708 -0.210449 -0.032792
v 0.199447 -0.210449 -0.036751
v 0.195390 -0.210449 -0.041937
v 0.192813 -0.210449 -0.047996
v 0.191892 -0.210449 -0.054515
v 0.192690 -0.210449 -0.061051
v 0.195152 -0.210449 -0.067158
v 0.199111 -0.210449 -0.072419
v 0.204297 -0.210449 -0.076476
v 0.210356 -0.210449 -0.079053
v 0.216876 -0.210449 -0.079973
v 0.223412 -0.210449 -0.079175
v 0.229518 -0.210449 -0.076713
v 0.234779 -0.210449 -0.072754
v 0.238836 -0.210449 -0.067568
v 0.241413 -0.210449 -0.061509
v 0.243001 -0.209813 -0.054996
v 0.242182 -0.209813 -0.048287
v 0.239654 -0.209813 -0.042019
v 0.235591 -0.209813 -0.036619
v 0.230268 -0.209813 -0.032454
v 0.224048 -0.209813 -0.029809
v 0.217356 -0.209813 -0.028864
v 0.210648 -0.209813 -0.029683
v 0.204380 -0.209813 -0.032211
v 0.198979 -0.209813 -0.036275
v 0.194815 -0.209813 -0.041598
v 0.192170 -0.209813 -0.047817
v 0.191225 -0.209813 -0.054509
v 0.192044 -0.209813 -0.061218
v 0.194571 -0.209813 -0.067486
v 0.198635 -0.209813 -0.072886
v 0.203958 -0.209813 -0.077051
v 0.210178 -0.209813 -0.079696
v 0.216870 -0.209813 -0.080641
v 0.223578 -0.209813 -0.079821
v 0.229846 -0.209813 -0.077294
v 0.235247 -0.209813 -0.073230
v 0.239411 -0.209813 -0.067907
v 0.242056 -0.209813 -0.061688
v 0.242178 -0.210511 -0.054988
v 0.241385 -0.210511 -0.048493
v 0.238938 -0.210511 -0.042424
v 0.235003 -0.210511 -0.037195
v 0.229850 -0.210511 -0.033163
v 0.223828 -0.210511 -0.030602
v 0.217349 -0.210511 -0.029687
v 0.210853 -0.210511 -0.030480
v 0.204784 -0.210511 -0.032928
v 0.199556 -0.210511 -0.036862
v 0.195524 -0.210511 -0.042016
v 0.192963 -0.210511 -0.048037
v 0.192048 -0.210511 -0.054517
v 0.192841 -0.210511 -0.061012
v 0.195288 -0.210511 -0.067081
v 0.199223 -0.210511 -0.072310
v 0.204376 -0.210511 -0.076342
v 0.210398 -0.210511 -0.078903
v 0.216877 -0.210511 -0.079818
v 0.223373 -0.210511 -0.079025
v 0.229441 -0.210511 -0.076577
v 0.234670 -0.210511 -0.072643
v 0.238702 -0.210511 -0.067489
v 0.241263 -0.210511 -0.061467
v 0.243066 -0.201301 -0.054996
v 0.242244 -0.201301 -0.048271
v 0.239711 -0.201301 -0.041987
v 0.235637 -0.201301 -0.036574
v 0.230301 -0.201301 -0.032399
v 0.224066 -0.201301 -0.029747
v 0.217357 -0.201301 -0.028800
v 0.210632 -0.201301 -0.029621
v 0.204348 -0.201301 -0.032155
v 0.198934 -0.201301 -0.036229
v 0.194759 -0.201301 -0.041565
v 0.192108 -0.201301 -0.047800
v 0.191160 -0.201301 -0.054508
v 0.191981 -0.201301 -0.061234
v 0.194515 -0.201301 -0.067517
v 0.198589 -0.201301 -0.072931
v 0.203925 -0.201301 -0.077106
v 0.210160 -0.201301 -0.079758
v 0.216869 -0.201301 -0.080705
v 0.223594 -0.201301 -0.079884
v 0.229878 -0.201301 -0.077350
v 0.235292 -0.201301 -0.073276
v 0.239467 -0.201301 -0.067940
v 0.242118 -0.201301 -0.061705
v 0.237852 -0.201261 -0.039146
v 0.237143 -0.210552 -0.039680
v 0.233896 -0.210552 -0.042123
v 0.237801 -0.209846 -0.039185
v 0.237267 -0.210489 -0.039586
v 0.237852 -0.209698 -0.039146
v 0.241185 -0.201261 -0.045046
v 0.240361 -0.210552 -0.045378
v 0.236593 -0.210552 -0.046897
v 0.241125 -0.209846 -0.045070
v 0.240506 -0.210489 -0.045319
v 0.241185 -0.209698 -0.045046
v 0.242877 -0.201261 -0.051607
v 0.191413 -0.201261 -0.051123
v 0.241996 -0.210552 -0.051714
v 0.192292 -0.210552 -0.051247
v 0.237962 -0.210552 -0.052207
v 0.196315 -0.210552 -0.051815
v 0.242813 -0.209846 -0.051615
v 0.191477 -0.209846 -0.051132
v 0.242150 -0.210489 -0.051695
v 0.192138 -0.210489 -0.051225
v 0.242877 -0.209698 -0.051607
v 0.191413 -0.209698 -0.051123
v 0.191349 -0.201261 -0.057898
v 0.242813 -0.201261 -0.058382
v 0.192230 -0.210552 -0.057791
v 0.241934 -0.210552 -0.058258
v 0.196264 -0.210552 -0.057298
v 0.237911 -0.210552 -0.057690
v 0.191413 -0.209846 -0.057890
v 0.242749 -0.209846 -0.058373
v 0.192076 -0.210489 -0.057810
v 0.242088 -0.210489 -0.058280
v 0.191349 -0.209698 -0.057898
v 0.242813 -0.209698 -0.058382
v 0.240998 -0.201261 -0.064910
v 0.240181 -0.210552 -0.064563
v 0.236442 -0.210552 -0.062973
v 0.240939 -0.209846 -0.064885
v 0.240324 -0.210489 -0.064624
v 0.240998 -0.209698 -0.064910
v 0.237555 -0.201261 -0.070746
v 0.236856 -0.210552 -0.070199
v 0.233656 -0.210552 -0.067695
v 0.237504 -0.209846 -0.070706
v 0.236979 -0.210489 -0.070295
v 0.237555 -0.209698 -0.070746
v 0.232719 -0.201261 -0.075492
v 0.232185 -0.210552 -0.074782
v 0.229742 -0.210552 -0.071536
v 0.232680 -0.209846 -0.075440
v 0.232279 -0.210489 -0.074907
v 0.232719 -0.209698 -0.075492
v 0.226820 -0.201261 -0.078824
v 0.226488 -0.210552 -0.078001
v 0.224968 -0.210552 -0.074233
v 0.226796 -0.209846 -0.078764
v 0.226546 -0.210489 -0.078145
v 0.226820 -0.209698 -0.078824
v 0.220259 -0.201261 -0.080516
v 0.220151 -0.210552 -0.079635
v 0.219659 -0.210552 -0.075602
v 0.220251 -0.209846 -0.080452
v 0.220170 -0.210489 -0.079790
v 0.220259 -0.209698 -0.080516
v 0.213483 -0.201261 -0.080452
v 0.213608 -0.210552 -0.079574
v 0.214176 -0.210552 -0.075550
v 0.213492 -0.209846 -0.080389
v 0.213586 -0.210489 -0.079728
v 0.213483 -0.209698 -0.080452
v 0.206955 -0.201261 -0.078637
v 0.207303 -0.210552 -0.077821
v 0.208893 -0.210552 -0.074081
v 0.206981 -0.209846 -0.078578
v 0.207242 -0.210489 -0.077964
v 0.206955 -0.209698 -0.078637
v 0.201120 -0.201261 -0.075195
v 0.201667 -0.210552 -0.074496
v 0.204170 -0.210552 -0.071295
v 0.201159 -0.209846 -0.075144
v 0.201571 -0.210489 -0.074618
v 0.201120 -0.209698 -0.075195
v 0.196374 -0.201261 -0.070359
v 0.197083 -0.210552 -0.069825
v 0.200330 -0.210552 -0.067382
v 0.196425 -0.209846 -0.070320
v 0.196959 -0.210489 -0.069919
v 0.196374 -0.209698 -0.070359
v 0.193041 -0.201261 -0.064459
v 0.193864 -0.210552 -0.064127
v 0.197633 -0.210552 -0.062608
v 0.193101 -0.209846 -0.064435
v 0.193720 -0.210489 -0.064185
v 0.193041 -0.209698 -0.064459
v 0.193228 -0.201261 -0.044595
v 0.194045 -0.210552 -0.044942
v 0.197784 -0.210552 -0.046532
v 0.193287 -0.209846 -0.044620
v 0.193901 -0.210489 -0.044881
v 0.193228 -0.209698 -0.044595
v 0.196671 -0.201261 -0.038759
v 0.197370 -0.210552 -0.039306
v 0.200570 -0.210552 -0.041810
v 0.196722 -0.209846 -0.038799
v 0.197247 -0.210489 -0.039210
v 0.196671 -0.209698 -0.038759
v 0.201507 -0.201261 -0.034013
v 0.202041 -0.210552 -0.034722
v 0.204484 -0.210552 -0.037969
v 0.201546 -0.209846 -0.034065
v 0.201947 -0.210489 -0.034598
v 0.201507 -0.209698 -0.034013
v 0.207406 -0.201261 -0.030681
v 0.207738 -0.210552 -0.031504
v 0.209258 -0.210552 -0.035272
v 0.207430 -0.209846 -0.030741
v 0.207680 -0.210489 -0.031359
v 0.207406 -0.209698 -0.030681
v 0.213967 -0.201261 -0.028989
v 0.214075 -0.210552 -0.029870
v 0.214567 -0.210552 -0.033903
v 0.213975 -0.209846 -0.029053
v 0.214056 -0.210489 -0.029715
v 0.213967 -0.209698 -0.028989
v 0.220743 -0.201261 -0.029052
v 0.220618 -0.210552 -0.029931
v 0.220050 -0.210552 -0.033955
v 0.220734 -0.209846 -0.029116
v 0.220640 -0.210489 -0.029777
v 0.220743 -0.209698 -0.029052
v 0.227271 -0.201261 -0.030868
v 0.226923 -0.210552 -0.031684
v 0.225333 -0.210552 -0.035423
v 0.227245 -0.209846 -0.030927
v 0.226984 -0.210489 -0.031541
v 0.227271 -0.209698 -0.030868
v 0.233106 -0.201261 -0.034310
v 0.232559 -0.210552 -0.035009
v 0.230056 -0.210552 -0.038210
v 0.233067 -0.209846 -0.034361
v 0.232655 -0.210489 -0.034887
v 0.233106 -0.209698 -0.034310
v 0.237724 -0.210511 -0.054946
v 0.237072 -0.210511 -0.049605
v 0.235060 -0.210511 -0.044615
v 0.231824 -0.210511 -0.040315
v 0.227587 -0.210511 -0.036999
v 0.222635 -0.210511 -0.034894
v 0.217307 -0.210511 -0.034141
v 0.211966 -0.210511 -0.034793
v 0.206975 -0.210511 -0.036806
v 0.202676 -0.210511 -0.040041
v 0.199360 -0.210511 -0.044279
v 0.197254 -0.210511 -0.049231
v 0.196502 -0.210511 -0.054559
v 0.197154 -0.210511 -0.059900
v 0.199166 -0.210511 -0.064890
v 0.202401 -0.210511 -0.069190
v 0.206639 -0.210511 -0.072506
v 0.211591 -0.210511 -0.074611
v 0.216919 -0.210511 -0.075364
v 0.222260 -0.210511 -0.074712
v 0.227251 -0.210511 -0.072699
v 0.231550 -0.210511 -0.069464
v 0.234866 -0.210511 -0.065226
v 0.236972 -0.210511 -0.060274
v 0.233584 -0.210551 -0.042358
v 0.236231 -0.210551 -0.047043
v 0.237574 -0.210551 -0.052254
v 0.196702 -0.210551 -0.051870
v 0.196652 -0.210551 -0.057251
v 0.237524 -0.210551 -0.057635
v 0.236082 -0.210551 -0.062820
v 0.233348 -0.210551 -0.067454
v 0.229507 -0.210551 -0.071223
v 0.224822 -0.210551 -0.073870
v 0.219611 -0.210551 -0.075214
v 0.214230 -0.210551 -0.075163
v 0.209046 -0.210551 -0.073722
v 0.204411 -0.210551 -0.070987
v 0.200642 -0.210551 -0.067147
v 0.197995 -0.210551 -0.062461
v 0.198144 -0.210551 -0.046685
v 0.200878 -0.210551 -0.042051
v 0.204719 -0.210551 -0.038282
v 0.209404 -0.210551 -0.035635
v 0.214615 -0.210551 -0.034291
v 0.219996 -0.210551 -0.034342
v 0.225180 -0.210551 -0.035783
v 0.229815 -0.210551 -0.038518
v 0.237724 -0.214249 -0.054946
v 0.237452 -0.214522 -0.054944
v 0.237644 -0.214443 -0.054945
v 0.237072 -0.214249 -0.049605
v 0.236808 -0.214522 -0.049673
v 0.236995 -0.214443 -0.049625
v 0.235060 -0.214249 -0.044615
v 0.234822 -0.214522 -0.044749
v 0.234990 -0.214443 -0.044654
v 0.231824 -0.214249 -0.040315
v 0.231630 -0.214522 -0.040506
v 0.231767 -0.214443 -0.040371
v 0.227587 -0.214249 -0.036999
v 0.227448 -0.214522 -0.037234
v 0.227546 -0.214443 -0.037068
v 0.222635 -0.214249 -0.034894
v 0.222562 -0.214522 -0.035156
v 0.222613 -0.214443 -0.034971
v 0.217307 -0.214249 -0.034141
v 0.217304 -0.214522 -0.034414
v 0.217306 -0.214443 -0.034221
v 0.211966 -0.214249 -0.034793
v 0.212034 -0.214522 -0.035057
v 0.211986 -0.214443 -0.034871
v 0.206975 -0.214249 -0.036806
v 0.207109 -0.214522 -0.037043
v 0.207014 -0.214443 -0.036875
v 0.202676 -0.214249 -0.040041
v 0.202867 -0.214522 -0.040236
v 0.202732 -0.214443 -0.040098
v 0.199360 -0.214249 -0.044279
v 0.199595 -0.214522 -0.044418
v 0.199429 -0.214443 -0.044320
v 0.197254 -0.214249 -0.049231
v 0.197517 -0.214522 -0.049304
v 0.197331 -0.214443 -0.049252
v 0.196502 -0.214249 -0.054559
v 0.196774 -0.214522 -0.054561
v 0.196582 -0.214443 -0.054559
v 0.197154 -0.214249 -0.059900
v 0.197418 -0.214522 -0.059832
v 0.197231 -0.214443 -0.059880
v 0.199166 -0.214249 -0.064890
v 0.199404 -0.214522 -0.064756
v 0.199236 -0.214443 -0.064851
v 0.202401 -0.214249 -0.069190
v 0.202596 -0.214522 -0.068999
v 0.202459 -0.214443 -0.069134
v 0.206639 -0.214249 -0.072506
v 0.206778 -0.214522 -0.072271
v 0.206680 -0.214443 -0.072437
v 0.211591 -0.214249 -0.074611
v 0.211664 -0.214522 -0.074349
v 0.211613 -0.214443 -0.074534
v 0.216919 -0.214249 -0.075364
v 0.216922 -0.214522 -0.075091
v 0.216920 -0.214443 -0.075284
v 0.222260 -0.214249 -0.074712
v 0.222192 -0.214522 -0.074448
v 0.222240 -0.214443 -0.074634
v 0.227251 -0.214249 -0.072699
v 0.227117 -0.214522 -0.072462
v 0.227211 -0.214443 -0.072630
v 0.231550 -0.214249 -0.069464
v 0.231359 -0.214522 -0.069269
v 0.231494 -0.214443 -0.069407
v 0.234866 -0.214249 -0.065226
v 0.234631 -0.214522 -0.065087
v 0.234797 -0.214443 -0.065185
v 0.236972 -0.214249 -0.060274
v 0.236709 -0.214522 -0.060201
v 0.236895 -0.214443 -0.060253
v 0.233366 -0.214560 -0.042522
v 0.233584 -0.214288 -0.042358
v 0.233520 -0.214481 -0.042406
v 0.235978 -0.214560 -0.047146
v 0.236231 -0.214288 -0.047043
v 0.236156 -0.214481 -0.047073
v 0.237304 -0.214560 -0.052287
v 0.237574 -0.214288 -0.052254
v 0.237495 -0.214481 -0.052264
v 0.196972 -0.214560 -0.051908
v 0.196702 -0.214288 -0.051870
v 0.196782 -0.214481 -0.051881
v 0.196922 -0.214560 -0.057218
v 0.196652 -0.214288 -0.057251
v 0.196731 -0.214481 -0.057241
v 0.237254 -0.214560 -0.057597
v 0.237524 -0.214288 -0.057635
v 0.237444 -0.214481 -0.057624
v 0.235831 -0.214560 -0.062713
v 0.236082 -0.214288 -0.062820
v 0.236008 -0.214481 -0.062788
v 0.233133 -0.214560 -0.067286
v 0.233348 -0.214288 -0.067454
v 0.233285 -0.214481 -0.067405
v 0.229343 -0.214560 -0.071005
v 0.229507 -0.214288 -0.071223
v 0.229459 -0.214481 -0.071159
v 0.224720 -0.214560 -0.073617
v 0.224822 -0.214288 -0.073870
v 0.224792 -0.214481 -0.073796
v 0.219578 -0.214560 -0.074943
v 0.219611 -0.214288 -0.075214
v 0.219602 -0.214481 -0.075134
v 0.214269 -0.214560 -0.074893
v 0.214230 -0.214288 -0.075163
v 0.214242 -0.214481 -0.075084
v 0.209153 -0.214560 -0.073471
v 0.209046 -0.214288 -0.073722
v 0.209077 -0.214481 -0.073648
v 0.204579 -0.214560 -0.070773
v 0.204411 -0.214288 -0.070987
v 0.204461 -0.214481 -0.070924
v 0.200860 -0.214560 -0.066983
v 0.200642 -0.214288 -0.067147
v 0.200706 -0.214481 -0.067099
v 0.198248 -0.214560 -0.062359
v 0.197995 -0.214288 -0.062461
v 0.198070 -0.214481 -0.062431
v 0.198395 -0.214560 -0.046792
v 0.198144 -0.214288 -0.046685
v 0.198218 -0.214481 -0.046717
v 0.201093 -0.214560 -0.042219
v 0.200878 -0.214288 -0.042051
v 0.200941 -0.214481 -0.042100
v 0.204883 -0.214560 -0.038500
v 0.204719 -0.214288 -0.038282
v 0.204767 -0.214481 -0.038346
v 0.209506 -0.214560 -0.035888
v 0.209404 -0.214288 -0.035635
v 0.209434 -0.214481 -0.035709
v 0.214648 -0.214560 -0.034562
v 0.214615 -0.214288 -0.034291
v 0.214624 -0.214481 -0.034371
v 0.219957 -0.214560 -0.034612
v 0.219996 -0.214288 -0.034342
v 0.219984 -0.214481 -0.034421
v 0.225073 -0.214560 -0.036034
v 0.225180 -0.214288 -0.035783
v 0.225149 -0.214481 -0.035857
v 0.229647 -0.214560 -0.038732
v 0.229815 -0.214288 -0.038518
v 0.229765 -0.214481 -0.038581
v 0.236687 -0.213847 -0.049927
v 0.197626 -0.213847 -0.049611
v 0.197634 -0.224079 -0.049773
v 0.236028 -0.231743 -0.049550
v 0.198178 -0.223951 -0.059838
v 0.236598 -0.231987 -0.059617
v 0.202242 -0.231139 -0.049818
v 0.202495 -0.230615 -0.059878
v 0.199398 -0.228317 -0.049790
v 0.199838 -0.227958 -0.059853
v 0.206478 -0.232872 -0.049859
v 0.206500 -0.232273 -0.059915
v 0.235497 -0.232273 -0.049546
v 0.235514 -0.232861 -0.059657
v 0.197494 -0.224104 -0.051084
v 0.197473 -0.215387 -0.051133
v 0.197409 -0.215389 -0.057886
v 0.197550 -0.224079 -0.057678
v 0.199237 -0.228369 -0.057892
v 0.202120 -0.231199 -0.057970
v 0.206391 -0.232897 -0.058008
v 0.234314 -0.232861 -0.058230
v 0.234378 -0.232861 -0.051481
v 0.206456 -0.232897 -0.051178
v 0.202185 -0.231199 -0.051135
v 0.199292 -0.228375 -0.051104
v 0.217466 -0.232867 -0.049962
v 0.217368 -0.213847 -0.060006
v 0.217367 -0.232273 -0.060018
v 0.217387 -0.232879 -0.058111
v 0.217452 -0.232879 -0.051282
v 0.197940 -0.224011 -0.051576
v 0.197926 -0.215790 -0.051606
v 0.197871 -0.215790 -0.057419
v 0.197885 -0.224011 -0.057449
v 0.199623 -0.228105 -0.057483
v 0.202387 -0.230789 -0.057511
v 0.206486 -0.232407 -0.057559
v 0.217391 -0.232378 -0.057663
v 0.233967 -0.232359 -0.057817
v 0.234023 -0.232359 -0.051887
v 0.217447 -0.232378 -0.051730
v 0.206542 -0.232407 -0.051628
v 0.202442 -0.230789 -0.051599
v 0.199679 -0.228105 -0.051575
v 0.217444 -0.213847 -0.049450
v 0.236060 -0.213847 -0.049625
v 0.198258 -0.213847 -0.049269
v 0.198284 -0.223951 -0.049195
v 0.236692 -0.231987 -0.050137
v 0.198154 -0.213847 -0.059821
v 0.197530 -0.213847 -0.059468
v 0.235955 -0.213847 -0.060176
v 0.236588 -0.213847 -0.059890
v 0.197541 -0.224079 -0.059247
v 0.235923 -0.231743 -0.060192
v 0.202600 -0.230615 -0.049237
v 0.202149 -0.231139 -0.059288
v 0.199943 -0.227958 -0.049212
v 0.199305 -0.228317 -0.059263
v 0.206605 -0.232273 -0.049275
v 0.206386 -0.232872 -0.059327
v 0.235608 -0.232861 -0.050077
v 0.235392 -0.232273 -0.060187
v 0.217471 -0.232273 -0.049377
v 0.217373 -0.232867 -0.059431
v 0.236057 -0.215133 -0.049619
v 0.235953 -0.215133 -0.060178
v 0.217446 -0.215133 -0.049445
v 0.217368 -0.215130 -0.060006
v 0.236687 -0.214838 -0.049942
v 0.236589 -0.214838 -0.059871
v 0.198158 -0.215636 -0.059824
v 0.197533 -0.216465 -0.059411
v 0.198263 -0.215582 -0.049257
v 0.197628 -0.216417 -0.049653
v 0.197696 -0.216330 -0.049610
v 0.197628 -0.216365 -0.049652
v 0.197622 -0.216384 -0.049712
v 0.197480 -0.216805 -0.051090
v 0.197928 -0.216775 -0.051603
v 0.197873 -0.216722 -0.057423
v 0.197415 -0.216723 -0.057932
v 0.236564 -0.213847 -0.049868
v 0.197749 -0.213847 -0.049545
v 0.197761 -0.224054 -0.049660
v 0.236157 -0.231790 -0.049664
v 0.198032 -0.213847 -0.059752
v 0.236079 -0.213847 -0.060121
v 0.198054 -0.223976 -0.059722
v 0.236466 -0.231939 -0.059729
v 0.202312 -0.231037 -0.049705
v 0.202428 -0.230716 -0.059763
v 0.199504 -0.228246 -0.049677
v 0.199734 -0.228027 -0.059738
v 0.206503 -0.232756 -0.049745
v 0.206478 -0.232390 -0.059801
v 0.235519 -0.232388 -0.049650
v 0.235490 -0.232746 -0.059760
v 0.217467 -0.232752 -0.049848
v 0.217368 -0.232389 -0.059903
v 0.236180 -0.215075 -0.049682
v 0.236077 -0.215075 -0.060118
v 0.198036 -0.215798 -0.059743
v 0.236182 -0.213847 -0.049684
v 0.198135 -0.213847 -0.049336
v 0.198157 -0.223976 -0.049308
v 0.236562 -0.231939 -0.050023
v 0.197651 -0.213847 -0.059537
v 0.236465 -0.213847 -0.059946
v 0.197665 -0.224054 -0.059362
v 0.236054 -0.231790 -0.060080
v 0.202530 -0.230716 -0.049350
v 0.202217 -0.231037 -0.059403
v 0.199837 -0.228027 -0.049324
v 0.199409 -0.228246 -0.059378
v 0.206581 -0.232390 -0.049389
v 0.206408 -0.232756 -0.059442
v 0.235587 -0.232746 -0.049973
v 0.235416 -0.232388 -0.060084
v 0.217470 -0.232389 -0.049491
v 0.217372 -0.232752 -0.059545
v 0.236564 -0.214895 -0.049879
v 0.236465 -0.214895 -0.059931
v 0.197655 -0.216303 -0.059491
v 0.197574 -0.224086 -0.051298
v 0.197547 -0.215547 -0.051301
v 0.197487 -0.215547 -0.057718
v 0.197439 -0.224102 -0.057877
v 0.199302 -0.228324 -0.057739
v 0.202172 -0.231120 -0.057763
v 0.206411 -0.232798 -0.057802
v 0.234173 -0.232766 -0.058062
v 0.234234 -0.232766 -0.051646
v 0.206472 -0.232798 -0.051384
v 0.202233 -0.231120 -0.051344
v 0.199362 -0.228324 -0.051314
v 0.217389 -0.232777 -0.057905
v 0.217450 -0.232777 -0.051487
v 0.197558 -0.216832 -0.051301
v 0.197534 -0.216744 -0.057673
v 0.197503 -0.224102 -0.051140
v 0.197481 -0.215427 -0.051173
v 0.197418 -0.215428 -0.057845
v 0.197513 -0.224086 -0.057720
v 0.199227 -0.228375 -0.057947
v 0.202127 -0.231187 -0.057915
v 0.206394 -0.232882 -0.057953
v 0.234279 -0.232848 -0.058188
v 0.234341 -0.232848 -0.051522
v 0.206458 -0.232882 -0.051233
v 0.202191 -0.231187 -0.051191
v 0.199300 -0.228369 -0.051160
v 0.217388 -0.232865 -0.058056
v 0.217452 -0.232865 -0.051336
v 0.197489 -0.216816 -0.051144
v 0.197425 -0.216730 -0.057877
v 0.197609 -0.224079 -0.051342
v 0.197578 -0.215579 -0.051337
v 0.197519 -0.215579 -0.057682
v 0.197429 -0.224104 -0.057933
v 0.199334 -0.228303 -0.057697
v 0.202194 -0.231087 -0.057722
v 0.206419 -0.232760 -0.057762
v 0.234145 -0.232730 -0.058029
v 0.234205 -0.232730 -0.051679
v 0.206478 -0.232760 -0.051425
v 0.202253 -0.231087 -0.051385
v 0.199393 -0.228303 -0.051356
v 0.217390 -0.232737 -0.057865
v 0.217449 -0.232737 -0.051527
v 0.197593 -0.216831 -0.051346
v 0.197499 -0.216743 -0.057717
v 0.231970 -0.232863 -0.050054
v 0.231953 -0.232731 -0.051658
v 0.231876 -0.232863 -0.059612
v 0.231893 -0.232731 -0.058007
v 0.231894 -0.232361 -0.057798
v 0.231950 -0.232361 -0.051867
v 0.231975 -0.232273 -0.049513
v 0.231870 -0.232273 -0.060154
v 0.231971 -0.232747 -0.049948
v 0.231875 -0.232747 -0.059717
v 0.231974 -0.232388 -0.049618
v 0.231871 -0.232388 -0.060048
v 0.231954 -0.232850 -0.051496
v 0.231891 -0.232850 -0.058169
v 0.231953 -0.232767 -0.051624
v 0.231893 -0.232767 -0.058041
v 0.231955 -0.232864 -0.051452
v 0.231891 -0.232864 -0.058213
v 0.237002 -0.213847 -0.052420
v 0.197278 -0.213847 -0.052072
v 0.237004 -0.231987 -0.052510
v 0.206497 -0.232400 -0.053111
v 0.199609 -0.228123 -0.053052
v 0.202370 -0.230794 -0.053077
v 0.197806 -0.224018 -0.053044
v 0.236025 -0.232861 -0.052476
v 0.197338 -0.215581 -0.052921
v 0.234439 -0.232725 -0.053269
v 0.217434 -0.232375 -0.053213
v 0.197693 -0.215784 -0.053057
v 0.234244 -0.232359 -0.053372
v 0.237002 -0.214985 -0.052426
v 0.197707 -0.216812 -0.053056
v 0.197224 -0.215412 -0.052840
v 0.234603 -0.232847 -0.053191
v 0.197302 -0.215547 -0.052903
v 0.234473 -0.232762 -0.053252
v 0.197212 -0.215364 -0.052820
v 0.234649 -0.232861 -0.053171
v 0.231937 -0.232361 -0.053350
v 0.197230 -0.213847 -0.057001
v 0.236953 -0.213847 -0.057401
v 0.236957 -0.231987 -0.057250
v 0.206469 -0.232400 -0.056076
v 0.199581 -0.228123 -0.056006
v 0.202342 -0.230794 -0.056033
v 0.197779 -0.224018 -0.055980
v 0.235978 -0.232861 -0.057266
v 0.197309 -0.215581 -0.056094
v 0.234409 -0.232725 -0.056444
v 0.217406 -0.232375 -0.056179
v 0.197665 -0.215784 -0.055964
v 0.234217 -0.232359 -0.056337
v 0.236953 -0.214985 -0.057391
v 0.197680 -0.216786 -0.055966
v 0.197192 -0.215413 -0.056176
v 0.234571 -0.232847 -0.056524
v 0.197272 -0.215547 -0.056112
v 0.234443 -0.232762 -0.056461
v 0.197180 -0.215365 -0.056196
v 0.234617 -0.232861 -0.056546
v 0.231909 -0.232361 -0.056315
v 0.204312 -0.232125 -0.049838
v 0.204220 -0.232125 -0.059308
v 0.204258 -0.232042 -0.057742
v 0.204318 -0.232042 -0.051405
v 0.204389 -0.231717 -0.057535
v 0.204444 -0.231717 -0.051614
v 0.204555 -0.231564 -0.049256
v 0.204450 -0.231564 -0.059897
v 0.204360 -0.232015 -0.049725
v 0.204264 -0.232015 -0.059423
v 0.204508 -0.231674 -0.049369
v 0.204405 -0.231674 -0.059782
v 0.204213 -0.232154 -0.057934
v 0.204276 -0.232154 -0.051212
v 0.204244 -0.232078 -0.057782
v 0.204304 -0.232078 -0.051364
v 0.204208 -0.232167 -0.057989
v 0.204273 -0.232167 -0.051157
v 0.204385 -0.231717 -0.053094
v 0.204358 -0.231717 -0.056054
v 0.200756 -0.229807 -0.049804
v 0.200663 -0.229807 -0.059275
v 0.200700 -0.229774 -0.057710
v 0.200759 -0.229774 -0.051370
v 0.200941 -0.229526 -0.057497
v 0.200997 -0.229526 -0.051587
v 0.201208 -0.229365 -0.049224
v 0.201103 -0.229365 -0.059865
v 0.200844 -0.229721 -0.049691
v 0.200749 -0.229721 -0.059390
v 0.201120 -0.229452 -0.049337
v 0.201017 -0.229452 -0.059750
v 0.200618 -0.229858 -0.057903
v 0.200682 -0.229858 -0.051175
v 0.200673 -0.229801 -0.057751
v 0.200734 -0.229801 -0.051329
v 0.200610 -0.229867 -0.057959
v 0.200675 -0.229867 -0.051120
v 0.200926 -0.229539 -0.053064
v 0.200898 -0.229539 -0.056019
v 0.198396 -0.226253 -0.049781
v 0.198303 -0.226253 -0.059255
v 0.198322 -0.226247 -0.057687
v 0.198382 -0.226247 -0.051349
v 0.198634 -0.226113 -0.057466
v 0.198690 -0.226113 -0.051576
v 0.198994 -0.226011 -0.049203
v 0.198888 -0.226011 -0.059845
v 0.198513 -0.226207 -0.049669
v 0.198417 -0.226207 -0.059370
v 0.198877 -0.226057 -0.049316
v 0.198774 -0.226057 -0.059730
v 0.198218 -0.226292 -0.057885
v 0.198282 -0.226292 -0.051150
v 0.198288 -0.226262 -0.057730
v 0.198348 -0.226262 -0.051306
v 0.198209 -0.226295 -0.057940
v 0.198274 -0.226295 -0.051094
v 0.198588 -0.226126 -0.053048
v 0.198560 -0.226126 -0.055993
v 0.237232 -0.213847 -0.054238
v 0.237219 -0.213847 -0.055586
v 0.197012 -0.213847 -0.055206
v 0.197025 -0.213847 -0.053862
v 0.236325 -0.232861 -0.054201
v 0.236312 -0.232861 -0.055547
v 0.197734 -0.224022 -0.053836
v 0.197721 -0.224022 -0.055187
v 0.206472 -0.232397 -0.053917
v 0.206459 -0.232397 -0.055269
v 0.199571 -0.228131 -0.053852
v 0.199558 -0.228131 -0.055205
v 0.202331 -0.230798 -0.053878
v 0.202318 -0.230798 -0.055231
v 0.237228 -0.231987 -0.054208
v 0.237214 -0.231987 -0.055557
v 0.197042 -0.215352 -0.055179
v 0.197055 -0.215352 -0.053836
v 0.234811 -0.232861 -0.054186
v 0.234799 -0.232861 -0.055533
v 0.217414 -0.232373 -0.055372
v 0.217426 -0.232373 -0.054021
v 0.197567 -0.215780 -0.053839
v 0.197554 -0.215780 -0.055180
v 0.234365 -0.232359 -0.054181
v 0.234352 -0.232359 -0.055530
v 0.237219 -0.215092 -0.055584
v 0.237232 -0.215092 -0.054236
v 0.197576 -0.216822 -0.055181
v 0.197588 -0.216833 -0.053839
v 0.197147 -0.215546 -0.055177
v 0.197160 -0.215546 -0.053835
v 0.234612 -0.232760 -0.054184
v 0.234599 -0.232760 -0.055532
v 0.197070 -0.215402 -0.053835
v 0.197058 -0.215403 -0.055178
v 0.234746 -0.232846 -0.055533
v 0.234759 -0.232846 -0.054186
v 0.197200 -0.215583 -0.053835
v 0.197187 -0.215583 -0.055177
v 0.234560 -0.232720 -0.055532
v 0.234573 -0.232720 -0.054183
v 0.231917 -0.232361 -0.055508
v 0.231929 -0.232361 -0.054157
v 0.204354 -0.231717 -0.053898
v 0.204341 -0.231717 -0.055250
v 0.200874 -0.229544 -0.055218
v 0.200887 -0.229544 -0.053865
v 0.198520 -0.226132 -0.055196
v 0.198533 -0.226132 -0.053844
vn 0.9683 -0.0000 0.2497
vn 0.9722 -0.2018 0.1187
vn 0.9926 -0.0000 0.1212
vn 0.8707 -0.0000 0.4918
vn 0.9083 -0.2023 0.3663
vn 0.9274 -0.0000 0.3740
vn 0.7137 -0.0000 0.7004
vn 0.7825 -0.2021 0.5889
vn 0.7990 -0.0000 0.6013
vn 0.5081 -0.0000 0.8613
vn 0.6035 -0.2022 0.7713
vn 0.6162 -0.0000 0.7876
vn 0.2679 -0.0000 0.9634
vn 0.3833 -0.2022 0.9012
vn 0.3914 -0.0000 0.9202
vn 0.0094 -0.0000 1.0000
vn 0.1370 -0.2019 0.9698
vn 0.1398 -0.0000 0.9902
vn -0.2497 -0.0000 0.9683
vn -0.1187 -0.2019 0.9722
vn -0.1212 -0.0000 0.9926
vn -0.4918 -0.0000 0.8707
vn -0.3663 -0.2022 0.9083
vn -0.3740 -0.0000 0.9274
vn -0.7004 -0.0000 0.7137
vn -0.5889 -0.2019 0.7826
vn -0.6013 -0.0000 0.7990
vn -0.8613 -0.0000 0.5081
vn -0.7714 -0.2017 0.6035
vn -0.7876 -0.0000 0.6162
vn -0.9634 -0.0000 0.2679
vn -0.9013 -0.2018 0.3833
vn -0.9202 -0.0000 0.3914
vn -1.0000 -0.0000 0.0094
vn -0.9697 -0.2023 0.1369
vn -0.9902 -0.0000 0.1398
vn -0.9683 -0.0000 -0.2497
vn -0.9722 -0.2019 -0.1187
vn -0.9926 -0.0000 -0.1212
vn -0.8707 -0.0000 -0.4918
vn -0.9083 -0.2020 -0.3663
vn -0.9274 -0.0000 -0.3740
vn -0.7137 -0.0000 -0.7004
vn -0.7827 -0.2014 -0.5890
vn -0.7990 -0.0000 -0.6013
vn -0.5081 -0.0000 -0.8613
vn -0.6035 -0.2018 -0.7714
vn -0.6162 -0.0000 -0.7876
vn -0.2679 -0.0000 -0.9635
vn -0.3833 -0.2019 -0.9013
vn -0.3914 -0.0000 -0.9202
vn -0.0094 -0.0000 -1.0000
vn -0.1370 -0.2020 -0.9698
vn -0.1398 -0.0000 -0.9902
vn 0.2497 -0.0000 -0.9683
vn 0.1187 -0.2019 -0.9722
vn 0.1212 -0.0000 -0.9926
vn 0.4918 -0.0000 -0.8707
vn 0.3663 -0.2020 -0.9083
vn 0.3740 -0.0000 -0.9274
vn 0.7004 -0.0000 -0.7137
vn 0.5890 -0.2014 -0.7827
vn 0.6013 -0.0000 -0.7990
vn 0.8613 -0.0000 -0.5081
vn 0.7714 -0.2019 -0.6035
vn 0.7876 -0.0000 -0.6162
vn 0.9634 -0.0000 -0.2679
vn 0.9013 -0.2019 -0.3833
vn 0.9202 -0.0000 -0.3914
vn 1.0000 -0.0000 -0.0094
vn 0.9697 -0.2022 -0.1370
vn 0.9902 -0.0000 -0.1398
vn 0.1901 -0.9805 0.0490
vn -0.0007 -1.0000 -0.0001
vn 0.1930 -0.9809 0.0236
vn 0.1707 -0.9806 0.0965
vn -0.0010 -1.0000 -0.0004
vn 0.1803 -0.9809 0.0727
vn 0.1403 -0.9805 0.1377
vn -0.0009 -1.0000 -0.0007
vn 0.1554 -0.9809 0.1169
vn 0.0996 -0.9806 0.1689
vn -0.0007 -1.0000 -0.0009
vn 0.1198 -0.9809 0.1532
vn 0.0526 -0.9806 0.1891
vn -0.0004 -1.0000 -0.0010
vn 0.0761 -0.9809 0.1789
vn 0.0018 -0.9806 0.1962
vn -0.0001 -1.0000 -0.0007
vn 0.0272 -0.9809 0.1925
vn -0.0490 -0.9805 0.1901
vn 0.0001 -1.0000 -0.0007
vn -0.0235 -0.9809 0.1928
vn -0.0965 -0.9806 0.1709
vn 0.0004 -1.0000 -0.0010
vn -0.0727 -0.9809 0.1803
vn -0.1374 -0.9806 0.1400
vn 0.0007 -1.0000 -0.0009
vn -0.1170 -0.9809 0.1554
vn -0.1691 -0.9805 0.0998
vn 0.0009 -1.0000 -0.0007
vn -0.1532 -0.9809 0.1199
vn -0.1892 -0.9805 0.0526
vn 0.0010 -1.0000 -0.0004
vn -0.1789 -0.9809 0.0761
vn -0.1963 -0.9805 0.0018
vn 0.0011 -1.0000 -0.0002
vn -0.1925 -0.9809 0.0272
vn -0.1900 -0.9806 -0.0490
vn 0.0011 -1.0000 0.0001
vn -0.1928 -0.9809 -0.0235
vn -0.1706 -0.9806 -0.0963
vn 0.0010 -1.0000 0.0004
vn -0.1803 -0.9809 -0.0727
vn -0.1402 -0.9805 -0.1376
vn 0.0009 -1.0000 0.0007
vn -0.1554 -0.9809 -0.1169
vn -0.0997 -0.9806 -0.1690
vn 0.0007 -1.0000 0.0009
vn -0.1198 -0.9809 -0.1532
vn -0.0526 -0.9806 -0.1891
vn 0.0004 -1.0000 0.0010
vn -0.0761 -0.9809 -0.1789
vn -0.0018 -0.9805 -0.1965
vn 0.0002 -1.0000 0.0011
vn -0.0272 -0.9809 -0.1925
vn 0.0489 -0.9806 -0.1897
vn -0.0001 -1.0000 0.0011
vn 0.0236 -0.9809 -0.1930
vn 0.0966 -0.9805 -0.1711
vn -0.0004 -1.0000 0.0010
vn 0.0727 -0.9809 -0.1803
vn 0.1375 -0.9806 -0.1401
vn -0.0007 -1.0000 0.0009
vn 0.1169 -0.9809 -0.1553
vn 0.1693 -0.9805 -0.0999
vn -0.0009 -1.0000 0.0007
vn 0.1532 -0.9809 -0.1199
vn 0.1889 -0.9806 -0.0525
vn -0.0010 -1.0000 0.0004
vn 0.1789 -0.9809 -0.0761
vn 0.1962 -0.9806 -0.0018
vn -0.0011 -1.0000 0.0002
vn 0.1925 -0.9809 -0.0272
vn 0.8172 -0.5677 0.0998
vn 0.5298 -0.8371 0.1366
vn 0.5411 -0.8384 0.0661
vn 0.7634 -0.5678 0.3078
vn 0.4765 -0.8370 0.2691
vn 0.5055 -0.8384 0.2038
vn 0.6577 -0.5678 0.4950
vn 0.3905 -0.8370 0.3833
vn 0.4356 -0.8384 0.3278
vn 0.5073 -0.5677 0.6484
vn 0.2780 -0.8370 0.4712
vn 0.3359 -0.8384 0.4293
vn 0.3222 -0.5678 0.7575
vn 0.1466 -0.8370 0.5271
vn 0.2133 -0.8384 0.5016
vn 0.1151 -0.5678 0.8151
vn 0.0051 -0.8371 0.5471
vn 0.0762 -0.8384 0.5397
vn -0.0998 -0.5678 0.8171
vn -0.1366 -0.8370 0.5298
vn -0.0661 -0.8383 0.5411
vn -0.3078 -0.5679 0.7634
vn -0.2691 -0.8370 0.4764
vn -0.2038 -0.8384 0.5055
vn -0.4950 -0.5678 0.6578
vn -0.3833 -0.8370 0.3905
vn -0.3278 -0.8383 0.4356
vn -0.6483 -0.5679 0.5072
vn -0.4712 -0.8371 0.2780
vn -0.4294 -0.8383 0.3359
vn -0.7575 -0.5678 0.3222
vn -0.5272 -0.8370 0.1466
vn -0.5016 -0.8384 0.2133
vn -0.8151 -0.5678 0.1151
vn -0.5470 -0.8371 0.0051
vn -0.5398 -0.8383 0.0762
vn -0.8171 -0.5677 -0.0998
vn -0.5299 -0.8370 -0.1367
vn -0.5410 -0.8384 -0.0661
vn -0.7635 -0.5677 -0.3079
vn -0.4764 -0.8370 -0.2691
vn -0.5056 -0.8384 -0.2039
vn -0.6578 -0.5677 -0.4950
vn -0.3905 -0.8371 -0.3832
vn -0.4356 -0.8384 -0.3278
vn -0.5072 -0.5678 -0.6483
vn -0.2780 -0.8371 -0.4712
vn -0.3359 -0.8383 -0.4294
vn -0.3222 -0.5678 -0.7575
vn -0.1466 -0.8370 -0.5272
vn -0.2133 -0.8383 -0.5017
vn -0.1151 -0.5677 -0.8152
vn -0.0051 -0.8370 -0.5471
vn -0.0762 -0.8384 -0.5397
vn 0.0998 -0.5677 -0.8172
vn 0.1366 -0.8371 -0.5298
vn 0.0661 -0.8384 -0.5410
vn 0.3079 -0.5678 -0.7635
vn 0.2691 -0.8370 -0.4764
vn 0.2038 -0.8384 -0.5055
vn 0.4950 -0.5678 -0.6578
vn 0.3833 -0.8370 -0.3905
vn 0.3278 -0.8383 -0.4356
vn 0.6483 -0.5678 -0.5072
vn 0.4712 -0.8370 -0.2780
vn 0.4293 -0.8384 -0.3359
vn 0.7575 -0.5678 -0.3221
vn 0.5271 -0.8370 -0.1466
vn 0.5017 -0.8383 -0.2133
vn 0.8152 -0.5677 -0.1151
vn 0.5472 -0.8370 -0.0051
vn 0.5398 -0.8384 -0.0762
vn 0.7984 -0.5659 0.2059
vn 0.7179 -0.5658 0.4055
vn 0.5885 -0.5659 0.5775
vn 0.4189 -0.5660 0.7100
vn 0.2209 -0.5659 0.7943
vn 0.0078 -0.5659 0.8245
vn -0.2059 -0.5659 0.7983
vn -0.4055 -0.5659 0.7179
vn -0.5775 -0.5659 0.5884
vn -0.7101 -0.5659 0.4189
vn -0.7943 -0.5659 0.2209
vn -0.8245 -0.5659 0.0078
vn -0.7984 -0.5659 -0.2059
vn -0.7179 -0.5659 -0.4055
vn -0.5884 -0.5659 -0.5775
vn -0.4190 -0.5658 -0.7102
vn -0.2209 -0.5658 -0.7944
vn -0.0078 -0.5657 -0.8245
vn 0.2059 -0.5659 -0.7984
vn 0.4055 -0.5658 -0.7179
vn 0.5775 -0.5659 -0.5885
vn 0.7101 -0.5659 -0.4189
vn 0.7943 -0.5659 -0.2209
vn 0.8245 -0.5659 -0.0078
vn 0.0007 -1.0000 0.0004
vn 0.8532 -0.1997 0.4819
vn 0.0008 -1.0000 0.0002
vn 0.9488 -0.1998 0.2447
vn -0.0008 -1.0000 0.0002
vn 0.0009 -1.0000 -0.0000
vn -0.9440 -0.1997 0.2625
vn 0.9798 -0.1997 -0.0092
vn 0.0007 -1.0000 -0.0002
vn -0.0008 -1.0000 -0.0000
vn 0.9440 -0.2001 -0.2625
vn -0.9798 -0.1997 0.0092
vn 0.0007 -1.0000 -0.0004
vn 0.8439 -0.2000 -0.4979
vn 0.0005 -1.0000 -0.0005
vn 0.6863 -0.1998 -0.6993
vn 0.0004 -1.0000 -0.0007
vn 0.4819 -0.1999 -0.8531
vn 0.0002 -1.0000 -0.0008
vn 0.2447 -0.1997 -0.9488
vn -0.0000 -1.0000 -0.0009
vn -0.0092 -0.1998 -0.9798
vn -0.0002 -1.0000 -0.0008
vn -0.2625 -0.2000 -0.9440
vn -0.0004 -1.0000 -0.0007
vn -0.4979 -0.2000 -0.8439
vn -0.0006 -1.0000 -0.0006
vn -0.6994 -0.1997 -0.6863
vn -0.0007 -1.0000 -0.0004
vn -0.8530 -0.2005 -0.4818
vn -0.0007 -1.0000 -0.0002
vn -0.9488 -0.1999 -0.2447
vn -0.0007 -1.0000 0.0004
vn -0.8439 -0.2001 0.4978
vn -0.0005 -1.0000 0.0005
vn -0.6863 -0.1997 0.6993
vn -0.0004 -1.0000 0.0007
vn -0.4819 -0.1999 0.8531
vn -0.0002 -1.0000 0.0008
vn -0.2447 -0.2001 0.9487
vn -0.0000 -1.0000 0.0009
vn 0.0092 -0.1999 0.9798
vn 0.0002 -1.0000 0.0008
vn 0.2625 -0.1998 0.9440
vn 0.0004 -1.0000 0.0007
vn 0.4979 -0.1997 0.8439
vn 0.0005 -1.0000 0.0005
vn 0.6993 -0.1998 0.6863
vn -0.0002 -1.0000 0.0009
vn 0.0004 -1.0000 -0.0009
vn 0.0008 -1.0000 0.0005
vn -0.0009 -1.0000 -0.0004
vn -0.0005 -1.0000 -0.0008
vn 0.0006 -1.0000 0.0007
vn 0.0006 -1.0000 0.0008
vn -0.0007 -1.0000 -0.0007
vn 0.0007 -1.0000 0.0007
vn -0.0008 -1.0000 -0.0006
vn -0.0003 -1.0000 -0.0009
vn 0.0004 -1.0000 0.0009
vn 0.0007 -1.0000 -0.0007
vn -0.0007 -1.0000 0.0006
vn 0.0005 -1.0000 0.0008
vn -0.0006 -1.0000 -0.0007
vn -0.0006 -1.0000 -0.0008
vn -0.0005 -1.0000 0.0008
vn 0.0006 -1.0000 -0.0008
vn 0.0010 -1.0000 -0.0000
vn -0.0009 -1.0000 -0.0001
vn 0.0001 -1.0000 0.0009
vn 0.0009 -1.0000 0.0002
vn 0.0003 -1.0000 0.0009
vn -0.0004 -1.0000 -0.0009
vn -0.0009 -1.0000 0.0003
vn 0.0009 -1.0000 -0.0001
vn 0.0002 -1.0000 -0.0009
vn -0.0001 -1.0000 0.0009
vn -0.0000 -1.0000 0.0010
vn -0.0001 -1.0000 -0.0009
vn 0.0008 -1.0000 -0.0005
vn -0.0009 -1.0000 0.0004
vn 0.0005 -1.0000 -0.0008
vn -0.0004 -1.0000 0.0009
vn -0.0007 -1.0000 0.0007
vn 0.0007 -1.0000 -0.0006
vn 0.0001 -1.0000 -0.0009
vn -0.0006 -1.0000 0.0008
vn -0.0008 -1.0000 0.0005
vn 0.0009 -1.0000 -0.0004
vn 0.0009 -1.0000 -0.0003
vn -0.0009 -1.0000 0.0001
vn -0.0009 -1.0000 -0.0002
vn 0.0009 -1.0000 0.0004
vn -0.0010 -1.0000 -0.0000
vn 0.0009 -1.0000 0.0001
vn -0.0008 -1.0000 -0.0005
vn 0.0008 -1.0000 0.0006
vn -0.2679 -0.0000 -0.9634
vn -0.9635 -0.0000 0.2679
vn 0.9162 -0.3848 0.1119
vn 0.6935 -0.6979 0.1789
vn 0.7069 -0.7021 0.0863
vn 0.3708 -0.9238 0.0956
vn 0.3792 -0.9241 0.0463
vn 0.8560 -0.3848 0.3452
vn 0.6236 -0.6979 0.3523
vn 0.6604 -0.7021 0.2663
vn 0.3334 -0.9238 0.1883
vn 0.3540 -0.9243 0.1428
vn 0.7375 -0.3848 0.5550
vn 0.5112 -0.6979 0.5017
vn 0.5690 -0.7021 0.4282
vn 0.2733 -0.9238 0.2682
vn 0.3050 -0.9243 0.2295
vn 0.5689 -0.3843 0.7271
vn 0.3639 -0.6979 0.6169
vn 0.4388 -0.7020 0.5609
vn 0.1947 -0.9236 0.3301
vn 0.2354 -0.9241 0.3009
vn 0.3612 -0.3848 0.8494
vn 0.1919 -0.6979 0.6900
vn 0.2787 -0.7020 0.6553
vn 0.1027 -0.9236 0.3692
vn 0.1495 -0.9241 0.3516
vn 0.1291 -0.3848 0.9139
vn 0.0067 -0.6979 0.7162
vn 0.0996 -0.7021 0.7051
vn 0.0036 -0.9238 0.3829
vn 0.0534 -0.9241 0.3783
vn -0.1119 -0.3848 0.9162
vn -0.1789 -0.6979 0.6935
vn -0.0863 -0.7020 0.7069
vn -0.0957 -0.9236 0.3711
vn -0.0463 -0.9242 0.3792
vn -0.3452 -0.3848 0.8560
vn -0.3523 -0.6979 0.6236
vn -0.2663 -0.7020 0.6605
vn -0.1886 -0.9235 0.3339
vn -0.1429 -0.9241 0.3543
vn -0.5550 -0.3848 0.7375
vn -0.5017 -0.6979 0.5112
vn -0.4282 -0.7020 0.5690
vn -0.2682 -0.9238 0.2733
vn -0.2297 -0.9242 0.3053
vn -0.7270 -0.3848 0.5688
vn -0.6169 -0.6979 0.3639
vn -0.5609 -0.7020 0.4388
vn -0.3298 -0.9238 0.1946
vn -0.3009 -0.9242 0.2354
vn -0.8494 -0.3848 0.3612
vn -0.6900 -0.6979 0.1919
vn -0.6553 -0.7020 0.2787
vn -0.3690 -0.9238 0.1026
vn -0.3516 -0.9241 0.1495
vn -0.9139 -0.3848 0.1291
vn -0.7162 -0.6979 0.0067
vn -0.7051 -0.7020 0.0996
vn -0.3829 -0.9238 0.0036
vn -0.3778 -0.9243 0.0534
vn -0.9162 -0.3848 -0.1119
vn -0.6935 -0.6979 -0.1789
vn -0.7069 -0.7020 -0.0863
vn -0.3708 -0.9238 -0.0956
vn -0.3787 -0.9244 -0.0462
vn -0.8560 -0.3848 -0.3452
vn -0.6236 -0.6979 -0.3523
vn -0.6605 -0.7021 -0.2663
vn -0.3338 -0.9236 -0.1886
vn -0.3543 -0.9242 -0.1429
vn -0.7375 -0.3848 -0.5550
vn -0.5112 -0.6979 -0.5017
vn -0.5690 -0.7021 -0.4282
vn -0.2733 -0.9238 -0.2682
vn -0.3053 -0.9242 -0.2297
vn -0.5687 -0.3848 -0.7270
vn -0.3639 -0.6979 -0.6169
vn -0.4388 -0.7021 -0.5609
vn -0.1949 -0.9235 -0.3303
vn -0.2354 -0.9241 -0.3009
vn -0.3612 -0.3848 -0.8494
vn -0.1919 -0.6979 -0.6900
vn -0.2787 -0.7020 -0.6553
vn -0.1027 -0.9236 -0.3694
vn -0.1495 -0.9242 -0.3516
vn -0.1291 -0.3848 -0.9139
vn -0.0067 -0.6979 -0.7162
vn -0.0996 -0.7021 -0.7051
vn -0.0036 -0.9238 -0.3829
vn -0.0534 -0.9241 -0.3783
vn 0.1119 -0.3848 -0.9162
vn 0.1789 -0.6979 -0.6935
vn 0.0863 -0.7020 -0.7069
vn 0.0956 -0.9238 -0.3708
vn 0.0463 -0.9242 -0.3792
vn 0.3452 -0.3848 -0.8560
vn 0.3523 -0.6979 -0.6236
vn 0.2663 -0.7020 -0.6605
vn 0.1883 -0.9238 -0.3334
vn 0.1429 -0.9242 -0.3543
vn 0.5550 -0.3848 -0.7375
vn 0.5017 -0.6979 -0.5112
vn 0.4282 -0.7021 -0.5690
vn 0.2682 -0.9238 -0.2733
vn 0.2297 -0.9241 -0.3053
vn 0.7270 -0.3848 -0.5687
vn 0.6169 -0.6979 -0.3639
vn 0.5609 -0.7021 -0.4388
vn 0.3298 -0.9238 -0.1946
vn 0.3009 -0.9241 -0.2354
vn 0.8495 -0.3845 -0.3613
vn 0.6900 -0.6979 -0.1919
vn 0.6553 -0.7021 -0.2787
vn 0.3689 -0.9238 -0.1026
vn 0.3516 -0.9242 -0.1495
vn 0.9139 -0.3848 -0.1291
vn 0.7162 -0.6979 -0.0067
vn 0.7051 -0.7021 -0.0996
vn 0.3829 -0.9238 -0.0036
vn 0.3783 -0.9241 -0.0534
vn 0.8040 -0.3839 0.4541
vn 0.8941 -0.3839 0.2306
vn 0.9233 -0.3839 -0.0087
vn -0.8896 -0.3839 0.2474
vn -0.9233 -0.3839 0.0087
vn 0.8895 -0.3842 -0.2473
vn 0.7953 -0.3839 -0.4692
vn 0.6468 -0.3839 -0.6590
vn 0.4541 -0.3839 -0.8040
vn 0.2306 -0.3839 -0.8941
vn -0.0087 -0.3839 -0.9233
vn -0.2474 -0.3839 -0.8896
vn -0.4692 -0.3839 -0.7953
vn -0.6590 -0.3839 -0.6468
vn -0.8039 -0.3842 -0.4541
vn -0.8941 -0.3839 -0.2306
vn -0.7953 -0.3839 0.4692
vn -0.6468 -0.3839 0.6590
vn -0.4541 -0.3844 0.8038
vn -0.2305 -0.3844 0.8939
vn 0.0087 -0.3839 0.9233
vn 0.2474 -0.3839 0.8896
vn 0.4692 -0.3839 0.7953
vn 0.6590 -0.3839 0.6468
vn -0.0000 -1.0000 -0.0000
vn 0.0104 0.0040 0.9999
vn 0.0105 0.0039 0.9999
vn 0.0104 0.0041 0.9999
vn -0.2759 -0.0007 -0.9612
vn -0.0093 0.0007 -1.0000
vn -0.2890 -0.0007 -0.9573
vn 0.9892 -0.0011 -0.1464
vn 0.9970 -0.0005 -0.0778
vn -0.7925 -0.6058 0.0708
vn -0.8572 -0.4944 0.1443
vn -0.7920 -0.5956 0.1340
vn -0.9800 -0.1813 -0.0820
vn -0.9983 -0.0188 -0.0548
vn -0.9928 -0.0123 -0.1191
vn 0.9890 -0.0013 -0.1478
vn 0.9890 -0.0010 -0.1477
vn -0.1536 -0.9881 0.0004
vn 0.0018 -1.0000 0.0020
vn -0.1550 -0.9879 0.0003
vn -0.3628 -0.9317 0.0146
vn -0.1550 -0.9879 0.0017
vn -0.1550 -0.9879 0.0024
vn -0.9140 -0.4002 0.0670
vn -0.8175 -0.5752 0.0285
vn -0.8185 -0.5725 0.0493
vn -0.6952 -0.7184 -0.0260
vn -0.8199 -0.5715 -0.0339
vn -0.6953 -0.7182 -0.0255
vn -0.5418 -0.8405 -0.0069
vn -0.5421 -0.8401 -0.0186
vn -0.3630 -0.9317 -0.0078
vn -0.5409 -0.8409 -0.0184
vn -0.3641 -0.9313 -0.0075
vn -0.9783 -0.1814 0.1004
vn -0.9971 -0.0187 0.0736
vn -0.9807 -0.1876 0.0547
vn -0.9150 -0.4003 -0.0499
vn -0.9806 -0.1779 -0.0818
vn -0.9167 -0.3964 -0.0496
vn -0.9136 -0.4062 -0.0207
vn 0.6588 -0.7436 -0.1141
vn 0.6442 -0.7567 -0.1115
vn 0.6616 -0.7410 -0.1146
vn -0.9946 -0.0022 0.1040
vn -0.9947 -0.0021 0.1031
vn -0.9995 -0.0043 -0.0306
vn 0.6867 -0.7241 -0.0642
vn 0.6874 -0.7238 -0.0603
vn -0.9914 -0.0376 -0.1256
vn -0.9959 -0.0616 -0.0669
vn -0.9766 -0.1743 -0.1258
vn -0.9968 -0.0026 -0.0803
vn -0.9945 -0.0226 -0.1024
vn -0.8242 -0.5618 -0.0718
vn -0.9205 -0.3870 0.0545
vn -0.9196 -0.3848 -0.0789
vn -0.5501 -0.8337 -0.0481
vn -0.6979 -0.7125 0.0730
vn -0.7001 -0.7114 -0.0605
vn -0.3740 -0.9269 -0.0328
vn -0.1597 -0.9806 0.1134
vn -0.3692 -0.9240 0.0996
vn -0.1624 -0.9865 -0.0194
vn 0.0021 -0.9920 0.1259
vn -0.1394 -0.9900 -0.0222
vn -0.1272 -0.9918 -0.0090
vn -0.0407 -0.9980 -0.0481
vn 0.0007 -1.0000 0.0026
vn 0.0004 -1.0000 0.0003
vn -0.5490 -0.8337 0.0597
vn -0.3710 -0.9241 -0.0918
vn -0.3732 -0.9268 0.0407
vn -0.8224 -0.5618 0.0894
vn -0.6988 -0.7129 -0.0588
vn -0.6987 -0.7114 0.0754
vn -0.9802 -0.1682 0.1048
vn -0.9215 -0.3868 -0.0348
vn -0.9178 -0.3847 0.0984
vn 0.2786 0.0028 0.9604
vn 0.0096 0.0044 0.9999
vn 0.0091 0.0038 1.0000
vn -0.0094 0.0007 -1.0000
vn 0.2591 -0.0003 -0.9658
vn -0.1550 -0.9879 0.0010
vn -0.9978 -0.0189 -0.0637
vn 0.0006 -1.0000 -0.0027
vn 0.0003 -1.0000 -0.0093
vn -0.1616 -0.9866 0.0229
vn -0.0002 -0.9920 -0.1261
vn 0.0008 -1.0000 0.0090
vn -0.6945 -0.0032 -0.7195
vn -0.5678 -0.0950 -0.8177
vn -0.6760 -0.1154 -0.7278
vn -0.5844 -0.8106 -0.0364
vn -0.4754 -0.8774 -0.0641
vn -0.4748 -0.8795 -0.0312
vn -0.5752 -0.8144 -0.0773
vn -0.6832 -0.5587 0.4703
vn -0.6815 -0.0034 0.7318
vn -0.5523 -0.0954 0.8282
vn -0.5880 -0.0027 0.8089
vn -0.6019 -0.2582 0.7556
vn -0.4306 -0.3024 0.8504
vn -0.4990 -0.2161 0.8392
vn -0.4394 -0.4588 0.7723
vn -0.2734 -0.4319 0.8595
vn -0.3592 -0.3777 0.8534
vn -0.2220 -0.5799 0.7838
vn -0.0692 -0.4896 0.8692
vn -0.1786 -0.4738 0.8623
vn 0.0084 -0.6021 0.7984
vn -0.0905 -0.6079 0.7888
vn 0.0087 -0.4934 0.8698
vn 0.0090 -0.4945 0.8692
vn -0.7935 -0.6060 -0.0558
vn -0.8598 -0.4943 -0.1282
vn -0.8651 -0.4978 -0.0619
vn -0.7946 -0.5954 -0.1191
vn -0.5255 -0.5986 -0.6046
vn -0.0071 -0.5919 -0.8059
vn -0.4561 -0.7165 -0.5279
vn -0.0066 -0.6021 -0.7984
vn -0.0853 -0.4894 -0.8679
vn -0.0073 -0.4944 -0.8692
vn -0.2368 -0.5800 -0.7794
vn -0.2894 -0.4318 -0.8543
vn -0.1948 -0.4738 -0.8588
vn -0.4540 -0.4590 -0.7637
vn -0.4464 -0.3025 -0.8421
vn -0.3752 -0.3777 -0.8465
vn -0.6162 -0.2583 -0.7441
vn -0.5146 -0.2160 -0.8298
vn -0.5533 -0.0057 0.8330
vn -0.5831 -0.0062 0.8124
vn -0.6185 -0.1128 0.7776
vn 0.2451 -0.6153 0.7492
vn 0.0050 -0.6814 0.7319
vn 0.2260 -0.6221 0.7496
vn 0.5752 -0.0015 0.8180
vn 0.2690 0.0029 0.9631
vn 0.2127 -0.0003 -0.9771
vn 0.4925 -0.0040 -0.8703
vn -0.1208 -0.6839 -0.7195
vn -0.0075 -0.6966 -0.7175
vn -0.1225 -0.6839 -0.7192
vn -0.5137 -0.0182 -0.8578
vn -0.5672 -0.0135 -0.8235
vn -0.5924 -0.0164 -0.8055
vn -0.4715 -0.4822 0.7383
vn -0.5491 -0.3765 0.7461
vn -0.4864 -0.4834 -0.7278
vn -0.3856 -0.5682 -0.7269
vn -0.3852 -0.5685 -0.7270
vn -0.6132 -0.2583 0.7465
vn -0.6183 -0.1135 0.7777
vn -0.6185 -0.1158 0.7772
vn -0.6285 -0.2589 -0.7334
vn -0.5645 -0.3777 -0.7340
vn -0.5643 -0.3776 -0.7341
vn -0.2547 -0.6388 0.7260
vn -0.3709 -0.5667 0.7357
vn -0.3707 -0.5669 0.7357
vn -0.2689 -0.6403 -0.7195
vn 0.4697 -0.5205 0.7131
vn 0.4659 -0.5239 0.7130
vn 0.2123 -0.6233 -0.7527
vn 0.5265 -0.2750 -0.8045
vn 0.5282 -0.2604 -0.8082
vn 0.0060 -0.6953 0.7187
vn -0.1071 -0.6825 0.7230
vn -0.1089 -0.6824 0.7228
vn -0.0073 -0.6965 -0.7175
vn -0.0087 -0.6828 -0.7306
vn 0.9969 -0.0005 -0.0792
vn -0.9980 -0.0239 -0.0587
vn -0.9858 -0.1577 -0.0579
vn 0.0094 0.0047 0.9999
vn -0.0088 -0.3665 -0.9304
vn -0.0087 -0.3754 -0.9268
vn 0.4968 -0.0099 0.8678
vn 0.4467 -0.0075 0.8947
vn 0.5123 -0.0065 0.8588
vn 0.4931 -0.0097 -0.8699
vn 0.4771 -0.0135 -0.8787
vn -0.1556 -0.3553 -0.9217
vn -0.2746 -0.2661 -0.9240
vn -0.3532 -0.1425 -0.9246
vn -0.3726 -0.0632 -0.9258
vn -0.5705 -0.0064 -0.8213
vn 0.0095 0.0059 0.9999
vn 0.0100 0.0051 0.9999
vn -0.5105 -0.0113 0.8598
vn -0.9947 -0.0024 0.1029
vn -0.9822 -0.1681 -0.0833
vn -0.9987 -0.0046 0.0506
vn -0.5248 -0.0059 0.8512
vn -0.5001 -0.0065 0.8659
vn -0.5002 -0.0065 0.8659
vn -0.9944 -0.0585 0.0884
vn -0.6918 -0.5587 -0.4574
vn -0.6034 -0.0027 -0.7974
vn -0.5841 -0.8103 0.0476
vn -0.4742 -0.8774 0.0730
vn -0.5751 -0.8133 0.0883
vn -0.9906 -0.0126 -0.1363
vn -0.9928 -0.0076 -0.1194
vn 0.2778 -0.5994 0.7507
vn 0.0063 -0.6813 0.7320
vn 0.2525 -0.6105 0.7507
vn 0.5754 -0.0080 0.8179
vn 0.5753 -0.0062 0.8179
vn 0.4254 -0.0112 -0.9049
vn -0.0748 -0.4012 -0.9129
vn -0.0070 -0.6965 -0.7175
vn -0.1210 -0.6842 -0.7192
vn -0.5192 -0.0070 -0.8546
vn -0.4724 -0.4811 0.7385
vn -0.5498 -0.3759 0.7460
vn -0.5496 -0.3760 0.7461
vn -0.4875 -0.4823 -0.7278
vn -0.2280 -0.3272 -0.9170
vn -0.3865 -0.5676 -0.7270
vn -0.6132 -0.2577 0.7467
vn -0.6184 -0.1112 0.7779
vn -0.6287 -0.2582 -0.7335
vn -0.3305 -0.2169 -0.9186
vn -0.5649 -0.3770 -0.7340
vn -0.2562 -0.6381 0.7261
vn -0.3724 -0.5659 0.7356
vn -0.3719 -0.5661 0.7357
vn -0.2704 -0.6395 -0.7197
vn 0.4826 -0.5086 0.7131
vn 0.1659 -0.3857 -0.9076
vn 0.5326 -0.2658 -0.8035
vn 0.2388 -0.6114 -0.7544
vn 0.0065 -0.6952 0.7188
vn -0.1059 -0.6826 0.7231
vn -0.1074 -0.6826 0.7229
vn -0.0075 -0.6826 -0.7307
vn 0.2334 0.0030 0.9724
vn 0.5117 -0.0011 0.8591
vn 0.4455 -0.0011 0.8953
vn -0.6331 -0.1177 -0.7651
vn 0.0054 -0.6813 0.7319
vn 0.4241 -0.0044 -0.9056
vn -0.5153 -0.0148 -0.8569
vn -0.4718 -0.4820 0.7383
vn -0.4867 -0.4831 -0.7278
vn -0.6131 -0.2581 0.7466
vn -0.6285 -0.2587 -0.7335
vn -0.2551 -0.6386 0.7260
vn -0.2693 -0.6401 -0.7195
vn 0.2313 -0.6164 -0.7527
vn 0.0062 -0.6952 0.7188
vn -0.0083 -0.6827 -0.7306
vn -0.6351 -0.1135 -0.7640
vn -0.9436 -0.1635 -0.2877
vn -0.8501 -0.0050 -0.5266
vn -0.8380 -0.1447 -0.5261
vn -0.7693 -0.6372 -0.0467
vn -0.8933 -0.4340 -0.1172
vn -0.9085 -0.3525 0.2244
vn -0.7525 -0.6510 -0.0995
vn -0.9511 -0.0066 0.3089
vn -0.8409 -0.0054 0.5411
vn -0.8743 -0.3696 0.3145
vn -0.6786 -0.4694 0.5650
vn -0.7662 -0.3254 0.5542
vn -0.6563 -0.6762 0.3348
vn -0.4410 -0.6837 0.5814
vn -0.5690 -0.5893 0.5736
vn -0.3421 -0.8691 0.3573
vn -0.1224 -0.7906 0.5999
vn -0.2928 -0.7518 0.5908
vn 0.0046 -0.9222 0.3868
vn 0.0067 -0.7877 0.6161
vn -0.6136 -0.7884 -0.0439
vn -0.4020 -0.9135 -0.0629
vn -0.3275 -0.8635 -0.3836
vn -0.6247 -0.7750 -0.0953
vn -0.0035 -0.9112 -0.4120
vn -0.0056 -0.7705 -0.6374
vn -0.3488 -0.8693 -0.3502
vn -0.4521 -0.6840 -0.5725
vn -0.3040 -0.7519 -0.5850
vn -0.6627 -0.6764 -0.3214
vn -0.6894 -0.4697 -0.5514
vn -0.5799 -0.5895 -0.5623
vn -0.8805 -0.3698 -0.2968
vn -0.7769 -0.3256 -0.5390
vn 0.0042 -0.9113 0.4118
vn 0.0064 -0.7706 0.6373
vn -0.0027 -0.9222 -0.3868
vn -0.1336 -0.7907 -0.5974
vn -0.0048 -0.7876 -0.6161
vn -0.9562 -0.0061 -0.2927
vn -0.9134 -0.3493 -0.2088
vn -0.8282 -0.1445 0.5415
vn -0.7529 -0.6482 0.1141
vn -0.9081 -0.4126 0.0722
vn -0.7691 -0.6362 0.0616
vn -0.7904 -0.4836 0.3760
vn -0.5286 -0.3684 0.7647
vn -0.3391 -0.5311 0.7765
vn -0.6230 -0.7749 0.1071
vn -0.3857 -0.9220 0.0355
vn -0.6129 -0.7882 0.0555
vn -0.3537 -0.5312 -0.7699
vn -0.5431 -0.3687 -0.7544
vn 0.0081 -0.5920 0.8059
vn -0.1052 -0.6080 -0.7870
vn -0.7978 -0.4820 -0.3622
vn -0.6621 -0.1157 0.7405
vn -0.9849 -0.1708 -0.0285
vn -0.3862 -0.9220 -0.0283
vn -0.9748 -0.2100 0.0747
vn -0.7787 -0.5364 0.3255
vn -0.5109 -0.7870 0.3459
vn -0.1455 -0.9178 0.3693
vn 0.0015 -1.0000 -0.0010
vn 0.0008 -1.0000 -0.0000
vn -0.1861 -0.9574 -0.2207
vn -0.0008 -0.9900 -0.1414
vn -0.5175 -0.7872 -0.3355
vn -0.7850 -0.5367 -0.3095
vn 0.0019 -0.9900 0.1413
vn -0.1524 -0.9179 -0.3663
vn -0.9768 -0.2064 -0.0570
vn -0.9841 -0.1708 0.0490
vn -0.9380 -0.1635 0.3057
vn 0.0015 -1.0000 0.0010
vn 0.0008 -1.0000 0.0001
vn -0.0398 -0.9980 0.0489
vn -0.5141 -0.5986 0.6144
vn -0.0077 -0.4933 -0.8698
vn 0.0067 -0.6952 0.7188
vn 0.0067 -0.6812 0.7320
vn -0.3203 -0.8635 0.3896
vn -0.4462 -0.7165 0.5363
vn -0.1820 -0.9574 0.2240
vn 0.0010 -1.0000 -0.0001
vn 0.0016 -1.0000 -0.0024
vn -0.4010 -0.9134 0.0705
vn -0.1270 -0.9918 0.0114
vn -0.9750 -0.1683 0.1447
vn -0.8932 -0.4290 0.1345
vn -0.9904 -0.0075 0.1378
vn -0.9879 -0.0124 0.1546
vn -0.9904 -0.0122 0.1376
vn 0.9918 -0.0009 0.1281
vn 0.9919 -0.0006 0.1269
vn 0.9919 -0.0010 0.1269
vn -0.9084 -0.4146 -0.0546
vn -0.1535 -0.9881 0.0026
vn 0.0019 -1.0000 -0.0020
vn 0.6637 -0.7411 0.1015
vn 0.6878 -0.7242 0.0507
vn 0.6884 -0.7238 0.0467
vn -0.9890 -0.0316 0.1445
vn -0.9920 -0.0196 0.1243
vn 0.6462 -0.7568 0.0988
vn 0.6608 -0.7438 0.1011
vn -0.9789 -0.1779 0.1002
vn -0.9156 -0.3964 0.0669
vn -0.5405 -0.8409 0.0286
vn -0.3639 -0.9313 0.0143
vn -0.8192 -0.5714 0.0492
vn -0.6946 -0.7184 0.0391
vn -0.6947 -0.7182 0.0386
vn 0.0010 -1.0000 0.0001
vn 0.9921 -0.0007 0.1257
vn 0.9921 -0.0015 0.1256
vn -0.1389 -0.9900 0.0248
vn -0.9849 -0.1551 0.0770
vn -0.9964 -0.0187 0.0824
vn 0.9892 -0.0015 -0.1463
vn 0.9894 -0.0012 -0.1452
vn 0.0009 -1.0000 -0.0002
vn 0.0019 -1.0000 0.0020
vn 0.0004 -1.0000 -0.0003
vn -0.9968 -0.0210 0.0766
vn -0.9129 -0.4064 0.0385
vn -0.5417 -0.8401 0.0287
vn -0.3611 -0.9325 0.0093
vn -0.8179 -0.5751 -0.0129
vn -0.8192 -0.5725 -0.0340
vn -0.6950 -0.7189 -0.0098
vn -0.1616 -0.9808 -0.1096
vn -0.5462 -0.8333 0.0858
vn 0.9917 -0.0005 0.1283
vn 0.9983 -0.0003 0.0583
vn -0.5477 -0.8333 -0.0743
vn -0.8235 -0.5638 0.0631
vn -0.3612 -0.9325 -0.0025
vn -0.6947 -0.7189 0.0229
vn -0.6324 -0.1216 -0.7650
vn -0.8246 -0.5639 -0.0457
vn -0.5416 -0.8405 0.0170
vn 0.9982 -0.0002 0.0597
vn -0.9816 -0.1876 -0.0363
vn -0.4738 -0.8797 0.0398
vn -0.8638 -0.4978 0.0781
vn 0.9983 -0.0002 0.0581
vn 0.0008 -1.0000 -0.0001
vn 0.0105 0.0040 0.9999
vn 0.0103 0.0039 0.9999
vn 0.0094 0.0040 0.9999
vn 0.0093 0.0040 0.9999
vn 0.3380 -0.1675 -0.9261
vn 0.4473 -0.0111 0.8943
vn -0.9907 -0.0079 -0.1360
vn 0.4260 -0.0150 -0.9046
vn -0.4728 -0.4808 0.7384
vn -0.6133 -0.2575 0.7467
vn -0.2567 -0.6379 0.7261
vn 0.4927 -0.4989 0.7129
vn -0.9880 -0.0076 0.1546
vn 0.9894 -0.0017 -0.1452
vt 0.434353 0.269174
vt 0.427485 0.266417
vt 0.434481 0.266417
vt 0.434019 0.274302
vt 0.427246 0.271818
vt 0.434243 0.271818
vt 0.433514 0.278627
vt 0.426823 0.276586
vt 0.433820 0.276586
vt 0.372882 0.358354
vt 0.365689 0.356003
vt 0.372656 0.356036
vt 0.373239 0.363531
vt 0.366154 0.360833
vt 0.373122 0.360866
vt 0.373360 0.369132
vt 0.366396 0.366269
vt 0.373363 0.366302
vt 0.373239 0.374775
vt 0.366396 0.371939
vt 0.373363 0.371973
vt 0.372882 0.380076
vt 0.366154 0.377459
vt 0.373122 0.377492
vt 0.372315 0.384673
vt 0.365689 0.382451
vt 0.372656 0.382484
vt 0.374019 0.382916
vt 0.381223 0.385283
vt 0.374329 0.385283
vt 0.373549 0.377671
vt 0.380608 0.380365
vt 0.373714 0.380365
vt 0.373390 0.372045
vt 0.380290 0.374882
vt 0.373396 0.374882
vt 0.373553 0.366422
vt 0.380292 0.369209
vt 0.373398 0.369209
vt 0.374028 0.361185
vt 0.380614 0.363732
vt 0.373720 0.363732
vt 0.374781 0.356691
vt 0.381234 0.358824
vt 0.374340 0.358824
vt 0.339761 0.381061
vt 0.346933 0.383515
vt 0.339971 0.383553
vt 0.339444 0.375651
vt 0.346502 0.378374
vt 0.339540 0.378413
vt 0.339372 0.369984
vt 0.346306 0.372788
vt 0.339344 0.372826
vt 0.339549 0.364445
vt 0.346359 0.367136
vt 0.339396 0.367174
vt 0.339962 0.359412
vt 0.346657 0.361804
vt 0.339694 0.361843
vt 0.433723 0.247933
vt 0.426479 0.245955
vt 0.433475 0.245955
vt 0.434167 0.252598
vt 0.427003 0.250159
vt 0.433999 0.250159
vt 0.434429 0.257939
vt 0.427359 0.255206
vt 0.434355 0.255206
vt 0.434493 0.263593
vt 0.427524 0.260751
vt 0.434520 0.260751
vt 0.339522 0.260260
vt 0.342144 0.263574
vt 0.338811 0.262911
vt 0.341942 0.255345
vt 0.343617 0.259226
vt 0.340569 0.257722
vt 0.345550 0.251224
vt 0.346165 0.255407
vt 0.343609 0.253165
vt 0.350100 0.248178
vt 0.349612 0.252379
vt 0.347723 0.249551
vt 0.355282 0.246415
vt 0.353725 0.250347
vt 0.352632 0.247126
vt 0.360744 0.246055
vt 0.358223 0.249449
vt 0.358000 0.246055
vt 0.366112 0.247121
vt 0.362799 0.249748
vt 0.363462 0.246411
vt 0.371022 0.249543
vt 0.367143 0.251222
vt 0.368645 0.248170
vt 0.375138 0.253154
vt 0.370957 0.253771
vt 0.373197 0.251212
vt 0.378180 0.257708
vt 0.373982 0.257221
vt 0.376807 0.255330
vt 0.379941 0.262895
vt 0.376011 0.261338
vt 0.379229 0.260243
vt 0.380300 0.268362
vt 0.376907 0.265841
vt 0.380299 0.265617
vt 0.379234 0.273736
vt 0.376609 0.270422
vt 0.379942 0.271084
vt 0.376814 0.278651
vt 0.375136 0.274770
vt 0.378184 0.276273
vt 0.373206 0.282772
vt 0.372589 0.278588
vt 0.375144 0.280830
vt 0.368656 0.285817
vt 0.369141 0.281617
vt 0.371030 0.284445
vt 0.363474 0.287581
vt 0.365028 0.283649
vt 0.366122 0.286870
vt 0.358012 0.287941
vt 0.360530 0.284546
vt 0.360753 0.287941
vt 0.352644 0.286874
vt 0.355954 0.284248
vt 0.355291 0.287585
vt 0.347734 0.284453
vt 0.351610 0.282774
vt 0.350108 0.285826
vt 0.343618 0.280842
vt 0.347796 0.280225
vt 0.345556 0.282783
vt 0.340576 0.276288
vt 0.344771 0.276774
vt 0.341946 0.278665
vt 0.338816 0.271101
vt 0.342742 0.272657
vt 0.339524 0.273752
vt 0.338456 0.265634
vt 0.341846 0.268155
vt 0.338454 0.268379
vt 0.427354 0.266408
vt 0.426686 0.268987
vt 0.426745 0.266308
vt 0.427115 0.271795
vt 0.426361 0.273970
vt 0.426513 0.271556
vt 0.343118 0.252713
vt 0.345466 0.251126
vt 0.343513 0.253080
vt 0.347367 0.248980
vt 0.350044 0.248062
vt 0.347653 0.249443
vt 0.366022 0.360854
vt 0.365585 0.363670
vt 0.365407 0.361080
vt 0.366263 0.366277
vt 0.365704 0.369113
vt 0.365642 0.366363
vt 0.366263 0.371933
vt 0.365585 0.374597
vt 0.365642 0.371874
vt 0.366022 0.377439
vt 0.365239 0.379748
vt 0.365407 0.377237
vt 0.373677 0.250696
vt 0.375238 0.253068
vt 0.373285 0.251114
vt 0.377406 0.254949
vt 0.378299 0.257650
vt 0.376918 0.255258
vt 0.380741 0.380344
vt 0.381154 0.377513
vt 0.381378 0.380131
vt 0.380424 0.374875
vt 0.380999 0.372046
vt 0.381070 0.374803
vt 0.380427 0.369216
vt 0.381158 0.366582
vt 0.381072 0.369290
vt 0.380747 0.363753
vt 0.381620 0.361492
vt 0.381385 0.363967
vt 0.375689 0.281286
vt 0.373295 0.282870
vt 0.375245 0.280916
vt 0.371439 0.285019
vt 0.368716 0.285935
vt 0.371105 0.284553
vt 0.346635 0.378357
vt 0.347096 0.375503
vt 0.347253 0.378186
vt 0.346439 0.372785
vt 0.347026 0.369996
vt 0.347063 0.372757
vt 0.346492 0.367147
vt 0.347197 0.364613
vt 0.347114 0.367265
vt 0.349830 0.286445
vt 0.347664 0.284562
vt 0.350053 0.285943
vt 0.345129 0.283303
vt 0.343523 0.280928
vt 0.345472 0.282882
vt 0.337779 0.317639
vt 0.337779 0.314926
vt 0.338327 0.317244
vt 0.427228 0.255224
vt 0.426760 0.258069
vt 0.426623 0.255412
vt 0.427392 0.260756
vt 0.426821 0.263563
vt 0.426783 0.260801
vt 0.338685 0.262886
vt 0.340454 0.257665
vt 0.352592 0.247002
vt 0.357993 0.245925
vt 0.363489 0.246283
vt 0.368705 0.248053
vt 0.379355 0.260202
vt 0.380431 0.265608
vt 0.380072 0.271110
vt 0.378303 0.276331
vt 0.366166 0.286993
vt 0.360764 0.288071
vt 0.355268 0.287713
vt 0.341840 0.278738
vt 0.339403 0.273794
vt 0.338327 0.268388
vt 0.427287 0.269158
vt 0.426954 0.274273
vt 0.426450 0.278587
vt 0.426693 0.276551
vt 0.365844 0.358349
vt 0.365558 0.356036
vt 0.366200 0.363513
vt 0.366321 0.369100
vt 0.366200 0.374729
vt 0.365844 0.380016
vt 0.365279 0.384602
vt 0.365558 0.382418
vt 0.380985 0.382889
vt 0.381355 0.385250
vt 0.380516 0.377657
vt 0.380358 0.372045
vt 0.380521 0.366436
vt 0.380994 0.361212
vt 0.381746 0.356729
vt 0.381365 0.358857
vt 0.346794 0.380999
vt 0.347065 0.383485
vt 0.346478 0.375603
vt 0.346406 0.369950
vt 0.346583 0.364425
vt 0.346995 0.359405
vt 0.346788 0.361829
vt 0.426658 0.247969
vt 0.426350 0.245996
vt 0.427101 0.252622
vt 0.426872 0.250190
vt 0.427363 0.257951
vt 0.427426 0.263591
vt 0.341836 0.255272
vt 0.344768 0.257234
vt 0.427083 0.274302
vt 0.342741 0.261352
vt 0.427417 0.269174
vt 0.376608 0.263560
vt 0.341847 0.265855
vt 0.380383 0.377671
vt 0.427557 0.263593
vt 0.342149 0.270436
vt 0.376909 0.268141
vt 0.427493 0.257939
vt 0.380224 0.372045
vt 0.426504 0.252878
vt 0.343624 0.274782
vt 0.427231 0.252598
vt 0.341400 0.279050
vt 0.346173 0.278598
vt 0.426787 0.247933
vt 0.347179 0.357156
vt 0.347310 0.357192
vt 0.349622 0.281624
vt 0.346865 0.359374
vt 0.347403 0.362084
vt 0.353735 0.283653
vt 0.346451 0.364407
vt 0.358234 0.284546
vt 0.346274 0.369946
vt 0.362810 0.284244
vt 0.346347 0.375613
vt 0.347403 0.380760
vt 0.367152 0.282767
vt 0.346663 0.381023
vt 0.347331 0.385771
vt 0.370965 0.280215
vt 0.340299 0.385844
vt 0.347202 0.385806
vt 0.376925 0.278724
vt 0.373988 0.276762
vt 0.380862 0.361185
vt 0.376015 0.272644
vt 0.380388 0.366422
vt 0.381611 0.382610
vt 0.375132 0.259214
vt 0.380854 0.382916
vt 0.381734 0.387385
vt 0.372583 0.255398
vt 0.374769 0.387423
vt 0.381604 0.387423
vt 0.371096 0.249434
vt 0.369134 0.252372
vt 0.365975 0.380043
vt 0.365021 0.250343
vt 0.366331 0.374742
vt 0.360522 0.249449
vt 0.366453 0.369099
vt 0.355946 0.249751
vt 0.366331 0.363498
vt 0.365239 0.358639
vt 0.351604 0.251229
vt 0.365975 0.358321
vt 0.365279 0.353959
vt 0.347791 0.253781
vt 0.372315 0.353954
vt 0.365408 0.353921
vt 0.319396 0.288965
vt 0.321374 0.290137
vt 0.319291 0.289275
vt 0.299144 0.295856
vt 0.298286 0.297992
vt 0.297993 0.297848
vt 0.321528 0.321389
vt 0.323335 0.319966
vt 0.323517 0.320238
vt 0.325340 0.318837
vt 0.325125 0.318591
vt 0.302166 0.292403
vt 0.300786 0.294245
vt 0.300540 0.294029
vt 0.317185 0.322866
vt 0.319298 0.321961
vt 0.319404 0.322271
vt 0.300548 0.317220
vt 0.299418 0.315214
vt 0.300794 0.317004
vt 0.305979 0.289851
vt 0.304169 0.291273
vt 0.303987 0.291001
vt 0.323510 0.290994
vt 0.325117 0.292639
vt 0.323328 0.291266
vt 0.296223 0.304477
vt 0.296841 0.302259
vt 0.296549 0.304498
vt 0.312609 0.323168
vt 0.314884 0.322841
vt 0.314906 0.323168
vt 0.297116 0.299974
vt 0.297426 0.300079
vt 0.310321 0.288373
vt 0.308205 0.289279
vt 0.308100 0.288969
vt 0.321383 0.321095
vt 0.330983 0.302182
vt 0.330956 0.304484
vt 0.330662 0.302246
vt 0.308111 0.322275
vt 0.310393 0.322549
vt 0.310329 0.322870
vt 0.302382 0.292649
vt 0.314898 0.288071
vt 0.312620 0.288398
vt 0.312598 0.288071
vt 0.297999 0.313404
vt 0.297427 0.311174
vt 0.298292 0.313259
vt 0.303997 0.320246
vt 0.306130 0.321102
vt 0.305986 0.321396
vt 0.326959 0.294019
vt 0.328085 0.296025
vt 0.326713 0.294235
vt 0.317111 0.288691
vt 0.317175 0.288370
vt 0.299415 0.296037
vt 0.302387 0.318600
vt 0.302172 0.318847
vt 0.317121 0.322545
vt 0.321518 0.289844
vt 0.306124 0.290144
vt 0.299147 0.315396
vt 0.325332 0.292393
vt 0.329508 0.297836
vt 0.330077 0.300065
vt 0.329214 0.297980
vt 0.296524 0.309058
vt 0.297117 0.311279
vt 0.328357 0.295843
vt 0.312630 0.322842
vt 0.310385 0.288694
vt 0.296547 0.306755
vt 0.296221 0.306777
vt 0.330387 0.299960
vt 0.330391 0.311266
vt 0.329218 0.313247
vt 0.330081 0.311161
vt 0.331284 0.306763
vt 0.331283 0.304462
vt 0.308216 0.321964
vt 0.314876 0.288398
vt 0.330663 0.308980
vt 0.330984 0.309044
vt 0.330958 0.306742
vt 0.328363 0.315384
vt 0.326718 0.316994
vt 0.328091 0.315202
vt 0.329511 0.313392
vt 0.296845 0.308994
vt 0.296520 0.302196
vt 0.304179 0.319973
vt 0.326964 0.317210
vt 0.347934 0.378106
vt 0.351221 0.379910
vt 0.348136 0.379926
vt 0.310960 0.379864
vt 0.313711 0.377984
vt 0.314015 0.379864
vt 0.321765 0.381495
vt 0.318889 0.379671
vt 0.321988 0.379682
vt 0.310221 0.367098
vt 0.313341 0.364885
vt 0.313276 0.367098
vt 0.347593 0.374023
vt 0.350794 0.376111
vt 0.347709 0.376127
vt 0.305621 0.379829
vt 0.302322 0.381553
vt 0.302534 0.379814
vt 0.305621 0.358824
vt 0.302322 0.357156
vt 0.305409 0.357171
vt 0.347439 0.369586
vt 0.350544 0.371815
vt 0.347459 0.371831
vt 0.305991 0.375865
vt 0.302773 0.377902
vt 0.302904 0.375850
vt 0.305991 0.362661
vt 0.302773 0.360651
vt 0.305860 0.360666
vt 0.322249 0.364516
vt 0.319259 0.366677
vt 0.319149 0.364506
vt 0.347482 0.365098
vt 0.350488 0.367314
vt 0.347403 0.367330
vt 0.306183 0.371481
vt 0.303056 0.373692
vt 0.303096 0.371466
vt 0.306183 0.366978
vt 0.303056 0.364762
vt 0.306143 0.364777
vt 0.321980 0.360507
vt 0.319066 0.362434
vt 0.318880 0.360497
vt 0.347720 0.360864
vt 0.350630 0.362915
vt 0.347545 0.362931
vt 0.303152 0.369211
vt 0.303096 0.366963
vt 0.306239 0.369225
vt 0.321575 0.357167
vt 0.318726 0.358728
vt 0.318476 0.357156
vt 0.348136 0.357172
vt 0.350960 0.358918
vt 0.347875 0.358934
vt 0.302904 0.362646
vt 0.306143 0.373707
vt 0.350805 0.360848
vt 0.321826 0.358739
vt 0.302534 0.358810
vt 0.305860 0.377917
vt 0.350567 0.365082
vt 0.322165 0.362445
vt 0.314306 0.381563
vt 0.311252 0.381563
vt 0.350524 0.369570
vt 0.322365 0.368921
vt 0.322359 0.366688
vt 0.310472 0.375958
vt 0.310656 0.377984
vt 0.350678 0.374007
vt 0.322318 0.373421
vt 0.319168 0.375600
vt 0.319219 0.373410
vt 0.310219 0.371604
vt 0.313337 0.373818
vt 0.310283 0.373818
vt 0.351019 0.378090
vt 0.318476 0.383105
vt 0.318665 0.381484
vt 0.313211 0.369350
vt 0.310156 0.369350
vt 0.310969 0.358850
vt 0.314316 0.357156
vt 0.314023 0.358850
vt 0.322114 0.377710
vt 0.319014 0.377699
vt 0.310477 0.362748
vt 0.310286 0.364885
vt 0.313718 0.360725
vt 0.313531 0.362748
vt 0.319294 0.371168
vt 0.319265 0.368910
vt 0.310663 0.360725
vt 0.313526 0.375958
vt 0.322268 0.375610
vt 0.313274 0.371604
vt 0.322394 0.371178
vt 0.333177 0.304325
vt 0.332958 0.306494
vt 0.333008 0.304313
vt 0.373682 0.336188
vt 0.374415 0.334067
vt 0.373837 0.336219
vt 0.332972 0.308614
vt 0.332680 0.310549
vt 0.332805 0.308585
vt 0.375122 0.331938
vt 0.376378 0.330080
vt 0.375264 0.332009
vt 0.332623 0.312399
vt 0.332268 0.313970
vt 0.332457 0.312355
vt 0.377612 0.328205
vt 0.379306 0.326736
vt 0.377730 0.328311
vt 0.296711 0.349219
vt 0.296781 0.351094
vt 0.296544 0.349260
vt 0.380982 0.325245
vt 0.382998 0.324265
vt 0.381069 0.325379
vt 0.297081 0.353055
vt 0.297063 0.355190
vt 0.296912 0.353081
vt 0.385003 0.323258
vt 0.387203 0.322834
vt 0.385052 0.323411
vt 0.297273 0.357372
vt 0.297159 0.359621
vt 0.297103 0.357382
vt 0.389400 0.322381
vt 0.391635 0.322542
vt 0.389408 0.322542
vt 0.297273 0.361875
vt 0.297063 0.364085
vt 0.297103 0.361868
vt 0.393874 0.322673
vt 0.395991 0.323408
vt 0.393840 0.322831
vt 0.297081 0.366259
vt 0.296781 0.368278
vt 0.296912 0.366234
vt 0.398120 0.324114
vt 0.399974 0.325373
vt 0.398046 0.324259
vt 0.296711 0.370223
vt 0.296332 0.371915
vt 0.296544 0.370183
vt 0.401849 0.326606
vt 0.403314 0.328303
vt 0.401739 0.326727
vt 0.301853 0.379864
vt 0.301719 0.377950
vt 0.302022 0.379823
vt 0.404805 0.329979
vt 0.405782 0.331998
vt 0.404669 0.330069
vt 0.301365 0.375958
vt 0.301347 0.373801
vt 0.301535 0.375932
vt 0.406789 0.334004
vt 0.407211 0.336207
vt 0.406634 0.334056
vt 0.301112 0.371604
vt 0.301221 0.369351
vt 0.301284 0.371595
vt 0.407665 0.338405
vt 0.407502 0.340644
vt 0.407501 0.338416
vt 0.301114 0.367098
vt 0.301351 0.364902
vt 0.301286 0.367107
vt 0.407373 0.342884
vt 0.406637 0.345004
vt 0.407212 0.342852
vt 0.301370 0.362748
vt 0.301726 0.360759
vt 0.301540 0.362774
vt 0.405933 0.347134
vt 0.404674 0.348992
vt 0.405785 0.347063
vt 0.301862 0.358850
vt 0.302322 0.357204
vt 0.302030 0.358891
vt 0.403443 0.350867
vt 0.401746 0.352336
vt 0.403318 0.350760
vt 0.300680 0.378090
vt 0.300624 0.376082
vt 0.300848 0.378053
vt 0.400072 0.353827
vt 0.398054 0.354807
vt 0.399980 0.353693
vt 0.300339 0.374007
vt 0.300375 0.371802
vt 0.300508 0.373986
vt 0.396052 0.355814
vt 0.393849 0.356237
vt 0.395997 0.355661
vt 0.300185 0.369570
vt 0.300320 0.367319
vt 0.300355 0.369567
vt 0.391654 0.356691
vt 0.389417 0.356530
vt 0.391641 0.356530
vt 0.300228 0.365082
vt 0.300461 0.362937
vt 0.300398 0.365096
vt 0.387181 0.356399
vt 0.385061 0.355664
vt 0.387209 0.356240
vt 0.300466 0.360848
vt 0.300789 0.358956
vt 0.300635 0.360878
vt 0.382935 0.354958
vt 0.381077 0.353699
vt 0.383003 0.354813
vt 0.332434 0.288071
vt 0.332518 0.289688
vt 0.332268 0.288122
vt 0.379206 0.352466
vt 0.377737 0.350769
vt 0.379309 0.352344
vt 0.332839 0.291412
vt 0.332856 0.293379
vt 0.332671 0.291449
vt 0.376249 0.349092
vt 0.375269 0.347073
vt 0.376380 0.349003
vt 0.333108 0.295421
vt 0.333049 0.297606
vt 0.332940 0.295443
vt 0.374265 0.345068
vt 0.373841 0.342864
vt 0.374415 0.345016
vt 0.333223 0.299825
vt 0.333084 0.302079
vt 0.333054 0.299830
vt 0.373390 0.340666
vt 0.373549 0.338428
vt 0.373547 0.340656
vt 0.332847 0.310586
vt 0.376247 0.329990
vt 0.333126 0.306515
vt 0.374265 0.334016
vt 0.333253 0.302083
vt 0.373391 0.338418
vt 0.301176 0.373818
vt 0.407372 0.336176
vt 0.301049 0.369350
vt 0.407666 0.340654
vt 0.333218 0.297592
vt 0.373686 0.342896
vt 0.333024 0.293349
vt 0.375128 0.347145
vt 0.332684 0.289643
vt 0.377619 0.350876
vt 0.300882 0.357156
vt 0.300621 0.358918
vt 0.380991 0.353833
vt 0.300291 0.362915
vt 0.385012 0.355817
vt 0.300149 0.367314
vt 0.389409 0.356691
vt 0.300205 0.371815
vt 0.393883 0.356396
vt 0.300455 0.376111
vt 0.398128 0.354952
vt 0.301049 0.379866
vt 0.300882 0.379910
vt 0.401855 0.352457
vt 0.301556 0.360725
vt 0.404811 0.349082
vt 0.301179 0.364885
vt 0.406793 0.345056
vt 0.301549 0.377984
vt 0.405930 0.331927
vt 0.302313 0.381516
vt 0.302145 0.381563
vt 0.403438 0.328196
vt 0.296949 0.368311
vt 0.400067 0.325239
vt 0.297233 0.364101
vt 0.396046 0.323255
vt 0.297329 0.359620
vt 0.391648 0.322381
vt 0.297233 0.355171
vt 0.387175 0.322676
vt 0.296949 0.351060
vt 0.382930 0.324120
vt 0.296332 0.347613
vt 0.296499 0.347565
vt 0.379202 0.326615
vt 0.323757 0.325999
vt 0.331284 0.341271
vt 0.321835 0.355434
vt 0.410645 0.384425
vt 0.408828 0.381615
vt 0.413417 0.386290
vt 0.410565 0.278194
vt 0.411630 0.262150
vt 0.412041 0.278169
vt 0.359309 0.388003
vt 0.357794 0.388975
vt 0.357785 0.387943
vt 0.333214 0.316142
vt 0.332857 0.315465
vt 0.333190 0.315377
vt 0.427909 0.360986
vt 0.428577 0.366906
vt 0.427920 0.366913
vt 0.361092 0.373865
vt 0.359096 0.373904
vt 0.326313 0.380445
vt 0.327556 0.371325
vt 0.327554 0.380472
vt 0.037336 0.626372
vt 0.035678 0.621991
vt 0.037343 0.621956
vt 0.430372 0.359122
vt 0.429708 0.357302
vt 0.430378 0.357304
vt 0.427906 0.355906
vt 0.426668 0.357306
vt 0.426669 0.355905
vt 0.027315 0.623658
vt 0.025655 0.626831
vt 0.025661 0.623650
vt 0.327555 0.382264
vt 0.326320 0.383936
vt 0.326316 0.382226
vt 0.430368 0.360987
vt 0.429700 0.366896
vt 0.429704 0.360995
vt 0.427906 0.359121
vt 0.426680 0.360970
vt 0.426673 0.359114
vt 0.428573 0.359125
vt 0.359152 0.373066
vt 0.439840 0.349968
vt 0.439790 0.349997
vt 0.438635 0.349675
vt 0.357699 0.373102
vt 0.357668 0.373931
vt 0.433684 0.352126
vt 0.432945 0.350832
vt 0.434357 0.350896
vt 0.431669 0.349928
vt 0.431621 0.352066
vt 0.431810 0.339919
vt 0.432907 0.341773
vt 0.431807 0.341787
vt 0.431815 0.337094
vt 0.432914 0.338417
vt 0.431812 0.338453
vt 0.381785 0.383771
vt 0.382891 0.381936
vt 0.382889 0.383790
vt 0.381786 0.381931
vt 0.382894 0.372739
vt 0.386320 0.356932
vt 0.387169 0.358342
vt 0.386320 0.358198
vt 0.387762 0.357196
vt 0.388582 0.358582
vt 0.389757 0.360608
vt 0.389768 0.357565
vt 0.389714 0.385539
vt 0.388610 0.383791
vt 0.389714 0.383770
vt 0.439741 0.339922
vt 0.438640 0.338420
vt 0.439743 0.338456
vt 0.439739 0.343705
vt 0.438639 0.341775
vt 0.439739 0.341790
vt 0.422377 0.355308
vt 0.422385 0.370886
vt 0.408231 0.358663
vt 0.410573 0.262165
vt 0.411641 0.246647
vt 0.032888 0.621991
vt 0.031225 0.626371
vt 0.031223 0.621955
vt 0.428577 0.367760
vt 0.381754 0.360609
vt 0.381789 0.372740
vt 0.389715 0.381930
vt 0.388612 0.372740
vt 0.389717 0.372739
vt 0.391395 0.279370
vt 0.396603 0.276586
vt 0.396806 0.276816
vt 0.333355 0.317021
vt 0.333769 0.316366
vt 0.333670 0.317021
vt 0.333464 0.316254
vt 0.333953 0.315149
vt 0.416873 0.321525
vt 0.411567 0.318768
vt 0.417039 0.321285
vt 0.410007 0.317655
vt 0.409089 0.316032
vt 0.410245 0.317472
vt 0.408179 0.314628
vt 0.408028 0.313002
vt 0.408476 0.314539
vt 0.407704 0.311134
vt 0.408225 0.309318
vt 0.408020 0.311156
vt 0.411712 0.300882
vt 0.407911 0.309240
vt 0.417024 0.289958
vt 0.412009 0.301013
vt 0.333213 0.317271
vt 0.332856 0.317948
vt 0.332880 0.317271
vt 0.333189 0.318036
vt 0.332813 0.319189
vt 0.391483 0.247671
vt 0.390461 0.246224
vt 0.390709 0.245959
vt 0.396465 0.258695
vt 0.399929 0.267101
vt 0.396165 0.258820
vt 0.400452 0.268923
vt 0.400125 0.270786
vt 0.400133 0.268938
vt 0.399980 0.272424
vt 0.399069 0.273828
vt 0.399678 0.272328
vt 0.398160 0.275469
vt 0.397919 0.275278
vt 0.421356 0.387417
vt 0.421277 0.387474
vt 0.415082 0.386999
vt 0.407780 0.355645
vt 0.407670 0.358674
vt 0.407671 0.355628
vt 0.408612 0.355166
vt 0.408667 0.355273
vt 0.410581 0.246660
vt 0.411602 0.246549
vt 0.426237 0.271121
vt 0.426350 0.261982
vt 0.426350 0.271147
vt 0.410614 0.278742
vt 0.412637 0.278607
vt 0.412782 0.278713
vt 0.410200 0.384811
vt 0.411506 0.385862
vt 0.411432 0.385953
vt 0.423818 0.275957
vt 0.424817 0.274638
vt 0.424917 0.274702
vt 0.413136 0.386798
vt 0.414968 0.387336
vt 0.414932 0.387444
vt 0.420884 0.277967
vt 0.422513 0.277013
vt 0.422587 0.277108
vt 0.408284 0.381826
vt 0.409200 0.383502
vt 0.409100 0.383562
vt 0.425732 0.272963
vt 0.408441 0.354832
vt 0.408386 0.354725
vt 0.426345 0.246845
vt 0.425575 0.246056
vt 0.425631 0.245955
vt 0.407666 0.370814
vt 0.407778 0.379988
vt 0.407666 0.380010
vt 0.426238 0.261975
vt 0.426346 0.249880
vt 0.435184 0.352169
vt 0.435208 0.350935
vt 0.423445 0.370892
vt 0.425783 0.249849
vt 0.425777 0.261947
vt 0.422576 0.354788
vt 0.423404 0.354892
vt 0.422537 0.354889
vt 0.411481 0.246243
vt 0.411443 0.246145
vt 0.425186 0.272731
vt 0.423371 0.275549
vt 0.420600 0.277436
vt 0.418901 0.278053
vt 0.412185 0.278275
vt 0.423453 0.386950
vt 0.422022 0.386940
vt 0.421320 0.387474
vt 0.439841 0.350011
vt 0.431807 0.343703
vt 0.432906 0.349740
vt 0.423444 0.387054
vt 0.423415 0.387380
vt 0.438599 0.350836
vt 0.390461 0.279479
vt 0.391197 0.279132
vt 0.333355 0.318145
vt 0.333768 0.318800
vt 0.333463 0.318911
vt 0.427922 0.367735
vt 0.426702 0.366928
vt 0.417738 0.321607
vt 0.408229 0.355715
vt 0.408121 0.358665
vt 0.408120 0.355698
vt 0.410614 0.246254
vt 0.425773 0.271012
vt 0.425889 0.261954
vt 0.425885 0.271039
vt 0.410575 0.278301
vt 0.410558 0.384500
vt 0.411809 0.385488
vt 0.411736 0.385579
vt 0.423458 0.275629
vt 0.424402 0.274373
vt 0.424502 0.274437
vt 0.413363 0.386389
vt 0.415118 0.386891
vt 0.420656 0.277539
vt 0.422208 0.276621
vt 0.422282 0.276716
vt 0.408722 0.381656
vt 0.409613 0.383255
vt 0.409513 0.383315
vt 0.425292 0.272776
vt 0.425784 0.246911
vt 0.425402 0.246373
vt 0.425894 0.246898
vt 0.408125 0.370804
vt 0.408241 0.379897
vt 0.408129 0.379919
vt 0.425893 0.249855
vt 0.423438 0.355311
vt 0.422416 0.355207
vt 0.423430 0.355210
vt 0.419053 0.278517
vt 0.407779 0.358672
vt 0.410589 0.246562
vt 0.410605 0.278635
vt 0.410287 0.384735
vt 0.423731 0.275878
vt 0.413191 0.386699
vt 0.420829 0.277864
vt 0.408390 0.381785
vt 0.425626 0.272918
vt 0.426235 0.246858
vt 0.407777 0.370811
vt 0.426236 0.249874
vt 0.418938 0.278165
vt 0.438593 0.343708
vt 0.438459 0.349638
vt 0.438462 0.343707
vt 0.435210 0.350757
vt 0.434444 0.350697
vt 0.435211 0.350719
vt 0.434374 0.350856
vt 0.433086 0.350689
vt 0.434429 0.350732
vt 0.432952 0.349733
vt 0.433087 0.349710
vt 0.432953 0.341775
vt 0.433086 0.339916
vt 0.433084 0.341787
vt 0.432960 0.338423
vt 0.433093 0.337109
vt 0.433089 0.338459
vt 0.382935 0.383787
vt 0.383064 0.381925
vt 0.383063 0.383765
vt 0.382940 0.372739
vt 0.383066 0.372743
vt 0.333252 0.317271
vt 0.387152 0.358381
vt 0.388443 0.358705
vt 0.387100 0.358492
vt 0.388549 0.360610
vt 0.388442 0.360613
vt 0.388564 0.383788
vt 0.388437 0.385535
vt 0.388437 0.383766
vt 0.438594 0.338425
vt 0.438465 0.339918
vt 0.438466 0.338461
vt 0.438593 0.341777
vt 0.438462 0.341789
vt 0.382962 0.360609
vt 0.383069 0.360612
vt 0.388566 0.372741
vt 0.388437 0.381926
vt 0.388440 0.372744
vt 0.438590 0.349664
vt 0.438459 0.350691
vt 0.433084 0.343705
vt 0.438425 0.343707
vt 0.438422 0.349633
vt 0.437116 0.350733
vt 0.436333 0.350891
vt 0.436334 0.350757
vt 0.433116 0.350658
vt 0.433124 0.349703
vt 0.433121 0.339928
vt 0.433119 0.341792
vt 0.408144 0.314637
vt 0.407709 0.313038
vt 0.407666 0.311131
vt 0.411676 0.300866
vt 0.384413 0.358492
vt 0.385192 0.358242
vt 0.385192 0.358368
vt 0.333227 0.318050
vt 0.333148 0.319365
vt 0.391516 0.247658
vt 0.400491 0.268921
vt 0.400447 0.270828
vt 0.400015 0.272435
vt 0.399349 0.273979
vt 0.438427 0.341795
vt 0.416719 0.289824
vt 0.396501 0.258682
vt 0.400246 0.267029
vt 0.438429 0.350660
vt 0.433120 0.343705
vt 0.438640 0.343708
vt 0.386320 0.358243
vt 0.432979 0.350798
vt 0.432957 0.339891
vt 0.432965 0.337061
vt 0.382937 0.381935
vt 0.330042 0.359194
vt 0.329364 0.371325
vt 0.329366 0.359194
vt 0.388547 0.358613
vt 0.388586 0.360609
vt 0.388565 0.385569
vt 0.438594 0.339894
vt 0.382925 0.360608
vt 0.388564 0.381936
vt 0.438565 0.350801
vt 0.432905 0.343706
vt 0.432952 0.343706
vt 0.327559 0.359194
vt 0.328232 0.371325
vt 0.330043 0.357264
vt 0.329366 0.357156
vt 0.382930 0.358581
vt 0.417741 0.288378
vt 0.391175 0.247799
vt 0.408237 0.370802
vt 0.383070 0.358704
vt 0.416687 0.289810
vt 0.417497 0.288107
vt 0.382966 0.358612
vt 0.331284 0.359195
vt 0.330040 0.371325
vt 0.384361 0.358380
vt 0.385193 0.358198
vt 0.437184 0.350898
vt 0.437168 0.350857
vt 0.437101 0.350698
vt 0.333253 0.316143
vt 0.431576 0.366887
vt 0.430355 0.367736
vt 0.430357 0.366893
vt 0.353163 0.373865
vt 0.355157 0.388003
vt 0.353096 0.388086
vt 0.435209 0.350890
vt 0.333952 0.320016
vt 0.333651 0.320239
vt 0.331279 0.380446
vt 0.331282 0.371326
vt 0.355132 0.373904
vt 0.356573 0.373102
vt 0.356540 0.373931
vt 0.437811 0.352127
vt 0.439875 0.352069
vt 0.355146 0.373066
vt 0.431598 0.360972
vt 0.431605 0.359116
vt 0.331270 0.383937
vt 0.330034 0.382264
vt 0.331274 0.382227
vt 0.431615 0.357308
vt 0.430380 0.355907
vt 0.431617 0.355907
vt 0.331284 0.357461
vt 0.355158 0.388946
vt 0.353089 0.388907
vt 0.326319 0.357460
vt 0.326318 0.359194
vt 0.384343 0.358342
vt 0.436332 0.350936
vt 0.333150 0.314048
vt 0.333228 0.315363
vt 0.386321 0.358369
vt 0.436334 0.350719
vt 0.429700 0.367760
vt 0.361400 0.388086
vt 0.359324 0.388946
vt 0.332815 0.314223
vt 0.327560 0.357263
vt 0.328236 0.359194
vt 0.326314 0.371325
vt 0.383751 0.357197
vt 0.381746 0.357566
vt 0.436310 0.352170
vt 0.385193 0.356932
vt 0.429705 0.359125
vt 0.037331 0.630613
vt 0.035676 0.626422
vt 0.428575 0.357302
vt 0.427905 0.357303
vt 0.428577 0.355907
vt 0.328230 0.380487
vt 0.330037 0.380473
vt 0.382934 0.385568
vt 0.383062 0.385534
vt 0.388610 0.381937
vt 0.381785 0.385540
vt 0.382888 0.385573
vt 0.356657 0.387943
vt 0.430383 0.354617
vt 0.431621 0.354612
vt 0.438595 0.337063
vt 0.408812 0.316176
vt 0.438467 0.337111
vt 0.438641 0.337056
vt 0.439745 0.337096
vt 0.432910 0.339888
vt 0.427908 0.354616
vt 0.426671 0.354610
vt 0.032885 0.626421
vt 0.031230 0.630612
vt 0.429709 0.355907
vt 0.398189 0.275490
vt 0.419089 0.278629
vt 0.411369 0.318990
vt 0.438640 0.339890
vt 0.031754 0.626833
vt 0.030107 0.623659
vt 0.031762 0.623653
vt 0.329362 0.380487
vt 0.428573 0.360995
vt 0.333669 0.318144
vt 0.332881 0.316142
vt 0.356666 0.388975
vt 0.328236 0.357156
vt 0.032885 0.630677
vt 0.035676 0.630677
vt 0.030100 0.626834
vt 0.426578 0.278627
vt 0.365408 0.384640
vt 0.381616 0.356691
vt 0.339978 0.257419
vt 0.341396 0.254964
vt 0.345122 0.250708
vt 0.349821 0.247562
vt 0.368976 0.247554
vt 0.371430 0.248971
vt 0.375681 0.252701
vt 0.378823 0.257405
vt 0.373687 0.283291
vt 0.368987 0.286437
vt 0.347378 0.285028
vt 0.343127 0.281298
vt 0.334491 0.317760
vt 0.334491 0.314926
vt 0.335028 0.314948
vt 0.339401 0.260218
vt 0.355259 0.246287
vt 0.360755 0.245925
vt 0.366156 0.246998
vt 0.380071 0.262870
vt 0.380432 0.268371
vt 0.379359 0.273778
vt 0.363502 0.287709
vt 0.358006 0.288071
vt 0.352604 0.286998
vt 0.340462 0.276346
vt 0.338690 0.271126
vt 0.338328 0.265625
vt 0.340217 0.357194
vt 0.377413 0.279035
vt 0.305409 0.381568
vt 0.351221 0.357156
vt 0.321575 0.383115
vt 0.311262 0.357156
vt 0.332434 0.314020
vt 0.296499 0.371962
vt 0.302155 0.357156
vt 0.301049 0.357201
vt 0.297331 0.339054
vt 0.297619 0.336845
vt 0.298197 0.334693
vt 0.299046 0.332635
vt 0.300160 0.330705
vt 0.301512 0.328937
vt 0.303088 0.327362
vt 0.304851 0.326005
vt 0.306780 0.324891
vt 0.308834 0.324037
vt 0.310985 0.323461
vt 0.313190 0.323168
vt 0.315417 0.323169
vt 0.317622 0.323458
vt 0.319773 0.324034
vt 0.321828 0.324885
vt 0.325522 0.327354
vt 0.327096 0.328930
vt 0.328451 0.330696
vt 0.329564 0.332625
vt 0.330416 0.334683
vt 0.330993 0.336835
vt 0.331283 0.339043
vt 0.330993 0.343479
vt 0.330418 0.345631
vt 0.329566 0.347690
vt 0.328455 0.349619
vt 0.327100 0.351387
vt 0.325527 0.352963
vt 0.323761 0.354320
vt 0.319778 0.356287
vt 0.317630 0.356864
vt 0.315422 0.357156
vt 0.313198 0.357156
vt 0.310990 0.356867
vt 0.308842 0.356290
vt 0.306784 0.355439
vt 0.304858 0.354325
vt 0.303091 0.352970
vt 0.301519 0.351395
vt 0.300162 0.349628
vt 0.299051 0.347699
vt 0.298196 0.345642
vt 0.297622 0.343490
vt 0.297329 0.341281
vt 0.027308 0.626832
vt 0.327557 0.383984
vt 0.381788 0.356693
vt 0.432918 0.337054
vt 0.388611 0.385574
vt 0.333653 0.314926
vt 0.425347 0.246475
vt 0.423396 0.354791
vt 0.423405 0.387484
vt 0.390465 0.279821
vt 0.426705 0.367690
vt 0.417741 0.321938
vt 0.410622 0.246155
vt 0.333253 0.301876
vt 0.333353 0.301902
vt 0.333253 0.315681
vt 0.409979 0.317674
vt 0.408780 0.316191
vt 0.407672 0.313041
vt 0.407873 0.309231
vt 0.333183 0.319393
vt 0.390732 0.245925
vt 0.400485 0.270833
vt 0.399383 0.273995
vt 0.400285 0.267021
vt 0.417475 0.288071
vt 0.431573 0.367692
vt 0.389726 0.356691
vt 0.330032 0.383985
vt 0.333185 0.314020
vt 0.361422 0.388907
s 1
f 122/1/1 167/2/2 157/3/3
f 123/4/4 156/5/5 151/6/6
f 124/7/7 150/8/8 145/9/9
f 125/10/10 288/11/11 283/12/12
f 126/13/13 282/14/14 277/15/15
f 127/16/16 276/17/17 271/18/18
f 128/19/19 270/20/20 265/21/21
f 129/22/22 264/23/23 259/24/24
f 130/25/25 258/26/26 253/27/27
f 131/28/28 252/29/29 247/30/30
f 132/31/31 246/32/32 241/33/33
f 133/34/34 168/35/35 158/36/36
f 134/37/37 179/38/38 169/39/39
f 135/40/40 240/41/41 235/42/42
f 136/43/43 234/44/44 229/45/45
f 137/46/46 228/47/47 223/48/48
f 138/49/49 222/50/50 217/51/51
f 139/52/52 216/53/53 211/54/54
f 140/55/55 210/56/56 205/57/57
f 141/58/58 204/59/59 199/60/60
f 142/61/61 198/62/62 193/63/63
f 143/64/64 192/65/65 187/66/66
f 144/67/67 186/68/68 181/69/69
f 121/70/70 180/71/71 170/72/72
f 98/73/73 161/74/74 159/75/75
f 99/76/76 153/77/77 152/78/78
f 100/79/79 147/80/80 146/81/81
f 101/82/82 285/83/83 284/84/84
f 102/85/85 279/86/86 278/87/87
f 103/88/88 273/89/89 272/90/90
f 104/91/91 267/92/92 266/93/93
f 105/94/94 261/95/95 260/96/96
f 106/97/97 255/98/98 254/99/99
f 107/100/100 249/101/101 248/102/102
f 108/103/103 243/104/104 242/105/105
f 109/106/106 162/107/107 160/108/108
f 110/109/109 173/110/110 171/111/111
f 111/112/112 237/113/113 236/114/114
f 112/115/115 231/116/116 230/117/117
f 113/118/118 225/119/119 224/120/120
f 114/121/121 219/122/122 218/123/123
f 115/124/124 213/125/125 212/126/126
f 116/127/127 207/128/128 206/129/129
f 117/130/130 201/131/131 200/132/132
f 118/133/133 195/134/134 194/135/135
f 119/136/136 189/137/137 188/138/138
f 120/139/139 183/140/140 182/141/141
f 97/142/142 174/143/143 172/144/144
f 163/145/145 50/146/146 165/147/147
f 154/148/148 51/149/149 155/150/150
f 148/151/151 52/152/152 149/153/153
f 286/154/154 53/155/155 287/156/156
f 280/157/157 54/158/158 281/159/159
f 274/160/160 55/161/161 275/162/162
f 268/163/163 56/164/164 269/165/165
f 262/166/166 57/167/167 263/168/168
f 256/169/169 58/170/170 257/171/171
f 250/172/172 59/173/173 251/174/174
f 244/175/175 60/176/176 245/177/177
f 164/178/178 61/179/179 166/180/180
f 175/181/181 62/182/182 177/183/183
f 238/184/184 63/185/185 239/186/186
f 232/187/187 64/188/188 233/189/189
f 226/190/190 65/191/191 227/192/192
f 220/193/193 66/194/194 221/195/195
f 214/196/196 67/197/197 215/198/198
f 208/199/199 68/200/200 209/201/201
f 202/202/202 69/203/203 203/204/204
f 196/205/205 70/206/206 197/207/207
f 190/208/208 71/209/209 191/210/210
f 184/211/211 72/212/212 185/213/213
f 176/214/214 49/215/215 178/216/216
f 165/217/147 98/73/73 159/75/75
f 155/218/150 99/76/76 152/78/78
f 149/153/153 100/79/79 146/81/81
f 287/156/156 101/82/82 284/84/84
f 281/219/159 102/85/85 278/87/87
f 275/220/162 103/88/88 272/90/90
f 269/221/165 104/91/91 266/93/93
f 263/222/168 105/94/94 260/96/96
f 257/171/171 106/97/97 254/99/99
f 251/174/174 107/100/100 248/102/102
f 245/223/177 108/103/103 242/105/105
f 166/224/180 109/106/106 160/108/108
f 177/225/183 110/109/109 171/111/111
f 239/226/186 111/112/112 236/114/114
f 233/189/189 112/115/115 230/117/117
f 227/192/192 113/118/118 224/120/120
f 221/227/195 114/121/121 218/123/123
f 215/228/198 115/124/124 212/126/126
f 209/229/201 116/127/127 206/129/129
f 203/204/204 117/130/130 200/132/132
f 197/207/207 118/133/133 194/135/135
f 191/230/210 119/136/136 188/138/138
f 185/231/213 120/139/139 182/141/141
f 178/232/216 97/142/142 172/144/144
f 167/2/2 74/233/217 163/145/145
f 156/5/5 75/234/218 154/148/148
f 150/8/8 76/235/219 148/236/151
f 288/11/11 77/237/220 286/238/154
f 282/14/14 78/239/221 280/157/157
f 276/17/17 79/240/222 274/160/160
f 270/20/20 80/241/223 268/163/163
f 264/23/23 81/242/224 262/166/166
f 258/26/26 82/243/225 256/244/169
f 252/29/29 83/245/226 250/246/172
f 246/32/32 84/247/227 244/175/175
f 168/35/35 85/248/228 164/178/178
f 179/38/38 86/249/229 175/181/181
f 240/41/41 87/250/230 238/184/184
f 234/44/44 88/251/231 232/252/187
f 228/47/47 89/253/232 226/254/190
f 222/50/50 90/255/233 220/193/193
f 216/53/53 91/256/234 214/196/196
f 210/56/56 92/257/235 208/199/199
f 204/59/59 93/258/236 202/259/202
f 198/62/62 94/260/237 196/261/205
f 192/65/65 95/262/238 190/263/208
f 186/68/68 96/264/239 184/211/211
f 180/71/71 73/265/240 176/214/214
f 75/234/218 150/8/8 148/236/151
f 99/76/76 149/153/153 146/81/81
f 51/266/149 148/151/151 149/153/153
f 99/76/76 147/80/80 27/267/241
f 123/4/4 150/8/8 3/268/242
f 74/233/217 156/5/5 154/148/148
f 98/73/73 155/218/150 152/78/78
f 50/146/146 154/148/148 155/150/150
f 98/73/73 153/77/77 26/269/243
f 122/1/1 156/5/5 2/270/244
f 84/247/227 168/35/35 164/178/178
f 73/265/240 167/2/2 163/145/145
f 108/103/103 166/224/180 160/108/108
f 97/142/142 165/217/147 159/75/75
f 60/176/176 164/178/178 166/180/180
f 49/215/215 163/145/145 165/147/147
f 108/103/103 162/107/107 36/271/245
f 97/142/142 161/74/74 25/272/246
f 132/31/31 168/35/35 12/273/247
f 121/70/70 167/2/2 1/274/248
f 96/264/239 180/71/71 176/214/214
f 85/248/228 179/38/38 175/181/181
f 120/139/139 178/232/216 172/144/144
f 109/106/106 177/225/183 171/111/111
f 72/212/212 176/214/214 178/216/216
f 61/179/179 175/181/181 177/183/183
f 120/139/139 174/143/143 48/275/249
f 109/106/106 173/110/110 37/276/250
f 144/67/67 180/71/71 24/277/251
f 133/34/34 179/38/38 13/278/252
f 95/262/238 186/68/68 184/211/211
f 119/136/136 185/231/213 182/141/141
f 71/279/209 184/211/211 185/213/213
f 119/136/136 183/140/140 47/280/253
f 143/64/64 186/68/68 23/281/254
f 94/260/237 192/65/65 190/263/208
f 118/133/133 191/230/210 188/138/138
f 70/206/206 190/282/208 191/230/210
f 118/133/133 189/137/137 46/283/255
f 142/61/61 192/65/65 22/284/256
f 93/258/236 198/285/62 196/286/205
f 117/130/130 197/207/207 194/135/135
f 69/203/203 196/205/205 197/207/207
f 117/130/130 195/134/134 45/287/257
f 141/58/58 198/285/62 21/288/258
f 92/257/235 204/59/59 202/259/202
f 116/127/127 203/204/204 200/132/132
f 68/200/200 202/259/202 203/289/204
f 116/127/127 201/131/131 44/290/259
f 140/55/55 204/59/59 20/291/260
f 91/256/234 210/56/56 208/199/199
f 115/124/124 209/229/201 206/129/129
f 67/197/197 208/199/199 209/201/201
f 115/124/124 207/128/128 43/292/261
f 139/52/52 210/56/56 19/293/262
f 90/255/233 216/53/53 214/196/196
f 114/121/121 215/228/198 212/126/126
f 66/194/194 214/196/196 215/198/198
f 114/121/121 213/125/125 42/294/263
f 138/49/49 216/53/53 18/295/264
f 89/253/232 222/50/50 220/193/193
f 113/118/118 221/227/195 218/123/123
f 65/296/191 220/193/193 221/195/195
f 113/118/118 219/122/122 41/297/265
f 137/46/46 222/50/50 17/298/266
f 88/299/231 228/47/47 226/254/190
f 112/115/115 227/192/192 224/120/120
f 64/188/188 226/190/190 227/192/192
f 112/115/115 225/119/119 40/300/267
f 136/301/43 228/47/47 16/302/268
f 87/250/230 234/44/44 232/252/187
f 111/112/112 233/189/189 230/117/117
f 63/303/185 232/187/187 233/189/189
f 111/112/112 231/116/116 39/304/269
f 135/40/40 234/44/44 15/305/270
f 86/249/229 240/41/41 238/184/184
f 110/109/109 239/226/186 236/114/114
f 62/182/182 238/184/184 239/186/186
f 110/109/109 237/113/113 38/306/271
f 134/37/37 240/41/41 14/307/272
f 83/245/226 246/32/32 244/175/175
f 107/100/100 245/223/177 242/105/105
f 59/308/173 244/175/175 245/177/177
f 107/100/100 243/104/104 35/309/273
f 131/28/28 246/32/32 11/310/274
f 82/311/225 252/29/29 250/246/172
f 106/97/97 251/174/174 248/102/102
f 58/170/170 250/172/172 251/174/174
f 106/97/97 249/101/101 34/312/275
f 130/313/25 252/29/29 10/314/276
f 81/242/224 258/26/26 256/244/169
f 105/94/94 257/171/171 254/99/99
f 57/315/167 256/169/169 257/171/171
f 105/94/94 255/98/98 33/316/277
f 129/22/22 258/26/26 9/317/278
f 80/241/223 264/23/23 262/166/166
f 104/91/91 263/222/168 260/96/96
f 56/164/164 262/166/166 263/168/168
f 104/91/91 261/95/95 32/318/279
f 128/19/19 264/23/23 8/319/280
f 79/240/222 270/20/20 268/163/163
f 103/88/88 269/221/165 266/93/93
f 55/161/161 268/163/163 269/165/165
f 103/88/88 267/92/92 31/320/281
f 127/16/16 270/20/20 7/321/282
f 78/239/221 276/17/17 274/160/160
f 102/85/85 275/220/162 272/90/90
f 54/158/158 274/160/160 275/162/162
f 102/85/85 273/89/89 30/322/283
f 126/13/13 276/17/17 6/323/284
f 77/237/220 282/14/14 280/157/157
f 101/82/82 281/219/159 278/87/87
f 53/324/155 280/157/157 281/159/159
f 101/82/82 279/86/86 29/325/285
f 125/10/10 282/14/14 5/326/286
f 76/327/219 288/11/11 286/238/154
f 100/79/79 287/156/156 284/84/84
f 52/152/152 286/154/154 287/156/156
f 100/79/79 285/83/83 28/328/287
f 124/329/7 288/11/11 4/330/288
f 32/331/289 332/332/290 296/333/289
f 27/334/291 314/335/292 153/336/292
f 41/337/293 326/338/294 225/339/295
f 40/340/296 326/338/294 304/341/296
f 28/342/297 313/343/298 147/344/298
f 42/345/299 325/346/300 219/347/300
f 46/348/301 320/349/302 310/350/301
f 29/351/303 336/352/304 285/353/305
f 33/354/306 331/355/307 297/356/306
f 25/357/308 315/358/309 289/359/308
f 43/360/261 324/361/310 213/362/310
f 26/363/311 314/335/292 290/364/311
f 30/365/312 335/366/313 279/367/313
f 41/337/293 325/346/300 305/368/293
f 36/369/314 316/370/315 300/371/314
f 44/372/316 323/373/317 207/374/317
f 28/342/297 336/352/304 292/375/297
f 31/376/318 334/377/319 273/378/319
f 47/379/320 319/380/321 311/381/320
f 45/382/322 322/383/323 201/384/323
f 34/385/324 330/386/325 298/387/324
f 32/331/289 333/388/326 267/389/326
f 27/334/291 313/343/298 291/390/291
f 46/348/301 321/391/327 195/392/327
f 42/345/299 324/361/310 306/393/299
f 33/354/306 332/332/290 261/394/290
f 29/351/303 335/366/313 293/395/303
f 47/379/320 320/349/302 189/396/302
f 34/385/324 331/355/307 255/397/307
f 35/398/328 329/399/329 299/400/328
f 48/401/330 319/380/321 183/402/321
f 35/398/328 330/386/325 249/403/325
f 43/360/261 323/373/317 307/404/261
f 30/365/312 334/377/319 294/405/312
f 25/357/308 318/406/331 174/407/331
f 36/369/314 329/399/329 243/408/329
f 38/409/332 328/410/333 302/411/332
f 37/412/334 316/370/315 162/413/315
f 44/372/316 322/383/323 308/414/316
f 31/376/318 333/388/326 295/415/318
f 38/409/332 317/416/335 173/417/335
f 37/412/334 317/416/335 301/418/334
f 39/419/336 327/420/337 303/421/336
f 39/419/336 328/410/333 237/422/333
f 48/401/330 318/406/331 312/423/330
f 26/363/311 315/358/309 161/424/309
f 45/382/322 321/391/327 309/425/322
f 40/340/296 327/420/337 231/426/337
f 326/427/48 382/428/43 304/429/43
f 330/430/30 367/431/28 461/432/30
f 313/433/9 343/434/4 291/435/4
f 317/436/39 376/437/37 422/438/39
f 325/439/51 385/440/46 305/441/46
f 331/442/27 364/443/25 464/444/27
f 336/445/12 346/446/7 292/447/7
f 324/448/54 388/449/338 306/450/338
f 332/451/24 361/452/22 467/453/24
f 335/454/15 349/455/10 293/456/10
f 319/457/69 406/458/67 428/459/69
f 323/460/57 391/461/52 307/462/52
f 333/463/21 358/464/19 470/465/21
f 334/466/18 352/467/13 294/468/13
f 320/469/66 403/470/64 431/471/66
f 322/472/60 394/473/55 308/474/55
f 334/466/18 355/475/16 473/476/18
f 333/463/21 355/475/16 295/477/16
f 321/478/63 400/479/61 434/480/63
f 321/481/63 397/482/58 309/483/58
f 335/454/15 352/467/13 476/484/15
f 332/451/24 358/464/19 296/485/19
f 322/472/60 397/482/58 437/486/60
f 320/469/66 400/479/61 310/487/61
f 336/445/12 349/455/10 479/488/12
f 331/442/27 361/452/22 297/489/22
f 323/460/57 394/473/55 440/490/57
f 319/457/69 403/470/64 311/491/64
f 330/430/30 364/492/25 298/493/25
f 324/448/54 391/461/52 443/494/54
f 318/495/72 406/458/67 312/496/67
f 329/497/33 367/431/28 299/498/28
f 325/439/51 388/449/338 446/499/51
f 315/500/3 340/501/1 416/502/3
f 316/503/36 370/504/339 300/505/31
f 326/427/48 385/440/46 449/506/48
f 313/433/9 346/507/7 410/508/9
f 317/436/39 373/509/34 301/510/34
f 327/511/45 382/512/43 452/513/45
f 314/514/6 343/434/4 413/515/6
f 328/516/42 376/437/37 302/517/37
f 328/516/42 379/518/40 455/519/42
f 318/495/72 337/520/70 425/521/72
f 327/511/45 379/518/40 303/522/40
f 329/497/33 370/504/339 458/523/33
f 314/514/6 340/501/1 290/524/1
f 316/503/36 373/509/34 419/525/36
f 315/500/3 337/520/70 289/526/70
f 416/527/340 342/528/341 417/529/342
f 417/530/342 341/531/343 415/532/344
f 413/533/345 345/534/346 414/535/347
f 414/536/347 344/537/348 412/538/349
f 410/539/350 348/540/351 411/541/352
f 411/542/352 347/543/353 409/544/354
f 479/545/355 351/546/356 480/547/357
f 480/548/357 350/549/358 478/550/359
f 476/551/360 354/552/361 477/553/362
f 477/554/362 353/555/363 475/556/364
f 473/557/365 357/558/366 474/559/367
f 474/560/367 356/561/368 472/562/369
f 470/563/370 360/564/371 471/565/372
f 471/566/372 359/567/373 469/568/374
f 467/569/375 363/570/376 468/571/377
f 468/572/377 362/573/378 466/574/379
f 464/575/380 366/576/381 465/577/382
f 465/578/382 365/579/383 463/580/384
f 461/581/385 369/582/386 462/583/387
f 462/584/387 368/585/388 460/586/389
f 458/587/390 372/588/391 459/589/392
f 459/590/392 371/591/393 457/592/394
f 419/593/395 375/594/396 420/595/397
f 420/596/397 374/597/398 418/598/399
f 422/599/400 378/600/401 423/601/402
f 423/602/402 377/603/403 421/604/404
f 455/605/405 381/606/406 456/607/407
f 456/608/407 380/609/408 454/610/409
f 452/611/410 384/612/411 453/613/412
f 453/614/412 383/615/413 451/616/414
f 449/617/415 387/618/416 450/619/417
f 450/620/417 386/621/418 448/622/419
f 446/623/420 390/624/421 447/625/422
f 447/626/422 389/627/423 445/628/424
f 443/629/425 393/630/426 444/631/427
f 444/632/427 392/633/428 442/634/429
f 440/635/430 396/636/431 441/637/432
f 441/638/432 395/639/433 439/640/434
f 437/641/435 399/642/436 438/643/437
f 438/644/437 398/645/438 436/646/439
f 434/647/440 402/648/441 435/649/442
f 435/650/442 401/651/443 433/652/444
f 431/653/445 405/654/446 432/655/447
f 432/656/447 404/657/448 430/658/449
f 428/659/450 408/660/451 429/661/452
f 429/662/452 407/663/453 427/664/454
f 425/665/455 339/666/456 426/667/457
f 426/668/457 338/669/458 424/670/459
f 410/539/350 345/534/346 343/671/460
f 411/542/352 344/537/348 345/672/346
f 413/533/345 342/528/341 340/673/461
f 414/536/347 341/531/343 342/674/341
f 416/527/340 339/666/456 337/675/462
f 417/530/342 338/669/458 339/676/456
f 419/593/395 372/588/391 370/677/463
f 420/596/397 371/591/393 372/678/391
f 422/599/400 375/594/396 373/679/464
f 423/602/402 374/597/398 375/680/396
f 425/665/455 408/660/451 406/681/465
f 426/668/457 407/663/453 408/682/451
f 428/659/450 405/654/446 403/683/466
f 429/662/452 404/657/448 405/684/446
f 431/653/445 402/648/441 400/685/467
f 432/656/447 401/651/443 402/686/441
f 434/687/440 399/642/436 397/688/468
f 435/650/442 398/645/438 399/689/436
f 437/641/435 396/636/431 394/690/469
f 438/644/437 395/639/433 396/691/431
f 440/635/430 393/630/426 391/692/470
f 441/638/432 392/633/428 393/693/426
f 443/629/425 390/624/421 388/694/471
f 444/632/427 389/627/423 390/695/421
f 446/623/420 387/618/416 385/696/472
f 447/626/422 386/621/418 387/697/416
f 449/617/415 384/698/411 382/699/473
f 450/620/417 383/615/413 384/700/411
f 452/611/410 381/606/406 379/701/474
f 453/614/412 380/609/408 381/702/406
f 455/605/405 378/600/401 376/703/475
f 456/608/407 377/603/403 378/704/401
f 458/587/390 369/582/386 367/705/476
f 459/590/392 368/585/388 369/706/386
f 461/581/385 366/707/381 364/708/477
f 462/584/387 365/579/383 366/709/381
f 464/575/380 363/570/376 361/710/478
f 465/578/382 362/573/378 363/711/376
f 467/569/375 360/564/371 358/712/479
f 468/572/377 359/567/373 360/713/371
f 470/563/370 357/558/366 355/714/480
f 471/566/372 356/561/368 357/715/366
f 473/557/365 354/552/361 352/716/481
f 474/560/367 353/555/363 354/717/361
f 476/551/360 351/546/356 349/718/482
f 477/554/362 350/549/358 351/719/356
f 479/545/355 348/720/351 346/721/483
f 480/548/357 347/543/353 348/722/351
f 362/723/484 374/724/484 386/725/484
f 742/726/485 722/727/486 762/728/487
f 531/729/488 550/730/489 553/731/490
f 707/732/491 777/733/492 802/734/492
f 816/735/493 706/736/494 703/737/495
f 700/738/496 804/739/497 708/740/498
f 486/741/499 707/732/491 696/742/500
f 518/743/501 704/744/502 697/745/503
f 734/746/504 784/747/505 675/748/506
f 774/749/507 786/750/508 676/751/509
f 755/752/510 516/753/511 740/754/512
f 789/755/513 755/756/510 699/757/514
f 735/758/515 517/759/516 720/760/517
f 678/761/518 805/762/519 782/763/520
f 775/764/521 515/765/522 760/766/523
f 824/767/524 700/738/496 775/764/521
f 701/768/525 486/741/526 696/742/527
f 556/769/528 559/770/529 560/771/530
f 781/772/531 696/742/527 791/773/532
f 694/774/533 497/775/534 713/776/535
f 554/777/536 497/775/534 532/778/537
f 540/779/538 772/780/539 757/781/540
f 538/782/541 752/783/542 737/784/543
f 717/785/544 501/786/545 732/787/546
f 542/788/547 510/789/548 501/786/545
f 780/790/484 692/791/549 794/792/550
f 679/793/484 503/794/551 692/791/549
f 654/795/552 503/794/551 543/796/553
f 487/797/554 733/798/555 716/799/556
f 489/800/557 753/801/558 736/802/559
f 483/803/560 773/804/561 756/805/562
f 547/806/563 549/807/564 660/808/565
f 508/809/566 548/810/567 550/730/489
f 785/811/568 735/812/515 697/813/503
f 799/814/569 708/740/498 804/739/497
f 656/815/570 510/789/548 546/816/571
f 491/817/572 511/818/573 507/819/574
f 652/820/575 512/821/576 638/822/577
f 815/823/578 705/824/579 799/825/580
f 702/826/581 514/827/582 705/824/579
f 621/828/583 515/829/584 562/830/585
f 758/831/586 516/832/587 760/833/588
f 738/834/589 517/835/590 740/836/591
f 718/837/592 518/838/593 720/839/594
f 650/840/595 518/838/593 644/841/596
f 650/840/595 658/842/597 519/843/598
f 817/844/599 684/845/600 800/846/601
f 681/847/602 521/848/603 684/845/600
f 655/849/604 521/850/603 646/851/605
f 651/852/606 523/853/607 522/854/608
f 719/855/609 524/856/610 721/857/611
f 739/858/612 525/859/613 741/860/614
f 759/861/615 512/821/576 761/862/616
f 557/863/617 556/864/618 587/865/619
f 599/866/620 654/867/621 543/868/622
f 567/869/623 547/806/563 484/870/624
f 533/871/625 583/872/626 548/810/567
f 598/873/627 546/874/628 542/875/629
f 532/876/630 605/877/631 554/878/632
f 736/879/633 574/880/634 489/881/634
f 737/882/635 594/883/636 538/884/637
f 756/885/638 566/886/639 483/887/640
f 757/888/641 596/889/642 540/890/643
f 716/891/644 572/892/645 487/893/646
f 717/894/647 598/873/627 542/875/629
f 588/895/648 543/868/622 530/896/649
f 494/897/650 571/898/651 486/899/652
f 507/900/653 576/901/654 491/902/655
f 602/903/656 656/904/657 546/874/628
f 696/742/500 802/734/492 791/773/658
f 778/905/659 713/776/535 792/906/660
f 547/806/563 526/907/661 549/807/564
f 661/908/662 509/909/663 550/730/489
f 551/910/664 564/911/665 603/912/666
f 486/899/652 604/913/667 552/914/668
f 723/915/669 743/916/670 763/917/671
f 485/918/672 584/919/673 553/731/490
f 549/807/564 528/920/674 555/921/675
f 558/922/676 556/864/618 557/863/617
f 556/769/528 558/923/677 559/770/529
f 535/924/678 563/925/679 554/777/536
f 555/921/680 586/926/681 565/927/682
f 496/928/683 560/771/530 559/770/529
f 652/820/575 513/929/684 561/930/685
f 814/931/686 683/932/687 680/933/688
f 705/934/689 562/935/690 708/740/498
f 514/936/582 621/828/583 562/830/585
f 493/937/691 664/938/692 578/939/693
f 530/896/694 603/912/666 588/895/695
f 590/940/696 552/914/668 604/913/667
f 492/941/697 581/942/698 577/943/699
f 568/944/700 553/731/490 584/919/673
f 746/945/701 539/946/702 595/947/703
f 747/948/704 488/949/705 573/950/706
f 766/951/707 529/952/708 587/865/619
f 767/953/709 490/954/710 575/955/711
f 726/956/712 537/957/713 593/958/714
f 727/959/715 492/941/697 577/943/699
f 567/869/716 493/937/691 578/939/693
f 544/960/717 592/961/718 600/962/719
f 601/963/720 541/964/721 597/965/722
f 581/942/698 661/908/662 665/966/723
f 527/967/724 582/968/725 585/969/726
f 592/961/718 548/810/567 583/872/626
f 591/970/727 554/878/632 605/877/631
f 578/939/693 662/971/728 599/866/620
f 588/895/695 582/968/725 567/869/623
f 569/972/729 604/913/667 583/872/626
f 577/943/699 602/903/656 598/873/627
f 589/973/730 584/919/673 605/877/631
f 744/974/731 595/947/703 574/880/634
f 745/975/732 573/950/706 594/883/636
f 764/976/733 587/865/619 566/886/639
f 765/977/734 575/955/711 596/889/642
f 724/978/735 593/958/714 572/892/645
f 725/979/736 577/943/699 598/873/627
f 567/869/716 599/866/620 588/895/648
f 579/980/737 592/961/718 571/898/651
f 580/981/738 597/965/722 576/901/654
f 581/942/698 663/982/739 602/903/656
f 585/969/726 603/912/666 564/911/665
f 571/898/651 583/872/626 604/913/667
f 570/983/740 605/877/631 584/919/673
f 622/984/741 620/985/742 606/986/743
f 806/987/744 702/988/581 815/989/578
f 709/990/745 608/991/746 711/992/747
f 608/991/746 637/993/748 653/994/749
f 768/995/750 610/996/751 770/997/752
f 748/998/753 611/999/754 750/1000/755
f 728/1001/756 612/1002/757 730/1003/758
f 612/1002/757 634/1004/759 618/1005/760
f 808/1006/761 681/847/602 817/844/599
f 688/1007/762 614/1008/763 690/1009/764
f 614/1008/763 666/1010/765 668/1011/766
f 729/1012/767 616/1013/768 731/1014/769
f 749/1015/770 617/1016/771 751/1017/772
f 769/1018/773 606/986/743 771/1019/774
f 618/1005/760 667/1020/775 669/1021/776
f 635/1022/777 615/1023/778 619/1024/779
f 636/1025/780 607/1026/781 620/985/742
f 637/993/748 625/1027/782 653/994/749
f 638/1028/577 620/985/742 652/1029/575
f 689/1030/783 810/1031/784 807/1032/785
f 711/992/747 640/1033/786 702/988/581
f 640/1033/786 653/994/749 621/1034/583
f 770/997/752 642/1035/787 758/1036/586
f 750/1037/755 643/1038/788 738/834/589
f 730/1039/758 644/841/596 718/837/592
f 644/841/596 618/1040/760 650/840/595
f 712/1041/789 812/1042/790 809/1043/791
f 690/1044/764 646/1045/605 681/847/602
f 646/851/605 668/1046/766 655/849/604
f 731/1047/769 648/1048/792 719/855/609
f 751/1049/772 649/1050/793 739/858/612
f 771/1019/774 638/1028/577 759/1051/615
f 618/1040/760 657/1052/794 650/840/595
f 619/1053/779 647/1054/795 651/852/606
f 620/985/742 639/1055/796 652/1029/575
f 653/994/749 498/1056/797 621/1034/583
f 495/1057/798 636/1025/780 622/984/741
f 794/792/550 688/1007/762 813/1058/799
f 713/776/535 624/1059/800 709/990/745
f 624/1059/800 563/925/679 637/993/748
f 772/780/539 499/1060/801 768/995/750
f 752/783/542 627/1061/802 748/998/753
f 732/787/546 628/1062/803 728/1001/756
f 628/1062/803 510/789/548 634/1004/759
f 693/1063/315 797/1064/804 819/1065/805
f 692/791/549 630/1066/806 688/1007/762
f 630/1066/806 670/1067/807 666/1010/765
f 733/798/555 632/1068/808 729/1012/767
f 753/801/558 633/1069/809 749/1015/770
f 773/804/561 622/984/741 769/1018/773
f 634/1004/759 671/1070/810 667/1020/775
f 511/818/573 631/1071/811 635/1022/777
f 560/771/530 623/1072/812 636/1025/780
f 637/993/748 641/1073/813 609/1074/814
f 715/1075/333 796/1076/815 704/744/502
f 507/819/574 670/1067/807 654/795/552
f 684/1077/311 819/1065/805 800/1078/816
f 656/815/570 502/1079/817 671/1070/810
f 657/1052/794 520/1080/818 658/842/597
f 651/852/606 659/1081/819 655/849/604
f 580/981/738 654/867/621 662/971/728
f 579/980/737 656/904/657 663/982/739
f 545/1082/820 664/938/692 660/808/821
f 544/960/717 665/966/723 661/908/662
f 601/963/720 662/971/728 664/938/692
f 600/962/719 663/982/739 665/966/723
f 635/1022/777 668/1011/766 666/1010/765
f 667/1020/775 613/1083/822 669/1021/776
f 619/1053/779 655/849/604 668/1046/766
f 669/1084/776 645/1085/823 657/1052/794
f 670/1067/807 635/1022/777 666/1010/765
f 671/1070/810 629/1086/824 667/1020/775
f 659/1087/825 682/1088/826 693/1063/315
f 710/1089/827 795/1090/828 812/1042/790
f 623/1072/812 691/1091/829 687/1092/830
f 639/1055/796 689/1030/783 680/1093/688
f 703/737/495 809/1094/791 816/735/493
f 607/1026/781 687/1092/830 689/1030/783
f 561/1095/831 683/1096/832 686/1097/833
f 530/1098/834 685/1099/835 551/1100/836
f 811/1101/837 711/992/747 806/987/744
f 680/933/688 513/1102/684 639/1103/796
f 523/1104/838 682/1088/826 522/1105/839
f 674/1106/840 780/1107/841 790/1108/842
f 673/1109/843 496/928/683 482/1110/844
f 530/1098/845 679/1111/846 674/1106/840
f 512/1112/847 774/749/507 761/1113/848
f 524/1114/849 734/1115/504 721/1116/850
f 525/1117/851 754/1118/852 741/1119/853
f 512/1112/847 686/1097/833 678/761/518
f 521/1120/854 693/1063/315 684/1077/311
f 551/1100/836 672/1121/855 481/1122/856
f 520/1123/825 715/1075/333 658/1124/854
f 629/1086/824 714/1125/857 710/1089/827
f 687/1092/830 793/1126/858 810/1031/784
f 645/1127/823 712/1128/789 703/737/495
f 813/1058/799 690/1009/764 808/1129/761
f 613/1083/822 710/1089/827 712/1041/789
f 680/1093/688 807/1032/785 814/1130/686
f 686/1097/833 798/1131/859 805/762/519
f 552/1132/860 695/1133/861 707/732/491
f 703/737/495 520/1134/818 645/1127/823
f 706/1135/862 818/1136/805 715/1075/333
f 658/1124/854 704/744/502 519/1137/863
f 701/1138/484 502/1079/817 494/1139/864
f 779/1140/865 691/1091/829 673/1109/843
f 781/1141/484 714/1125/857 701/1138/484
f 678/761/518 825/1142/866 774/749/507
f 677/1143/867 820/1144/868 734/746/504
f 787/1145/869 775/764/521 698/1146/870
f 515/765/522 708/740/498 562/935/690
f 822/1147/871 698/1146/870 755/752/510
f 792/906/660 709/990/745 811/1101/837
f 697/745/503 796/1076/815 785/1148/568
f 721/1116/850 675/1149/506 523/1104/838
f 631/1071/811 733/798/555 729/1012/767
f 627/1150/802 732/787/546 728/1001/756
f 647/1054/795 731/1047/769 719/855/609
f 643/1038/788 730/1039/758 718/837/592
f 615/1023/778 729/1012/767 731/1014/769
f 611/1151/754 728/1001/756 730/1003/758
f 573/950/706 725/979/736 594/883/636
f 597/965/722 724/978/735 576/901/654
f 488/949/705 727/959/715 573/950/706
f 541/964/721 726/956/712 597/965/722
f 594/883/636 717/894/647 538/884/637
f 576/901/654 716/891/644 491/902/655
f 719/855/609 523/853/607 647/1054/795
f 718/837/592 517/835/590 643/1038/788
f 716/799/556 504/1152/872 491/817/572
f 538/1153/541 732/787/546 500/1154/873
f 697/745/503 720/760/517 518/743/501
f 675/1149/506 797/1064/804 682/1088/826
f 674/1106/874 803/1155/875 685/1099/835
f 741/1119/853 677/1156/867 524/1157/849
f 632/1158/808 753/801/558 749/1015/770
f 499/1060/801 752/783/542 748/998/753
f 648/1048/792 751/1049/772 739/858/612
f 642/1159/787 750/1037/755 738/834/589
f 616/1160/768 749/1015/770 751/1017/772
f 610/996/751 748/998/753 750/1000/755
f 575/955/711 745/975/732 596/889/642
f 593/958/714 744/974/731 572/892/645
f 490/954/710 747/948/704 575/955/711
f 537/957/713 746/945/701 593/958/714
f 596/889/642 737/882/635 540/890/643
f 572/892/645 736/879/633 487/893/646
f 739/858/612 524/856/610 648/1048/792
f 738/834/589 516/832/587 642/1159/787
f 736/802/559 505/1161/876 487/1162/554
f 540/779/538 752/783/542 626/1163/877
f 699/1164/514 740/754/512 517/1165/516
f 821/1166/878 699/1167/514 735/812/515
f 676/751/509 823/1168/879 754/1118/852
f 761/1113/848 676/751/509 525/1117/851
f 633/1069/809 773/804/561 769/1018/773
f 609/1074/814 772/780/539 768/995/750
f 649/1050/793 771/1169/774 759/861/615
f 498/1056/797 770/997/752 758/1036/586
f 617/1016/771 769/1018/773 771/1019/774
f 625/1027/782 768/995/750 770/997/752
f 570/983/740 765/977/734 591/970/727
f 595/947/703 764/976/733 574/880/634
f 485/918/672 767/953/709 570/983/740
f 539/946/702 766/951/707 595/947/703
f 591/970/727 757/888/641 535/1170/880
f 574/880/634 756/885/638 489/881/634
f 759/861/615 525/859/613 649/1050/793
f 758/831/586 515/829/584 498/1171/797
f 489/800/557 773/804/561 506/1172/881
f 535/924/678 772/780/539 641/1073/813
f 698/1146/870 760/766/523 516/753/511
f 754/1173/852 788/1174/882 677/1175/867
f 791/773/658 803/1155/875 790/1108/883
f 796/1076/815 784/1176/505 785/1148/568
f 804/739/497 798/1131/859 799/814/569
f 823/1168/879 787/1145/869 822/1147/871
f 825/1142/866 783/1177/884 824/767/524
f 785/811/568 820/1144/868 821/1166/878
f 780/1107/841 791/773/532 790/1108/842
f 792/906/660 779/1140/865 778/905/659
f 794/792/550 781/1141/484 780/790/484
f 818/1136/805 797/1064/804 796/1076/815
f 815/823/578 798/1178/885 814/931/686
f 817/844/599 801/1179/886 816/735/493
f 802/734/492 776/1180/887 803/1155/875
f 783/1177/884 805/762/519 804/739/497
f 810/1031/784 806/987/744 807/1032/785
f 812/1042/790 808/1129/761 809/1043/791
f 793/1126/858 811/1101/837 810/1031/784
f 795/1090/828 813/1058/799 812/1042/790
f 807/1032/785 815/989/578 814/1130/686
f 809/1094/791 817/844/599 816/735/493
f 801/1181/888 819/1065/805 818/1136/805
f 789/1182/513 820/1144/868 788/1183/882
f 823/1184/879 789/755/513 788/1174/882
f 825/1142/866 787/1145/869 786/750/508
f 685/1099/835 776/1180/887 672/1121/855
f 122/1/1 2/270/244 167/2/2
f 123/4/4 3/268/242 156/5/5
f 124/7/7 4/1185/288 150/8/8
f 125/10/10 5/326/286 288/11/11
f 126/13/13 6/323/284 282/14/14
f 127/16/16 7/321/282 276/17/17
f 128/19/19 8/319/280 270/20/20
f 129/22/22 9/317/278 264/23/23
f 130/25/25 10/1186/276 258/26/26
f 131/28/28 11/310/274 252/29/29
f 132/31/31 12/273/247 246/32/32
f 133/34/34 13/278/252 168/35/35
f 134/37/37 14/307/272 179/38/38
f 135/40/40 15/305/270 240/41/41
f 136/43/43 16/1187/268 234/44/44
f 137/46/46 17/298/266 228/47/47
f 138/49/49 18/295/264 222/50/50
f 139/52/52 19/293/262 216/53/53
f 140/55/55 20/291/260 210/56/56
f 141/58/58 21/288/258 204/59/59
f 142/61/61 22/284/256 198/62/62
f 143/64/64 23/281/254 192/65/65
f 144/67/67 24/277/251 186/68/68
f 121/70/70 1/274/248 180/71/71
f 98/73/73 26/269/243 161/74/74
f 99/76/76 27/267/241 153/77/77
f 100/79/79 28/328/287 147/80/80
f 101/82/82 29/325/285 285/83/83
f 102/85/85 30/322/283 279/86/86
f 103/88/88 31/320/281 273/89/89
f 104/91/91 32/318/279 267/92/92
f 105/94/94 33/316/277 261/95/95
f 106/97/97 34/312/275 255/98/98
f 107/100/100 35/309/273 249/101/101
f 108/103/103 36/271/245 243/104/104
f 109/106/106 37/276/250 162/107/107
f 110/109/109 38/306/271 173/110/110
f 111/112/112 39/304/269 237/113/113
f 112/115/115 40/300/267 231/116/116
f 113/118/118 41/297/265 225/119/119
f 114/121/121 42/294/263 219/122/122
f 115/124/124 43/292/261 213/125/125
f 116/127/127 44/290/259 207/128/128
f 117/130/130 45/287/257 201/131/131
f 118/133/133 46/283/255 195/134/134
f 119/136/136 47/280/253 189/137/137
f 120/139/139 48/275/249 183/140/140
f 97/142/142 25/272/246 174/143/143
f 163/145/145 74/233/217 50/146/146
f 154/1188/148 75/1189/218 51/266/149
f 148/151/151 76/1190/219 52/152/152
f 286/154/154 77/1191/220 53/155/155
f 280/157/157 78/239/221 54/158/158
f 274/160/160 79/240/222 55/161/161
f 268/163/163 80/241/223 56/164/164
f 262/1192/166 81/1193/224 57/315/167
f 256/169/169 82/1194/225 58/170/170
f 250/172/172 83/1195/226 59/173/173
f 244/175/175 84/247/227 60/176/176
f 164/178/178 85/248/228 61/179/179
f 175/181/181 86/249/229 62/182/182
f 238/184/184 87/250/230 63/185/185
f 232/187/187 88/1196/231 64/188/188
f 226/190/190 89/1197/232 65/191/191
f 220/193/193 90/255/233 66/194/194
f 214/196/196 91/256/234 67/197/197
f 208/199/199 92/257/235 68/200/200
f 202/202/202 93/1198/236 69/203/203
f 196/205/205 94/1199/237 70/206/206
f 190/1200/208 95/1201/238 71/1202/209
f 184/211/211 96/264/239 72/212/212
f 176/214/214 73/265/240 49/215/215
f 165/217/147 50/1203/146 98/73/73
f 155/218/150 51/266/149 99/76/76
f 149/153/153 52/152/152 100/79/79
f 287/156/156 53/155/155 101/82/82
f 281/219/159 54/1204/158 102/85/85
f 275/220/162 55/1205/161 103/88/88
f 269/221/165 56/1206/164 104/91/91
f 263/222/168 57/315/167 105/94/94
f 257/171/171 58/170/170 106/97/97
f 251/174/174 59/173/173 107/100/100
f 245/223/177 60/1207/176 108/103/103
f 166/224/180 61/1208/179 109/106/106
f 177/225/183 62/1209/182 110/109/109
f 239/226/186 63/303/185 111/112/112
f 233/189/189 64/188/188 112/115/115
f 227/192/192 65/191/191 113/118/118
f 221/227/195 66/1210/194 114/121/121
f 215/228/198 67/1211/197 115/124/124
f 209/229/201 68/1212/200 116/127/127
f 203/204/204 69/203/203 117/130/130
f 197/207/207 70/206/206 118/133/133
f 191/230/210 71/1213/209 119/136/136
f 185/231/213 72/1214/212 120/139/139
f 178/232/216 49/1215/215 97/142/142
f 167/2/2 2/270/244 74/233/217
f 156/5/5 3/268/242 75/234/218
f 150/8/8 4/1185/288 76/235/219
f 288/11/11 5/326/286 77/237/220
f 282/14/14 6/323/284 78/239/221
f 276/17/17 7/321/282 79/240/222
f 270/20/20 8/319/280 80/241/223
f 264/23/23 9/317/278 81/242/224
f 258/26/26 10/1186/276 82/243/225
f 252/29/29 11/310/274 83/245/226
f 246/32/32 12/273/247 84/247/227
f 168/35/35 13/278/252 85/248/228
f 179/38/38 14/307/272 86/249/229
f 240/41/41 15/305/270 87/250/230
f 234/44/44 16/1187/268 88/251/231
f 228/47/47 17/298/266 89/253/232
f 222/50/50 18/295/264 90/255/233
f 216/53/53 19/293/262 91/256/234
f 210/56/56 20/291/260 92/257/235
f 204/59/59 21/288/258 93/258/236
f 198/62/62 22/284/256 94/260/237
f 192/65/65 23/281/254 95/262/238
f 186/68/68 24/277/251 96/264/239
f 180/71/71 1/274/248 73/265/240
f 75/234/218 3/268/242 150/8/8
f 99/76/76 51/266/149 149/153/153
f 51/266/149 75/1189/218 148/151/151
f 99/76/76 146/81/81 147/80/80
f 123/4/4 145/9/9 150/8/8
f 74/233/217 2/270/244 156/5/5
f 98/73/73 50/1203/146 155/218/150
f 50/146/146 74/233/217 154/148/148
f 98/73/73 152/78/78 153/77/77
f 122/1/1 151/6/6 156/5/5
f 84/247/227 12/273/247 168/35/35
f 73/265/240 1/274/248 167/2/2
f 108/103/103 60/1207/176 166/224/180
f 97/142/142 49/1215/215 165/217/147
f 60/176/176 84/247/227 164/178/178
f 49/215/215 73/265/240 163/145/145
f 108/103/103 160/108/108 162/107/107
f 97/142/142 159/75/75 161/74/74
f 132/31/31 158/36/36 168/35/35
f 121/70/70 157/3/3 167/2/2
f 96/264/239 24/277/251 180/71/71
f 85/248/228 13/278/252 179/38/38
f 120/139/139 72/1214/212 178/232/216
f 109/106/106 61/1208/179 177/225/183
f 72/212/212 96/264/239 176/214/214
f 61/179/179 85/248/228 175/181/181
f 120/139/139 172/144/144 174/143/143
f 109/106/106 171/111/111 173/110/110
f 144/67/67 170/72/72 180/71/71
f 133/34/34 169/39/39 179/38/38
f 95/262/238 23/281/254 186/68/68
f 119/136/136 71/1213/209 185/231/213
f 71/279/209 95/262/238 184/211/211
f 119/136/136 182/141/141 183/140/140
f 143/64/64 181/69/69 186/68/68
f 94/260/237 22/284/256 192/65/65
f 118/133/133 70/206/206 191/230/210
f 70/206/206 94/1199/237 190/282/208
f 118/133/133 188/138/138 189/137/137
f 142/61/61 187/66/66 192/65/65
f 93/258/236 21/288/258 198/285/62
f 117/130/130 69/203/203 197/207/207
f 69/203/203 93/1198/236 196/205/205
f 117/130/130 194/135/135 195/134/134
f 141/58/58 193/1216/63 198/285/62
f 92/257/235 20/291/260 204/59/59
f 116/127/127 68/1212/200 203/204/204
f 68/200/200 92/257/235 202/259/202
f 116/127/127 200/132/132 201/131/131
f 140/55/55 199/60/60 204/59/59
f 91/256/234 19/293/262 210/56/56
f 115/124/124 67/1211/197 209/229/201
f 67/197/197 91/256/234 208/199/199
f 115/124/124 206/129/129 207/128/128
f 139/52/52 205/57/57 210/56/56
f 90/255/233 18/295/264 216/53/53
f 114/121/121 66/1210/194 215/228/198
f 66/194/194 90/255/233 214/196/196
f 114/121/121 212/126/126 213/125/125
f 138/49/49 211/54/54 216/53/53
f 89/253/232 17/298/266 222/50/50
f 113/118/118 65/191/191 221/227/195
f 65/296/191 89/253/232 220/193/193
f 113/118/118 218/123/123 219/122/122
f 137/46/46 217/51/51 222/50/50
f 88/299/231 16/302/268 228/47/47
f 112/115/115 64/188/188 227/192/192
f 64/188/188 88/1196/231 226/190/190
f 112/115/115 224/120/120 225/119/119
f 136/301/43 223/48/48 228/47/47
f 87/250/230 15/305/270 234/44/44
f 111/112/112 63/303/185 233/189/189
f 63/303/185 87/1217/230 232/187/187
f 111/112/112 230/117/117 231/116/116
f 135/40/40 229/45/45 234/44/44
f 86/249/229 14/307/272 240/41/41
f 110/109/109 62/1209/182 239/226/186
f 62/182/182 86/249/229 238/184/184
f 110/109/109 236/114/114 237/113/113
f 134/37/37 235/42/42 240/41/41
f 83/245/226 11/310/274 246/32/32
f 107/100/100 59/173/173 245/223/177
f 59/308/173 83/245/226 244/175/175
f 107/100/100 242/105/105 243/104/104
f 131/28/28 241/33/33 246/32/32
f 82/311/225 10/314/276 252/29/29
f 106/97/97 58/170/170 251/174/174
f 58/170/170 82/1194/225 250/172/172
f 106/97/97 248/102/102 249/101/101
f 130/313/25 247/30/30 252/29/29
f 81/242/224 9/317/278 258/26/26
f 105/94/94 57/315/167 257/171/171
f 57/315/167 81/1193/224 256/169/169
f 105/94/94 254/99/99 255/98/98
f 129/22/22 253/27/27 258/26/26
f 80/241/223 8/319/280 264/23/23
f 104/91/91 56/1206/164 263/222/168
f 56/164/164 80/241/223 262/166/166
f 104/91/91 260/96/96 261/95/95
f 128/19/19 259/24/24 264/23/23
f 79/240/222 7/321/282 270/20/20
f 103/88/88 55/1205/161 269/221/165
f 55/161/161 79/240/222 268/163/163
f 103/88/88 266/93/93 267/92/92
f 127/16/16 265/21/21 270/20/20
f 78/239/221 6/323/284 276/17/17
f 102/85/85 54/1204/158 275/220/162
f 54/158/158 78/239/221 274/160/160
f 102/85/85 272/90/90 273/89/89
f 126/13/13 271/18/18 276/17/17
f 77/237/220 5/326/286 282/14/14
f 101/82/82 53/155/155 281/219/159
f 53/324/155 77/237/220 280/157/157
f 101/82/82 278/87/87 279/86/86
f 125/10/10 277/15/15 282/14/14
f 76/327/219 4/330/288 288/11/11
f 100/79/79 52/152/152 287/156/156
f 52/152/152 76/1190/219 286/154/154
f 100/79/79 284/84/84 285/83/83
f 124/329/7 283/12/12 288/11/11
f 32/331/289 261/394/290 332/332/290
f 27/334/291 291/390/291 314/335/292
f 41/337/293 305/368/293 326/338/294
f 40/340/296 225/339/295 326/338/294
f 28/342/297 292/375/297 313/343/298
f 42/345/299 306/393/299 325/346/300
f 46/348/301 189/396/302 320/349/302
f 29/351/303 293/395/303 336/352/304
f 33/354/306 255/397/307 331/355/307
f 25/357/308 161/424/309 315/358/309
f 43/360/261 307/404/261 324/361/310
f 26/363/311 153/336/292 314/335/292
f 30/365/312 294/405/312 335/366/313
f 41/337/293 219/347/300 325/346/300
f 36/369/314 162/413/315 316/370/315
f 44/372/316 308/414/316 323/373/317
f 28/342/297 285/353/305 336/352/304
f 31/376/318 295/415/318 334/377/319
f 47/379/320 183/402/321 319/380/321
f 45/382/322 309/425/322 322/383/323
f 34/385/324 249/403/325 330/386/325
f 32/331/289 296/333/289 333/388/326
f 27/334/291 147/344/298 313/343/298
f 46/348/301 310/350/301 321/391/327
f 42/345/299 213/362/310 324/361/310
f 33/354/306 297/356/306 332/332/290
f 29/351/303 279/367/313 335/366/313
f 47/379/320 311/381/320 320/349/302
f 34/385/324 298/387/324 331/355/307
f 35/398/328 243/408/329 329/399/329
f 48/401/330 312/423/330 319/380/321
f 35/398/328 299/400/328 330/386/325
f 43/360/261 207/374/317 323/373/317
f 30/365/312 273/378/319 334/377/319
f 25/357/308 289/359/308 318/406/331
f 36/369/314 300/371/314 329/399/329
f 38/409/332 237/422/333 328/410/333
f 37/412/334 301/418/334 316/370/315
f 44/372/316 201/384/323 322/383/323
f 31/376/318 267/389/326 333/388/326
f 38/409/332 302/411/332 317/416/335
f 37/412/334 173/417/335 317/416/335
f 39/419/336 231/426/337 327/420/337
f 39/419/336 303/421/336 328/410/333
f 48/401/330 174/407/331 318/406/331
f 26/363/311 290/364/311 315/358/309
f 45/382/322 195/392/327 321/391/327
f 40/340/296 304/341/296 327/420/337
f 326/427/48 449/506/48 382/428/43
f 330/430/30 299/498/28 367/431/28
f 313/433/9 410/508/9 343/434/4
f 317/436/39 302/517/37 376/437/37
f 325/439/51 446/499/51 385/440/46
f 331/442/27 298/1218/25 364/443/25
f 336/445/12 479/488/12 346/446/7
f 324/448/54 443/494/54 388/449/338
f 332/451/24 297/489/22 361/452/22
f 335/454/15 476/484/15 349/455/10
f 319/457/69 312/496/67 406/458/67
f 323/460/57 440/490/57 391/461/52
f 333/463/21 296/485/19 358/464/19
f 334/466/18 473/476/18 352/467/13
f 320/469/66 311/491/64 403/470/64
f 322/472/60 437/486/60 394/473/55
f 334/466/18 295/477/16 355/475/16
f 333/463/21 470/465/21 355/475/16
f 321/478/63 310/487/61 400/479/61
f 321/481/63 434/1219/63 397/482/58
f 335/454/15 294/468/13 352/467/13
f 332/451/24 467/453/24 358/464/19
f 322/472/60 309/483/58 397/482/58
f 320/469/66 431/471/66 400/479/61
f 336/445/12 293/456/10 349/455/10
f 331/442/27 464/444/27 361/452/22
f 323/460/57 308/474/55 394/473/55
f 319/457/69 428/459/69 403/470/64
f 330/430/30 461/432/30 364/492/25
f 324/448/54 307/462/52 391/461/52
f 318/495/72 425/521/72 406/458/67
f 329/497/33 458/523/33 367/431/28
f 325/439/51 306/450/338 388/449/338
f 315/500/3 290/524/1 340/501/1
f 316/503/36 419/525/36 370/504/339
f 326/427/48 305/441/46 385/440/46
f 313/433/9 292/1220/7 346/507/7
f 317/436/39 422/438/39 373/509/34
f 327/511/45 304/1221/43 382/512/43
f 314/514/6 291/435/4 343/434/4
f 328/516/42 455/519/42 376/437/37
f 328/516/42 303/522/40 379/518/40
f 318/495/72 289/526/70 337/520/70
f 327/511/45 452/513/45 379/518/40
f 329/497/33 300/505/31 370/504/339
f 314/514/6 413/515/6 340/501/1
f 316/503/36 301/510/34 373/509/34
f 315/500/3 416/502/3 337/520/70
f 416/527/340 340/673/461 342/528/341
f 417/530/342 342/674/341 341/531/343
f 413/533/345 343/671/460 345/534/346
f 414/536/347 345/672/346 344/537/348
f 410/539/350 346/1222/483 348/540/351
f 411/542/352 348/722/351 347/543/353
f 479/545/355 349/718/482 351/546/356
f 480/548/357 351/719/356 350/549/358
f 476/551/360 352/716/481 354/552/361
f 477/554/362 354/717/361 353/555/363
f 473/557/365 355/714/480 357/558/366
f 474/560/367 357/715/366 356/561/368
f 470/563/370 358/712/479 360/564/371
f 471/566/372 360/713/371 359/567/373
f 467/569/375 361/710/478 363/570/376
f 468/572/377 363/711/376 362/573/378
f 464/575/380 364/1223/477 366/576/381
f 465/578/382 366/709/381 365/579/383
f 461/581/385 367/705/476 369/582/386
f 462/584/387 369/706/386 368/585/388
f 458/587/390 370/677/463 372/588/391
f 459/590/392 372/678/391 371/591/393
f 419/593/395 373/679/464 375/594/396
f 420/596/397 375/680/396 374/597/398
f 422/599/400 376/703/475 378/600/401
f 423/602/402 378/704/401 377/603/403
f 455/605/405 379/701/474 381/606/406
f 456/608/407 381/702/406 380/609/408
f 452/611/410 382/1224/473 384/612/411
f 453/614/412 384/700/411 383/615/413
f 449/617/415 385/696/472 387/618/416
f 450/620/417 387/697/416 386/621/418
f 446/623/420 388/694/471 390/624/421
f 447/626/422 390/695/421 389/627/423
f 443/629/425 391/692/470 393/630/426
f 444/632/427 393/693/426 392/633/428
f 440/635/430 394/690/469 396/636/431
f 441/638/432 396/691/431 395/639/433
f 437/641/435 397/688/468 399/642/436
f 438/644/437 399/689/436 398/645/438
f 434/647/440 400/685/467 402/648/441
f 435/650/442 402/686/441 401/651/443
f 431/653/445 403/683/466 405/654/446
f 432/656/447 405/684/446 404/657/448
f 428/659/450 406/681/465 408/660/451
f 429/662/452 408/682/451 407/663/453
f 425/665/455 337/675/462 339/666/456
f 426/668/457 339/676/456 338/669/458
f 410/539/350 411/541/352 345/534/346
f 411/542/352 409/544/354 344/537/348
f 413/533/345 414/535/347 342/528/341
f 414/536/347 412/538/349 341/531/343
f 416/527/340 417/529/342 339/666/456
f 417/530/342 415/532/344 338/669/458
f 419/593/395 420/595/397 372/588/391
f 420/596/397 418/598/399 371/591/393
f 422/599/400 423/601/402 375/594/396
f 423/602/402 421/604/404 374/597/398
f 425/665/455 426/667/457 408/660/451
f 426/668/457 424/670/459 407/663/453
f 428/659/450 429/661/452 405/654/446
f 429/662/452 427/664/454 404/657/448
f 431/653/445 432/655/447 402/648/441
f 432/656/447 430/658/449 401/651/443
f 434/687/440 435/1225/442 399/642/436
f 435/650/442 433/652/444 398/645/438
f 437/641/435 438/643/437 396/636/431
f 438/644/437 436/646/439 395/639/433
f 440/635/430 441/637/432 393/630/426
f 441/638/432 439/640/434 392/633/428
f 443/629/425 444/631/427 390/624/421
f 444/632/427 442/634/429 389/627/423
f 446/623/420 447/625/422 387/618/416
f 447/626/422 445/628/424 386/621/418
f 449/617/415 450/619/417 384/698/411
f 450/620/417 448/622/419 383/615/413
f 452/611/410 453/613/412 381/606/406
f 453/614/412 451/616/414 380/609/408
f 455/605/405 456/607/407 378/600/401
f 456/608/407 454/610/409 377/603/403
f 458/587/390 459/589/392 369/582/386
f 459/590/392 457/592/394 368/585/388
f 461/581/385 462/583/387 366/707/381
f 462/584/387 460/586/389 365/579/383
f 464/575/380 465/577/382 363/570/376
f 465/578/382 463/580/384 362/573/378
f 467/569/375 468/571/377 360/564/371
f 468/572/377 466/574/379 359/567/373
f 470/563/370 471/565/372 357/558/366
f 471/566/372 469/568/374 356/561/368
f 473/557/365 474/559/367 354/552/361
f 474/560/367 472/562/369 353/555/363
f 476/551/360 477/553/362 351/546/356
f 477/554/362 475/556/364 350/549/358
f 479/545/355 480/547/357 348/720/351
f 480/548/357 478/550/359 347/543/353
f 338/1226/484 415/1227/484 341/1228/484
f 341/1228/484 412/1229/484 344/1230/484
f 344/1230/484 409/1231/484 347/1232/484
f 347/1232/484 478/1233/484 350/1234/484
f 350/1234/484 475/1235/484 353/1236/484
f 353/1236/484 472/1237/484 356/1238/484
f 356/1238/484 469/1239/484 359/1240/484
f 359/1240/484 466/1241/484 362/723/484
f 362/723/484 463/1242/484 365/1243/484
f 365/1243/484 460/1244/484 368/1245/484
f 368/1245/484 457/1246/484 371/1247/484
f 371/1247/484 418/1248/484 374/724/484
f 374/724/484 421/1249/484 377/1250/484
f 377/1250/484 454/1251/484 380/1252/484
f 380/1252/484 451/1253/484 383/1254/484
f 383/1254/484 448/1255/484 386/725/484
f 386/725/484 445/1256/484 389/1257/484
f 389/1257/484 442/1258/484 392/1259/484
f 392/1259/484 439/1260/484 395/1261/484
f 395/1261/484 436/1262/484 398/1263/484
f 398/1263/484 433/1264/484 401/1265/484
f 401/1265/484 430/1266/484 404/1267/484
f 404/1267/484 427/1268/484 407/1269/484
f 407/1269/484 424/1270/484 338/1226/484
f 338/1226/484 341/1228/484 344/1230/484
f 344/1230/484 347/1232/484 350/1234/484
f 350/1234/484 353/1236/484 362/723/484
f 353/1236/484 356/1238/484 362/723/484
f 356/1238/484 359/1240/484 362/723/484
f 362/723/484 365/1243/484 368/1245/484
f 368/1245/484 371/1247/484 362/723/484
f 371/1247/484 374/724/484 362/723/484
f 374/724/484 377/1250/484 386/725/484
f 377/1250/484 380/1252/484 386/725/484
f 380/1252/484 383/1254/484 386/725/484
f 386/725/484 389/1257/484 398/1263/484
f 389/1257/484 392/1259/484 398/1263/484
f 392/1259/484 395/1261/484 398/1263/484
f 398/1263/484 401/1265/484 404/1267/484
f 404/1267/484 407/1269/484 338/1226/484
f 338/1226/484 344/1230/484 350/1234/484
f 398/1263/484 404/1267/484 386/725/484
f 404/1267/484 338/1226/484 386/725/484
f 338/1226/484 350/1234/484 386/725/484
f 350/1234/484 362/723/484 386/725/484
f 549/807/564 555/921/675 529/952/889
f 529/952/889 762/728/487 549/807/564
f 762/728/487 539/946/487 742/726/485
f 549/807/564 762/728/487 722/727/486
f 742/726/485 537/957/485 722/727/486
f 722/727/486 541/964/890 549/807/564
f 541/964/890 545/1082/891 549/807/564
f 531/729/488 508/809/566 550/730/489
f 707/732/491 695/1133/861 777/733/492
f 816/735/493 801/1179/886 706/736/494
f 700/738/496 783/1177/884 804/739/497
f 486/741/499 552/1132/860 707/732/491
f 518/743/501 519/1137/863 704/744/502
f 734/746/504 820/1144/868 784/747/505
f 774/749/507 825/1142/866 786/750/508
f 755/752/510 698/1146/870 516/753/511
f 789/755/513 822/1271/871 755/756/510
f 735/758/515 699/1272/514 517/759/516
f 678/761/518 686/1097/833 805/762/519
f 775/764/521 700/738/496 515/765/522
f 824/767/524 783/1177/884 700/738/496
f 701/1138/525 494/1139/526 486/1273/526
f 495/1057/798 483/803/560 560/771/530
f 483/803/560 556/769/528 560/771/530
f 781/772/531 701/768/525 696/742/527
f 694/774/533 532/778/537 497/775/534
f 554/777/536 563/925/679 497/775/534
f 540/779/538 626/1163/877 772/780/539
f 538/782/541 500/1274/873 752/783/542
f 717/785/544 542/788/547 501/786/545
f 542/788/547 546/816/571 510/789/548
f 780/790/484 679/793/484 692/791/549
f 679/793/484 543/796/553 503/794/551
f 654/795/552 670/1067/807 503/794/551
f 487/797/554 505/1275/876 733/798/555
f 489/800/557 506/1172/881 753/801/558
f 483/803/560 495/1057/798 773/804/561
f 549/807/564 545/1082/891 660/808/565
f 660/808/565 493/937/892 484/870/624
f 484/870/624 547/806/563 660/808/565
f 508/809/566 533/871/625 548/810/567
f 785/811/568 821/1166/878 735/812/515
f 799/814/569 705/934/689 708/740/498
f 656/815/570 671/1070/810 510/789/548
f 491/817/572 504/1152/872 511/818/573
f 652/820/575 561/930/685 512/821/576
f 815/823/578 702/826/581 705/824/579
f 702/826/581 640/1276/786 514/827/582
f 621/828/583 498/1171/797 515/829/584
f 758/831/586 642/1159/787 516/832/587
f 738/834/589 643/1038/788 517/835/590
f 718/837/592 644/841/596 518/838/593
f 650/840/595 519/843/598 518/838/593
f 650/840/595 657/1052/794 658/842/597
f 817/844/599 681/847/602 684/845/600
f 681/847/602 646/1045/605 521/848/603
f 655/849/604 659/1081/819 521/850/603
f 651/852/606 647/1054/795 523/853/607
f 719/855/609 648/1048/792 524/856/610
f 739/858/612 649/1050/793 525/859/613
f 759/861/615 638/822/577 512/821/576
f 556/864/618 483/887/640 566/886/639
f 566/886/639 587/865/619 556/864/618
f 587/865/619 529/952/708 557/863/617
f 529/952/708 555/921/680 557/863/617
f 599/866/620 662/971/728 654/867/621
f 567/869/623 582/968/725 547/806/563
f 533/871/625 569/972/729 583/872/626
f 598/873/627 602/903/656 546/874/628
f 532/876/630 589/973/730 605/877/631
f 736/879/633 744/974/731 574/880/634
f 737/882/635 745/975/732 594/883/636
f 756/885/638 764/976/733 566/886/639
f 757/888/641 765/977/734 596/889/642
f 716/891/644 724/978/735 572/892/645
f 717/894/647 725/979/736 598/873/627
f 588/895/648 599/866/620 543/868/622
f 494/897/650 579/980/737 571/898/651
f 507/900/653 580/981/738 576/901/654
f 602/903/656 663/982/739 656/904/657
f 696/742/500 707/732/491 802/734/492
f 778/905/659 694/774/533 713/776/535
f 547/806/563 527/967/724 526/907/661
f 550/730/489 548/810/567 661/908/662
f 548/810/567 536/1277/893 661/908/662
f 536/1277/893 544/960/717 661/908/662
f 551/910/664 481/1278/894 564/911/665
f 486/899/652 571/898/651 604/913/667
f 553/731/490 550/730/489 485/918/672
f 550/730/489 509/909/663 492/941/697
f 723/915/669 550/730/489 492/941/697
f 723/915/669 488/949/705 743/916/670
f 743/916/670 490/954/710 763/917/671
f 763/917/671 485/918/672 550/730/489
f 550/730/489 723/915/669 763/917/671
f 485/918/672 570/983/740 584/919/673
f 549/807/564 526/907/661 528/920/674
f 535/924/678 641/1073/813 563/925/679
f 558/922/676 557/863/617 555/921/680
f 555/921/680 528/920/681 586/926/681
f 565/927/682 482/1279/682 555/921/680
f 482/1279/682 558/922/676 555/921/680
f 559/770/529 558/923/677 496/928/683
f 558/923/677 482/1110/844 496/928/683
f 652/820/575 639/1280/796 513/929/684
f 814/931/686 798/1178/885 683/932/687
f 705/934/689 514/1281/895 562/935/690
f 514/936/582 640/1282/786 621/828/583
f 493/937/691 660/808/821 664/938/692
f 530/896/694 551/910/664 603/912/666
f 590/940/696 534/1283/896 552/914/668
f 492/941/697 509/909/663 581/942/698
f 568/944/700 531/729/488 553/731/490
f 746/945/701 742/726/897 539/946/702
f 747/948/704 743/916/670 488/949/705
f 766/951/707 762/728/898 529/952/708
f 767/953/709 763/917/671 490/954/710
f 726/956/712 722/727/899 537/957/713
f 727/959/715 723/915/669 492/941/697
f 567/869/716 484/870/900 493/937/691
f 544/960/717 536/1277/893 592/961/718
f 601/963/720 545/1082/820 541/964/721
f 581/942/698 509/909/663 661/908/662
f 527/967/724 547/806/563 582/968/725
f 592/1284/718 536/1285/893 548/1286/567
f 591/970/727 535/1170/880 554/878/632
f 578/939/693 664/938/692 662/971/728
f 588/895/695 603/912/666 582/968/725
f 569/972/729 590/940/696 604/913/667
f 577/943/699 581/942/698 602/903/656
f 589/973/730 568/944/700 584/919/673
f 744/974/731 746/945/701 595/947/703
f 745/975/732 747/948/704 573/950/706
f 764/976/733 766/951/707 587/865/619
f 765/977/734 767/953/709 575/955/711
f 724/978/735 726/956/712 593/958/714
f 725/979/736 727/959/715 577/943/699
f 567/869/716 578/939/693 599/866/620
f 579/980/737 600/962/719 592/961/718
f 580/981/738 601/963/720 597/965/722
f 581/942/698 665/966/723 663/982/739
f 585/969/726 582/968/725 603/912/666
f 571/898/651 592/961/718 583/872/626
f 570/983/740 591/970/727 605/877/631
f 622/984/741 636/1025/780 620/985/742
f 806/987/744 711/992/747 702/988/581
f 709/990/745 624/1059/800 608/991/746
f 608/991/746 624/1059/800 637/993/748
f 768/995/750 499/1060/801 610/996/751
f 748/998/753 627/1061/802 611/999/754
f 728/1001/756 628/1062/803 612/1002/757
f 612/1002/757 628/1062/803 634/1004/759
f 808/1006/761 690/1044/764 681/847/602
f 688/1007/762 630/1066/806 614/1008/763
f 614/1008/763 630/1066/806 666/1010/765
f 729/1012/767 632/1068/808 616/1013/768
f 749/1015/770 633/1069/809 617/1016/771
f 769/1018/773 622/984/741 606/986/743
f 618/1005/760 634/1004/759 667/1020/775
f 635/1022/777 631/1071/811 615/1023/778
f 636/1025/780 623/1072/812 607/1026/781
f 637/993/748 609/1074/814 625/1027/782
f 638/1028/577 606/986/743 620/985/742
f 689/1030/783 687/1092/830 810/1031/784
f 711/992/747 608/991/746 640/1033/786
f 640/1033/786 608/991/746 653/994/749
f 770/1287/752 610/1288/751 642/1159/787
f 750/1037/755 611/1289/754 643/1038/788
f 730/1039/758 612/1290/757 644/841/596
f 644/841/596 612/1290/757 618/1040/760
f 712/1041/789 710/1089/827 812/1042/790
f 690/1044/764 614/1291/763 646/1045/605
f 646/851/605 614/1292/763 668/1046/766
f 731/1047/769 616/1293/768 648/1048/792
f 751/1049/772 617/1294/771 649/1050/793
f 771/1019/774 606/986/743 638/1028/577
f 618/1040/760 669/1084/776 657/1052/794
f 619/1053/779 615/1295/778 647/1054/795
f 620/985/742 607/1026/781 639/1055/796
f 653/994/749 625/1027/782 498/1056/797
f 495/1057/798 560/771/530 636/1025/780
f 794/792/550 692/791/549 688/1007/762
f 713/776/535 497/775/534 624/1059/800
f 624/1059/800 497/775/534 563/925/679
f 772/780/539 626/1163/877 499/1060/801
f 752/783/542 500/1274/873 627/1061/802
f 732/787/546 501/786/545 628/1062/803
f 628/1062/803 501/786/545 510/789/548
f 693/1063/315 682/1088/826 797/1064/804
f 692/791/549 503/794/551 630/1066/806
f 630/1066/806 503/794/551 670/1067/807
f 733/798/555 505/1275/876 632/1068/808
f 753/801/558 506/1172/881 633/1069/809
f 773/804/561 495/1057/798 622/984/741
f 634/1004/759 510/789/548 671/1070/810
f 511/818/573 504/1152/872 631/1071/811
f 560/771/530 496/928/683 623/1072/812
f 637/993/748 563/925/679 641/1073/813
f 715/1075/333 818/1136/805 796/1076/815
f 507/819/574 511/818/573 670/1067/807
f 684/1077/311 693/1063/315 819/1065/805
f 656/815/570 494/1139/864 502/1079/817
f 657/1052/794 645/1085/823 520/1080/818
f 651/852/606 522/854/608 659/1081/819
f 580/981/738 507/900/653 654/867/621
f 579/980/737 494/897/650 656/904/657
f 545/1082/820 601/963/720 664/938/692
f 544/960/717 600/962/719 665/966/723
f 601/963/720 580/981/738 662/971/728
f 600/962/719 579/980/737 663/982/739
f 635/1022/777 619/1024/779 668/1011/766
f 667/1020/775 629/1086/824 613/1083/822
f 619/1053/779 651/852/606 655/849/604
f 669/1084/776 613/1296/822 645/1085/823
f 670/1067/807 511/818/573 635/1022/777
f 671/1070/810 502/1079/817 629/1086/824
f 659/1087/825 522/1105/839 682/1088/826
f 710/1089/827 714/1125/857 795/1090/828
f 623/1072/812 496/928/683 691/1091/829
f 639/1055/796 607/1026/781 689/1030/783
f 703/737/495 712/1128/789 809/1094/791
f 607/1026/781 623/1072/812 687/1092/830
f 561/1095/831 513/1297/901 683/1096/832
f 530/1098/834 674/1106/874 685/1099/835
f 811/1101/837 709/990/745 711/992/747
f 680/933/688 683/932/687 513/1102/684
f 523/1104/838 675/1149/506 682/1088/826
f 674/1106/840 679/1111/846 780/1107/841
f 673/1109/843 691/1091/829 496/928/683
f 530/1298/845 543/796/845 679/793/846
f 512/1112/847 678/761/518 774/749/507
f 524/1114/849 677/1299/867 734/1115/504
f 525/1117/851 676/751/509 754/1118/852
f 512/1112/847 561/1095/831 686/1097/833
f 521/1120/854 659/1087/825 693/1063/315
f 551/1100/836 685/1099/835 672/1121/855
f 520/1123/825 706/1135/862 715/1075/333
f 629/1086/824 502/1079/817 714/1125/857
f 687/1092/830 691/1091/829 793/1126/858
f 645/1127/823 613/1300/822 712/1128/789
f 813/1058/799 688/1007/762 690/1009/764
f 613/1083/822 629/1086/824 710/1089/827
f 680/1093/688 689/1030/783 807/1032/785
f 686/1097/833 683/1096/832 798/1131/859
f 552/1132/860 534/1301/902 695/1133/861
f 703/737/495 706/736/494 520/1134/818
f 706/1135/862 801/1181/888 818/1136/805
f 658/1124/854 715/1075/333 704/744/502
f 701/1138/484 714/1125/857 502/1079/817
f 779/1140/865 793/1126/858 691/1091/829
f 781/1141/484 795/1090/828 714/1125/857
f 678/761/518 782/763/520 825/1142/866
f 677/1143/867 788/1183/882 820/1144/868
f 787/1145/869 824/767/524 775/764/521
f 515/765/522 700/738/496 708/740/498
f 822/1147/871 787/1145/869 698/1146/870
f 792/906/660 713/776/535 709/990/745
f 697/745/503 704/744/502 796/1076/815
f 721/1116/850 734/1115/504 675/1149/506
f 631/1071/811 504/1152/872 733/798/555
f 627/1150/802 500/1154/873 732/787/546
f 647/1054/795 615/1295/778 731/1047/769
f 643/1038/788 611/1289/754 730/1039/758
f 615/1023/778 631/1071/811 729/1012/767
f 611/1151/754 627/1150/802 728/1001/756
f 573/950/706 727/959/715 725/979/736
f 597/965/722 726/956/712 724/978/735
f 488/949/705 723/915/669 727/959/715
f 541/964/721 722/727/899 726/956/712
f 594/883/636 725/979/736 717/894/647
f 576/901/654 724/978/735 716/891/644
f 719/855/609 721/857/611 523/853/607
f 718/837/592 720/839/594 517/835/590
f 716/799/556 733/798/555 504/1152/872
f 538/1153/541 717/785/544 732/787/546
f 697/745/503 735/758/515 720/760/517
f 675/1149/506 784/1176/505 797/1064/804
f 674/1106/874 790/1108/883 803/1155/875
f 741/1119/853 754/1118/852 677/1156/867
f 632/1158/808 505/1161/876 753/801/558
f 499/1060/801 626/1163/877 752/783/542
f 648/1048/792 616/1293/768 751/1049/772
f 642/1159/787 610/1288/751 750/1037/755
f 616/1160/768 632/1158/808 749/1015/770
f 610/996/751 499/1060/801 748/998/753
f 575/955/711 747/948/704 745/975/732
f 593/958/714 746/945/701 744/974/731
f 490/954/710 743/916/670 747/948/704
f 537/957/713 742/726/897 746/945/701
f 596/889/642 745/975/732 737/882/635
f 572/892/645 744/974/731 736/879/633
f 739/858/612 741/860/614 524/856/610
f 738/834/589 740/836/591 516/832/587
f 736/802/559 753/801/558 505/1161/876
f 540/779/538 737/784/543 752/783/542
f 699/1164/514 755/752/510 740/754/512
f 821/1166/878 789/1182/513 699/1167/514
f 676/751/509 786/750/508 823/1168/879
f 761/1113/848 774/749/507 676/751/509
f 633/1069/809 506/1172/881 773/804/561
f 609/1074/814 641/1073/813 772/780/539
f 649/1050/793 617/1294/771 771/1169/774
f 498/1056/797 625/1027/782 770/997/752
f 617/1016/771 633/1069/809 769/1018/773
f 625/1027/782 609/1074/814 768/995/750
f 570/983/740 767/953/709 765/977/734
f 595/947/703 766/951/707 764/976/733
f 485/918/672 763/917/671 767/953/709
f 539/946/702 762/728/898 766/951/707
f 591/970/727 765/977/734 757/888/641
f 574/880/634 764/976/733 756/885/638
f 759/861/615 761/862/616 525/859/613
f 758/831/586 760/833/588 515/829/584
f 489/800/557 756/805/562 773/804/561
f 535/924/678 757/781/540 772/780/539
f 698/1146/870 775/764/521 760/766/523
f 754/1173/852 823/1184/879 788/1174/882
f 791/773/658 802/734/492 803/1155/875
f 796/1076/815 797/1064/804 784/1176/505
f 804/739/497 805/762/519 798/1131/859
f 823/1168/879 786/750/508 787/1145/869
f 825/1142/866 782/763/520 783/1177/884
f 785/811/568 784/747/505 820/1144/868
f 780/1107/841 781/772/531 791/773/532
f 792/906/660 793/1126/858 779/1140/865
f 794/792/550 795/1090/828 781/1141/484
f 818/1136/805 819/1065/805 797/1064/804
f 815/823/578 799/825/580 798/1178/885
f 817/844/599 800/846/601 801/1179/886
f 802/734/492 777/733/492 776/1180/887
f 783/1177/884 782/763/520 805/762/519
f 810/1031/784 811/1101/837 806/987/744
f 812/1042/790 813/1058/799 808/1129/761
f 793/1126/858 792/906/660 811/1101/837
f 795/1090/828 794/792/550 813/1058/799
f 807/1032/785 806/987/744 815/989/578
f 809/1094/791 808/1006/761 817/844/599
f 801/1181/888 800/1078/816 819/1065/805
f 789/1182/513 821/1166/878 820/1144/868
f 823/1184/879 822/1271/871 789/755/513
f 825/1142/866 824/767/524 787/1145/869
f 685/1099/835 803/1155/875 776/1180/887
